Customer_ID,Customer_Name,Gender,Age,Mobile,City,Region,Customer_Type,Loyalty_Points,Registration_Date
1,Chakradev Chad,Male,28,2449390926,Surat,Gujarat,Hospital,2770,2024-04-03
2,Yashasvi Loyal,Female,45,0575668282,Mumbai,Maharashtra,Clinic,585,2022-06-01
3,Ekansh Uppal,Male,68,8827685955,Jaipur,Rajasthan,Clinic,8340,2025-02-09
4,Zilmil Krish,Female,74,4788577598,Indore,Madhya Pradesh,Clinic,4394,2026-03-28
5,Krish Srinivasan,Male,64,4888899643,Ahmedabad,Gujarat,Hospital,5217,2026-03-16
6,Panini Anand,Female,85,1090493182,Jaipur,Rajasthan,Retail,9183,2026-04-02
7,Siddharth Balay,Male,47,5523011100,Rajkot,Gujarat,Retail,2895,2022-03-04
8,Hiral Virk,Female,35,6903200591,Vadodara,Gujarat,Clinic,8359,2021-09-08
9,Aradhana Lalla,Female,41,9273151072,Indore,Madhya Pradesh,Hospital,6793,2023-12-20
10,Eshana Om,Female,63,4960820402,Bengaluru,Karnataka,Hospital,7303,2023-10-20
11,Amol Koshy,Male,77,7141939954,Jaipur,Rajasthan,Clinic,8689,2025-04-15
12,Andrew Rajagopalan,Male,53,2181311023,Delhi,Delhi,Hospital,8205,2024-02-20
13,Vasana Mukherjee,Female,77,3366809906,Delhi,Delhi,Hospital,9301,2026-02-19
14,Rajeshri Bahl,Female,46,9545406114,Delhi,Delhi,Hospital,2720,2021-10-31
15,Vedika Joshi,Female,57,0405413731,Delhi,Delhi,Hospital,8261,2025-02-10
16,Pooja Rana,Female,44,4111956310,Mumbai,Maharashtra,Hospital,8386,2025-02-24
17,Mohini Parmar,Female,27,2547876746,Bengaluru,Karnataka,Hospital,137,2024-07-07
18,Brijesh Char,Male,25,5282611024,Surat,Gujarat,Clinic,801,2023-09-23
19,Dayita Dugal,Female,47,1583842273,Bengaluru,Karnataka,Clinic,1741,2025-03-06
20,Thomas Balan,Male,49,2680746467,Mumbai,Maharashtra,Retail,989,2025-02-06
21,Jeevika Walia,Female,25,6605787210,Ahmedabad,Gujarat,Hospital,5901,2024-07-25
22,Chandresh Ramakrishnan,Male,21,4993792096,Rajkot,Gujarat,Retail,1887,2024-05-13
23,Harsh Bora,Male,23,0781975748,Ahmedabad,Gujarat,Clinic,346,2024-08-07
24,Harini Ravel,Female,34,2027674204,Mumbai,Maharashtra,Retail,3010,2023-05-14
25,Timothy Jayaraman,Male,23,7278414545,Jaipur,Rajasthan,Retail,2480,2025-09-26
26,Henry Raman,Male,62,8140378384,Ahmedabad,Gujarat,Clinic,1853,2024-11-28
27,Rajata Kala,Female,80,5157527747,Pune,Maharashtra,Retail,5052,2026-03-08
28,Gauri Chaudhary,Female,23,7352522348,Indore,Madhya Pradesh,Hospital,6583,2022-12-08
29,Ryan Manne,Male,46,5467245771,Delhi,Delhi,Retail,5182,2022-03-03
30,Charles Panchal,Male,75,5160853968,Ahmedabad,Gujarat,Retail,8491,2023-05-02
31,Yahvi Chandran,Female,83,3542654153,Delhi,Delhi,Hospital,2356,2021-10-07
32,Bhavani Dhawan,Female,51,1674258915,Mumbai,Maharashtra,Clinic,6877,2026-07-10
33,Warjas Suri,Male,35,8991988767,Indore,Madhya Pradesh,Clinic,930,2024-02-27
34,Darika Seth,Female,34,1821647041,Ahmedabad,Gujarat,Retail,2796,2021-08-28
35,Chakradhar Nayar,Male,47,0731728028,Delhi,Delhi,Clinic,514,2022-07-13
36,Om Wadhwa,Male,74,2570281317,Rajkot,Gujarat,Retail,4108,2022-08-11
37,Om Ramesh,Male,47,8123263456,Bengaluru,Karnataka,Clinic,5895,2023-07-11
38,Chavvi Chaudhry,Female,53,4487436281,Jaipur,Rajasthan,Clinic,79,2025-04-17
39,Gunbir Raman,Male,67,2047803295,Ahmedabad,Gujarat,Hospital,2625,2022-03-27
40,Chakradhar Shetty,Male,29,3254891660,Indore,Madhya Pradesh,Retail,1669,2024-09-18
41,Abhiram Kala,Male,41,5486983622,Ahmedabad,Gujarat,Retail,1723,2023-06-13
42,Girish Soni,Male,84,3795412597,Ahmedabad,Gujarat,Clinic,7608,2025-12-16
43,Ishita Wason,Female,66,1003505845,Mumbai,Maharashtra,Retail,3442,2023-11-20
44,Megha Deo,Female,83,2296197417,Jaipur,Rajasthan,Retail,9520,2024-05-11
45,Harrison Natt,Male,85,8633804329,Jaipur,Rajasthan,Clinic,2969,2026-05-22
46,Rudra Soman,Male,64,4333088198,Delhi,Delhi,Retail,8506,2025-01-25
47,Jack Varma,Male,64,1585879173,Bengaluru,Karnataka,Hospital,6098,2023-12-05
48,Ekta Jhaveri,Female,70,3809241881,Ahmedabad,Gujarat,Retail,1720,2021-09-13
49,Vritti Batta,Female,20,5195195547,Rajkot,Gujarat,Hospital,982,2026-05-16
50,Anya Oak,Female,77,0580188966,Delhi,Delhi,Retail,9645,2022-05-07
51,Abhiram Pandit,Male,54,4003936151,Ahmedabad,Gujarat,Retail,6109,2022-09-13
52,Dalaja Ahuja,Female,46,1849308886,Surat,Gujarat,Hospital,3151,2023-09-01
53,Quincy Bera,Male,65,8769727925,Bengaluru,Karnataka,Hospital,7589,2025-01-22
54,Samuel Krishna,Male,68,7736643506,Pune,Maharashtra,Retail,4164,2023-01-17
55,William Lal,Male,28,3775897388,Surat,Gujarat,Clinic,5480,2026-04-18
56,Ubika Choudhary,Female,31,6169798716,Rajkot,Gujarat,Retail,7706,2026-02-06
57,Fitan Din,Male,55,2677264596,Delhi,Delhi,Hospital,7488,2024-11-14
58,Anmol Jhaveri,Male,52,1105595625,Pune,Maharashtra,Hospital,8622,2023-12-08
59,Vamakshi Chandra,Female,80,5047200567,Jaipur,Rajasthan,Clinic,4862,2024-09-23
60,Jasmit Narang,Female,38,5469977418,Rajkot,Gujarat,Hospital,9773,2022-09-28
61,Hemangini Khurana,Female,72,3973649382,Indore,Madhya Pradesh,Clinic,1381,2025-03-26
62,Hardik Gopal,Male,63,9023309173,Surat,Gujarat,Retail,8933,2024-08-13
63,Abdul Parsa,Male,26,4095761172,Jaipur,Rajasthan,Retail,615,2022-11-13
64,Baljiwan Vyas,Male,67,4088316229,Mumbai,Maharashtra,Retail,5397,2025-10-27
65,Veda Bhatia,Female,85,3954132305,Vadodara,Gujarat,Hospital,1836,2023-05-26
66,Zayyan Deshmukh,Male,72,2634800521,Indore,Madhya Pradesh,Retail,5387,2026-05-24
67,Sathvik Parmar,Male,50,4412101252,Indore,Madhya Pradesh,Retail,2580,2022-03-06
68,Jyoti Natt,Female,69,2636056785,Rajkot,Gujarat,Hospital,9395,2024-10-25
69,Dev Radhakrishnan,Male,74,6349811899,Delhi,Delhi,Clinic,481,2024-11-27
70,Nirja Dayal,Female,68,3767153051,Vadodara,Gujarat,Clinic,877,2022-02-12
71,Qushi Khosla,Female,69,6302222621,Mumbai,Maharashtra,Hospital,6752,2021-07-27
72,Aachal Char,Female,60,3603652244,Pune,Maharashtra,Clinic,1333,2026-05-12
73,Mohammed Saha,Male,42,7646264978,Indore,Madhya Pradesh,Hospital,6267,2024-03-25
74,Joshua Sachar,Male,77,1887842351,Pune,Maharashtra,Clinic,7639,2022-03-01
75,Zehaan Ramakrishnan,Male,20,1472815238,Surat,Gujarat,Hospital,3547,2021-09-09
76,Nidhi Kaul,Female,30,6339384849,Rajkot,Gujarat,Hospital,9137,2024-10-06
77,Atharv Bhalla,Male,42,3854075270,Mumbai,Maharashtra,Hospital,2258,2026-05-28
78,Kevin Thakkar,Male,73,0506326726,Bengaluru,Karnataka,Hospital,4156,2025-05-08
79,Shaurya Bhatti,Male,44,0053987699,Delhi,Delhi,Retail,5738,2021-12-01
80,Alexander Dubey,Male,26,4410905416,Delhi,Delhi,Clinic,7946,2022-09-18
81,Urmi Bali,Female,52,1393033290,Delhi,Delhi,Clinic,7541,2022-07-14
82,Lohit Narayanan,Male,62,3293157233,Surat,Gujarat,Retail,6627,2021-12-15
83,Ria Master,Female,24,0417829954,Vadodara,Gujarat,Retail,8183,2023-08-30
84,Idika Kaul,Female,55,1719270263,Delhi,Delhi,Retail,170,2024-10-17
85,Irya Chawla,Female,77,5462394750,Indore,Madhya Pradesh,Retail,6004,2022-07-27
86,Timothy Thakkar,Male,66,3310016169,Indore,Madhya Pradesh,Clinic,7254,2026-04-11
87,Gabriel Dash,Male,81,3148841294,Mumbai,Maharashtra,Clinic,2185,2022-06-01
88,Aarini Chawla,Female,56,7090351341,Indore,Madhya Pradesh,Retail,4226,2023-08-25
89,Yachana Dada,Female,60,9925639337,Mumbai,Maharashtra,Clinic,5114,2023-07-01
90,Bhanumati Sharaf,Female,29,6738680864,Indore,Madhya Pradesh,Clinic,3450,2023-01-18
91,Kashvi Gala,Female,85,1048266902,Bengaluru,Karnataka,Retail,8268,2021-09-20
92,Gavin Dugar,Male,23,5168921643,Mumbai,Maharashtra,Retail,7496,2021-10-27
93,Hritik Subramaniam,Male,53,7004689836,Indore,Madhya Pradesh,Retail,1833,2024-03-02
94,Gabriel Mistry,Male,64,8182050994,Jaipur,Rajasthan,Retail,5216,2024-07-05
95,Bhavna Krish,Female,60,9550390350,Surat,Gujarat,Hospital,5942,2024-07-23
96,Sathvik Bir,Male,74,2883144574,Delhi,Delhi,Hospital,7554,2024-04-14
97,Chandresh Reddy,Male,45,6979460400,Delhi,Delhi,Hospital,5344,2022-08-12
98,Peter Menon,Male,48,0154224478,Surat,Gujarat,Hospital,3105,2023-01-02
99,Yochana Shroff,Female,63,6161821567,Vadodara,Gujarat,Retail,2218,2023-07-17
100,Wyatt Bahri,Male,66,8563910240,Mumbai,Maharashtra,Hospital,5607,2025-06-04
101,Krishna Sankar,Female,82,9664042403,Bengaluru,Karnataka,Clinic,5250,2023-03-01
102,Ikshita Nayar,Female,27,9200136164,Mumbai,Maharashtra,Hospital,5055,2026-06-14
103,Ucchal Sachar,Female,40,1372876749,Delhi,Delhi,Hospital,5799,2022-09-20
104,Madhavi Joshi,Female,29,6048445396,Delhi,Delhi,Retail,5158,2025-09-22
105,Pavani Mangat,Female,21,3118487582,Vadodara,Gujarat,Retail,5747,2023-01-16
106,Wriddhish Setty,Male,27,4277068623,Pune,Maharashtra,Clinic,7150,2023-08-10
107,Ekalinga Majumdar,Male,59,6025893996,Indore,Madhya Pradesh,Retail,9742,2025-07-16
108,Nilima Keer,Female,54,0870830185,Indore,Madhya Pradesh,Hospital,2467,2024-07-12
109,Triya Naik,Female,43,9089706223,Pune,Maharashtra,Hospital,1557,2023-03-31
110,Michael Behl,Male,60,4611363693,Rajkot,Gujarat,Hospital,2316,2022-03-22
111,Rajeshri Hari,Female,50,5754278489,Pune,Maharashtra,Retail,5614,2024-04-05
112,Jairaj Keer,Male,48,3664240687,Rajkot,Gujarat,Clinic,767,2024-02-16
113,Falguni Wagle,Female,25,9506761177,Pune,Maharashtra,Retail,2907,2026-06-03
114,Ronith Naidu,Male,74,9498796628,Jaipur,Rajasthan,Hospital,2175,2026-01-24
115,Jagvi Chawla,Female,32,0616872562,Indore,Madhya Pradesh,Hospital,10000,2023-08-07
116,Idika Mistry,Female,24,1123331503,Rajkot,Gujarat,Hospital,7762,2025-03-10
117,Osha Barad,Female,58,3283370886,Bengaluru,Karnataka,Clinic,9790,2026-03-25
118,Jagdish Bumb,Male,83,0790613659,Bengaluru,Karnataka,Clinic,8121,2023-11-08
119,Yasti Warrior,Female,39,2077597774,Delhi,Delhi,Hospital,6324,2023-01-06
120,Nikita Bhavsar,Female,31,0615040392,Ahmedabad,Gujarat,Hospital,9688,2021-12-29
121,Azad Dixit,Male,82,0492065147,Surat,Gujarat,Retail,1267,2021-10-29
122,Suhani Krishnan,Female,76,2997514431,Mumbai,Maharashtra,Clinic,144,2023-12-01
123,Eiravati Patil,Female,62,4780295892,Surat,Gujarat,Retail,2836,2022-04-09
124,Sathvik Date,Male,72,6185654570,Vadodara,Gujarat,Clinic,1506,2021-11-15
125,Ekiya Gopal,Female,24,6848607023,Delhi,Delhi,Hospital,3957,2025-02-17
126,Jason Kohli,Male,35,4923873471,Delhi,Delhi,Clinic,497,2022-10-13
127,Abhiram Bawa,Male,25,8467805953,Indore,Madhya Pradesh,Retail,3270,2023-04-04
128,Jagdish Sem,Male,61,7087527594,Indore,Madhya Pradesh,Clinic,8658,2022-04-20
129,Michael Behl,Male,65,5886842124,Vadodara,Gujarat,Hospital,24,2024-05-01
130,Karan Shukla,Male,32,1894419891,Indore,Madhya Pradesh,Retail,1773,2025-04-16
131,Ishanvi Nagy,Female,24,7847556508,Rajkot,Gujarat,Clinic,3526,2023-12-08
132,Vansha Jha,Female,68,6826962965,Pune,Maharashtra,Clinic,8593,2024-09-10
133,Matthew Cherian,Male,31,8440050546,Indore,Madhya Pradesh,Retail,3445,2025-04-29
134,Yug Sem,Male,43,3678801164,Jaipur,Rajasthan,Hospital,5581,2024-03-13
135,Chaman Dasgupta,Female,72,0716929915,Vadodara,Gujarat,Retail,6523,2024-08-09
136,Manya Anne,Female,30,0780298676,Mumbai,Maharashtra,Clinic,1637,2025-07-14
137,Tripti Bhat,Female,54,6368582788,Mumbai,Maharashtra,Clinic,8010,2021-12-11
138,Deepa Dave,Female,71,7471195079,Rajkot,Gujarat,Clinic,2254,2022-07-23
139,Udarsh Goyal,Male,43,6489905054,Ahmedabad,Gujarat,Retail,3184,2025-09-10
140,Lopa Kala,Female,23,2475176258,Bengaluru,Karnataka,Clinic,2262,2025-08-11
141,Andrew Acharya,Male,78,9210032805,Mumbai,Maharashtra,Clinic,783,2021-12-13
142,Samar Majumdar,Male,58,9602534666,Vadodara,Gujarat,Retail,3209,2025-04-19
143,Gabriel Ranganathan,Male,41,3318671013,Vadodara,Gujarat,Retail,7600,2022-04-08
144,Bhanumati Pal,Female,38,8433420479,Rajkot,Gujarat,Hospital,4543,2024-12-01
145,Fariq Chand,Male,71,3671521946,Jaipur,Rajasthan,Clinic,552,2024-02-23
146,Hemal Pandey,Female,33,8569121479,Mumbai,Maharashtra,Clinic,4460,2022-11-26
147,Ranveer Varughese,Male,71,1474064440,Rajkot,Gujarat,Hospital,4284,2023-11-23
148,Ijaya Chana,Female,85,5148581543,Bengaluru,Karnataka,Clinic,3295,2025-02-18
149,Udyati Dube,Female,39,2679581651,Vadodara,Gujarat,Hospital,7446,2022-05-09
150,Kashvi Nazareth,Female,78,8735790483,Jaipur,Rajasthan,Clinic,4171,2023-01-09
151,Pratyush Bawa,Male,78,4156922183,Bengaluru,Karnataka,Hospital,3147,2022-08-21
152,Pooja Handa,Female,61,2585565972,Bengaluru,Karnataka,Hospital,1159,2026-05-09
153,Girindra Loyal,Male,78,8787379594,Pune,Maharashtra,Retail,9451,2025-10-31
154,Aarav Sem,Male,44,5043608307,Mumbai,Maharashtra,Clinic,4901,2023-06-14
155,Abhiram Kakar,Male,21,5132334182,Ahmedabad,Gujarat,Retail,5129,2022-04-23
156,Veer Ben,Male,50,5599049398,Pune,Maharashtra,Clinic,5617,2023-03-21
157,Ekta Gaba,Female,71,3744365361,Surat,Gujarat,Hospital,299,2026-02-25
158,Tara Sastry,Female,34,0727616824,Bengaluru,Karnataka,Retail,2466,2024-02-16
159,Yug Mahajan,Male,66,7955663217,Bengaluru,Karnataka,Clinic,1062,2023-07-20
160,Vasatika Dhillon,Female,28,4373653338,Mumbai,Maharashtra,Hospital,7844,2023-12-03
161,Ishaan Dayal,Male,56,3409675535,Vadodara,Gujarat,Retail,3324,2024-11-24
162,Panini Ghosh,Female,68,6317452718,Bengaluru,Karnataka,Clinic,6664,2023-05-18
163,Samarth Nath,Male,25,2812593448,Rajkot,Gujarat,Hospital,4086,2023-03-02
164,Charles Vyas,Male,68,5911358417,Bengaluru,Karnataka,Hospital,1956,2024-06-08
165,Hiral Bail,Female,68,7371579841,Jaipur,Rajasthan,Hospital,6224,2023-07-31
166,Vrinda Mangat,Female,48,1661074300,Rajkot,Gujarat,Retail,900,2026-06-13
167,Dominic Srivastava,Male,18,3840988556,Bengaluru,Karnataka,Retail,6344,2023-09-14
168,Bina Mane,Female,47,4767715598,Jaipur,Rajasthan,Clinic,4469,2025-08-23
169,Peter Singh,Male,83,8412482202,Pune,Maharashtra,Hospital,8518,2022-10-19
170,Anya Muni,Female,26,1465361210,Bengaluru,Karnataka,Clinic,7539,2026-01-31
171,Rohan Sur,Male,21,3650547007,Mumbai,Maharashtra,Retail,7840,2023-09-28
172,Abhimanyu Kothari,Male,36,1704974361,Vadodara,Gujarat,Retail,5270,2026-06-14
173,Gunbir Bhatt,Male,24,8994184989,Indore,Madhya Pradesh,Clinic,2373,2024-07-16
174,Sara Kumer,Female,29,2760691341,Surat,Gujarat,Clinic,2234,2022-06-04
175,Divya Dubey,Female,22,9729039993,Vadodara,Gujarat,Hospital,8379,2022-04-21
176,Omaja Peri,Female,24,1612415677,Delhi,Delhi,Clinic,5819,2023-04-26
177,Watika Comar,Female,64,9876961996,Surat,Gujarat,Retail,9979,2021-08-07
178,Yashawini Kaul,Female,53,5588590522,Pune,Maharashtra,Hospital,4636,2025-05-07
179,Sarthak Bhavsar,Male,23,9664958547,Ahmedabad,Gujarat,Hospital,7111,2025-11-21
180,Omkaar Bora,Male,24,8072253110,Pune,Maharashtra,Clinic,1257,2023-12-22
181,Yasti Dass,Female,71,7816837997,Jaipur,Rajasthan,Retail,2979,2021-11-01
182,Shaurya Brar,Male,23,8379158744,Bengaluru,Karnataka,Retail,9716,2021-09-17
183,Upma Handa,Female,55,4740822161,Vadodara,Gujarat,Retail,658,2022-12-17
184,Dalbir Madan,Male,46,5824240346,Bengaluru,Karnataka,Hospital,1037,2025-12-20
185,Baghyawati Sarkar,Female,26,7431148746,Surat,Gujarat,Retail,3823,2021-12-10
186,Gabriel Ramaswamy,Male,18,0386997703,Surat,Gujarat,Clinic,6640,2025-10-18
187,Pranav Shankar,Male,53,6775595270,Indore,Madhya Pradesh,Clinic,3624,2024-12-13
188,Harshil Behl,Male,84,4619334016,Indore,Madhya Pradesh,Clinic,6605,2022-01-19
189,Anvi Kata,Female,37,0787282062,Vadodara,Gujarat,Hospital,2123,2023-12-10
190,Leela Walla,Female,24,1925856154,Pune,Maharashtra,Clinic,2993,2026-04-18
191,Aashi Guha,Female,75,4641312233,Jaipur,Rajasthan,Retail,8119,2024-06-14
192,Omkaar Wali,Male,36,4476679617,Pune,Maharashtra,Retail,4117,2025-10-12
193,George Kari,Male,70,8028401746,Vadodara,Gujarat,Clinic,4102,2021-12-30
194,Upma Rajagopalan,Female,77,3829903664,Delhi,Delhi,Retail,6930,2025-01-23
195,Kashvi Dhingra,Female,46,3944855851,Mumbai,Maharashtra,Hospital,514,2024-06-19
196,Bimala Chada,Female,21,3172253590,Bengaluru,Karnataka,Hospital,4952,2022-03-27
197,Arjun Raj,Male,79,8453460061,Indore,Madhya Pradesh,Clinic,4287,2024-12-17
198,Gaurangi Palla,Female,77,2293202885,Rajkot,Gujarat,Clinic,7487,2022-03-10
199,Mekhala Desai,Female,77,0912139495,Indore,Madhya Pradesh,Clinic,4034,2021-12-30
200,Praneel Soman,Male,54,9774968222,Delhi,Delhi,Hospital,6878,2024-08-31
201,Oliver Kala,Male,49,4473640921,Indore,Madhya Pradesh,Clinic,6337,2023-07-05
202,Chakradhar Kakar,Male,77,8781043991,Jaipur,Rajasthan,Clinic,8540,2024-12-14
203,Sanaya Sidhu,Female,67,4650647831,Surat,Gujarat,Hospital,5943,2025-01-13
204,Lakshmi Ratta,Female,36,7446917637,Vadodara,Gujarat,Retail,2849,2023-09-16
205,Bhavya Sarma,Female,81,0131087072,Delhi,Delhi,Clinic,2828,2024-08-21
206,Vasana Krishnan,Female,58,3655193073,Mumbai,Maharashtra,Clinic,6634,2021-07-28
207,Arya Sachdev,Female,58,9759088310,Mumbai,Maharashtra,Clinic,188,2022-01-15
208,Gautami Saraf,Female,23,3037097078,Bengaluru,Karnataka,Retail,7450,2022-11-08
209,Luke Bhattacharyya,Male,19,5351038631,Surat,Gujarat,Hospital,5284,2025-06-02
210,Omya Gopal,Female,40,2852102754,Jaipur,Rajasthan,Clinic,5335,2025-07-26
211,Advik Ramaswamy,Male,79,9722378151,Indore,Madhya Pradesh,Hospital,3856,2022-12-12
212,Chaaya Tara,Female,20,6240028903,Surat,Gujarat,Hospital,497,2022-03-07
213,Zinal Manda,Female,35,2550024433,Delhi,Delhi,Clinic,839,2025-04-26
214,Ekaraj Konda,Male,69,4620510943,Pune,Maharashtra,Hospital,81,2022-07-27
215,Kashish Ravi,Female,44,0977875764,Bengaluru,Karnataka,Retail,5367,2025-11-29
216,Andrew Baral,Male,56,5509701471,Pune,Maharashtra,Hospital,9308,2025-01-08
217,Bhavna Pingle,Female,53,3251215851,Delhi,Delhi,Retail,8252,2022-03-22
218,Azaan Pillai,Male,64,0029522805,Bengaluru,Karnataka,Retail,5925,2022-07-05
219,Krisha Mangal,Female,48,7746287274,Vadodara,Gujarat,Clinic,3685,2023-04-10
220,Tanay Ghosh,Male,77,0431677021,Bengaluru,Karnataka,Retail,6519,2023-01-27
221,Ishita Venkataraman,Female,44,4445107857,Bengaluru,Karnataka,Clinic,2648,2024-01-02
222,Aarav Saran,Male,78,4716018155,Jaipur,Rajasthan,Clinic,5927,2022-10-24
223,Girindra De,Male,41,3018675943,Rajkot,Gujarat,Hospital,108,2025-05-17
224,Ansh Master,Male,45,7067155067,Rajkot,Gujarat,Retail,1374,2021-11-14
225,Edhitha Nagi,Female,41,9629727967,Rajkot,Gujarat,Hospital,6478,2025-03-21
226,Zaid Aurora,Male,64,2222547301,Ahmedabad,Gujarat,Retail,4994,2021-08-08
227,Anay Mangal,Male,64,8348926496,Bengaluru,Karnataka,Hospital,6233,2023-07-15
228,Peter Dash,Male,77,8641161565,Surat,Gujarat,Retail,2341,2024-08-11
229,Yahvi Khosla,Female,52,6389869165,Surat,Gujarat,Retail,7925,2025-12-15
230,Laksh Bhatia,Male,55,8778531401,Indore,Madhya Pradesh,Hospital,445,2022-05-25
231,Akshay Bhargava,Male,71,5405616834,Surat,Gujarat,Retail,3052,2023-04-11
232,Falguni Chadha,Female,43,3563208445,Delhi,Delhi,Retail,5532,2023-12-05
233,Eiravati Comar,Female,37,5334375181,Ahmedabad,Gujarat,Retail,5749,2022-08-05
234,Madhavi Dash,Female,42,2413978889,Surat,Gujarat,Retail,3642,2023-03-13
235,Rachit Borde,Male,33,5237837964,Pune,Maharashtra,Hospital,1697,2026-02-22
236,Kashish Butala,Female,82,4940407774,Surat,Gujarat,Clinic,2222,2025-03-20
237,Sanya Sha,Female,72,9502076924,Vadodara,Gujarat,Clinic,3211,2023-07-09
238,Eshana Buch,Female,20,3729538143,Indore,Madhya Pradesh,Retail,5578,2021-10-30
239,Samarth Ratti,Male,24,2114116626,Surat,Gujarat,Retail,8081,2022-10-26
240,Ira Khurana,Female,79,0326521369,Pune,Maharashtra,Clinic,4832,2025-02-10
241,Anvi Ganguly,Female,37,6702464442,Surat,Gujarat,Clinic,1882,2022-04-27
242,Pranav Rastogi,Male,36,8999809730,Surat,Gujarat,Hospital,2552,2025-02-19
243,Shravya Sahni,Female,34,3407861491,Bengaluru,Karnataka,Retail,3746,2021-10-16
244,Madhav Rajagopal,Male,29,6606112566,Pune,Maharashtra,Retail,7160,2022-12-24
245,Gabriel Malhotra,Male,22,9424059562,Jaipur,Rajasthan,Hospital,7031,2025-11-21
246,Meghana Merchant,Female,62,4319845304,Indore,Madhya Pradesh,Retail,8634,2025-01-09
247,Oscar Goswami,Male,34,2989318686,Ahmedabad,Gujarat,Clinic,6192,2021-09-11
248,Theodore Handa,Male,46,0306045566,Jaipur,Rajasthan,Clinic,4395,2021-11-02
249,Devansh Vora,Male,83,0891469072,Surat,Gujarat,Clinic,2904,2022-10-23
250,Jason Cheema,Male,27,0319094958,Bengaluru,Karnataka,Clinic,5139,2025-03-24
251,Hritik Shanker,Male,48,6944593862,Indore,Madhya Pradesh,Retail,7460,2021-11-24
252,Rajata Modi,Female,31,6300329341,Delhi,Delhi,Hospital,3802,2023-08-20
253,Neel Deo,Male,31,7552168484,Pune,Maharashtra,Hospital,298,2024-03-13
254,Advik Chopra,Male,63,1402984133,Mumbai,Maharashtra,Clinic,3941,2025-11-27
255,Kamya Hayer,Female,47,3413144926,Jaipur,Rajasthan,Retail,2290,2025-01-18
256,Qasim Taneja,Male,39,2757647979,Vadodara,Gujarat,Hospital,2474,2024-03-03
257,Kabir Sinha,Male,72,6707004059,Mumbai,Maharashtra,Hospital,121,2024-09-28
258,Jatin Nagy,Male,18,9427058881,Jaipur,Rajasthan,Clinic,1572,2024-06-10
259,Wazir Sabharwal,Male,73,5885134215,Rajkot,Gujarat,Retail,3157,2023-01-12
260,Indira Prabhakar,Female,37,3717155348,Pune,Maharashtra,Retail,4397,2025-06-17
261,Meghana Kumar,Female,47,3617277000,Mumbai,Maharashtra,Clinic,5069,2021-09-06
262,Raagini Bail,Female,71,7304005695,Bengaluru,Karnataka,Hospital,7922,2026-01-09
263,Shivani Palan,Female,68,9154422866,Mumbai,Maharashtra,Retail,6888,2024-07-15
264,Ekanta Raju,Female,76,8609726780,Bengaluru,Karnataka,Clinic,6959,2023-11-24
265,Aishani Balakrishnan,Female,27,8261830190,Indore,Madhya Pradesh,Clinic,129,2021-08-17
266,Ojasvi Dua,Female,76,8125058318,Jaipur,Rajasthan,Clinic,1471,2025-11-28
267,Netra Mammen,Female,53,1592376472,Indore,Madhya Pradesh,Retail,3580,2023-02-17
268,Yashoda Mody,Female,46,9595542135,Surat,Gujarat,Retail,7100,2024-06-14
269,Sai Pillai,Male,42,7397051244,Indore,Madhya Pradesh,Clinic,6388,2022-07-03
270,Balveer Sekhon,Male,57,4659415162,Surat,Gujarat,Hospital,2316,2022-11-06
271,Wridesh Palan,Male,41,6079766168,Pune,Maharashtra,Retail,9058,2023-04-05
272,Jeet Deshpande,Male,22,9784413404,Jaipur,Rajasthan,Hospital,8952,2024-04-06
273,Nirja Sarna,Female,38,6990401840,Rajkot,Gujarat,Clinic,6529,2025-07-04
274,Avi Chada,Male,47,7706473577,Rajkot,Gujarat,Clinic,4178,2026-04-28
275,Bhavika Desai,Female,51,3806811482,Bengaluru,Karnataka,Retail,418,2025-02-15
276,Alka Cheema,Female,24,3388502304,Indore,Madhya Pradesh,Retail,8038,2023-05-11
277,Aarav Ramaswamy,Male,59,4039689722,Indore,Madhya Pradesh,Hospital,759,2025-12-04
278,Rajata Balakrishnan,Female,41,2099452228,Pune,Maharashtra,Hospital,780,2024-03-26
279,Wridesh Subramanian,Male,50,6230524134,Pune,Maharashtra,Clinic,7281,2025-12-27
280,Mitali Misra,Female,50,2451000406,Indore,Madhya Pradesh,Retail,5257,2021-11-30
281,Jackson Bains,Male,46,1520734670,Jaipur,Rajasthan,Retail,6274,2024-10-05
282,Sai Puri,Female,72,1705032515,Vadodara,Gujarat,Clinic,4859,2025-07-15
283,Balhaar Bhatt,Male,24,3407318359,Vadodara,Gujarat,Hospital,1086,2024-04-21
284,Sai Deep,Male,21,8135137397,Ahmedabad,Gujarat,Hospital,3505,2023-06-06
285,Sudiksha Sandhu,Female,60,3168336599,Jaipur,Rajasthan,Retail,119,2023-06-26
286,Aadi Divan,Male,20,7892015347,Rajkot,Gujarat,Clinic,8681,2023-05-03
287,Veer Minhas,Male,21,3012383138,Vadodara,Gujarat,Hospital,4182,2023-04-23
288,Benjamin Chhabra,Male,20,3600661378,Ahmedabad,Gujarat,Hospital,4510,2022-01-08
289,Krish Sood,Male,41,9852621110,Jaipur,Rajasthan,Hospital,146,2026-06-06
290,Bakhshi Goel,Male,38,0486248640,Rajkot,Gujarat,Clinic,7141,2021-10-01
291,Robert Parsa,Male,53,3112881914,Bengaluru,Karnataka,Retail,3925,2021-07-18
292,Dominic Anand,Male,45,1902245883,Ahmedabad,Gujarat,Clinic,3873,2021-10-17
293,Pranav Din,Male,18,5848938482,Bengaluru,Karnataka,Retail,2020,2025-05-10
294,Naksh Sanghvi,Male,54,9350103694,Rajkot,Gujarat,Hospital,1367,2025-12-17
295,Azaan Rana,Male,49,8135605555,Vadodara,Gujarat,Retail,5894,2026-05-22
296,Leela Pant,Female,44,9507293643,Vadodara,Gujarat,Retail,6339,2025-09-05
297,Bishakha Iyengar,Female,28,8873558210,Ahmedabad,Gujarat,Retail,9262,2025-02-19
298,Bhavani Bahri,Female,55,5811088690,Pune,Maharashtra,Clinic,5118,2022-08-19
299,Chatresh Mand,Male,29,9422723326,Mumbai,Maharashtra,Hospital,8208,2026-02-10
300,Bachittar Hari,Male,63,9742000030,Bengaluru,Karnataka,Hospital,6918,2023-09-10
301,Chavvi Narula,Female,41,7847345986,Surat,Gujarat,Clinic,9906,2026-05-26
302,Yatin Chaudhry,Male,34,0581600267,Bengaluru,Karnataka,Retail,7560,2021-09-02
303,Girindra Goswami,Male,36,6677407024,Bengaluru,Karnataka,Hospital,484,2021-10-19
304,Yuvraj Madan,Male,42,1767789641,Jaipur,Rajasthan,Hospital,6143,2026-06-22
305,Naksh Ramanathan,Male,43,9425935476,Jaipur,Rajasthan,Retail,5536,2022-10-09
306,Janaki Vohra,Female,73,6954087142,Mumbai,Maharashtra,Retail,4051,2022-07-07
307,Saanvi Dar,Female,59,6804852576,Delhi,Delhi,Retail,743,2026-01-05
308,Kalpit Nigam,Male,44,8242728693,Surat,Gujarat,Hospital,926,2023-09-27
309,Hemani Kade,Female,46,4223442368,Indore,Madhya Pradesh,Retail,3971,2023-05-04
310,Owen Behl,Male,21,0933964049,Ahmedabad,Gujarat,Retail,6336,2022-06-23
311,Quincy Wable,Male,72,2528703572,Jaipur,Rajasthan,Clinic,8427,2022-08-11
312,Zayan Mangal,Male,40,6161286876,Ahmedabad,Gujarat,Retail,3275,2026-05-24
313,Azad Issac,Male,53,6440758591,Surat,Gujarat,Clinic,8799,2025-03-11
314,Chaitaly Chaudhry,Female,41,7419157813,Surat,Gujarat,Clinic,4947,2024-12-30
315,Saksham Mane,Male,29,7936027930,Bengaluru,Karnataka,Retail,499,2022-03-15
316,Ronith Subramaniam,Male,76,9658008636,Surat,Gujarat,Hospital,288,2023-10-31
317,Udant Golla,Male,60,0767272632,Rajkot,Gujarat,Clinic,1177,2024-09-05
318,Robert Sampath,Male,32,1782606114,Mumbai,Maharashtra,Retail,3177,2022-11-05
319,Zashil Mutti,Male,53,9744180232,Jaipur,Rajasthan,Hospital,1913,2026-04-21
320,Jhalak D’Alia,Female,36,9047718437,Bengaluru,Karnataka,Hospital,6170,2025-09-03
321,Aayush Prabhu,Male,46,6640896488,Bengaluru,Karnataka,Retail,8036,2026-04-10
322,Amara Dutt,Female,80,6790094402,Surat,Gujarat,Hospital,5228,2025-10-31
323,Maanav Buch,Male,23,2999020483,Delhi,Delhi,Hospital,7521,2023-04-23
324,Naksh Chauhan,Male,70,5421062055,Indore,Madhya Pradesh,Clinic,912,2022-07-15
325,Radhika Bhasin,Female,33,7073131014,Mumbai,Maharashtra,Hospital,4721,2024-08-11
326,Keya Suri,Female,48,3714442343,Jaipur,Rajasthan,Clinic,2700,2022-10-23
327,Aarush Chadha,Male,21,3167036597,Surat,Gujarat,Hospital,8774,2026-02-21
328,Lakshit More,Male,73,1463649327,Jaipur,Rajasthan,Clinic,523,2024-01-14
329,Praneel Shenoy,Male,25,3361565902,Ahmedabad,Gujarat,Retail,614,2023-10-25
330,Diya Kaul,Female,41,0153186034,Indore,Madhya Pradesh,Retail,8159,2021-10-08
331,Varsha Gara,Female,73,5011063517,Surat,Gujarat,Clinic,9990,2026-04-24
332,Umang Sidhu,Male,71,6257091579,Surat,Gujarat,Hospital,4015,2024-08-29
333,Simon Dass,Male,52,2848002123,Rajkot,Gujarat,Retail,3688,2023-01-11
334,Avi Dara,Male,85,2910527493,Delhi,Delhi,Clinic,8041,2021-11-24
335,Maya Andra,Female,22,8193599405,Ahmedabad,Gujarat,Hospital,6685,2024-10-15
336,Matthew Sandhu,Male,30,1657421497,Jaipur,Rajasthan,Hospital,7556,2024-12-13
337,William Palan,Male,40,7477117031,Indore,Madhya Pradesh,Hospital,2376,2024-12-08
338,Manbir Parmer,Male,41,9515936091,Indore,Madhya Pradesh,Retail,5476,2021-08-10
339,Harish Thakur,Male,52,2923492154,Bengaluru,Karnataka,Clinic,6500,2024-11-02
340,Chasmum Wali,Female,34,4281629167,Bengaluru,Karnataka,Retail,9326,2025-01-02
341,Darsh Mohan,Male,61,3579762482,Vadodara,Gujarat,Clinic,5269,2022-10-10
342,Sai Bala,Male,24,1113876155,Rajkot,Gujarat,Retail,5921,2025-08-03
343,Nakul Keer,Male,80,9887001693,Ahmedabad,Gujarat,Hospital,9910,2023-10-20
344,Rayaan Sant,Male,71,9674431603,Ahmedabad,Gujarat,Retail,5273,2025-08-14
345,Gautam Dey,Male,84,9867820472,Indore,Madhya Pradesh,Retail,1717,2026-06-01
346,Tamanna Mandal,Female,61,6759663401,Mumbai,Maharashtra,Hospital,4542,2025-09-16
347,Zinal Dhillon,Female,60,1416466621,Rajkot,Gujarat,Clinic,59,2021-11-17
348,Sathvik Panchal,Male,30,7008798944,Bengaluru,Karnataka,Hospital,6983,2022-11-16
349,Xiti Sharma,Female,76,4254421320,Bengaluru,Karnataka,Clinic,4605,2023-04-19
350,Gayathri Nagy,Female,50,7976987082,Ahmedabad,Gujarat,Retail,284,2026-06-28
351,Xavier Pillay,Male,62,9490321327,Bengaluru,Karnataka,Retail,3537,2023-07-17
352,Advay Narayan,Male,63,2597568075,Indore,Madhya Pradesh,Hospital,5553,2024-11-14
353,Siddharth Oommen,Male,61,1182543154,Surat,Gujarat,Clinic,4902,2022-09-11
354,Jacob Soni,Male,50,7987031633,Vadodara,Gujarat,Hospital,8031,2022-05-01
355,Vedhika Dugar,Female,59,0283474777,Mumbai,Maharashtra,Clinic,9633,2026-03-30
356,Irya Pandit,Female,67,7384031579,Jaipur,Rajasthan,Retail,6473,2022-12-13
357,Onveer Raja,Male,37,6094949780,Indore,Madhya Pradesh,Retail,5256,2026-05-20
358,Chavvi Nazareth,Female,28,0438507333,Delhi,Delhi,Clinic,6770,2022-10-12
359,Tanvi Dhar,Female,52,4950767046,Delhi,Delhi,Hospital,323,2022-10-10
360,Adya Bassi,Female,64,3316409435,Indore,Madhya Pradesh,Clinic,6898,2023-09-04
361,Krish Rai,Male,28,6177829992,Bengaluru,Karnataka,Retail,2826,2021-07-14
362,Chaman Mistry,Female,55,0487471509,Ahmedabad,Gujarat,Retail,6947,2022-02-09
363,Saanvi Mammen,Female,49,2482792389,Jaipur,Rajasthan,Clinic,7059,2022-03-20
364,Chaaya Gandhi,Female,66,2362250424,Bengaluru,Karnataka,Hospital,4433,2026-04-17
365,Om Kota,Male,41,2029403719,Mumbai,Maharashtra,Hospital,112,2022-05-18
366,Max Chana,Male,43,4607220080,Ahmedabad,Gujarat,Retail,5341,2026-03-12
367,Yashodhara Nagi,Female,42,4915859152,Bengaluru,Karnataka,Clinic,5516,2024-05-29
368,Ekantika Pingle,Female,34,0250259686,Bengaluru,Karnataka,Retail,801,2023-02-22
369,Faras Wali,Male,70,4108442631,Rajkot,Gujarat,Clinic,1940,2025-12-05
370,Isha Mammen,Female,35,8924613676,Mumbai,Maharashtra,Hospital,3293,2023-08-25
371,Kavya Nagi,Female,71,0159705602,Ahmedabad,Gujarat,Hospital,5581,2022-03-13
372,Zashil Boase,Male,75,9527082751,Rajkot,Gujarat,Retail,8718,2021-11-16
373,Lavanya Palla,Female,79,0707053580,Jaipur,Rajasthan,Clinic,4416,2025-03-03
374,Qadim Behl,Male,76,5246755419,Jaipur,Rajasthan,Retail,8178,2025-08-16
375,Warhi Kaur,Female,78,3831381628,Rajkot,Gujarat,Hospital,459,2022-09-07
376,Vrinda Dua,Female,50,7847858008,Indore,Madhya Pradesh,Hospital,5164,2023-07-02
377,Tarak Srinivasan,Male,71,2785097726,Bengaluru,Karnataka,Retail,1363,2023-02-04
378,Harish Samra,Male,39,4787489071,Vadodara,Gujarat,Hospital,4697,2024-09-23
379,Samar Bhandari,Male,27,5002189625,Rajkot,Gujarat,Retail,8204,2022-11-23
380,Devika Bail,Female,75,9219635816,Indore,Madhya Pradesh,Hospital,8294,2024-07-12
381,Qabil Sahota,Male,47,6117022081,Rajkot,Gujarat,Retail,4942,2025-04-29
382,Xiti Panchal,Female,76,2935860148,Delhi,Delhi,Clinic,8397,2022-08-20
383,Anya Bajwa,Female,37,1080479958,Mumbai,Maharashtra,Hospital,7292,2022-01-31
384,Nathaniel Varty,Male,85,9118107819,Jaipur,Rajasthan,Hospital,2997,2024-01-25
385,Bachittar Nagarajan,Male,59,6939037782,Bengaluru,Karnataka,Clinic,6796,2024-07-01
386,Damini Ram,Female,35,3437444738,Delhi,Delhi,Hospital,5984,2026-02-10
387,Upma Wason,Female,38,7694880848,Ahmedabad,Gujarat,Hospital,8566,2022-09-03
388,Yatan Bahl,Male,73,6061795274,Bengaluru,Karnataka,Hospital,8870,2023-06-03
389,Brijesh Dube,Male,35,4328797296,Mumbai,Maharashtra,Clinic,5064,2021-07-19
390,Tarak Misra,Male,27,5697904383,Bengaluru,Karnataka,Retail,8744,2022-12-27
391,Deepa Deep,Female,43,3290947314,Ahmedabad,Gujarat,Retail,1117,2021-10-12
392,Xalak Khurana,Female,68,5557646011,Vadodara,Gujarat,Retail,9812,2023-09-11
393,Vyanjana Issac,Female,59,0554304684,Jaipur,Rajasthan,Retail,9541,2021-12-09
394,Arjun Deshmukh,Male,77,7928792343,Indore,Madhya Pradesh,Retail,6235,2023-05-21
395,Raghav Barad,Male,49,7706480995,Vadodara,Gujarat,Clinic,1940,2022-06-22
396,Yashica Sankar,Female,61,4044929479,Rajkot,Gujarat,Retail,1281,2025-05-31
397,Idika Bhandari,Female,30,3573940075,Ahmedabad,Gujarat,Hospital,7110,2023-08-31
398,Om Singhal,Male,43,0815128779,Surat,Gujarat,Clinic,6236,2025-08-31
399,Ryan Agrawal,Male,49,6721909632,Jaipur,Rajasthan,Hospital,3559,2022-07-29
400,Manbir Bhandari,Male,28,7364293875,Vadodara,Gujarat,Hospital,3177,2022-05-26
401,Omkaar Rattan,Male,78,6675638992,Pune,Maharashtra,Hospital,4590,2023-07-23
402,Tristan Bahl,Male,82,6952671853,Delhi,Delhi,Hospital,8911,2026-02-16
403,Rohan Hegde,Male,85,5920337334,Ahmedabad,Gujarat,Clinic,2412,2025-04-14
404,Ishani Tank,Female,49,6738092058,Indore,Madhya Pradesh,Retail,3627,2025-01-01
405,Viraj Murty,Male,73,8752545961,Jaipur,Rajasthan,Hospital,2262,2026-06-20
406,Gautami Ratta,Female,73,8645763664,Ahmedabad,Gujarat,Clinic,7520,2022-04-16
407,Ekbal Goda,Male,60,9874053790,Mumbai,Maharashtra,Clinic,9558,2024-01-23
408,Ekapad Mody,Male,85,4840303109,Vadodara,Gujarat,Clinic,6635,2022-10-04
409,Tara Mody,Female,70,7832193812,Ahmedabad,Gujarat,Hospital,6331,2025-08-31
410,Ryan Wable,Male,81,7280853025,Surat,Gujarat,Hospital,7775,2021-10-29
411,Teerth Ganesan,Male,49,9074089502,Vadodara,Gujarat,Clinic,5757,2022-12-22
412,Brinda Anand,Female,59,3156565119,Pune,Maharashtra,Clinic,4111,2022-04-11
413,Ganga Bhalla,Female,71,4565568666,Bengaluru,Karnataka,Hospital,2154,2022-08-18
414,Isaac Dave,Male,45,2008543117,Rajkot,Gujarat,Clinic,3456,2026-02-19
415,Andrew Narain,Male,24,9585088590,Ahmedabad,Gujarat,Hospital,1217,2022-02-23
416,Yashasvi Bath,Female,77,6138928051,Indore,Madhya Pradesh,Retail,5135,2022-04-25
417,Anita Karpe,Female,18,4832564692,Vadodara,Gujarat,Retail,6619,2021-11-04
418,Bimala Magar,Female,37,4263633446,Bengaluru,Karnataka,Retail,9190,2025-03-30
419,Yauvani Lalla,Female,31,4547244755,Vadodara,Gujarat,Retail,3070,2023-08-25
420,Bahadurjit Ganesh,Male,43,3512416249,Rajkot,Gujarat,Retail,5616,2022-10-18
421,Samaksh Chopra,Male,61,7828009253,Rajkot,Gujarat,Retail,8264,2021-11-18
422,Brijesh Srinivasan,Male,22,3905959635,Pune,Maharashtra,Clinic,4669,2021-11-04
423,Nachiket Dar,Male,48,5306518864,Vadodara,Gujarat,Clinic,3932,2022-03-16
424,Pallavi Luthra,Female,82,7756757567,Ahmedabad,Gujarat,Hospital,4966,2025-04-02
425,Ria Merchant,Female,22,5255620451,Indore,Madhya Pradesh,Retail,9372,2022-12-19
426,Chanakya Kannan,Male,62,3908907302,Surat,Gujarat,Retail,7853,2022-03-12
427,Samar Sridhar,Male,33,9365017148,Jaipur,Rajasthan,Retail,6274,2023-02-01
428,Urmi Luthra,Female,78,9978461093,Bengaluru,Karnataka,Retail,3985,2025-09-03
429,Chakrika Nadig,Female,83,8661990440,Surat,Gujarat,Clinic,3705,2022-08-07
430,Simon Mohanty,Male,79,3758872909,Ahmedabad,Gujarat,Hospital,5174,2023-11-12
431,Vamakshi Dar,Female,75,6636178695,Delhi,Delhi,Hospital,2170,2026-04-12
432,Hema Dave,Female,80,2526335744,Bengaluru,Karnataka,Hospital,1091,2025-10-27
433,Harrison Nath,Male,72,6014414575,Ahmedabad,Gujarat,Clinic,1967,2023-03-03
434,Omya Pathak,Female,57,7088708561,Ahmedabad,Gujarat,Retail,3376,2021-08-26
435,Ojas Kakar,Male,62,1479069079,Pune,Maharashtra,Clinic,2310,2023-02-27
436,Kalpit Trivedi,Male,33,5818236158,Mumbai,Maharashtra,Retail,2434,2022-12-13
437,Rudra Bansal,Male,54,5572903126,Ahmedabad,Gujarat,Clinic,2623,2025-04-20
438,Qadim Mani,Male,62,5639164476,Jaipur,Rajasthan,Retail,5071,2023-02-02
439,Varsha Varghese,Female,39,3513734280,Delhi,Delhi,Clinic,966,2025-11-18
440,Tanay Prakash,Male,50,0742515356,Jaipur,Rajasthan,Clinic,5545,2021-10-29
441,Girish Wason,Male,76,7600624925,Bengaluru,Karnataka,Hospital,1316,2021-08-28
442,Harita Minhas,Female,44,3565445167,Mumbai,Maharashtra,Retail,1188,2022-11-27
443,Vasudha Oak,Female,79,1253269867,Indore,Madhya Pradesh,Clinic,196,2021-12-23
444,Avi Shan,Male,64,3889177565,Pune,Maharashtra,Hospital,7784,2025-11-18
445,Kiaan Patla,Male,63,4375634109,Vadodara,Gujarat,Clinic,8935,2026-04-27
446,Jeremiah Borra,Male,50,4717272616,Mumbai,Maharashtra,Hospital,2414,2026-05-09
447,Elijah Goswami,Male,34,9808870508,Jaipur,Rajasthan,Hospital,6317,2023-11-12
448,Tanish Lal,Male,62,0838673921,Indore,Madhya Pradesh,Hospital,5188,2022-04-03
449,Lakshmi Gill,Female,81,7476252826,Pune,Maharashtra,Retail,5003,2022-06-12
450,Pushti Chaudhari,Female,26,9759951402,Mumbai,Maharashtra,Retail,7812,2022-11-24
451,Joshua Chaudhary,Male,33,7311131565,Vadodara,Gujarat,Hospital,9125,2022-06-22
452,Dayamai Kota,Female,66,0315778004,Indore,Madhya Pradesh,Retail,7216,2021-12-11
453,Qadim Balasubramanian,Male,43,8239221923,Vadodara,Gujarat,Retail,2086,2022-04-06
454,Hema Grover,Female,20,5905544352,Delhi,Delhi,Retail,8966,2026-05-09
455,Raghav Agate,Male,26,1088673061,Indore,Madhya Pradesh,Clinic,4891,2023-04-13
456,Dhruv Singh,Male,77,9368237518,Rajkot,Gujarat,Retail,4709,2023-10-02
457,Urvashi Bhat,Female,37,3517731822,Surat,Gujarat,Hospital,838,2025-12-29
458,Gabriel Mahajan,Male,52,3605860148,Mumbai,Maharashtra,Clinic,287,2022-12-25
459,Aadi Chakraborty,Male,61,2183706900,Bengaluru,Karnataka,Clinic,4283,2023-09-12
460,Nidhi Guha,Female,82,7307232397,Delhi,Delhi,Clinic,225,2022-03-09
461,Sudiksha Lal,Female,62,3806936742,Bengaluru,Karnataka,Retail,4148,2024-11-03
462,Balveer Rajagopal,Male,62,5564571264,Ahmedabad,Gujarat,Hospital,274,2024-11-13
463,Victor Panchal,Male,33,7566389989,Delhi,Delhi,Clinic,7425,2023-04-13
464,Krishna Devan,Male,75,1318076938,Indore,Madhya Pradesh,Hospital,2588,2024-02-20
465,Yashawini Lad,Female,55,3029671103,Pune,Maharashtra,Clinic,9751,2023-03-19
466,Nimrat Ravi,Female,37,2864834019,Mumbai,Maharashtra,Clinic,8944,2021-12-22
467,Dipta Patla,Female,24,5416021463,Mumbai,Maharashtra,Hospital,5205,2025-10-30
468,Bhavna Bajaj,Female,54,8091417156,Indore,Madhya Pradesh,Clinic,2768,2023-11-03
469,Warjas Dani,Male,56,0430472781,Vadodara,Gujarat,Clinic,6654,2022-02-12
470,Damyanti Narain,Female,81,0189982582,Indore,Madhya Pradesh,Retail,4289,2022-07-03
471,Ekani Kothari,Female,33,6523027467,Mumbai,Maharashtra,Clinic,8829,2021-11-22
472,Urmi Panchal,Female,31,4363020446,Mumbai,Maharashtra,Clinic,8754,2025-04-03
473,Joshua Bava,Male,70,4751485680,Bengaluru,Karnataka,Clinic,743,2023-02-03
474,Nathan Sem,Male,71,9074409896,Bengaluru,Karnataka,Clinic,3377,2022-10-07
475,Waida Murthy,Female,76,9033788404,Rajkot,Gujarat,Clinic,4672,2021-10-14
476,Zaitra Halder,Female,65,3574621631,Pune,Maharashtra,Hospital,5448,2022-09-12
477,Onveer Venkatesh,Male,85,3030559295,Indore,Madhya Pradesh,Clinic,7758,2025-03-24
478,Mohammed Gara,Male,43,2572867086,Delhi,Delhi,Clinic,9212,2022-09-23
479,Arya Raman,Female,44,5523828142,Bengaluru,Karnataka,Retail,6417,2025-10-17
480,Joshua Anand,Male,66,8022532185,Jaipur,Rajasthan,Retail,9695,2026-05-04
481,Chameli Badami,Female,19,4957579692,Pune,Maharashtra,Hospital,6815,2024-01-15
482,Zaitra Koshy,Female,56,6367456030,Ahmedabad,Gujarat,Retail,3997,2023-04-19
483,Zarna Singhal,Female,19,0985570106,Mumbai,Maharashtra,Clinic,738,2021-09-30
484,Meera Sahota,Female,65,8602117944,Ahmedabad,Gujarat,Hospital,6374,2021-08-21
485,Yachana Bajwa,Female,37,5473725754,Rajkot,Gujarat,Clinic,599,2023-02-23
486,Jagrati Dubey,Female,75,7872766092,Bengaluru,Karnataka,Retail,3160,2021-10-09
487,Vasudha Pandit,Female,25,8155464231,Delhi,Delhi,Retail,1168,2022-04-11
488,Yashasvi Dhar,Female,72,4862089901,Mumbai,Maharashtra,Hospital,4431,2021-07-21
489,Naksh Shankar,Male,73,0867067238,Indore,Madhya Pradesh,Retail,2019,2024-08-25
490,Warinder Randhawa,Male,75,7452719477,Ahmedabad,Gujarat,Retail,6672,2025-06-05
491,Farhan Palan,Male,27,9124899300,Bengaluru,Karnataka,Clinic,5722,2025-03-27
492,Isha Chada,Female,79,4300197882,Indore,Madhya Pradesh,Clinic,9219,2021-10-01
493,Ekaja Dani,Female,19,5349962951,Mumbai,Maharashtra,Clinic,3308,2026-01-06
494,Charles Devan,Male,24,6900961189,Delhi,Delhi,Retail,9569,2022-04-12
495,Gauri Hari,Female,72,5978666578,Delhi,Delhi,Hospital,2799,2021-11-27
496,Ayush Pillay,Male,68,7706827500,Mumbai,Maharashtra,Hospital,998,2021-10-31
497,Omisha Yadav,Female,43,8744283358,Jaipur,Rajasthan,Hospital,8418,2023-09-02
498,Vanya Mistry,Female,34,7951806045,Indore,Madhya Pradesh,Hospital,8706,2021-10-28
499,Balveer Nigam,Male,28,7302761314,Pune,Maharashtra,Hospital,9636,2024-05-17
500,George Halder,Male,34,9344897869,Surat,Gujarat,Clinic,9558,2026-01-03
501,Baljiwan Hans,Male,52,8219351573,Delhi,Delhi,Hospital,1557,2021-11-18
502,Hemang Goyal,Male,58,3329203606,Bengaluru,Karnataka,Retail,7959,2025-08-24
503,Harita Bal,Female,85,4142854671,Mumbai,Maharashtra,Retail,3193,2025-12-05
504,Ikshita Savant,Female,41,2610460436,Delhi,Delhi,Retail,6397,2023-09-27
505,Libni Naidu,Female,25,3139833523,Indore,Madhya Pradesh,Hospital,430,2022-05-11
506,Anya Manne,Female,71,1541318959,Mumbai,Maharashtra,Hospital,7571,2022-02-13
507,Amrita Krishnan,Female,45,9378230566,Mumbai,Maharashtra,Clinic,9654,2025-01-15
508,Udyati Bhardwaj,Female,55,8443412327,Vadodara,Gujarat,Hospital,6028,2022-08-11
509,Madhav Wable,Male,69,3875010571,Delhi,Delhi,Retail,6134,2022-07-08
510,Amrita Mahal,Female,43,4733518811,Ahmedabad,Gujarat,Clinic,4654,2025-08-11
511,Ekalinga Chanda,Male,26,0792248763,Ahmedabad,Gujarat,Clinic,2104,2022-09-17
512,Patrick Narain,Male,20,8031076088,Ahmedabad,Gujarat,Retail,3070,2025-05-17
513,Tejas Buch,Male,63,0575317839,Pune,Maharashtra,Retail,1370,2022-01-17
514,Waida Dugal,Female,70,8791900048,Rajkot,Gujarat,Clinic,4518,2021-10-10
515,Faris Pai,Male,70,1444800054,Bengaluru,Karnataka,Retail,2637,2022-10-17
516,Leela Bobal,Female,56,8617158626,Rajkot,Gujarat,Hospital,6600,2024-01-08
517,Ekanta Dora,Female,41,7861187738,Rajkot,Gujarat,Hospital,8119,2022-07-11
518,Krisha Sha,Female,68,9754909069,Vadodara,Gujarat,Clinic,6383,2023-04-14
519,Aarush Khosla,Male,31,2490705479,Rajkot,Gujarat,Clinic,6768,2025-10-16
520,Aishani Doctor,Female,22,2843345550,Surat,Gujarat,Retail,4041,2021-12-01
521,Charvi Sachar,Female,49,8390159442,Vadodara,Gujarat,Retail,5973,2023-02-03
522,Banjeet Trivedi,Male,18,8922869638,Pune,Maharashtra,Clinic,4770,2022-06-06
523,Simon Chanda,Male,54,9055365339,Rajkot,Gujarat,Retail,416,2023-12-03
524,Amruta Mann,Female,85,0065811990,Delhi,Delhi,Clinic,7905,2026-06-14
525,Noah Natarajan,Male,38,5524925867,Jaipur,Rajasthan,Retail,550,2025-03-15
526,Ojas Bava,Male,74,6369807049,Jaipur,Rajasthan,Retail,5517,2024-01-03
527,Omkaar Dhillon,Male,57,3263824407,Surat,Gujarat,Hospital,4461,2022-09-13
528,Tanish Som,Male,84,1693561655,Indore,Madhya Pradesh,Retail,8793,2022-06-29
529,Neelima Peri,Female,63,8420256688,Vadodara,Gujarat,Retail,8599,2024-06-03
530,Harinakshi Lall,Female,28,2879500264,Jaipur,Rajasthan,Retail,1963,2025-06-11
531,Vrinda Sabharwal,Female,49,9484576066,Delhi,Delhi,Retail,6446,2022-08-07
532,Lopa Edwin,Female,44,8450112360,Vadodara,Gujarat,Hospital,8469,2025-02-04
533,Radhika Narayanan,Female,56,7910680500,Surat,Gujarat,Clinic,8004,2025-11-23
534,Oeshi Bahri,Female,72,0771071386,Ahmedabad,Gujarat,Hospital,4623,2023-12-01
535,Rajeshri Brar,Female,50,0417434468,Ahmedabad,Gujarat,Hospital,9226,2022-12-26
536,Sara Dhawan,Female,68,8267113253,Ahmedabad,Gujarat,Retail,1482,2022-04-13
537,Pavani Divan,Female,33,5346538682,Pune,Maharashtra,Hospital,8517,2023-03-10
538,Gaurangi Samra,Female,33,7116336328,Indore,Madhya Pradesh,Hospital,4818,2023-02-08
539,Nitesh Tailor,Male,29,9798165741,Vadodara,Gujarat,Clinic,8959,2022-03-13
540,Jairaj Joshi,Male,37,5424378369,Jaipur,Rajasthan,Retail,2492,2021-08-08
541,Maya Sen,Female,65,4085749474,Delhi,Delhi,Clinic,1211,2021-09-23
542,Tripti Korpal,Female,26,5886686439,Pune,Maharashtra,Clinic,1178,2025-02-09
543,Warda Garde,Female,70,5819963277,Vadodara,Gujarat,Retail,8968,2023-06-14
544,Eiravati Brahmbhatt,Female,85,4206513308,Jaipur,Rajasthan,Hospital,4021,2025-03-23
545,Charvi Tripathi,Female,19,5884235869,Delhi,Delhi,Hospital,8592,2026-02-01
546,Bahadurjit Konda,Male,58,8459649079,Ahmedabad,Gujarat,Clinic,9505,2026-01-09
547,Yadavi Sahni,Female,49,3355330793,Indore,Madhya Pradesh,Hospital,815,2025-06-17
548,Ubika Mand,Female,28,9244116212,Mumbai,Maharashtra,Hospital,6930,2022-05-15
549,Ethan Gaba,Male,31,7313376245,Vadodara,Gujarat,Clinic,3513,2021-12-02
550,Jason Gaba,Male,46,5361698275,Indore,Madhya Pradesh,Hospital,4951,2023-07-09
551,Vedika Warrior,Female,24,7587420492,Rajkot,Gujarat,Retail,5373,2026-01-06
552,Unnati Jhaveri,Female,70,4957914050,Pune,Maharashtra,Hospital,9937,2024-12-13
553,Anita Rastogi,Female,42,3237106813,Vadodara,Gujarat,Hospital,7018,2021-12-20
554,Nidhi Chaudhuri,Female,52,4930828193,Rajkot,Gujarat,Clinic,3494,2024-06-01
555,Chanchal Bhatti,Female,77,4782127820,Indore,Madhya Pradesh,Clinic,3613,2022-07-25
556,Saumya Bahl,Female,60,9312877331,Bengaluru,Karnataka,Clinic,4710,2024-02-12
557,Hemangini Ratta,Female,64,2507995638,Indore,Madhya Pradesh,Retail,7339,2023-06-09
558,Harini Ray,Female,21,8132741284,Pune,Maharashtra,Hospital,3371,2023-04-24
559,Yashica Doshi,Female,84,8139490496,Ahmedabad,Gujarat,Retail,589,2022-02-01
560,Sachi Basak,Female,65,5814627970,Vadodara,Gujarat,Hospital,6282,2021-10-12
561,Hema Mani,Female,20,8651736006,Indore,Madhya Pradesh,Retail,4067,2021-08-17
562,Yasti Nayar,Female,45,1794712179,Surat,Gujarat,Retail,3738,2024-03-19
563,Henry Brar,Male,30,9323676649,Mumbai,Maharashtra,Clinic,2165,2022-12-14
564,Mason Pradhan,Male,18,5316562122,Vadodara,Gujarat,Clinic,7506,2026-01-16
565,Hritik Pandey,Male,48,3506826559,Bengaluru,Karnataka,Hospital,5925,2024-03-04
566,Faras Rattan,Male,43,5898172673,Mumbai,Maharashtra,Clinic,9331,2026-06-14
567,Eiravati Bumb,Female,41,6693042141,Rajkot,Gujarat,Hospital,6429,2025-02-08
568,Yatan Varty,Male,38,7571212800,Vadodara,Gujarat,Clinic,4992,2025-11-26
569,Ranveer Suri,Male,51,0059636146,Delhi,Delhi,Hospital,3799,2024-07-29
570,Radha Borra,Female,45,1765745298,Pune,Maharashtra,Hospital,1276,2025-07-17
571,Advaith Tak,Male,38,6609966390,Surat,Gujarat,Hospital,6410,2024-12-16
572,Odika Dhawan,Female,39,9079894407,Delhi,Delhi,Retail,7484,2024-01-14
573,Hardik Guha,Male,72,4681983269,Delhi,Delhi,Retail,6821,2025-12-28
574,Advaith Kashyap,Male,47,4921902829,Mumbai,Maharashtra,Clinic,1775,2022-09-08
575,Arjun Sathe,Male,48,1010290503,Indore,Madhya Pradesh,Clinic,8124,2024-03-04
576,Upadhriti Loyal,Female,76,3079543641,Rajkot,Gujarat,Clinic,6025,2024-11-29
577,Saumya Palan,Female,73,7987181815,Jaipur,Rajasthan,Retail,3064,2025-05-26
578,Krish Oommen,Male,19,2500082210,Delhi,Delhi,Hospital,4740,2023-09-05
579,Pavani Shetty,Female,81,8494061761,Surat,Gujarat,Hospital,2376,2025-06-10
580,Pranav Mann,Male,42,7937571733,Mumbai,Maharashtra,Hospital,3292,2022-12-05
581,Charita Radhakrishnan,Female,42,4672253929,Pune,Maharashtra,Retail,3105,2024-01-03
582,Edhitha Chander,Female,73,1135180203,Bengaluru,Karnataka,Hospital,8703,2021-12-11
583,Zarna Bawa,Female,34,3445320470,Rajkot,Gujarat,Retail,3705,2023-02-21
584,Inaya Naidu,Female,67,0486744090,Ahmedabad,Gujarat,Hospital,5932,2023-03-25
585,Damini Lala,Female,61,9018462728,Rajkot,Gujarat,Clinic,7476,2026-06-29
586,Barkha Sharma,Female,40,4217122834,Pune,Maharashtra,Hospital,6486,2024-06-01
587,Jatin Prabhakar,Male,75,9331628066,Surat,Gujarat,Hospital,5348,2024-10-22
588,Balendra Koshy,Male,30,8726741908,Delhi,Delhi,Clinic,123,2023-11-11
589,Mitesh Deshmukh,Male,59,1559389836,Pune,Maharashtra,Hospital,5457,2021-10-30
590,Charvi Sahota,Female,30,4087970817,Vadodara,Gujarat,Retail,5470,2024-02-10
591,Wyatt Agate,Male,54,2913080160,Mumbai,Maharashtra,Clinic,6237,2022-03-15
592,Nikita Chaudhary,Female,46,4928044309,Delhi,Delhi,Clinic,1702,2024-11-26
593,Forum Cherian,Female,32,5535840831,Pune,Maharashtra,Clinic,1425,2023-06-02
594,Lohit Patil,Male,53,7803066801,Pune,Maharashtra,Clinic,1315,2021-12-12
595,Tamanna Devan,Female,55,0620653381,Mumbai,Maharashtra,Retail,9512,2026-05-14
596,Owen Desai,Male,20,3676815776,Vadodara,Gujarat,Clinic,1933,2025-04-21
597,Vrinda Chanda,Female,76,3669847858,Rajkot,Gujarat,Clinic,1737,2024-08-24
598,Baghyawati Das,Female,82,2849114233,Delhi,Delhi,Clinic,4470,2022-07-26
599,Ayaan Madan,Male,37,5686982518,Mumbai,Maharashtra,Clinic,5339,2022-02-06
600,Triveni Madan,Female,42,0192183740,Jaipur,Rajasthan,Hospital,4699,2025-07-08
601,Siya Pillai,Female,70,5710868477,Surat,Gujarat,Hospital,1134,2025-03-23
602,Pranit Sangha,Male,54,4377175684,Delhi,Delhi,Retail,564,2022-08-25
603,Akshay Nair,Male,39,2729459128,Mumbai,Maharashtra,Clinic,8192,2025-07-11
604,Oviya Majumdar,Female,79,0707608609,Vadodara,Gujarat,Hospital,3551,2021-07-31
605,Jalsa Vora,Female,82,0279904841,Ahmedabad,Gujarat,Hospital,5419,2026-02-10
606,Jyoti Bath,Female,72,5344348371,Jaipur,Rajasthan,Hospital,7108,2022-10-03
607,Hitesh Sagar,Male,27,5669397774,Rajkot,Gujarat,Hospital,9912,2022-01-25
608,Yagnesh Keer,Male,78,1778682414,Mumbai,Maharashtra,Hospital,8109,2025-08-07
609,Hamsini Mani,Female,62,7117568529,Surat,Gujarat,Hospital,9349,2025-10-03
610,Mason Nagi,Male,32,4982415679,Pune,Maharashtra,Retail,6620,2024-09-04
611,Gauri Sampath,Female,23,7535719773,Delhi,Delhi,Clinic,4720,2022-03-13
612,Patrick Bhatti,Male,54,0922846384,Vadodara,Gujarat,Clinic,3018,2022-11-12
613,Qarin Khurana,Male,39,5405837126,Ahmedabad,Gujarat,Clinic,1522,2024-10-09
614,Abdul Sibal,Male,50,5144679803,Ahmedabad,Gujarat,Clinic,5735,2025-01-24
615,Benjamin Vora,Male,27,9047515059,Mumbai,Maharashtra,Retail,4236,2023-11-06
616,Yutika Palla,Female,45,9690959273,Pune,Maharashtra,Hospital,1884,2022-09-01
617,Aditya Chada,Male,23,0887193717,Surat,Gujarat,Hospital,2402,2025-03-23
618,Damyanti Savant,Female,55,4793330878,Bengaluru,Karnataka,Hospital,7975,2023-01-18
619,Abhimanyu Karpe,Male,66,1339266404,Rajkot,Gujarat,Hospital,645,2021-12-23
620,Harini Kumer,Female,77,3825192639,Mumbai,Maharashtra,Clinic,0,2022-10-26
621,Tejas Vora,Male,30,9853651778,Delhi,Delhi,Clinic,2916,2024-09-06
622,Niharika Zachariah,Female,73,8537929016,Delhi,Delhi,Retail,4067,2023-10-16
623,Aarush Kuruvilla,Male,81,0397686018,Surat,Gujarat,Clinic,377,2023-06-21
624,Mahika Manne,Female,78,4588320535,Bengaluru,Karnataka,Hospital,3982,2024-07-03
625,Sudiksha Nair,Female,49,8435134523,Surat,Gujarat,Clinic,3996,2022-09-06
626,Rehaan Padmanabhan,Male,26,0274110749,Rajkot,Gujarat,Retail,8688,2026-04-26
627,Udyati Menon,Female,52,6529782741,Surat,Gujarat,Clinic,9904,2026-06-02
628,Jason Deshmukh,Male,50,0068856430,Ahmedabad,Gujarat,Clinic,1205,2025-09-15
629,Gaurav Jayaraman,Male,50,3988984409,Jaipur,Rajasthan,Retail,2276,2021-08-01
630,Anya Bora,Female,23,9523623560,Jaipur,Rajasthan,Clinic,6764,2025-12-05
631,Mason Bhasin,Male,52,6737772474,Rajkot,Gujarat,Retail,4693,2022-02-25
632,Bhanumati Aggarwal,Female,40,3254881448,Vadodara,Gujarat,Retail,513,2026-06-05
633,Orinder Ahluwalia,Male,76,8670188547,Vadodara,Gujarat,Clinic,8180,2024-05-27
634,Fitan Anand,Male,19,2129189951,Bengaluru,Karnataka,Retail,9691,2025-09-13
635,Ekalinga Khurana,Male,45,5930241091,Jaipur,Rajasthan,Retail,3702,2023-12-28
636,Damyanti Barman,Female,64,0750579968,Pune,Maharashtra,Hospital,1395,2022-07-30
637,Harini Bora,Female,34,5062033081,Surat,Gujarat,Hospital,1629,2025-07-25
638,Rajeshri Bose,Female,81,7290731697,Jaipur,Rajasthan,Hospital,4968,2021-08-31
639,Girik Mannan,Male,63,4054609332,Pune,Maharashtra,Retail,7965,2021-12-06
640,Thomas Kothari,Male,81,0238824251,Pune,Maharashtra,Clinic,6419,2023-08-03
641,Pallavi Badami,Female,67,1775126015,Surat,Gujarat,Retail,1226,2024-03-27
642,Megha Mital,Female,42,9481717827,Ahmedabad,Gujarat,Clinic,7978,2022-04-12
643,Balendra Vyas,Male,58,5508590008,Vadodara,Gujarat,Hospital,9113,2021-09-26
644,Harini Badami,Female,18,3715281290,Bengaluru,Karnataka,Hospital,2624,2025-10-10
645,Jonathan Sampath,Male,61,9744355024,Surat,Gujarat,Clinic,3282,2024-04-28
646,Robert Dora,Male,26,1508540811,Jaipur,Rajasthan,Clinic,4504,2025-03-03
647,Bhavya Trivedi,Female,55,1432967343,Jaipur,Rajasthan,Clinic,5760,2022-08-20
648,Falak Dani,Female,78,0028738908,Mumbai,Maharashtra,Hospital,6845,2023-07-28
649,Urvi Mall,Female,33,9421212850,Surat,Gujarat,Hospital,1185,2023-12-10
650,Matthew Kara,Male,22,1013022014,Indore,Madhya Pradesh,Hospital,2790,2022-11-30
651,Wazir Batta,Male,42,5204225657,Pune,Maharashtra,Retail,1299,2025-06-05
652,Dominic Chandran,Male,44,5892104542,Surat,Gujarat,Retail,7992,2025-12-02
653,Ranbir Dass,Male,34,2044776397,Indore,Madhya Pradesh,Clinic,8216,2021-12-03
654,Idika Oommen,Female,83,4120450462,Delhi,Delhi,Retail,6398,2022-12-01
655,Andrew Nagarajan,Male,81,4795273641,Delhi,Delhi,Retail,5961,2022-06-28
656,Zashil Sanghvi,Male,74,2020677219,Rajkot,Gujarat,Hospital,1289,2023-02-10
657,Vivaan Khalsa,Male,47,8186866804,Indore,Madhya Pradesh,Hospital,9559,2023-11-15
658,Fariq Raval,Male,74,5683309523,Pune,Maharashtra,Clinic,4460,2021-07-20
659,Zarna Varty,Female,27,8899623722,Mumbai,Maharashtra,Retail,586,2026-02-03
660,Girindra Lalla,Male,73,4636613198,Surat,Gujarat,Retail,455,2025-07-09
661,Sanya Maharaj,Female,51,3204169374,Delhi,Delhi,Retail,8777,2024-06-09
662,Balhaar Kapadia,Male,33,3564889034,Vadodara,Gujarat,Hospital,1934,2023-08-07
663,Girik Ghose,Male,74,1081491290,Ahmedabad,Gujarat,Hospital,1695,2025-05-15
664,Sara Bansal,Female,52,2569697413,Surat,Gujarat,Hospital,6107,2024-03-19
665,Bachittar Singh,Male,37,9496053611,Mumbai,Maharashtra,Clinic,4634,2021-10-05
666,Isaac Bhandari,Male,57,9772649024,Rajkot,Gujarat,Hospital,416,2024-09-16
667,Nitara Bhakta,Female,27,6970085519,Surat,Gujarat,Retail,907,2025-06-22
668,Chakrika Dave,Female,75,6964765784,Jaipur,Rajasthan,Hospital,4037,2024-02-28
669,Nicholas Bumb,Male,54,7471295213,Surat,Gujarat,Clinic,8736,2024-01-10
670,Chaman Amble,Female,67,8393508572,Mumbai,Maharashtra,Clinic,7184,2021-10-26
671,Sanya Bhardwaj,Female,28,4010436039,Rajkot,Gujarat,Clinic,1471,2023-06-21
672,Kai Dutta,Male,64,6799401538,Jaipur,Rajasthan,Clinic,104,2021-07-30
673,Laban Deol,Male,71,3170974587,Indore,Madhya Pradesh,Clinic,9487,2025-10-07
674,Divya Kota,Female,20,0408090066,Delhi,Delhi,Retail,1306,2024-03-24
675,Pranit Srivastava,Male,63,3835803320,Pune,Maharashtra,Hospital,3048,2025-02-25
676,Lekha Gara,Female,78,7860381022,Delhi,Delhi,Hospital,5979,2024-02-25
677,Anika More,Female,78,5328932675,Vadodara,Gujarat,Retail,4790,2024-03-30
678,Guneet Kala,Male,44,4079617944,Mumbai,Maharashtra,Retail,366,2021-08-27
679,Diya Khatri,Female,30,6977895636,Jaipur,Rajasthan,Clinic,3633,2022-11-01
680,Imaran Thaman,Male,24,7754319519,Mumbai,Maharashtra,Retail,6192,2022-06-25
681,Bakhshi Maharaj,Male,31,9144175239,Vadodara,Gujarat,Hospital,9025,2026-01-24
682,Mitali Krishna,Female,47,9850216404,Ahmedabad,Gujarat,Hospital,384,2021-09-12
683,Bhavika Basu,Female,77,9717742663,Indore,Madhya Pradesh,Retail,8890,2025-02-28
684,Ayushman Gade,Male,66,7717357357,Ahmedabad,Gujarat,Retail,5033,2022-02-11
685,Gaurangi Kala,Female,79,7943737368,Vadodara,Gujarat,Hospital,4236,2024-05-21
686,Vasudha Srinivas,Female,38,4270959171,Surat,Gujarat,Clinic,5225,2023-12-25
687,Eesha Pai,Female,29,5891493494,Jaipur,Rajasthan,Clinic,6046,2025-05-20
688,Waida Mane,Female,48,0437142603,Ahmedabad,Gujarat,Retail,3732,2024-11-03
689,Omkaar Biswas,Male,31,1651679990,Rajkot,Gujarat,Hospital,6484,2025-06-02
690,Nidhi Choudhury,Female,42,6927026091,Surat,Gujarat,Retail,2550,2024-10-06
691,Samarth Nadkarni,Male,46,1879937037,Rajkot,Gujarat,Hospital,14,2026-07-13
692,Darika Brahmbhatt,Female,82,0412219772,Pune,Maharashtra,Retail,5077,2022-12-24
693,Prisha Hegde,Female,66,0239346528,Delhi,Delhi,Hospital,7431,2021-10-04
694,Nikita Lata,Female,77,7710738830,Surat,Gujarat,Hospital,6941,2023-11-23
695,Banjeet Agate,Male,25,8766887123,Delhi,Delhi,Retail,9599,2022-09-23
696,Krish Minhas,Male,82,0683886357,Indore,Madhya Pradesh,Hospital,9153,2025-05-19
697,Fiyaz Rao,Male,85,8854171582,Vadodara,Gujarat,Hospital,875,2024-08-29
698,Sathvik Kunda,Male,56,0982490072,Delhi,Delhi,Hospital,7506,2021-08-27
699,Barkha Buch,Female,29,8366110159,Indore,Madhya Pradesh,Hospital,2132,2024-07-12
700,Vedhika Chaudhuri,Female,78,3366175603,Jaipur,Rajasthan,Clinic,3950,2025-09-25
701,Samarth Kumar,Male,20,0389607467,Bengaluru,Karnataka,Retail,6728,2023-05-16
702,Deepa Sahni,Female,56,6581436082,Mumbai,Maharashtra,Retail,4709,2022-09-18
703,Ishani Madan,Female,36,4134359028,Rajkot,Gujarat,Retail,3178,2022-08-14
704,Advika Date,Female,60,2491664311,Mumbai,Maharashtra,Hospital,8347,2022-05-05
705,Lekha Pillai,Female,77,5594267194,Surat,Gujarat,Hospital,6417,2023-11-07
706,Triya Wadhwa,Female,27,3864316704,Delhi,Delhi,Retail,2502,2026-02-03
707,Dominic Kala,Male,78,3734583677,Surat,Gujarat,Retail,2900,2025-07-06
708,Falguni Sathe,Female,60,8793076105,Rajkot,Gujarat,Clinic,808,2024-01-29
709,Charita Konda,Female,45,1277116716,Surat,Gujarat,Retail,7795,2024-08-02
710,Chaman Purohit,Female,24,9119672427,Indore,Madhya Pradesh,Hospital,7571,2024-11-03
711,Yamini Basu,Female,47,6447658342,Pune,Maharashtra,Clinic,5041,2024-08-02
712,Nimrat De,Female,22,3390368155,Ahmedabad,Gujarat,Hospital,1910,2023-09-16
713,Harish Yohannan,Male,21,1710756312,Surat,Gujarat,Retail,5739,2022-07-22
714,Charvi Oommen,Female,41,8321682573,Vadodara,Gujarat,Clinic,3313,2026-06-28
715,Isaac Kuruvilla,Male,37,2436499358,Ahmedabad,Gujarat,Clinic,8464,2023-06-27
716,Ishani Deshmukh,Female,84,8378245287,Delhi,Delhi,Hospital,2147,2026-01-02
717,Ria Saraf,Female,35,2779189240,Mumbai,Maharashtra,Hospital,318,2025-07-26
718,Faras Mohan,Male,27,7865446787,Vadodara,Gujarat,Clinic,3917,2023-02-14
719,Saumya Kari,Female,59,4731788077,Bengaluru,Karnataka,Hospital,7385,2026-05-01
720,Ekansh Batra,Male,76,8446877149,Surat,Gujarat,Hospital,7784,2024-07-20
721,Ojas Sarraf,Male,79,3350270512,Bengaluru,Karnataka,Hospital,4584,2022-04-14
722,Abha Jhaveri,Female,40,6400675670,Indore,Madhya Pradesh,Retail,2053,2025-04-04
723,Vincent Mohan,Male,29,2499434569,Mumbai,Maharashtra,Clinic,4414,2024-09-07
724,Indali Luthra,Female,45,5234757085,Pune,Maharashtra,Hospital,4264,2022-04-03
725,Gayathri Bajaj,Female,45,5707297592,Delhi,Delhi,Clinic,6446,2022-12-21
726,Yadavi Buch,Female,38,9346389170,Ahmedabad,Gujarat,Retail,7780,2023-10-06
727,Kai Varty,Male,58,7241911034,Jaipur,Rajasthan,Clinic,7963,2025-09-21
728,Dalbir Jain,Male,45,4945219887,Bengaluru,Karnataka,Hospital,9213,2024-08-26
729,Mahika Kurian,Female,28,9227962288,Indore,Madhya Pradesh,Retail,4187,2025-08-30
730,Warjas Sehgal,Male,33,7087029821,Bengaluru,Karnataka,Retail,464,2022-02-01
731,Robert Chauhan,Male,67,3815046336,Delhi,Delhi,Clinic,7672,2023-03-19
732,Krish Korpal,Male,70,4111485550,Mumbai,Maharashtra,Hospital,725,2021-08-21
733,Nandini Balay,Female,74,9722498492,Mumbai,Maharashtra,Clinic,9097,2023-02-06
734,Hitesh Halder,Male,30,0049658663,Surat,Gujarat,Retail,7909,2025-08-12
735,Devansh Khare,Male,50,1564394284,Bengaluru,Karnataka,Hospital,5895,2022-01-26
736,Widisha Yohannan,Female,50,9412726753,Mumbai,Maharashtra,Hospital,1189,2023-08-25
737,Varsha Contractor,Female,42,2523022378,Jaipur,Rajasthan,Clinic,7326,2022-07-07
738,Nimrat Kapadia,Female,73,0404574813,Ahmedabad,Gujarat,Retail,8749,2026-05-26
739,Yuvraj Dube,Male,74,6350444190,Surat,Gujarat,Clinic,6011,2024-02-17
740,Ayaan Palla,Male,44,1813035831,Surat,Gujarat,Retail,497,2024-02-10
741,Meera Roy,Female,78,0326915959,Ahmedabad,Gujarat,Retail,6862,2021-11-27
742,Nicholas Sami,Male,53,4635245575,Mumbai,Maharashtra,Clinic,3213,2025-08-10
743,Warda Saran,Female,65,9973272947,Mumbai,Maharashtra,Retail,7040,2023-06-03
744,Urishilla Mallick,Female,30,3216052285,Pune,Maharashtra,Clinic,3129,2021-09-06
745,Gunbir Purohit,Male,46,6998373097,Delhi,Delhi,Clinic,3837,2023-05-23
746,Jhalak Das,Female,18,2226087831,Jaipur,Rajasthan,Hospital,7221,2025-05-09
747,Jackson Sangha,Male,48,2454598484,Jaipur,Rajasthan,Clinic,7805,2024-01-15
748,Dayamai Dhawan,Female,25,8454894239,Bengaluru,Karnataka,Clinic,8379,2022-12-27
749,Rayaan Wable,Male,22,7945487521,Surat,Gujarat,Retail,7840,2023-02-07
750,Gaurang Sinha,Male,58,3189921192,Surat,Gujarat,Clinic,5788,2025-04-11
751,Ayaan Wagle,Male,56,6408554951,Jaipur,Rajasthan,Retail,993,2023-05-14
752,Teerth Rana,Male,19,4452542282,Delhi,Delhi,Clinic,7605,2023-07-05
753,Sathvik Hari,Male,70,2123230903,Delhi,Delhi,Hospital,7378,2024-08-28
754,Zaitra Sachdeva,Female,54,2606051190,Surat,Gujarat,Retail,3493,2022-06-24
755,Urishilla Bhatnagar,Female,59,9141938862,Rajkot,Gujarat,Retail,332,2023-11-09
756,Harshil Konda,Male,70,6595450469,Indore,Madhya Pradesh,Retail,1654,2024-01-23
757,Widisha Dar,Female,20,8301660600,Mumbai,Maharashtra,Clinic,9208,2023-03-08
758,Qushi Chand,Female,41,3821692346,Pune,Maharashtra,Retail,2593,2022-10-09
759,Chaman Mani,Female,29,1232887365,Vadodara,Gujarat,Clinic,283,2022-04-01
760,David Chadha,Male,60,8550201346,Delhi,Delhi,Hospital,1217,2025-08-12
761,Oeshi Bumb,Female,56,3335715718,Surat,Gujarat,Retail,401,2021-09-09
762,Omisha Nayak,Female,76,4813119271,Rajkot,Gujarat,Retail,2328,2023-04-19
763,Dhruv Chacko,Male,84,3402454141,Delhi,Delhi,Retail,6100,2023-11-11
764,Guneet Chadha,Male,43,1731264026,Surat,Gujarat,Clinic,4632,2022-03-15
765,Upasna Bains,Female,57,8761169447,Indore,Madhya Pradesh,Clinic,1295,2024-11-16
766,Aradhana Nayar,Female,83,7614372203,Bengaluru,Karnataka,Clinic,7811,2022-04-29
767,Krisha Kari,Female,54,3888247978,Vadodara,Gujarat,Retail,386,2024-01-06
768,Atharv Chokshi,Male,21,9926988626,Indore,Madhya Pradesh,Retail,6480,2024-10-07
769,Mitali Iyengar,Female,34,4929331956,Pune,Maharashtra,Hospital,8724,2021-09-09
770,Yochana Bobal,Female,35,3568710000,Surat,Gujarat,Hospital,5478,2024-12-14
771,Ekapad Srinivas,Male,38,0105433294,Ahmedabad,Gujarat,Hospital,5113,2022-08-12
772,Tarak Dutta,Male,72,2957990687,Rajkot,Gujarat,Retail,5001,2023-04-07
773,Chavvi Sharaf,Female,35,6372224725,Surat,Gujarat,Retail,4506,2025-04-24
774,Warda Lata,Female,36,3533206113,Jaipur,Rajasthan,Retail,5986,2026-02-21
775,Maanas Dani,Male,50,6346366395,Ahmedabad,Gujarat,Retail,6605,2025-04-17
776,Pooja Seshadri,Female,53,5368693330,Rajkot,Gujarat,Clinic,3877,2022-11-23
777,Omya Halder,Female,25,9177598979,Pune,Maharashtra,Clinic,7291,2023-02-05
778,Qushi Dass,Female,74,1524699269,Indore,Madhya Pradesh,Hospital,7706,2025-10-12
779,Bhavya Krish,Female,33,5633792931,Mumbai,Maharashtra,Hospital,257,2024-01-30
780,Harsh Bhakta,Male,23,6501695946,Ahmedabad,Gujarat,Retail,5978,2024-01-07
781,Ganga Chahal,Female,78,9608880582,Ahmedabad,Gujarat,Retail,1215,2025-06-07
782,Vidhi Rajan,Female,30,7919471909,Delhi,Delhi,Hospital,7952,2026-05-21
783,David Ghose,Male,26,9710418782,Ahmedabad,Gujarat,Hospital,501,2025-02-13
784,Orinder Padmanabhan,Male,64,2812603462,Vadodara,Gujarat,Retail,2756,2023-01-13
785,Gagan Vasa,Male,61,0580762552,Pune,Maharashtra,Retail,6397,2024-08-24
786,Lakshit Mukherjee,Male,35,5670693270,Mumbai,Maharashtra,Hospital,999,2022-03-26
787,Hema Bedi,Female,74,7417791144,Bengaluru,Karnataka,Retail,716,2024-01-19
788,Faraj Hegde,Male,59,2447985980,Bengaluru,Karnataka,Retail,2423,2026-04-06
789,Yuvraj Sarna,Male,85,2273538441,Pune,Maharashtra,Clinic,6675,2024-02-19
790,Nidhi Arya,Female,83,9745920331,Rajkot,Gujarat,Clinic,7835,2023-11-26
791,Jagat Jha,Male,26,7252825360,Mumbai,Maharashtra,Clinic,7741,2024-02-05
792,Sara Salvi,Female,69,5226707105,Mumbai,Maharashtra,Retail,9082,2024-05-21
793,Tanvi Joshi,Female,80,0346975323,Vadodara,Gujarat,Hospital,5957,2022-08-19
794,Parth Roy,Male,62,8931695700,Pune,Maharashtra,Hospital,6992,2025-10-01
795,Benjamin Samra,Male,24,2217874963,Rajkot,Gujarat,Hospital,3422,2021-12-20
796,Siddharth Chacko,Male,76,5199710354,Jaipur,Rajasthan,Hospital,438,2021-12-03
797,Ethan Dubey,Male,29,8072042504,Surat,Gujarat,Retail,7860,2025-09-16
798,Panini Singhal,Female,63,3031637503,Vadodara,Gujarat,Retail,8501,2021-10-31
799,Keya Mammen,Female,52,5614968259,Mumbai,Maharashtra,Hospital,5253,2024-01-27
800,Yatin Ganguly,Male,75,2872770678,Ahmedabad,Gujarat,Clinic,5147,2025-09-07
801,Meera Shankar,Female,33,1434240444,Jaipur,Rajasthan,Hospital,8091,2024-07-20
802,Manthan Pingle,Male,18,2685568695,Surat,Gujarat,Hospital,3796,2021-09-04
803,Vedika Chaudry,Female,26,9222692307,Delhi,Delhi,Hospital,699,2025-09-04
804,Laksh Sandhu,Male,29,7327211369,Indore,Madhya Pradesh,Clinic,5509,2025-10-16
805,Garima Balan,Female,62,2015898217,Vadodara,Gujarat,Hospital,5698,2024-04-17
806,Lavanya Pillay,Female,34,2953807484,Rajkot,Gujarat,Retail,3596,2026-03-05
807,Indrajit Basu,Male,71,7532676448,Surat,Gujarat,Hospital,5989,2023-10-04
808,Meera Mammen,Female,75,9453138778,Rajkot,Gujarat,Clinic,1803,2024-07-28
809,Harsh Yogi,Male,55,9113756891,Ahmedabad,Gujarat,Clinic,3063,2024-09-04
810,Arya Ray,Female,69,7269021167,Ahmedabad,Gujarat,Clinic,7993,2022-02-25
811,Pratyush Deo,Male,59,7173120925,Pune,Maharashtra,Retail,6860,2022-12-28
812,Yachana Anne,Female,45,7971731344,Jaipur,Rajasthan,Hospital,1107,2025-07-21
813,Oeshi Ramesh,Female,59,7951164227,Vadodara,Gujarat,Retail,9735,2025-03-18
814,Widisha Vohra,Female,81,6505959704,Vadodara,Gujarat,Retail,7817,2023-02-18
815,Edhitha Grover,Female,69,9610938679,Delhi,Delhi,Hospital,7230,2023-08-24
816,Oviya Atwal,Female,19,8702461760,Delhi,Delhi,Hospital,2067,2023-10-11
817,Wridesh Bains,Male,37,3944584166,Vadodara,Gujarat,Clinic,5596,2026-01-15
818,Yasti Zachariah,Female,47,8160272019,Delhi,Delhi,Retail,1866,2026-04-08
819,Yashodhara Krishnan,Female,79,5034852357,Mumbai,Maharashtra,Retail,6557,2021-10-12
820,Azad Mistry,Male,69,6699216467,Mumbai,Maharashtra,Clinic,8947,2024-10-24
821,Ayaan Narula,Male,82,5817642796,Mumbai,Maharashtra,Clinic,2260,2024-05-30
822,Pahal Sunder,Female,70,6305300794,Mumbai,Maharashtra,Retail,8738,2025-06-04
823,Forum Bobal,Female,31,4503449828,Bengaluru,Karnataka,Hospital,2042,2023-10-16
824,Ayush Saini,Male,71,2957201342,Indore,Madhya Pradesh,Hospital,1475,2023-11-16
825,Lakshit Sethi,Male,33,9585979415,Jaipur,Rajasthan,Hospital,6489,2021-11-28
826,Vasatika Bhatti,Female,80,9539591444,Delhi,Delhi,Retail,96,2024-02-22
827,Yagnesh Balakrishnan,Male,48,0783696732,Delhi,Delhi,Hospital,7043,2021-10-02
828,Caleb Sabharwal,Male,71,1290121768,Indore,Madhya Pradesh,Clinic,1924,2024-02-22
829,Hiral Manda,Female,62,9129485452,Pune,Maharashtra,Clinic,5515,2024-09-14
830,Ira Vaidya,Female,49,7823358587,Bengaluru,Karnataka,Clinic,4490,2026-03-09
831,Saksham Tripathi,Male,81,2480670961,Vadodara,Gujarat,Hospital,8739,2022-10-18
832,Yutika Aggarwal,Female,26,0350331184,Rajkot,Gujarat,Hospital,59,2026-03-04
833,Naksh Soman,Male,43,4451445514,Delhi,Delhi,Hospital,2828,2025-06-14
834,Arjun Saini,Male,21,7486097858,Jaipur,Rajasthan,Retail,4225,2022-04-20
835,Chaitaly Seshadri,Female,21,5749309428,Mumbai,Maharashtra,Hospital,7091,2024-10-03
836,Bahadurjit Kakar,Male,84,5548900217,Jaipur,Rajasthan,Retail,4587,2026-04-11
837,Aayush Boase,Male,62,4475166051,Indore,Madhya Pradesh,Retail,1777,2026-06-23
838,Baljiwan Mannan,Male,34,5260989749,Surat,Gujarat,Retail,5329,2023-09-12
839,Amrita Aurora,Female,37,8878945372,Rajkot,Gujarat,Clinic,38,2022-02-15
840,Bimala Contractor,Female,62,2589269277,Mumbai,Maharashtra,Clinic,6532,2022-02-13
841,Yashawini Chopra,Female,38,2093405874,Delhi,Delhi,Retail,1871,2022-07-26
842,Bina Shah,Female,42,6227123685,Pune,Maharashtra,Retail,4520,2023-11-30
843,Joshua Ramaswamy,Male,65,6563243714,Delhi,Delhi,Retail,8486,2025-06-25
844,Azad Sathe,Male,85,0711415053,Bengaluru,Karnataka,Clinic,5837,2022-11-17
845,Samaksh Seshadri,Male,52,6450330894,Mumbai,Maharashtra,Clinic,2033,2023-09-29
846,Manbir Oza,Male,50,3685266841,Vadodara,Gujarat,Retail,3115,2022-12-29
847,Ladli Jain,Female,20,2316175921,Indore,Madhya Pradesh,Retail,1093,2025-11-08
848,Kritika Morar,Female,79,8089591308,Surat,Gujarat,Hospital,1229,2024-04-21
849,Amol Kulkarni,Male,34,7387373253,Pune,Maharashtra,Clinic,3392,2024-07-31
850,Kashvi Vig,Female,42,1883563091,Indore,Madhya Pradesh,Hospital,7111,2023-12-29
851,Nimrat Dube,Female,58,2071537501,Indore,Madhya Pradesh,Retail,7102,2021-12-29
852,Manan Rattan,Male,28,2711480814,Rajkot,Gujarat,Retail,4496,2023-06-16
853,Ladli Sant,Female,55,6418133941,Ahmedabad,Gujarat,Retail,7693,2025-05-23
854,Keya Ramakrishnan,Female,52,0053219657,Delhi,Delhi,Hospital,4598,2021-12-08
855,Vasatika Luthra,Female,73,0009301138,Bengaluru,Karnataka,Hospital,9732,2024-01-12
856,Aarini Rajagopal,Female,43,5497649507,Bengaluru,Karnataka,Clinic,5683,2024-12-01
857,Manan Prakash,Male,24,2113116534,Vadodara,Gujarat,Hospital,7066,2026-06-27
858,Mason Singhal,Male,82,6327662878,Mumbai,Maharashtra,Retail,3646,2024-03-16
859,Chaitaly Shetty,Female,36,8706379463,Pune,Maharashtra,Retail,9881,2024-08-14
860,Nakul Kalita,Male,81,8225421829,Rajkot,Gujarat,Retail,5271,2026-02-26
861,Samaksh Ahuja,Male,32,9340532926,Indore,Madhya Pradesh,Clinic,4276,2025-03-07
862,Zashil Kashyap,Male,43,7572336443,Bengaluru,Karnataka,Clinic,968,2022-10-28
863,Eshana Dugar,Female,70,7310630541,Jaipur,Rajasthan,Hospital,8126,2023-01-23
864,Jatin Narain,Male,30,1213016370,Surat,Gujarat,Clinic,4353,2025-07-30
865,Matthew Date,Male,71,4880086606,Surat,Gujarat,Hospital,2417,2021-12-23
866,Keya Babu,Female,63,2910527197,Ahmedabad,Gujarat,Clinic,7655,2023-09-09
867,Yahvi Master,Female,28,3060310715,Pune,Maharashtra,Retail,3967,2022-02-17
868,Akshay Bawa,Male,49,0426178814,Ahmedabad,Gujarat,Retail,6377,2026-05-20
869,Chanchal Parekh,Female,26,2703457018,Vadodara,Gujarat,Retail,6868,2025-05-01
870,Azad Sandal,Male,47,9886778585,Indore,Madhya Pradesh,Clinic,496,2021-09-17
871,Tristan Gupta,Male,57,1893928017,Vadodara,Gujarat,Hospital,7849,2022-10-14
872,Rachit Bahri,Male,54,9324847241,Vadodara,Gujarat,Hospital,5016,2024-12-05
873,Aradhana Dass,Female,34,8953691596,Mumbai,Maharashtra,Hospital,4694,2022-10-05
874,Fiyaz Tank,Male,65,4186296407,Vadodara,Gujarat,Clinic,3314,2023-08-16
875,Ekanta Narula,Female,71,0286116294,Jaipur,Rajasthan,Clinic,9647,2024-07-14
876,Lohit Bahri,Male,80,0300450380,Bengaluru,Karnataka,Retail,975,2025-07-12
877,Gautam Raval,Male,22,4984348669,Pune,Maharashtra,Retail,6457,2021-07-23
878,Chaaya Chad,Female,44,8690885280,Delhi,Delhi,Hospital,350,2022-02-09
879,Yamini Bora,Female,73,5298974762,Indore,Madhya Pradesh,Retail,4283,2023-10-05
880,Hritik Iyer,Male,46,8631826095,Jaipur,Rajasthan,Hospital,846,2025-07-24
881,Aarav Rajagopal,Male,67,5681084947,Mumbai,Maharashtra,Retail,6535,2021-10-11
882,Forum Choudhary,Female,69,5039303111,Ahmedabad,Gujarat,Retail,1709,2022-08-25
883,Hredhaan Wadhwa,Male,70,0428897636,Pune,Maharashtra,Hospital,8728,2025-05-05
884,Ojas Choudhry,Male,55,5383385238,Mumbai,Maharashtra,Clinic,6020,2022-11-30
885,Bakhshi Rout,Male,65,7578353995,Mumbai,Maharashtra,Clinic,4661,2021-09-19
886,Gopal Sawhney,Male,18,2758078606,Mumbai,Maharashtra,Hospital,9819,2022-09-24
887,Triya Choudhry,Female,40,3568666348,Jaipur,Rajasthan,Hospital,6377,2023-11-22
888,Upma Dugal,Female,30,7506666730,Indore,Madhya Pradesh,Clinic,4650,2026-01-15
889,Aadhya Sethi,Female,50,5131762365,Jaipur,Rajasthan,Retail,1966,2025-09-14
890,Vaishnavi Karan,Female,45,1749702946,Pune,Maharashtra,Retail,4569,2023-12-30
891,Yatan Kohli,Male,20,3250211098,Ahmedabad,Gujarat,Clinic,2780,2026-07-08
892,Nisha Setty,Female,41,7109022397,Pune,Maharashtra,Retail,2528,2024-01-16
893,Dalbir Singh,Male,83,5875691493,Surat,Gujarat,Hospital,8897,2025-10-19
894,Maya Chacko,Female,18,2670621510,Bengaluru,Karnataka,Hospital,533,2026-05-13
895,Manbir Chopra,Male,42,6263805827,Delhi,Delhi,Hospital,91,2021-07-14
896,Nathaniel Bahl,Male,66,7120709030,Ahmedabad,Gujarat,Retail,4385,2022-01-06
897,Upma Basu,Female,66,7599263272,Pune,Maharashtra,Hospital,2301,2022-01-08
898,Brinda Suresh,Female,25,3309539416,Vadodara,Gujarat,Retail,6512,2022-05-31
899,Yatan Mani,Male,42,8307693895,Indore,Madhya Pradesh,Retail,8238,2025-03-24
900,Yatin Agarwal,Male,72,5829423191,Mumbai,Maharashtra,Clinic,314,2026-02-16
901,Lajita Saraf,Female,40,1186636445,Vadodara,Gujarat,Retail,5551,2023-10-19
902,Mahika Anand,Female,62,3602876272,Ahmedabad,Gujarat,Clinic,8871,2026-07-10
903,Ishaan Nagarajan,Male,54,7173239624,Surat,Gujarat,Clinic,652,2023-03-09
904,Abhimanyu Kanda,Male,25,1524253443,Surat,Gujarat,Clinic,4954,2022-08-25
905,Darika Mander,Female,73,1433602156,Indore,Madhya Pradesh,Clinic,1381,2022-11-16
906,Anay Peri,Male,76,1865083826,Rajkot,Gujarat,Retail,6931,2025-12-24
907,Ira Ahluwalia,Female,59,5831393054,Mumbai,Maharashtra,Clinic,3744,2023-12-15
908,Zilmil Biswas,Female,77,4131342255,Vadodara,Gujarat,Retail,3779,2023-10-10
909,Ekbal Sandhu,Male,81,3792064108,Rajkot,Gujarat,Hospital,4979,2022-03-13
910,Edhitha Chaudhry,Female,48,9658589405,Jaipur,Rajasthan,Retail,439,2022-10-22
911,Nicholas Sha,Male,47,6578004653,Vadodara,Gujarat,Clinic,5089,2025-02-24
912,Abhiram Gera,Male,81,6940457417,Bengaluru,Karnataka,Clinic,6878,2025-05-27
913,Vaishnavi Mishra,Female,59,5551506551,Pune,Maharashtra,Retail,2627,2021-09-23
914,Warhi Sharma,Female,64,7907157552,Pune,Maharashtra,Clinic,3005,2024-11-30
915,Charles Majumdar,Male,54,6598661208,Jaipur,Rajasthan,Clinic,4209,2024-07-28
916,Kavya Munshi,Female,46,6612243382,Delhi,Delhi,Clinic,4741,2023-04-12
917,Megha Ganesh,Female,31,1518394841,Ahmedabad,Gujarat,Clinic,9580,2024-04-05
918,Omaja Dhawan,Female,50,5984703782,Surat,Gujarat,Retail,2737,2021-08-21
919,Tanmayi Nigam,Female,42,8440549989,Surat,Gujarat,Retail,3088,2025-02-15
920,Osha Puri,Female,55,6623594485,Delhi,Delhi,Hospital,3856,2025-10-21
921,Nihal Bal,Male,28,0506802474,Bengaluru,Karnataka,Retail,4962,2024-06-13
922,Chatura Babu,Male,29,6950049869,Rajkot,Gujarat,Hospital,4571,2023-08-16
923,Nathaniel Varughese,Male,85,6868019477,Jaipur,Rajasthan,Hospital,1138,2022-09-14
924,Pranit Bora,Male,65,9351461206,Delhi,Delhi,Clinic,8136,2022-08-11
925,Wridesh Panchal,Male,75,6389852791,Vadodara,Gujarat,Hospital,7633,2023-09-05
926,Chasmum Rege,Female,74,6786429019,Mumbai,Maharashtra,Clinic,9782,2025-10-10
927,Chandani Atwal,Female,41,0418298953,Bengaluru,Karnataka,Clinic,7519,2023-05-18
928,Vyanjana Bhargava,Female,78,8415574534,Mumbai,Maharashtra,Hospital,7030,2024-03-30
929,Baghyawati Modi,Female,75,6828586898,Ahmedabad,Gujarat,Retail,333,2026-06-26
930,Wishi Gole,Female,60,3228175663,Ahmedabad,Gujarat,Clinic,7726,2024-10-12
931,Benjamin Tak,Male,43,7393563827,Indore,Madhya Pradesh,Retail,5269,2022-03-07
932,Aadi Sidhu,Male,52,5858385129,Bengaluru,Karnataka,Retail,7457,2021-10-08
933,Alexander Sawhney,Male,85,5712664744,Pune,Maharashtra,Clinic,8624,2024-08-18
934,Arjun Ravi,Male,83,1767623663,Rajkot,Gujarat,Clinic,9525,2025-04-30
935,Anirudh Handa,Male,70,4640557362,Delhi,Delhi,Hospital,5632,2022-06-09
936,Deepa Sathe,Female,43,9169963375,Surat,Gujarat,Hospital,2326,2025-02-27
937,Omkaar Goyal,Male,82,7345433070,Pune,Maharashtra,Hospital,8522,2022-08-25
938,Omaja Bhattacharyya,Female,73,3084840963,Bengaluru,Karnataka,Retail,9405,2024-10-01
939,Warda Bhasin,Female,77,9063091337,Bengaluru,Karnataka,Retail,8017,2025-07-26
940,Daksh Buch,Male,27,3502002933,Delhi,Delhi,Hospital,5717,2022-10-30
941,Finn Merchant,Male,65,9034792412,Mumbai,Maharashtra,Retail,1244,2023-09-15
942,Yachana Chawla,Female,54,6610770639,Vadodara,Gujarat,Hospital,4025,2023-02-17
943,Nihal Raman,Male,31,9485042391,Jaipur,Rajasthan,Clinic,7346,2022-04-29
944,Warinder Dutt,Male,79,2591380653,Delhi,Delhi,Retail,821,2022-06-08
945,Anay Pradhan,Male,42,2402672319,Mumbai,Maharashtra,Retail,488,2023-06-09
946,Yoshita Arya,Female,63,4600959052,Rajkot,Gujarat,Retail,3817,2023-10-17
947,Turvi Kuruvilla,Female,24,5455416825,Rajkot,Gujarat,Hospital,532,2023-09-16
948,Xavier Panchal,Male,73,2762030053,Pune,Maharashtra,Clinic,5784,2022-04-15
949,Ranveer Bhattacharyya,Male,60,9982702467,Indore,Madhya Pradesh,Hospital,5691,2021-08-06
950,Reyansh Saraf,Male,32,5272719255,Bengaluru,Karnataka,Hospital,4230,2026-04-18
951,Aarna Bail,Female,40,8870265878,Vadodara,Gujarat,Clinic,7004,2022-04-18
952,Vritti Narula,Female,27,6628665168,Pune,Maharashtra,Clinic,9838,2021-10-14
953,Vrishti Khatri,Female,67,6926405308,Vadodara,Gujarat,Retail,8446,2023-10-26
954,Amrita Tara,Female,81,6867530718,Ahmedabad,Gujarat,Retail,6729,2024-08-01
955,Aishani Sangha,Female,22,8561723415,Indore,Madhya Pradesh,Clinic,8016,2024-09-01
956,Aarini Ahuja,Female,78,6947940689,Mumbai,Maharashtra,Hospital,482,2025-06-23
957,Alexander Dutta,Male,21,4709654355,Bengaluru,Karnataka,Hospital,8759,2023-02-04
958,Anthony Rama,Male,30,5330636836,Jaipur,Rajasthan,Clinic,8604,2024-01-17
959,Gaurang Kibe,Male,30,4835940386,Ahmedabad,Gujarat,Clinic,624,2024-05-14
960,Kamala Nath,Female,20,5219777808,Indore,Madhya Pradesh,Hospital,4520,2024-08-02
961,Ishanvi Ramachandran,Female,37,9849320637,Indore,Madhya Pradesh,Hospital,8803,2023-12-29
962,Gaurav Johal,Male,63,3176457901,Vadodara,Gujarat,Retail,5402,2026-02-13
963,Yagnesh Saini,Male,44,8003250971,Surat,Gujarat,Clinic,1887,2025-06-04
964,Zayyan Subramaniam,Male,57,9286974257,Delhi,Delhi,Hospital,4585,2025-02-27
965,Girik Lalla,Male,58,3835345718,Surat,Gujarat,Clinic,2807,2024-11-01
966,Dalbir Kibe,Male,67,6294230714,Delhi,Delhi,Hospital,7347,2021-12-23
967,Faras Sahota,Male,50,4890539132,Vadodara,Gujarat,Hospital,5235,2025-02-04
968,Kashish Sibal,Female,83,6320460268,Mumbai,Maharashtra,Hospital,7012,2023-03-09
969,Saanvi Ramachandran,Female,65,0141488823,Bengaluru,Karnataka,Hospital,5077,2024-02-04
970,Timothy Mani,Male,44,4570821554,Surat,Gujarat,Clinic,5731,2021-11-25
971,David Basu,Male,76,5610790590,Surat,Gujarat,Clinic,1098,2022-05-31
972,Warinder Bora,Male,65,3645952796,Jaipur,Rajasthan,Hospital,7708,2025-06-25
973,Jack Ravi,Male,77,4170201070,Bengaluru,Karnataka,Retail,5322,2026-01-09
974,Wridesh Mitter,Male,55,3042693459,Vadodara,Gujarat,Hospital,4105,2026-03-23
975,Zaid Setty,Male,42,1646218512,Mumbai,Maharashtra,Retail,1310,2024-01-30
976,Aadhya Chanda,Female,55,0070430781,Indore,Madhya Pradesh,Hospital,6532,2025-05-23
977,Kavya Mannan,Female,50,3243480556,Bengaluru,Karnataka,Clinic,1041,2026-03-06
978,Radha Purohit,Female,72,2645681432,Surat,Gujarat,Retail,4457,2026-06-07
979,Meghana Venkatesh,Female,51,1495456899,Bengaluru,Karnataka,Retail,2312,2022-02-03
980,Jalsa Som,Female,18,1868819429,Pune,Maharashtra,Hospital,720,2023-05-03
981,Ira Ganguly,Female,81,1035413993,Bengaluru,Karnataka,Hospital,6965,2024-10-18
982,Xavier Sur,Male,57,1732407905,Jaipur,Rajasthan,Hospital,2732,2026-03-29
983,Megha Dutta,Female,49,0656202676,Mumbai,Maharashtra,Retail,9425,2026-01-19
984,Baghyawati Oza,Female,78,8678632509,Bengaluru,Karnataka,Clinic,4174,2023-04-23
985,Nisha Choudhury,Female,48,9424705953,Surat,Gujarat,Hospital,183,2023-02-04
986,Manya Madan,Female,80,7222235943,Jaipur,Rajasthan,Retail,8941,2024-10-02
987,Hemani Bhavsar,Female,36,7483713599,Bengaluru,Karnataka,Hospital,7194,2022-09-16
988,Ekapad Kara,Male,19,2239948134,Jaipur,Rajasthan,Hospital,941,2025-04-10
989,Warinder Karan,Male,52,1497123509,Indore,Madhya Pradesh,Retail,7982,2022-07-17
990,Wyatt Pau,Male,83,5124887815,Jaipur,Rajasthan,Hospital,878,2025-11-09
991,Oscar Parikh,Male,81,5355249341,Delhi,Delhi,Hospital,897,2025-12-25
992,Leena Deshmukh,Female,81,8685535693,Mumbai,Maharashtra,Retail,6117,2025-10-12
993,Leela Nayar,Female,47,6179167585,Delhi,Delhi,Clinic,5109,2023-04-07
994,Jeet Kaur,Male,22,7885393406,Pune,Maharashtra,Retail,9937,2024-09-20
995,Anmol Mohanty,Male,44,0650361963,Mumbai,Maharashtra,Clinic,853,2023-09-14
996,Pahal Som,Female,27,8655527543,Indore,Madhya Pradesh,Retail,4720,2026-06-19
997,Saksham Bains,Male,27,1384794899,Pune,Maharashtra,Hospital,8545,2023-11-16
998,Nikita Roy,Female,31,9567172384,Ahmedabad,Gujarat,Clinic,1823,2023-11-22
999,Daksh Palan,Male,82,2794502018,Rajkot,Gujarat,Clinic,5304,2026-06-22
1000,Abhiram Jain,Male,47,6607166873,Vadodara,Gujarat,Clinic,640,2022-11-06
1001,Chameli Mittal,Female,33,7362002398,Ahmedabad,Gujarat,Clinic,5977,2024-03-11
1002,Ekanta Natarajan,Female,18,6435078353,Vadodara,Gujarat,Hospital,2655,2023-08-25
1003,Yashica Misra,Female,43,4948395320,Ahmedabad,Gujarat,Clinic,6525,2023-05-30
1004,Lipika Goda,Female,39,2196130632,Vadodara,Gujarat,Clinic,5004,2023-03-11
1005,Bhavya Deol,Female,71,1376047578,Mumbai,Maharashtra,Hospital,468,2023-08-05
1006,Aryan Barad,Male,23,9668443406,Vadodara,Gujarat,Clinic,9763,2024-07-04
1007,Jhalak Bhandari,Female,35,9235000986,Pune,Maharashtra,Retail,2543,2021-11-16
1008,Jeremiah Keer,Male,34,6609534274,Pune,Maharashtra,Clinic,2254,2022-04-24
1009,Indira Pau,Female,79,1284354963,Delhi,Delhi,Retail,6296,2025-12-24
1010,Gautam Chokshi,Male,21,4092828619,Rajkot,Gujarat,Hospital,2904,2022-04-29
1011,Yamini Uppal,Female,44,2591480940,Surat,Gujarat,Hospital,7750,2023-09-08
1012,Riya Goel,Female,43,2078552525,Jaipur,Rajasthan,Hospital,4890,2022-11-27
1013,Isaiah Ben,Male,55,8691767250,Vadodara,Gujarat,Hospital,1937,2026-03-31
1014,Hritik Hora,Male,18,7890223485,Ahmedabad,Gujarat,Hospital,318,2025-11-26
1015,Urvashi Kaur,Female,25,0194282723,Pune,Maharashtra,Clinic,1248,2022-10-14
1016,Hritik Ahuja,Male,20,6662845691,Rajkot,Gujarat,Clinic,7044,2024-11-23
1017,Daniel Kumer,Male,34,3988204134,Pune,Maharashtra,Retail,7173,2022-02-08
1018,Jeet Sankar,Male,67,9115772622,Mumbai,Maharashtra,Hospital,619,2024-10-09
1019,Naksh Deshmukh,Male,78,6666678699,Jaipur,Rajasthan,Clinic,5064,2023-08-12
1020,Yashica Choudhry,Female,65,2563601270,Jaipur,Rajasthan,Clinic,1468,2025-04-21
1021,Aarini Ganesan,Female,60,1429611414,Ahmedabad,Gujarat,Retail,3395,2024-03-18
1022,Faris Ratti,Male,31,4394243029,Pune,Maharashtra,Hospital,7828,2025-08-17
1023,Harini Bedi,Female,24,4678701898,Vadodara,Gujarat,Clinic,1202,2023-02-11
1024,Gabriel Bhatnagar,Male,45,8447279179,Mumbai,Maharashtra,Hospital,35,2025-12-12
1025,Upma Sagar,Female,31,0004829601,Rajkot,Gujarat,Clinic,3147,2022-08-14
1026,Omaja Barman,Female,21,1278081583,Bengaluru,Karnataka,Hospital,1788,2026-06-26
1027,Baljiwan Murthy,Male,69,5222996341,Vadodara,Gujarat,Retail,2282,2023-05-08
1028,Jacob Madan,Male,65,7847544669,Rajkot,Gujarat,Retail,3558,2025-05-27
1029,Vansha Arya,Female,76,6004317913,Rajkot,Gujarat,Clinic,5086,2023-01-01
1030,Urmi Mahajan,Female,56,4488293476,Jaipur,Rajasthan,Hospital,9811,2025-09-04
1031,Libni Chopra,Female,48,2125098016,Pune,Maharashtra,Retail,6936,2025-06-24
1032,Ishwar Bassi,Male,66,3745248387,Rajkot,Gujarat,Hospital,9495,2024-09-22
1033,Oliver Suri,Male,30,9794028541,Indore,Madhya Pradesh,Hospital,8992,2023-01-01
1034,Vasudha Dave,Female,36,3115388767,Ahmedabad,Gujarat,Clinic,9483,2026-03-27
1035,Vasana Comar,Female,36,1420464883,Delhi,Delhi,Retail,1353,2022-07-31
1036,Ishita Dalal,Female,53,8767735949,Rajkot,Gujarat,Clinic,7763,2024-12-29
1037,Jeet Ramachandran,Male,19,9750254873,Pune,Maharashtra,Hospital,5690,2025-01-06
1038,Vamakshi Deol,Female,69,2881989843,Mumbai,Maharashtra,Retail,388,2025-03-04
1039,Yug Brar,Male,48,3822213220,Vadodara,Gujarat,Clinic,3818,2022-07-09
1040,Dhruv Raj,Male,65,3059265363,Rajkot,Gujarat,Clinic,7458,2022-09-11
1041,Janani Tandon,Female,35,8808710892,Ahmedabad,Gujarat,Retail,1753,2024-10-25
1042,Eiravati Lad,Female,68,9929308567,Rajkot,Gujarat,Retail,396,2025-01-19
1043,Gaurangi Vaidya,Female,32,5760454627,Jaipur,Rajasthan,Retail,7803,2023-03-15
1044,Anika Pant,Female,18,2352417670,Surat,Gujarat,Retail,7177,2022-02-22
1045,Zaid Nagi,Male,79,6134832952,Mumbai,Maharashtra,Clinic,3487,2025-12-21
1046,Ishani Biswas,Female,66,2653345746,Vadodara,Gujarat,Retail,1522,2022-12-04
1047,Maanas Saraf,Male,20,2354632581,Surat,Gujarat,Retail,6910,2024-12-08
1048,Hemangini Chaudhary,Female,63,7032950418,Delhi,Delhi,Clinic,1142,2024-04-26
1049,Chandresh Gokhale,Male,24,6304958225,Delhi,Delhi,Hospital,9105,2022-06-07
1050,Yutika Bhatti,Female,56,6284020741,Vadodara,Gujarat,Clinic,7161,2023-02-26
1051,Lekha Srivastava,Female,24,3453439244,Ahmedabad,Gujarat,Retail,5136,2026-05-07
1052,Chakradhar Majumdar,Male,73,3646335513,Pune,Maharashtra,Hospital,5890,2022-05-09
1053,Damyanti Dhaliwal,Female,30,8520140854,Rajkot,Gujarat,Retail,2905,2023-01-02
1054,Maanav Chand,Male,33,4193792855,Bengaluru,Karnataka,Clinic,4368,2025-07-10
1055,Rachit Narula,Male,57,1906369863,Jaipur,Rajasthan,Retail,2696,2023-06-23
1056,Radha Dube,Female,34,1654139448,Indore,Madhya Pradesh,Retail,5986,2024-05-21
1057,Manan Chokshi,Male,18,4705597292,Bengaluru,Karnataka,Retail,2548,2026-07-06
1058,Aradhana Bora,Female,84,1437634117,Pune,Maharashtra,Clinic,8560,2023-06-24
1059,Ranbir Ben,Male,30,7122100680,Jaipur,Rajasthan,Retail,856,2024-08-03
1060,Mekhala Bail,Female,36,5380407893,Pune,Maharashtra,Clinic,4969,2022-03-28
1061,Harita Setty,Female,54,7100443273,Indore,Madhya Pradesh,Clinic,9988,2023-02-11
1062,George Khurana,Male,54,1768574226,Indore,Madhya Pradesh,Clinic,2718,2024-05-04
1063,Turvi Behl,Female,84,2781364731,Indore,Madhya Pradesh,Retail,3490,2025-03-14
1064,Aishani Jhaveri,Female,35,2812324825,Jaipur,Rajasthan,Clinic,3404,2022-01-08
1065,Vasudha Comar,Female,28,2836130306,Ahmedabad,Gujarat,Retail,4006,2021-08-11
1066,Triveni Mand,Female,55,0907035744,Bengaluru,Karnataka,Retail,4436,2023-03-14
1067,Anthony Setty,Male,24,5486357107,Mumbai,Maharashtra,Retail,6466,2024-04-28
1068,Andrew Dasgupta,Male,29,7492754155,Indore,Madhya Pradesh,Retail,5655,2026-01-18
1069,Shravya Shan,Female,62,0930543015,Ahmedabad,Gujarat,Hospital,5273,2023-05-29
1070,Zinal Sama,Female,54,9676947261,Ahmedabad,Gujarat,Clinic,2917,2021-09-21
1071,Chatura Goswami,Male,63,1216505950,Mumbai,Maharashtra,Clinic,903,2026-03-14
1072,Ekta Batra,Female,81,4611284094,Ahmedabad,Gujarat,Retail,9739,2023-06-07
1073,Frederick Prabhu,Male,53,3392645503,Jaipur,Rajasthan,Clinic,3966,2022-07-21
1074,Veer Kamdar,Male,55,7252201984,Indore,Madhya Pradesh,Retail,3279,2024-06-22
1075,Jhalak Pingle,Female,82,9184937430,Indore,Madhya Pradesh,Hospital,3697,2024-10-30
1076,Janaki Tak,Female,39,3843026655,Pune,Maharashtra,Retail,362,2025-10-02
1077,Ryan Rajagopal,Male,74,0624816803,Ahmedabad,Gujarat,Hospital,1022,2025-09-14
1078,David Bumb,Male,62,5667777996,Bengaluru,Karnataka,Hospital,8315,2024-08-07
1079,Thomas Dara,Male,18,7238049674,Surat,Gujarat,Clinic,8729,2023-03-12
1080,Ridhi De,Female,23,0664523816,Bengaluru,Karnataka,Hospital,200,2025-11-14
1081,Sneha Master,Female,57,4979213449,Rajkot,Gujarat,Clinic,522,2022-03-08
1082,Fariq Memon,Male,36,6920677407,Mumbai,Maharashtra,Clinic,4455,2025-06-20
1083,William Ram,Male,80,6597870415,Vadodara,Gujarat,Clinic,2135,2024-12-28
1084,Vihaan Morar,Male,40,6869597058,Rajkot,Gujarat,Hospital,9936,2023-08-14
1085,Luke Pillai,Male,26,3537109045,Jaipur,Rajasthan,Retail,6214,2023-04-29
1086,Radha Saraf,Female,36,6621507176,Mumbai,Maharashtra,Retail,682,2025-11-23
1087,Aarush Prabhakar,Male,45,4969246894,Ahmedabad,Gujarat,Retail,7010,2023-03-17
1088,Ria De,Female,78,9265717165,Jaipur,Rajasthan,Clinic,1309,2025-06-14
1089,Joshua Shankar,Male,22,1125844180,Pune,Maharashtra,Hospital,8881,2022-03-31
1090,Krishna Iyengar,Female,42,6445732204,Delhi,Delhi,Clinic,5001,2024-07-24
1091,Ucchal Dada,Female,84,4202662906,Bengaluru,Karnataka,Hospital,7550,2025-01-08
1092,Fiyaz Kalla,Male,59,7803019597,Vadodara,Gujarat,Clinic,5133,2025-01-08
1093,Chakrika Patla,Female,30,1798366457,Surat,Gujarat,Retail,5137,2026-04-25
1094,Udant Loyal,Male,25,7863259399,Jaipur,Rajasthan,Retail,2747,2021-09-21
1095,Nirja Thakkar,Female,25,1265670874,Delhi,Delhi,Retail,453,2022-11-10
1096,Jackson Mane,Male,42,4947997429,Mumbai,Maharashtra,Retail,7375,2023-10-18
1097,Urvi Suresh,Female,80,2694359564,Jaipur,Rajasthan,Hospital,4723,2024-02-10
1098,Elijah Jayaraman,Male,23,4879504701,Delhi,Delhi,Retail,4620,2024-03-10
1099,Bishakha Gala,Female,24,5911796816,Vadodara,Gujarat,Clinic,9138,2023-01-31
1100,Kiaan Varghese,Male,52,6001627004,Delhi,Delhi,Clinic,5860,2023-06-24
1101,Chatura Sachdev,Male,73,8347437734,Delhi,Delhi,Hospital,7355,2023-04-01
1102,Vritti Mohan,Female,33,3574338364,Mumbai,Maharashtra,Hospital,1434,2025-06-29
1103,Dhriti Naidu,Female,58,1247571589,Jaipur,Rajasthan,Hospital,5345,2024-10-21
1104,Vasudha Chatterjee,Female,65,3656886361,Vadodara,Gujarat,Clinic,4032,2024-09-08
1105,Hamsini Dhar,Female,77,0270659889,Mumbai,Maharashtra,Hospital,4518,2022-08-17
1106,Nathaniel Kala,Male,45,3593510483,Surat,Gujarat,Clinic,4203,2023-02-10
1107,Charvi Maharaj,Female,64,4001239306,Bengaluru,Karnataka,Hospital,281,2022-06-05
1108,Oviya Deshmukh,Female,56,8122016657,Surat,Gujarat,Retail,386,2025-07-30
1109,Ira Saha,Female,43,9853663448,Indore,Madhya Pradesh,Clinic,2049,2025-01-22
1110,Charvi Bhavsar,Female,41,9855429536,Surat,Gujarat,Hospital,9029,2025-11-19
1111,Girik Krishnamurthy,Male,59,6253433784,Mumbai,Maharashtra,Retail,5654,2024-11-16
1112,Garima Kala,Female,26,7425450272,Jaipur,Rajasthan,Clinic,6072,2022-02-20
1113,Libni Nanda,Female,51,3660234997,Indore,Madhya Pradesh,Hospital,7456,2023-08-29
1114,Jonathan Panchal,Male,39,6293097955,Mumbai,Maharashtra,Hospital,2633,2023-04-27
1115,Vritti Dugar,Female,48,4588559669,Bengaluru,Karnataka,Clinic,1725,2025-04-07
1116,Aryan Kannan,Male,74,4798965750,Indore,Madhya Pradesh,Hospital,2997,2025-11-19
1117,Neel Srinivas,Male,50,9868125726,Bengaluru,Karnataka,Hospital,2154,2022-02-13
1118,Frado Shetty,Male,51,1908407092,Rajkot,Gujarat,Hospital,3059,2025-01-26
1119,Indrajit Som,Male,82,5807057021,Jaipur,Rajasthan,Retail,7082,2023-02-05
1120,Theodore Modi,Male,59,3428856609,Pune,Maharashtra,Hospital,845,2024-01-11
1121,Diya Tata,Female,46,6413607202,Ahmedabad,Gujarat,Retail,9512,2022-04-22
1122,Qushi Gour,Female,18,1795016547,Mumbai,Maharashtra,Hospital,9573,2024-06-16
1123,Daksha Koshy,Female,42,1225975591,Indore,Madhya Pradesh,Retail,5440,2023-06-24
1124,Lavanya Dugal,Female,55,6128696354,Indore,Madhya Pradesh,Retail,5244,2025-03-21
1125,Oscar Dora,Male,75,5783224531,Indore,Madhya Pradesh,Retail,3445,2022-05-11
1126,Leela Chandran,Female,38,7244399338,Delhi,Delhi,Hospital,9497,2023-10-09
1127,Faris Banerjee,Male,31,2586199898,Indore,Madhya Pradesh,Clinic,4684,2022-04-20
1128,Elijah Dube,Male,26,0262413740,Jaipur,Rajasthan,Hospital,1912,2025-12-28
1129,Luke D’Alia,Male,67,1307675985,Indore,Madhya Pradesh,Clinic,7469,2022-09-14
1130,Netra Sehgal,Female,44,1137025671,Mumbai,Maharashtra,Hospital,1050,2024-11-10
1131,Abhiram Karan,Male,72,8956448775,Vadodara,Gujarat,Hospital,4519,2026-02-24
1132,Tejas Batta,Male,59,1028677401,Delhi,Delhi,Clinic,5526,2025-07-15
1133,Yatin Doshi,Male,45,3621704576,Rajkot,Gujarat,Retail,7142,2025-09-11
1134,Chatura Sem,Male,30,8010570667,Surat,Gujarat,Clinic,5062,2023-08-03
1135,Bhavya Bail,Female,27,9644928570,Mumbai,Maharashtra,Clinic,1814,2024-03-09
1136,Ganga Date,Female,28,1274951401,Delhi,Delhi,Retail,35,2025-08-28
1137,Vivaan Bhargava,Male,71,3192225075,Mumbai,Maharashtra,Clinic,8167,2025-12-16
1138,Inaya Sathe,Female,77,7575823357,Mumbai,Maharashtra,Clinic,8151,2021-08-02
1139,Samaksh Zachariah,Male,19,2158227891,Jaipur,Rajasthan,Retail,7378,2025-05-25
1140,Veer Banik,Male,32,6349599192,Ahmedabad,Gujarat,Hospital,5518,2024-10-28
1141,Kevin Kapur,Male,28,5619160885,Indore,Madhya Pradesh,Clinic,6438,2025-05-06
1142,Mohini Natarajan,Female,72,7552325811,Jaipur,Rajasthan,Hospital,8923,2024-02-19
1143,David Badal,Male,82,9345608609,Ahmedabad,Gujarat,Clinic,6253,2024-12-29
1144,Jack Singh,Male,38,8072247236,Jaipur,Rajasthan,Retail,9204,2026-05-16
1145,Manya Mukherjee,Female,25,4978253347,Ahmedabad,Gujarat,Hospital,2960,2022-09-28
1146,Ishanvi Magar,Female,79,4621607666,Ahmedabad,Gujarat,Hospital,7649,2024-03-31
1147,Anthony More,Male,36,8306874360,Delhi,Delhi,Hospital,3844,2023-07-02
1148,Anthony Ramachandran,Male,43,0634715182,Rajkot,Gujarat,Hospital,9646,2022-10-08
1149,Brinda Kale,Female,72,1321537404,Bengaluru,Karnataka,Hospital,1984,2024-06-15
1150,Edhitha Borra,Female,40,2719772952,Indore,Madhya Pradesh,Hospital,257,2023-10-20
1151,Madhavi Keer,Female,27,6057797711,Surat,Gujarat,Hospital,9307,2024-04-15
1152,Oviya Choudhary,Female,51,0804198540,Vadodara,Gujarat,Clinic,912,2021-07-22
1153,Odika Jaggi,Female,43,0975337982,Indore,Madhya Pradesh,Clinic,7984,2026-03-26
1154,Jasmit Behl,Female,28,1900845072,Mumbai,Maharashtra,Clinic,194,2023-08-23
1155,Farhan Radhakrishnan,Male,35,3549868968,Rajkot,Gujarat,Retail,4201,2024-04-29
1156,Chatura Ghose,Male,47,6169038435,Pune,Maharashtra,Retail,4792,2025-02-24
1157,Akshay Swamy,Male,80,7374762819,Mumbai,Maharashtra,Hospital,1269,2023-09-11
1158,Adya Magar,Female,79,5427561838,Rajkot,Gujarat,Clinic,1444,2022-05-28
1159,Aishani Gaba,Female,18,7528954882,Delhi,Delhi,Retail,135,2021-11-20
1160,Hemal Naidu,Female,71,8791951552,Mumbai,Maharashtra,Hospital,4958,2023-11-19
1161,Tanveer Babu,Male,68,8430727074,Indore,Madhya Pradesh,Hospital,8579,2024-07-15
1162,Lajita Sen,Female,27,5486578835,Jaipur,Rajasthan,Retail,4690,2024-12-05
1163,Faras Patla,Male,82,7673947557,Vadodara,Gujarat,Hospital,6831,2023-02-07
1164,Jagvi Majumdar,Female,18,2763286840,Bengaluru,Karnataka,Retail,9619,2021-07-15
1165,Xiti Acharya,Female,24,7932646333,Mumbai,Maharashtra,Retail,8574,2026-05-03
1166,Vanya Suri,Female,85,6254365040,Delhi,Delhi,Retail,4756,2023-07-26
1167,Avi Ghosh,Male,37,8132324471,Pune,Maharashtra,Clinic,9642,2023-07-26
1168,Ryan Jayaraman,Male,20,0497220699,Vadodara,Gujarat,Hospital,9146,2025-08-07
1169,Abdul Raval,Male,31,0590572962,Delhi,Delhi,Retail,5812,2025-05-07
1170,Ayush Wali,Male,31,3580700664,Pune,Maharashtra,Clinic,3470,2021-09-30
1171,Hemani Arya,Female,34,2171152766,Mumbai,Maharashtra,Retail,434,2022-12-07
1172,Ganga Kibe,Female,19,2130649600,Vadodara,Gujarat,Hospital,5467,2025-06-07
1173,Warjas Keer,Male,43,1112368154,Jaipur,Rajasthan,Retail,8087,2024-05-03
1174,Ati Uppal,Female,26,2831647303,Ahmedabad,Gujarat,Hospital,836,2025-10-02
1175,Idika Boase,Female,27,8342691370,Rajkot,Gujarat,Retail,2033,2026-04-21
1176,Faraj Nadig,Male,56,3421497975,Surat,Gujarat,Retail,7121,2025-09-06
1177,Ishani Agrawal,Female,82,7029788357,Bengaluru,Karnataka,Retail,3970,2025-05-13
1178,Kala Sandal,Female,44,5328460881,Pune,Maharashtra,Clinic,7702,2022-07-21
1179,Samaksh Rajan,Male,57,8581107008,Mumbai,Maharashtra,Hospital,2588,2025-11-13
1180,Naveen Baral,Male,42,0839849284,Mumbai,Maharashtra,Retail,6083,2022-06-13
1181,Mahika Sidhu,Female,42,1163866208,Mumbai,Maharashtra,Retail,1410,2023-01-07
1182,Upasna Arya,Female,32,0449632374,Rajkot,Gujarat,Hospital,7371,2024-08-20
1183,Advik Sura,Male,67,7106952241,Rajkot,Gujarat,Hospital,9245,2025-10-25
1184,Chandani Sagar,Female,82,2958259276,Vadodara,Gujarat,Hospital,4529,2021-08-13
1185,Yoshita Goswami,Female,26,7375711002,Delhi,Delhi,Clinic,4301,2024-12-07
1186,Yashoda Chander,Female,72,9650545408,Rajkot,Gujarat,Hospital,3463,2025-09-08
1187,Faris Tata,Male,42,0410850366,Delhi,Delhi,Hospital,1932,2026-04-08
1188,Ronith Parsa,Male,63,3551311335,Mumbai,Maharashtra,Hospital,415,2024-01-21
1189,Isaiah Koshy,Male,70,5291932451,Rajkot,Gujarat,Clinic,1890,2021-10-13
1190,Lopa Tata,Female,59,4742661130,Jaipur,Rajasthan,Clinic,848,2023-07-25
1191,Devansh Shroff,Male,45,6198744820,Jaipur,Rajasthan,Hospital,7477,2025-02-15
1192,Bhavika Issac,Female,33,0431830165,Bengaluru,Karnataka,Retail,113,2022-11-18
1193,Rohan Nagy,Male,61,0547256640,Surat,Gujarat,Retail,1586,2024-06-03
1194,Kashish Chad,Female,48,8714896544,Ahmedabad,Gujarat,Hospital,8070,2023-03-05
1195,Pallavi Khatri,Female,48,0923222060,Ahmedabad,Gujarat,Clinic,9274,2023-05-07
1196,Harshil Sibal,Male,75,8674903490,Indore,Madhya Pradesh,Retail,7365,2025-06-04
1197,Vasatika Karnik,Female,29,8409490702,Ahmedabad,Gujarat,Clinic,1590,2023-03-30
1198,Wyatt Luthra,Male,43,8656057852,Jaipur,Rajasthan,Hospital,1493,2023-04-02
1199,Amrita Dar,Female,33,7734215806,Mumbai,Maharashtra,Retail,3715,2023-10-28
1200,Pallavi Kibe,Female,77,2087322336,Delhi,Delhi,Hospital,6997,2021-09-07
1201,George Dube,Male,75,4194517129,Pune,Maharashtra,Retail,9884,2023-12-30
1202,Sarthak Korpal,Male,74,4603363775,Pune,Maharashtra,Clinic,9643,2026-05-10
1203,Leena Atwal,Female,62,7519698909,Indore,Madhya Pradesh,Retail,6949,2022-03-01
1204,Anmol Dhawan,Male,25,8718840616,Indore,Madhya Pradesh,Clinic,2549,2022-03-21
1205,Yamini Sarkar,Female,21,9961520621,Indore,Madhya Pradesh,Clinic,6,2026-04-04
1206,Chakradev Mitra,Male,40,1200901175,Surat,Gujarat,Retail,1161,2024-04-20
1207,Vasudha Karpe,Female,56,8723840988,Ahmedabad,Gujarat,Hospital,4769,2024-12-24
1208,Caleb Mukhopadhyay,Male,29,0097112129,Surat,Gujarat,Retail,1227,2025-04-23
1209,Lohit Subramanian,Male,34,9876452135,Pune,Maharashtra,Hospital,4158,2024-03-20
1210,Vedant Shroff,Male,53,0516155144,Delhi,Delhi,Hospital,1192,2024-02-17
1211,Avi Ahuja,Male,19,4404996022,Mumbai,Maharashtra,Clinic,3122,2022-06-04
1212,Nitesh Pandya,Male,42,9860474188,Bengaluru,Karnataka,Clinic,5245,2022-04-18
1213,Darika Balay,Female,62,7999292286,Ahmedabad,Gujarat,Retail,2160,2025-12-04
1214,Vanya Nazareth,Female,76,7323934079,Indore,Madhya Pradesh,Clinic,4949,2021-11-13
1215,Bhavani Biswas,Female,30,7959163729,Rajkot,Gujarat,Hospital,5883,2023-02-01
1216,Rajeshri Narasimhan,Female,34,9767996379,Mumbai,Maharashtra,Retail,4299,2025-03-09
1217,Damyanti Zachariah,Female,20,7550162133,Delhi,Delhi,Clinic,4778,2022-06-03
1218,Lajita Balay,Female,79,9462262570,Ahmedabad,Gujarat,Hospital,3544,2022-02-26
1219,Brinda Kashyap,Female,80,6338565585,Mumbai,Maharashtra,Hospital,1448,2023-03-15
1220,Harshil Sood,Male,21,5065864888,Delhi,Delhi,Retail,1921,2025-01-20
1221,Manan Walia,Male,51,1638689205,Jaipur,Rajasthan,Clinic,9140,2022-12-03
1222,Kavya Khatri,Female,63,5916524293,Mumbai,Maharashtra,Retail,9695,2023-04-23
1223,Eiravati Bumb,Female,63,4485378842,Surat,Gujarat,Clinic,3900,2025-12-19
1224,Anamika Sunder,Female,26,6745792202,Ahmedabad,Gujarat,Hospital,212,2022-06-21
1225,Devansh Balan,Male,70,3684761741,Ahmedabad,Gujarat,Hospital,3271,2022-01-12
1226,Dhruv Samra,Male,38,4135473552,Vadodara,Gujarat,Retail,4653,2021-10-16
1227,Ryan Nath,Male,65,2926593000,Surat,Gujarat,Clinic,5046,2021-09-17
1228,Vedant Khosla,Male,50,9968810217,Indore,Madhya Pradesh,Clinic,5933,2023-06-02
1229,Vedika Tara,Female,85,3287382625,Surat,Gujarat,Retail,4108,2021-09-15
1230,Aarush Kapoor,Male,29,2643513551,Indore,Madhya Pradesh,Hospital,2881,2023-08-11
1231,Rohan Rau,Male,74,0998174759,Jaipur,Rajasthan,Hospital,1787,2026-04-25
1232,Pranav Batta,Male,57,5178254845,Surat,Gujarat,Clinic,2740,2024-06-24
1233,Ranveer Sane,Male,75,7126124883,Pune,Maharashtra,Clinic,7707,2023-03-05
1234,Jagvi Narasimhan,Female,55,3793011589,Vadodara,Gujarat,Clinic,2183,2023-05-06
1235,Faras Boase,Male,49,9401127017,Rajkot,Gujarat,Retail,8564,2025-12-27
1236,Vrinda Parsa,Female,21,4906510261,Jaipur,Rajasthan,Clinic,9475,2026-03-15
1237,Jatin Shroff,Male,30,4493222631,Surat,Gujarat,Retail,3943,2022-01-19
1238,Saumya Issac,Female,28,8081657045,Jaipur,Rajasthan,Hospital,5335,2021-10-12
1239,Urmi Manda,Female,44,5854067487,Rajkot,Gujarat,Retail,5165,2025-10-30
1240,Chaitanya Bobal,Male,85,1651337050,Mumbai,Maharashtra,Hospital,776,2023-01-30
1241,Samaksh Rao,Male,73,6647831605,Surat,Gujarat,Clinic,9832,2025-07-07
1242,Gopal Zachariah,Male,44,5551625922,Indore,Madhya Pradesh,Retail,7433,2022-11-16
1243,Ishanvi Sankaran,Female,66,1767769266,Bengaluru,Karnataka,Hospital,9964,2022-12-18
1244,Tanish Doshi,Male,68,1016403784,Bengaluru,Karnataka,Hospital,4866,2021-12-24
1245,Odika Tak,Female,26,8264113505,Rajkot,Gujarat,Hospital,28,2025-08-12
1246,Qadim Mander,Male,69,5279226193,Pune,Maharashtra,Hospital,7322,2024-06-24
1247,Aryan Pau,Male,25,6129516646,Vadodara,Gujarat,Clinic,8730,2024-04-06
1248,Nikita Naidu,Female,82,1594984355,Delhi,Delhi,Retail,647,2025-07-02
1249,Yutika Malhotra,Female,41,3961870129,Delhi,Delhi,Clinic,9602,2024-08-07
1250,Peter Minhas,Male,40,6782589032,Mumbai,Maharashtra,Hospital,4630,2022-01-07
1251,Yauvani Nori,Female,81,0059452903,Jaipur,Rajasthan,Hospital,9578,2024-06-15
1252,Niharika Batta,Female,49,1882933068,Jaipur,Rajasthan,Hospital,865,2024-08-22
1253,Farhan Tripathi,Male,78,7507843969,Mumbai,Maharashtra,Hospital,2505,2024-12-26
1254,Mohammed Kothari,Male,26,4965670247,Delhi,Delhi,Hospital,1322,2022-08-14
1255,Upasna Badal,Female,66,4974650787,Mumbai,Maharashtra,Hospital,6585,2023-07-30
1256,Samar Raval,Male,72,1135353551,Surat,Gujarat,Clinic,9308,2022-01-22
1257,Yug Borra,Male,72,4814644323,Ahmedabad,Gujarat,Hospital,5759,2025-11-11
1258,Urmi Mahal,Female,22,8913694648,Delhi,Delhi,Retail,8243,2024-05-10
1259,Yashodhara Golla,Female,82,6137863468,Bengaluru,Karnataka,Clinic,9693,2025-01-10
1260,Mahika Dugar,Female,46,0766285348,Mumbai,Maharashtra,Clinic,4458,2024-08-29
1261,Darika Loyal,Female,54,4385355903,Mumbai,Maharashtra,Hospital,7541,2023-05-06
1262,Veer Krishna,Male,39,1501397918,Mumbai,Maharashtra,Clinic,5693,2026-07-06
1263,Jeevika Varma,Female,37,9956714739,Mumbai,Maharashtra,Retail,3833,2022-08-28
1264,Jackson Som,Male,37,7279223778,Ahmedabad,Gujarat,Hospital,9066,2022-10-29
1265,Mitali Oak,Female,39,7025677963,Jaipur,Rajasthan,Hospital,3696,2023-01-01
1266,Qushi Shanker,Female,81,4957018007,Bengaluru,Karnataka,Hospital,9299,2025-10-04
1267,Anya Krish,Female,41,9507497039,Ahmedabad,Gujarat,Hospital,6714,2023-05-12
1268,Yagnesh Deo,Male,85,0733764151,Jaipur,Rajasthan,Clinic,7948,2025-03-03
1269,Ojasvi Hegde,Female,43,9828922236,Indore,Madhya Pradesh,Clinic,4707,2022-09-13
1270,Laban Sehgal,Male,38,9352601836,Rajkot,Gujarat,Retail,3648,2024-08-11
1271,Ekbal Mistry,Male,61,3134407759,Delhi,Delhi,Hospital,6565,2024-05-02
1272,Chavvi Pathak,Female,20,8484531224,Ahmedabad,Gujarat,Hospital,605,2022-05-10
1273,William Kurian,Male,79,6428346184,Pune,Maharashtra,Hospital,6565,2026-03-15
1274,Chaitanya Munshi,Male,62,1062187564,Delhi,Delhi,Hospital,8440,2024-09-11
1275,Ryan Lad,Male,71,7313758712,Surat,Gujarat,Hospital,5609,2021-12-12
1276,Shravya Kapadia,Female,30,1631967795,Surat,Gujarat,Clinic,2282,2025-08-20
1277,Dalaja Kapoor,Female,49,1767727133,Mumbai,Maharashtra,Retail,6121,2023-06-19
1278,Lekha Ahluwalia,Female,44,0924075611,Indore,Madhya Pradesh,Clinic,7201,2022-06-07
1279,Ekansh Sarkar,Male,48,1911964755,Rajkot,Gujarat,Clinic,9372,2021-08-06
1280,Urvashi Ratti,Female,81,9605962529,Pune,Maharashtra,Clinic,8653,2026-06-14
1281,Charvi Bhakta,Female,43,7986026815,Ahmedabad,Gujarat,Retail,6293,2023-08-23
1282,Simon Hegde,Male,80,6961239387,Rajkot,Gujarat,Clinic,1155,2024-01-22
1283,Chakradhar Radhakrishnan,Male,37,4178131738,Ahmedabad,Gujarat,Hospital,9636,2023-05-17
1284,Chakradhar Agrawal,Male,20,7619689492,Vadodara,Gujarat,Retail,9101,2023-04-18
1285,Kai Shankar,Male,79,5028961703,Mumbai,Maharashtra,Hospital,7751,2025-03-10
1286,Netra Pathak,Female,18,8455915964,Delhi,Delhi,Clinic,1226,2025-02-18
1287,Jagdish Majumdar,Male,72,1678355140,Jaipur,Rajasthan,Retail,5789,2026-03-30
1288,Gaurangi Divan,Female,49,7206391990,Delhi,Delhi,Clinic,4206,2023-05-08
1289,Yagnesh Balay,Male,32,9813958431,Rajkot,Gujarat,Hospital,7301,2021-09-25
1290,Rudra Ghosh,Male,49,7628266601,Rajkot,Gujarat,Hospital,6499,2023-08-23
1291,Avni Raju,Female,66,2692630683,Pune,Maharashtra,Clinic,7274,2023-01-26
1292,Chandani Chanda,Female,51,5593276693,Ahmedabad,Gujarat,Clinic,4983,2023-03-29
1293,Hemani Mangal,Female,19,3577029725,Indore,Madhya Pradesh,Retail,3813,2023-12-16
1294,Ganga Sekhon,Female,60,0203499425,Delhi,Delhi,Clinic,1603,2022-08-21
1295,Priya Saha,Female,21,8056845669,Rajkot,Gujarat,Hospital,3180,2021-10-29
1296,Chavvi Salvi,Female,81,6897440019,Ahmedabad,Gujarat,Retail,3669,2023-09-22
1297,Tanay Dhingra,Male,70,0516798806,Vadodara,Gujarat,Retail,4086,2026-03-29
1298,Nirja Sibal,Female,36,7830538308,Jaipur,Rajasthan,Clinic,8325,2022-05-21
1299,Naveen Anand,Male,58,5985748014,Mumbai,Maharashtra,Retail,7179,2025-05-27
1300,Aachal Chaudhuri,Female,24,1413943635,Delhi,Delhi,Hospital,6882,2024-09-27
1301,Owen Krishnamurthy,Male,30,4647404015,Bengaluru,Karnataka,Retail,5004,2022-11-25
1302,Aadhya Anand,Female,23,6109015148,Ahmedabad,Gujarat,Hospital,3922,2026-01-23
1303,Abhiram Krish,Male,72,0223673167,Surat,Gujarat,Clinic,4921,2025-12-19
1304,Jason Nath,Male,52,3591063603,Bengaluru,Karnataka,Clinic,3989,2023-11-04
1305,Ekaja Dalal,Female,49,4532269534,Rajkot,Gujarat,Clinic,8213,2024-10-23
1306,Maya Koshy,Female,31,8967636400,Jaipur,Rajasthan,Clinic,9540,2025-07-25
1307,Devika Batra,Female,44,0178006185,Jaipur,Rajasthan,Hospital,1635,2023-03-09
1308,Charvi Subramanian,Female,83,0509079896,Delhi,Delhi,Clinic,2482,2024-08-22
1309,Daniel Sehgal,Male,30,9509144108,Pune,Maharashtra,Retail,5503,2023-04-05
1310,Gautam Jha,Male,62,6617753216,Mumbai,Maharashtra,Retail,4173,2025-05-24
1311,Aarna Chaudhuri,Female,80,7183989226,Mumbai,Maharashtra,Clinic,1917,2026-06-24
1312,Sara Kurian,Female,77,8742539102,Ahmedabad,Gujarat,Hospital,5934,2025-01-16
1313,Ikbal Mandal,Male,24,8979837517,Bengaluru,Karnataka,Hospital,4579,2024-11-21
1314,Ishita Minhas,Female,57,6458577375,Vadodara,Gujarat,Clinic,8308,2025-11-28
1315,Girik Chaudhari,Male,34,7240879396,Delhi,Delhi,Retail,9115,2022-12-23
1316,Samuel Guha,Male,35,5097461242,Vadodara,Gujarat,Retail,1187,2023-07-08
1317,Ethan Raghavan,Male,47,4425332618,Vadodara,Gujarat,Clinic,2278,2024-12-11
1318,Kabir Ramanathan,Male,40,9103097301,Jaipur,Rajasthan,Retail,5765,2024-06-29
1319,Rayaan Nayak,Male,39,3661601522,Mumbai,Maharashtra,Hospital,7650,2023-07-27
1320,Udant Nori,Male,38,6413472464,Jaipur,Rajasthan,Clinic,5513,2026-02-21
1321,Aayush Saraf,Male,36,5066192348,Ahmedabad,Gujarat,Retail,2092,2025-07-24
1322,Pahal Bahri,Female,43,3268375504,Ahmedabad,Gujarat,Hospital,1925,2022-10-05
1323,Xiti Wable,Female,28,6878060849,Mumbai,Maharashtra,Retail,8505,2022-06-12
1324,Hritik Shukla,Male,56,7103251878,Bengaluru,Karnataka,Retail,5724,2026-01-19
1325,Varsha Iyengar,Female,24,2601789407,Jaipur,Rajasthan,Hospital,2080,2023-04-15
1326,Guneet Prashad,Male,22,0111457775,Ahmedabad,Gujarat,Clinic,221,2026-01-23
1327,Veer Gera,Male,65,6856524317,Bengaluru,Karnataka,Retail,1387,2021-09-15
1328,Falguni Kurian,Female,52,9772285742,Rajkot,Gujarat,Clinic,1052,2021-09-18
1329,Saanvi Pillai,Female,65,6565440758,Indore,Madhya Pradesh,Clinic,9234,2025-03-25
1330,Baljiwan Gour,Male,35,6501080409,Pune,Maharashtra,Retail,3278,2022-01-11
1331,Naksh Goel,Male,79,0819454398,Bengaluru,Karnataka,Retail,2246,2022-12-08
1332,Widisha Magar,Female,19,3360548160,Jaipur,Rajasthan,Retail,5310,2023-08-05
1333,Manan Char,Male,63,0268609606,Vadodara,Gujarat,Clinic,7126,2022-11-17
1334,Osha Bhasin,Female,19,0556790670,Bengaluru,Karnataka,Hospital,5438,2022-08-03
1335,Matthew Dugal,Male,78,4866779857,Indore,Madhya Pradesh,Hospital,1887,2024-05-07
1336,Wyatt Deshpande,Male,50,6031070559,Indore,Madhya Pradesh,Hospital,2250,2024-10-30
1337,Tara Buch,Female,27,1216544430,Rajkot,Gujarat,Hospital,7589,2021-10-16
1338,Gautami Dube,Female,35,0967435332,Indore,Madhya Pradesh,Retail,4590,2022-12-10
1339,Sneha Kapur,Female,36,7838174957,Indore,Madhya Pradesh,Hospital,6872,2026-07-05
1340,Tarak Devi,Male,67,6196057482,Rajkot,Gujarat,Hospital,6403,2025-02-06
1341,Chanakya Dada,Male,56,3889811299,Ahmedabad,Gujarat,Hospital,650,2026-04-01
1342,Leela Nagar,Female,59,6007974045,Rajkot,Gujarat,Hospital,987,2022-08-01
1343,Hritik Pandit,Male,76,6290715271,Pune,Maharashtra,Retail,6115,2026-06-16
1344,Yochana Tella,Female,36,5788501923,Ahmedabad,Gujarat,Retail,9124,2022-05-27
1345,Max Yogi,Male,33,1548928774,Vadodara,Gujarat,Clinic,1138,2024-12-25
1346,Samesh Varkey,Male,65,1151908492,Bengaluru,Karnataka,Retail,7799,2022-05-09
1347,Rachit Seth,Male,37,5991533102,Indore,Madhya Pradesh,Clinic,7619,2021-11-19
1348,Ati Kar,Female,73,2861913903,Surat,Gujarat,Retail,8225,2024-09-04
1349,Ekalinga Pall,Male,50,5160227608,Bengaluru,Karnataka,Hospital,5713,2026-06-23
1350,Tamanna Sarin,Female,81,3317811899,Ahmedabad,Gujarat,Retail,7508,2024-11-15
1351,Fitan Patil,Male,44,2815174824,Pune,Maharashtra,Hospital,9087,2022-06-17
1352,Mason Tripathi,Male,35,0794078111,Delhi,Delhi,Retail,6988,2023-05-12
1353,Samar Kota,Male,24,5314461916,Pune,Maharashtra,Retail,5261,2021-12-09
1354,Oscar Peri,Male,67,3758123530,Mumbai,Maharashtra,Clinic,7286,2021-09-18
1355,Hemangini Nanda,Female,50,9268835709,Pune,Maharashtra,Clinic,1059,2023-10-01
1356,Xiti Pillai,Female,85,3863205911,Delhi,Delhi,Hospital,7913,2021-07-29
1357,Mohammed Badal,Male,81,0928759408,Bengaluru,Karnataka,Retail,8279,2025-04-15
1358,Jonathan Radhakrishnan,Male,48,4699177971,Surat,Gujarat,Clinic,8651,2023-08-03
1359,Fariq Golla,Male,39,4244339116,Jaipur,Rajasthan,Clinic,9466,2022-02-15
1360,Jyoti Mody,Female,47,5362774304,Rajkot,Gujarat,Clinic,2297,2026-04-07
1361,Bishakha Kalita,Female,37,4833268767,Bengaluru,Karnataka,Clinic,9532,2024-04-07
1362,Yauvani Rajagopalan,Female,84,2035788724,Delhi,Delhi,Clinic,4364,2024-09-05
1363,Saanvi Arya,Female,65,1347011288,Indore,Madhya Pradesh,Clinic,8812,2023-05-09
1364,Sathvik Nadig,Male,61,7628868825,Ahmedabad,Gujarat,Clinic,6758,2023-05-09
1365,Varsha Patil,Female,45,0830126949,Mumbai,Maharashtra,Hospital,9339,2023-01-11
1366,Indali Warrior,Female,37,3828199354,Surat,Gujarat,Hospital,9129,2023-02-27
1367,Osha Reddy,Female,75,5638578373,Ahmedabad,Gujarat,Hospital,2877,2022-05-17
1368,Nisha Jha,Female,55,6190327900,Pune,Maharashtra,Retail,5116,2023-11-27
1369,Ekalinga Sehgal,Male,43,0562263903,Vadodara,Gujarat,Hospital,760,2025-06-13
1370,Nidhi Ranganathan,Female,85,5848445453,Delhi,Delhi,Hospital,4541,2024-04-22
1371,Hritik Sarkar,Male,27,9212699712,Delhi,Delhi,Hospital,6568,2021-08-20
1372,Mitesh Tata,Male,70,6825817900,Ahmedabad,Gujarat,Retail,503,2025-11-14
1373,Brinda Palla,Female,20,0889452021,Ahmedabad,Gujarat,Clinic,2596,2021-08-10
1374,Krish Raju,Male,69,1646158615,Indore,Madhya Pradesh,Retail,6008,2022-09-04
1375,Anamika Nair,Female,52,6810000837,Pune,Maharashtra,Hospital,8902,2026-05-01
1376,Vedant Deshpande,Male,20,5256016910,Surat,Gujarat,Hospital,9830,2021-09-04
1377,Krishna Murty,Male,72,7610054963,Surat,Gujarat,Clinic,4021,2024-01-30
1378,Brinda Setty,Female,27,1487225484,Indore,Madhya Pradesh,Hospital,6306,2023-05-18
1379,Kamya Virk,Female,29,1795830725,Bengaluru,Karnataka,Retail,5972,2026-05-30
1380,Oviya Prasad,Female,69,8321492478,Pune,Maharashtra,Retail,1955,2024-08-15
1381,Darika Parsa,Female,37,5257257573,Ahmedabad,Gujarat,Retail,1006,2024-08-02
1382,Kiaan Sura,Male,44,8090332257,Surat,Gujarat,Retail,1570,2022-10-26
1383,Rajeshri Mistry,Female,46,2562222809,Pune,Maharashtra,Retail,9892,2024-01-07
1384,Zehaan Bajwa,Male,73,6125088896,Pune,Maharashtra,Clinic,722,2025-10-12
1385,Raghav Sami,Male,83,7129011493,Mumbai,Maharashtra,Retail,6692,2023-11-15
1386,Wridesh Minhas,Male,50,8800890927,Bengaluru,Karnataka,Retail,385,2022-09-01
1387,Vasana Om,Female,23,1129112577,Surat,Gujarat,Clinic,529,2023-02-06
1388,Watika Bora,Female,62,7364513555,Delhi,Delhi,Clinic,4599,2021-07-22
1389,Naksh Sen,Male,32,8047910971,Delhi,Delhi,Clinic,3197,2022-01-03
1390,Adya Varty,Female,73,0918910434,Indore,Madhya Pradesh,Clinic,9571,2024-10-17
1391,Nicholas Kumar,Male,28,6953977829,Surat,Gujarat,Retail,8177,2024-06-14
1392,Ayush Sha,Male,31,7247272240,Bengaluru,Karnataka,Hospital,2634,2025-07-29
1393,Balendra Swaminathan,Male,26,8042834164,Delhi,Delhi,Hospital,7193,2025-08-17
1394,Nidhi Som,Female,48,9670947766,Bengaluru,Karnataka,Clinic,552,2024-07-13
1395,Fariq Koshy,Male,76,6221544802,Delhi,Delhi,Clinic,3047,2024-04-23
1396,Hemani Modi,Female,23,1434672131,Rajkot,Gujarat,Clinic,8071,2023-05-06
1397,Sanya Kalla,Female,67,7333883910,Surat,Gujarat,Clinic,1947,2026-05-20
1398,Pranav Chopra,Male,46,5588270957,Mumbai,Maharashtra,Hospital,4516,2023-09-21
1399,Keya Bali,Female,81,4342296992,Mumbai,Maharashtra,Retail,9093,2023-03-23
1400,Anita Bera,Female,76,2475676828,Jaipur,Rajasthan,Retail,4661,2024-04-30
1401,Vedhika Kuruvilla,Female,67,7645514300,Bengaluru,Karnataka,Hospital,6697,2025-11-16
1402,Chavvi Narayanan,Female,83,8201678035,Indore,Madhya Pradesh,Retail,8764,2023-08-26
1403,Ishani Kaur,Female,71,8755400415,Indore,Madhya Pradesh,Retail,4134,2023-06-25
1404,Benjamin Bava,Male,72,2788527880,Indore,Madhya Pradesh,Clinic,8043,2026-03-13
1405,Devansh Shan,Male,70,5624796776,Mumbai,Maharashtra,Retail,6472,2026-01-15
1406,Jagat Dara,Male,65,3675260491,Delhi,Delhi,Retail,7569,2023-05-08
1407,Aahana Kanda,Female,32,6174253892,Jaipur,Rajasthan,Retail,6184,2026-05-10
1408,Baljiwan Chopra,Male,37,7437862258,Surat,Gujarat,Retail,4179,2024-05-01
1409,Siddharth Kashyap,Male,85,7518709726,Vadodara,Gujarat,Clinic,7866,2025-11-14
1410,Hemal Rau,Female,66,6061884853,Vadodara,Gujarat,Clinic,1173,2024-12-06
1411,Patrick Tailor,Male,18,8637943753,Rajkot,Gujarat,Clinic,4570,2023-11-27
1412,Aarini Sood,Female,41,2097909976,Mumbai,Maharashtra,Hospital,6172,2021-08-06
1413,Deepa Mitra,Female,24,6052675367,Bengaluru,Karnataka,Hospital,3307,2024-12-07
1414,Wazir Parikh,Male,85,4402122508,Surat,Gujarat,Hospital,4762,2022-09-11
1415,Rachana Joshi,Female,32,9556422617,Mumbai,Maharashtra,Clinic,9844,2025-03-15
1416,Bachittar Shah,Male,48,3638537080,Jaipur,Rajasthan,Retail,9338,2023-09-14
1417,Harrison Panchal,Male,50,0860812142,Bengaluru,Karnataka,Hospital,3574,2023-08-30
1418,Faras Apte,Male,31,7278646078,Mumbai,Maharashtra,Clinic,4461,2023-03-28
1419,Ekbal Venkataraman,Male,36,4360958772,Indore,Madhya Pradesh,Hospital,3961,2026-02-19
1420,Advaith Barad,Male,63,7576647888,Pune,Maharashtra,Hospital,7588,2023-02-11
1421,Eiravati Chada,Female,73,3980536583,Mumbai,Maharashtra,Retail,1863,2024-07-26
1422,Jagdish Kara,Male,30,6040250132,Rajkot,Gujarat,Hospital,4573,2022-07-07
1423,Arya Thakkar,Female,43,2335093613,Delhi,Delhi,Hospital,563,2022-10-31
1424,Ishani Gola,Female,53,0283879754,Pune,Maharashtra,Retail,39,2026-07-08
1425,Bhavya Singhal,Female,56,3444906885,Jaipur,Rajasthan,Clinic,8032,2021-09-08
1426,Qasim Swaminathan,Male,28,5307234545,Mumbai,Maharashtra,Clinic,3459,2025-08-04
1427,Gagan Buch,Male,65,2012454158,Vadodara,Gujarat,Clinic,7792,2025-08-09
1428,Ansh Bora,Male,80,5880491313,Indore,Madhya Pradesh,Clinic,2150,2024-08-05
1429,Luke Pradhan,Male,42,0663702072,Mumbai,Maharashtra,Hospital,2118,2023-10-17
1430,Arya Gill,Female,66,1145148780,Surat,Gujarat,Clinic,638,2022-04-24
1431,Zaitra Bains,Female,74,4376701635,Delhi,Delhi,Retail,6349,2026-01-07
1432,Yadavi Dara,Female,25,2670683548,Indore,Madhya Pradesh,Clinic,9998,2022-06-13
1433,Mitali Kuruvilla,Female,77,5237379606,Rajkot,Gujarat,Hospital,3078,2025-10-30
1434,Laban Brahmbhatt,Male,73,2644880219,Indore,Madhya Pradesh,Retail,4933,2023-10-01
1435,Champak Rai,Male,56,1564326416,Mumbai,Maharashtra,Clinic,2384,2026-01-29
1436,Mugdha Sankaran,Female,21,0992239197,Delhi,Delhi,Retail,4086,2024-01-11
1437,Tristan Mand,Male,41,7863230670,Rajkot,Gujarat,Retail,7017,2024-11-05
1438,Wyatt Sachdeva,Male,77,7300826727,Pune,Maharashtra,Retail,9847,2023-10-14
1439,Hiral Subramaniam,Female,21,0269648954,Ahmedabad,Gujarat,Hospital,6014,2025-02-23
1440,Zaid Kumer,Male,72,7775157690,Bengaluru,Karnataka,Hospital,143,2025-10-20
1441,Vidhi Lall,Female,21,3006263462,Delhi,Delhi,Retail,8689,2026-06-11
1442,Wriddhish Viswanathan,Male,30,6784429529,Pune,Maharashtra,Retail,8604,2023-09-14
1443,Yadavi Chawla,Female,64,9748465856,Delhi,Delhi,Hospital,5718,2025-11-11
1444,Gunbir Dube,Male,18,6708870454,Jaipur,Rajasthan,Retail,7110,2024-09-05
1445,Niharika Thakkar,Female,28,0576262630,Vadodara,Gujarat,Clinic,362,2024-06-12
1446,Widisha Saran,Female,35,3143239295,Rajkot,Gujarat,Clinic,2303,2023-08-31
1447,Anmol Bansal,Male,55,9816476029,Vadodara,Gujarat,Clinic,934,2023-10-02
1448,Ojas Setty,Male,46,7303562683,Delhi,Delhi,Hospital,4207,2025-04-21
1449,Avi Jain,Male,45,4353579477,Bengaluru,Karnataka,Clinic,7731,2025-04-28
1450,Upadhriti Mutti,Female,72,2817723808,Bengaluru,Karnataka,Retail,2837,2023-05-14
1451,Ethan Bhatia,Male,61,5362363053,Jaipur,Rajasthan,Hospital,7189,2023-07-03
1452,Omisha Bumb,Female,80,6799557668,Jaipur,Rajasthan,Hospital,6785,2024-07-02
1453,Darpan Dyal,Male,37,9775907260,Indore,Madhya Pradesh,Hospital,6423,2022-02-26
1454,Tanmayi Balasubramanian,Female,35,6032030070,Jaipur,Rajasthan,Clinic,9161,2025-12-18
1455,Edhitha Sane,Female,85,4212114428,Ahmedabad,Gujarat,Hospital,6988,2026-06-25
1456,Vasatika Sha,Female,68,5727401198,Vadodara,Gujarat,Hospital,1595,2026-07-14
1457,Brinda Modi,Female,34,8074406276,Rajkot,Gujarat,Clinic,4170,2022-01-12
1458,Wyatt Amble,Male,43,0720715611,Jaipur,Rajasthan,Retail,5249,2024-10-22
1459,Kiaan Guha,Male,45,6466671424,Ahmedabad,Gujarat,Retail,7312,2024-04-01
1460,Qarin Badami,Male,53,7583693925,Rajkot,Gujarat,Hospital,571,2025-11-21
1461,Avi Bhat,Male,44,0665378824,Rajkot,Gujarat,Hospital,6234,2022-02-14
1462,Jhalak Hegde,Female,48,2278911097,Delhi,Delhi,Clinic,8399,2023-08-19
1463,Falan Raja,Male,37,2553680477,Bengaluru,Karnataka,Clinic,928,2025-03-02
1464,Ira Prashad,Female,39,6620124206,Indore,Madhya Pradesh,Hospital,2049,2024-06-18
1465,Zilmil Mahajan,Female,58,5027673537,Delhi,Delhi,Clinic,5523,2024-10-28
1466,Yashvi Dasgupta,Female,40,5668432823,Pune,Maharashtra,Hospital,4993,2021-11-18
1467,Vaishnavi Handa,Female,69,5832010600,Bengaluru,Karnataka,Clinic,1935,2023-03-31
1468,Harish Savant,Male,44,3429343711,Bengaluru,Karnataka,Retail,8748,2021-12-11
1469,Nihal Setty,Male,69,6019780246,Vadodara,Gujarat,Clinic,3465,2021-11-07
1470,Mohini Kaur,Female,63,5449791923,Mumbai,Maharashtra,Hospital,6633,2022-08-22
1471,Advay Sood,Male,66,4960002130,Jaipur,Rajasthan,Hospital,9471,2023-01-04
1472,Azaan Som,Male,37,9796070021,Pune,Maharashtra,Retail,7090,2024-05-05
1473,Om Batta,Male,82,7661026099,Vadodara,Gujarat,Retail,9940,2023-05-05
1474,Vamakshi Pant,Female,19,5717355828,Mumbai,Maharashtra,Clinic,5731,2022-03-07
1475,Praneel Savant,Male,24,4481604680,Delhi,Delhi,Hospital,8878,2022-04-11
1476,Vyanjana Bhardwaj,Female,35,1641244124,Bengaluru,Karnataka,Hospital,3628,2021-12-27
1477,Warda Agarwal,Female,57,2426882724,Indore,Madhya Pradesh,Retail,3299,2026-03-19
1478,Ryan Tata,Male,32,5225982125,Rajkot,Gujarat,Retail,1360,2022-06-05
1479,Manthan Ghose,Male,49,7877017610,Pune,Maharashtra,Clinic,4151,2022-06-22
1480,Chavvi Nayar,Female,26,2074162487,Mumbai,Maharashtra,Hospital,8582,2023-03-18
1481,Dev Narain,Male,26,8749692815,Vadodara,Gujarat,Clinic,3569,2022-05-17
1482,Samar Warrior,Male,52,6708711828,Vadodara,Gujarat,Retail,6200,2022-07-08
1483,Gaurika Badal,Female,69,5348866125,Pune,Maharashtra,Clinic,5446,2026-03-09
1484,Sara Mangal,Female,84,4937211378,Vadodara,Gujarat,Retail,9065,2023-10-22
1485,Yashasvi Mohanty,Female,21,4727577247,Rajkot,Gujarat,Retail,5737,2023-01-31
1486,Agastya Dhawan,Male,57,9143722294,Ahmedabad,Gujarat,Retail,683,2026-01-15
1487,Meera Kota,Female,73,0509179044,Indore,Madhya Pradesh,Retail,1886,2021-08-02
1488,Warjas Batra,Male,56,8711981645,Delhi,Delhi,Retail,8700,2024-08-04
1489,Oviya Bajaj,Female,38,2829477216,Ahmedabad,Gujarat,Retail,160,2025-04-07
1490,Veda Bhatt,Female,62,6191178227,Mumbai,Maharashtra,Clinic,8454,2024-11-15
1491,Aryan Devan,Male,19,5991727660,Surat,Gujarat,Retail,3590,2024-07-22
1492,Samar Borra,Male,66,0534775621,Pune,Maharashtra,Hospital,6230,2025-05-17
1493,Damyanti Murthy,Female,28,5969548535,Surat,Gujarat,Clinic,9294,2021-12-13
1494,Bhavini Ghose,Female,34,1480710793,Vadodara,Gujarat,Retail,9439,2025-01-09
1495,Geetika Buch,Female,25,1701863693,Vadodara,Gujarat,Retail,4151,2024-10-08
1496,Lopa Kalita,Female,59,9780635199,Jaipur,Rajasthan,Hospital,6975,2022-06-29
1497,Abha Chanda,Female,66,0143194897,Jaipur,Rajasthan,Hospital,9744,2021-08-08
1498,Gunbir Wali,Male,28,3125412302,Rajkot,Gujarat,Clinic,203,2022-08-18
1499,Faras Tella,Male,34,9279679534,Indore,Madhya Pradesh,Retail,2841,2026-06-10
1500,Dalbir Magar,Male,60,5138743084,Ahmedabad,Gujarat,Hospital,3372,2021-11-29
1501,Azaan Suresh,Male,74,1577744060,Surat,Gujarat,Retail,3115,2024-08-02
1502,Eshana Barad,Female,45,6647417600,Pune,Maharashtra,Retail,5353,2022-11-12
1503,Aayush Dhaliwal,Male,60,2622959831,Bengaluru,Karnataka,Clinic,5714,2025-07-20
1504,Raghav Khatri,Male,83,2197429616,Indore,Madhya Pradesh,Hospital,9983,2021-12-17
1505,Bachittar Acharya,Male,85,8532822149,Bengaluru,Karnataka,Clinic,2017,2022-12-24
1506,Agastya Datta,Male,82,6407842429,Rajkot,Gujarat,Retail,3836,2024-11-14
1507,Chaaya Sandal,Female,44,4227915220,Surat,Gujarat,Clinic,9319,2022-05-31
1508,Karan Menon,Male,23,5365406313,Indore,Madhya Pradesh,Hospital,1693,2022-12-09
1509,Yahvi Chadha,Female,55,5097782488,Vadodara,Gujarat,Clinic,593,2022-10-03
1510,Orinder Thakkar,Male,54,5939268932,Ahmedabad,Gujarat,Clinic,3346,2025-10-13
1511,Lucky Nigam,Male,72,0821310825,Pune,Maharashtra,Hospital,6315,2024-02-08
1512,Quincy Butala,Male,33,7193381391,Vadodara,Gujarat,Retail,401,2023-09-19
1513,Yatan Kant,Male,62,4635797042,Mumbai,Maharashtra,Hospital,2338,2025-03-07
1514,Lila Sankaran,Female,66,0355739241,Rajkot,Gujarat,Retail,3791,2022-10-02
1515,Ekiya Dixit,Female,71,7933722800,Mumbai,Maharashtra,Hospital,9272,2025-09-14
1516,Jackson Mital,Male,84,1694200925,Pune,Maharashtra,Clinic,4323,2024-03-02
1517,Chandresh Swaminathan,Male,58,2181226540,Mumbai,Maharashtra,Hospital,8097,2025-07-08
1518,Oliver Ratti,Male,52,2020454535,Mumbai,Maharashtra,Hospital,5861,2024-12-16
1519,Ishita Toor,Female,37,9563938396,Bengaluru,Karnataka,Hospital,6930,2021-07-18
1520,Baljiwan Warrior,Male,39,1379901947,Surat,Gujarat,Retail,3992,2022-10-13
1521,Bhavya Sarin,Female,38,1093924907,Surat,Gujarat,Hospital,1961,2024-08-07
1522,Turvi De,Female,53,6799417467,Vadodara,Gujarat,Clinic,4837,2022-11-17
1523,Chanakya Borah,Male,50,4574224681,Surat,Gujarat,Hospital,6472,2026-04-27
1524,Adya Mitter,Female,31,4722718574,Surat,Gujarat,Hospital,8942,2022-02-11
1525,Girindra Shenoy,Male,18,3892174274,Indore,Madhya Pradesh,Retail,2204,2022-12-25
1526,Bhavani Tella,Female,25,1532266843,Rajkot,Gujarat,Clinic,7988,2024-09-28
1527,Samaksh Dhingra,Male,28,6308230023,Surat,Gujarat,Hospital,8789,2024-10-11
1528,Vritti Panchal,Female,19,3497593051,Rajkot,Gujarat,Hospital,9337,2022-11-24
1529,Ira Kala,Female,67,1677187045,Bengaluru,Karnataka,Retail,5528,2025-03-17
1530,Yagnesh Raj,Male,26,9235740802,Ahmedabad,Gujarat,Retail,9940,2025-05-11
1531,Dakshesh Hayer,Male,33,0814571374,Mumbai,Maharashtra,Retail,5358,2024-01-17
1532,Rohan Tella,Male,67,3136746053,Ahmedabad,Gujarat,Hospital,1105,2022-01-12
1533,Sachi Chakrabarti,Female,32,8564871385,Mumbai,Maharashtra,Retail,5559,2023-04-27
1534,Lakshit Ahuja,Male,61,9078606630,Mumbai,Maharashtra,Hospital,2492,2022-11-09
1535,Harita Shere,Female,61,6640493932,Delhi,Delhi,Hospital,7864,2024-06-09
1536,Indira Pingle,Female,59,1238196164,Delhi,Delhi,Hospital,7578,2025-12-07
1537,Yutika Pradhan,Female,65,4277881684,Bengaluru,Karnataka,Hospital,8017,2023-05-20
1538,Mohini Saran,Female,59,1528112175,Vadodara,Gujarat,Hospital,6685,2023-03-03
1539,Logan Mannan,Male,51,5392894912,Ahmedabad,Gujarat,Hospital,1632,2023-08-24
1540,Kamya Agate,Female,68,7899699922,Indore,Madhya Pradesh,Hospital,1638,2023-10-14
1541,Chakradev Cheema,Male,46,9686553575,Surat,Gujarat,Hospital,3609,2022-09-25
1542,Caleb Bobal,Male,21,0628971414,Indore,Madhya Pradesh,Hospital,3859,2026-03-29
1543,Balvan Sood,Male,78,7654768997,Vadodara,Gujarat,Hospital,2161,2025-08-18
1544,Mugdha Prabhu,Female,70,2904306356,Mumbai,Maharashtra,Hospital,6012,2024-08-13
1545,Theodore Dixit,Male,61,8501901973,Jaipur,Rajasthan,Retail,1242,2025-02-02
1546,Vritti Mital,Female,56,1609125811,Surat,Gujarat,Clinic,2092,2026-01-26
1547,Rushil Butala,Male,57,1709630281,Bengaluru,Karnataka,Clinic,5519,2025-07-22
1548,Tamanna Johal,Female,34,9885567178,Mumbai,Maharashtra,Clinic,9344,2021-07-19
1549,Lavanya Kalla,Female,51,6453673673,Indore,Madhya Pradesh,Clinic,6584,2025-03-17
1550,Logan Mann,Male,44,9012719645,Ahmedabad,Gujarat,Retail,3415,2023-04-11
1551,Jonathan Manne,Male,63,2948223278,Bengaluru,Karnataka,Clinic,1356,2022-05-27
1552,Janani Ganesh,Female,84,8365688918,Pune,Maharashtra,Clinic,6312,2021-10-09
1553,Ganga Walla,Female,23,6992984303,Surat,Gujarat,Hospital,4639,2025-08-03
1554,Oscar Raja,Male,69,3295749001,Rajkot,Gujarat,Hospital,3494,2023-06-30
1555,Bhanumati Gandhi,Female,72,6483410346,Surat,Gujarat,Clinic,5030,2022-07-31
1556,Logan Mani,Male,74,3680704311,Rajkot,Gujarat,Hospital,9033,2026-06-07
1557,Amara Kohli,Female,20,1995702785,Vadodara,Gujarat,Clinic,5683,2023-04-12
1558,Adweta Bala,Female,77,2441872048,Pune,Maharashtra,Hospital,6721,2025-04-11
1559,Aadhya Ramanathan,Female,23,0614403523,Surat,Gujarat,Hospital,7132,2025-05-19
1560,Krishna Dua,Male,33,6906274274,Jaipur,Rajasthan,Hospital,8916,2021-09-21
1561,Anika Reddy,Female,65,4090689035,Bengaluru,Karnataka,Retail,3013,2023-05-20
1562,Zaitra Ramanathan,Female,85,9288049872,Indore,Madhya Pradesh,Clinic,2593,2026-03-29
1563,Abhimanyu Som,Male,76,1793184929,Vadodara,Gujarat,Retail,5499,2022-01-19
1564,Christopher Rajan,Male,46,9712777625,Jaipur,Rajasthan,Clinic,3311,2021-08-22
1565,Radha Balasubramanian,Female,51,6058339324,Delhi,Delhi,Hospital,193,2023-04-14
1566,Yashica Ranganathan,Female,43,8361560987,Delhi,Delhi,Hospital,7467,2025-06-14
1567,Hema Lall,Female,28,1749277975,Ahmedabad,Gujarat,Hospital,4446,2024-10-23
1568,Tejas Virk,Male,63,4284607522,Mumbai,Maharashtra,Hospital,5913,2022-02-19
1569,Isaac Walla,Male,22,6714752344,Delhi,Delhi,Hospital,9915,2025-05-01
1570,Janaki Krishna,Female,64,6219440209,Pune,Maharashtra,Hospital,7620,2021-11-28
1571,Reyansh Deo,Male,74,7862411364,Indore,Madhya Pradesh,Retail,8354,2022-03-28
1572,Isha Golla,Female,32,3407883434,Jaipur,Rajasthan,Retail,6685,2022-05-17
1573,Eesha Doshi,Female,65,4534259065,Ahmedabad,Gujarat,Hospital,5465,2023-07-14
1574,Indrajit Kapoor,Male,32,5460705049,Vadodara,Gujarat,Hospital,7849,2024-08-31
1575,Kalpit Dugal,Male,25,1376602882,Jaipur,Rajasthan,Hospital,9155,2023-11-08
1576,Harrison Sagar,Male,59,5104217825,Surat,Gujarat,Retail,8341,2024-04-11
1577,Kabir Patla,Male,83,5513408428,Mumbai,Maharashtra,Clinic,1001,2022-08-17
1578,Ati Koshy,Female,33,6782094125,Indore,Madhya Pradesh,Clinic,2552,2024-08-28
1579,Azad Hari,Male,27,8621322232,Jaipur,Rajasthan,Hospital,8808,2022-07-14
1580,Hredhaan Vaidya,Male,54,9755091362,Delhi,Delhi,Clinic,2360,2023-08-27
1581,Chasmum Mitter,Female,30,5664859833,Ahmedabad,Gujarat,Hospital,5288,2024-04-01
1582,Rachita Chokshi,Female,25,4578364843,Vadodara,Gujarat,Clinic,4020,2024-04-25
1583,Guneet Bhakta,Male,69,9419795493,Vadodara,Gujarat,Retail,681,2022-09-09
1584,Girik Batra,Male,54,5016077327,Pune,Maharashtra,Hospital,5585,2024-06-23
1585,Leena Dhar,Female,28,6320184738,Rajkot,Gujarat,Hospital,4479,2024-03-20
1586,Eiravati Thaman,Female,73,5677481682,Delhi,Delhi,Retail,5586,2023-09-24
1587,Falguni Natt,Female,38,5160244196,Indore,Madhya Pradesh,Clinic,7395,2024-06-09
1588,Oviya Rao,Female,60,3170081507,Rajkot,Gujarat,Retail,3402,2024-12-26
1589,Ekani Sibal,Female,51,2509721774,Rajkot,Gujarat,Retail,8350,2025-09-24
1590,Shaurya Chandran,Male,25,0224368613,Pune,Maharashtra,Hospital,2158,2026-05-17
1591,Amol Sharma,Male,72,0519513461,Bengaluru,Karnataka,Hospital,2056,2022-09-12
1592,Jai Mital,Male,57,3447684363,Delhi,Delhi,Retail,5695,2022-11-20
1593,Daksh Hayre,Male,48,5432735330,Pune,Maharashtra,Clinic,5393,2026-05-27
1594,Kamya Srinivasan,Female,68,6074772663,Rajkot,Gujarat,Retail,964,2025-10-23
1595,Waida Kulkarni,Female,42,7898213662,Mumbai,Maharashtra,Clinic,7995,2023-01-13
1596,Yashasvi Garg,Female,19,1783231730,Jaipur,Rajasthan,Retail,7082,2025-04-25
1597,Wazir Pall,Male,40,9405391703,Mumbai,Maharashtra,Hospital,6992,2026-04-21
1598,Damini Soni,Female,77,6255145242,Ahmedabad,Gujarat,Retail,4863,2022-08-10
1599,Warinder Tailor,Male,64,3954628549,Rajkot,Gujarat,Hospital,5704,2025-04-21
1600,Vyanjana Varkey,Female,61,3537345353,Mumbai,Maharashtra,Retail,6818,2023-05-03
1601,Chasmum Ramachandran,Female,78,0565269554,Jaipur,Rajasthan,Retail,4498,2025-06-03
1602,Vasatika Prasad,Female,76,8295729933,Surat,Gujarat,Hospital,7129,2026-04-06
1603,Avi Sule,Male,64,6245939586,Vadodara,Gujarat,Retail,2334,2022-10-09
1604,Kritika Singh,Female,68,5362187054,Bengaluru,Karnataka,Hospital,1462,2024-09-20
1605,Omkaar Shroff,Male,29,2214438877,Pune,Maharashtra,Clinic,8957,2026-07-03
1606,Abdul Chana,Male,76,4763964926,Ahmedabad,Gujarat,Clinic,1822,2023-09-03
1607,Akshay Ahuja,Male,26,7485785399,Indore,Madhya Pradesh,Hospital,7902,2023-10-15
1608,Vedika Vaidya,Female,62,7740007816,Jaipur,Rajasthan,Clinic,8580,2026-05-21
1609,Chandran Mand,Male,76,2668779549,Surat,Gujarat,Clinic,8397,2026-04-17
1610,Urvashi Chacko,Female,77,8841734144,Pune,Maharashtra,Clinic,4119,2021-09-04
1611,Arin Halder,Male,62,7140973979,Delhi,Delhi,Hospital,4031,2024-05-04
1612,Idika Iyengar,Female,18,9877776896,Surat,Gujarat,Clinic,9633,2023-07-06
1613,Warjas Pandit,Male,76,3406042735,Vadodara,Gujarat,Clinic,8745,2025-04-19
1614,Januja Anne,Female,41,7300998973,Surat,Gujarat,Hospital,7742,2024-02-23
1615,Arjun Gera,Male,38,8141061801,Delhi,Delhi,Hospital,2335,2025-02-21
1616,Bhavini Bandi,Female,72,2125685717,Surat,Gujarat,Clinic,3991,2026-01-17
1617,Jagrati Majumdar,Female,73,1348206596,Indore,Madhya Pradesh,Retail,2996,2022-08-01
1618,Zaitra Prasad,Female,84,8564367179,Bengaluru,Karnataka,Retail,8478,2024-04-05
1619,Anita Varughese,Female,58,1367581880,Ahmedabad,Gujarat,Retail,8277,2023-11-04
1620,Harshil Sanghvi,Male,43,0468937912,Delhi,Delhi,Hospital,7035,2022-12-02
1621,Hemani Vyas,Female,22,3204654080,Rajkot,Gujarat,Clinic,8216,2022-08-17
1622,Yatin Mane,Male,70,6361736434,Indore,Madhya Pradesh,Clinic,7921,2021-12-02
1623,Hredhaan Kohli,Male,35,6804098441,Bengaluru,Karnataka,Retail,8718,2026-04-04
1624,Mugdha Chada,Female,36,2005579060,Pune,Maharashtra,Retail,9160,2025-04-17
1625,Unni Jayaraman,Female,27,2538222289,Vadodara,Gujarat,Hospital,4893,2025-06-18
1626,Sneha Kibe,Female,34,8030715838,Jaipur,Rajasthan,Hospital,3065,2022-06-07
1627,Aadi Sandal,Male,50,6200715500,Jaipur,Rajasthan,Retail,9274,2026-05-27
1628,Yash Baral,Male,62,7658103634,Pune,Maharashtra,Retail,4692,2022-10-29
1629,Rajeshri Sandal,Female,61,3182741544,Pune,Maharashtra,Clinic,1250,2026-05-16
1630,Reva Krish,Female,36,2602989297,Ahmedabad,Gujarat,Retail,8740,2024-12-03
1631,Tanish Doshi,Male,31,9495593423,Mumbai,Maharashtra,Clinic,4176,2024-12-10
1632,Victor Mall,Male,81,7861288542,Vadodara,Gujarat,Clinic,3260,2024-02-04
1633,Agastya Sood,Male,33,4847900695,Surat,Gujarat,Retail,1878,2021-12-29
1634,Meera Sengupta,Female,61,5239129346,Jaipur,Rajasthan,Retail,6442,2023-10-27
1635,Warhi Nanda,Female,32,7875431644,Rajkot,Gujarat,Retail,4057,2023-10-15
1636,Robert Chokshi,Male,44,2287575265,Ahmedabad,Gujarat,Retail,5863,2024-09-08
1637,Dipta Dhar,Female,23,5404492836,Delhi,Delhi,Retail,4722,2024-09-18
1638,Anvi Cherian,Female,72,0566131170,Ahmedabad,Gujarat,Retail,3025,2026-01-07
1639,Henry Master,Male,64,0618497247,Indore,Madhya Pradesh,Retail,9868,2024-08-08
1640,William Basu,Male,37,6858841298,Indore,Madhya Pradesh,Retail,9726,2024-03-21
1641,Chakradev Munshi,Male,30,8296230934,Vadodara,Gujarat,Clinic,2616,2021-12-13
1642,Harshil Mistry,Male,56,9625881009,Bengaluru,Karnataka,Clinic,2390,2022-07-24
1643,Radhika Keer,Female,40,9327040362,Mumbai,Maharashtra,Retail,6054,2025-08-21
1644,Meera Dayal,Female,19,0393120268,Bengaluru,Karnataka,Hospital,5783,2026-02-06
1645,Forum Date,Female,47,5925330051,Mumbai,Maharashtra,Hospital,2651,2025-06-13
1646,Qabil Panchal,Male,57,4113057822,Surat,Gujarat,Hospital,155,2024-09-25
1647,Sudiksha Dar,Female,64,3319494485,Ahmedabad,Gujarat,Retail,854,2024-03-23
1648,Amrita Mitra,Female,44,9002269468,Delhi,Delhi,Retail,6683,2022-07-16
1649,Dominic Vaidya,Male,74,1763336811,Delhi,Delhi,Hospital,5074,2026-04-14
1650,Faraj Kalla,Male,76,7129194542,Delhi,Delhi,Clinic,9434,2023-12-29
1651,Ojas Jayaraman,Male,83,8504760571,Jaipur,Rajasthan,Retail,4015,2025-12-24
1652,Udyati Yadav,Female,29,8175314512,Pune,Maharashtra,Clinic,5166,2022-03-26
1653,Kabir Bassi,Male,74,1280318684,Bengaluru,Karnataka,Hospital,5874,2025-11-05
1654,Suhani Varughese,Female,18,9542745043,Ahmedabad,Gujarat,Clinic,3769,2023-04-08
1655,Mugdha Setty,Female,78,3007187423,Surat,Gujarat,Clinic,7773,2025-10-12
1656,Ishaan Kara,Male,83,6868262565,Surat,Gujarat,Retail,2135,2022-05-05
1657,Maya Hegde,Female,43,5045775136,Indore,Madhya Pradesh,Hospital,2828,2024-06-08
1658,Nimrat Tiwari,Female,45,0305838386,Vadodara,Gujarat,Hospital,271,2022-07-15
1659,Waida Bajwa,Female,66,4021425895,Indore,Madhya Pradesh,Clinic,530,2026-01-30
1660,Kabir Raju,Male,83,5973941380,Mumbai,Maharashtra,Hospital,4662,2022-02-15
1661,Eesha Gala,Female,24,8503664246,Mumbai,Maharashtra,Retail,9,2025-01-19
1662,George Korpal,Male,35,1387569142,Jaipur,Rajasthan,Retail,9137,2021-10-27
1663,Faris Bhatnagar,Male,24,1823194172,Delhi,Delhi,Hospital,9778,2023-11-12
1664,Aarush Srinivas,Male,66,7090391749,Ahmedabad,Gujarat,Retail,2868,2021-12-25
1665,Siya Bajwa,Female,66,1969481680,Pune,Maharashtra,Hospital,3084,2022-02-05
1666,Atharv Lata,Male,47,9150024226,Delhi,Delhi,Retail,7694,2024-09-25
1667,Champak Bassi,Male,41,4477186254,Rajkot,Gujarat,Retail,9990,2026-05-14
1668,Aradhana Bera,Female,81,4792027407,Bengaluru,Karnataka,Hospital,2140,2021-11-04
1669,Vincent Dani,Male,69,8334643046,Surat,Gujarat,Hospital,6154,2023-11-28
1670,Ishaan Kumar,Male,18,6622230152,Indore,Madhya Pradesh,Hospital,9991,2026-05-12
1671,Hitesh Dhar,Male,74,3817394470,Jaipur,Rajasthan,Hospital,3025,2023-10-23
1672,Ubika Sachar,Female,26,0534176830,Jaipur,Rajasthan,Clinic,7081,2022-04-15
1673,Samar Raju,Male,41,4989443753,Jaipur,Rajasthan,Hospital,5962,2026-04-11
1674,Netra Dey,Female,65,8793878650,Mumbai,Maharashtra,Hospital,1808,2026-05-24
1675,Atharv Basak,Male,50,6635584527,Jaipur,Rajasthan,Clinic,5381,2024-01-13
1676,Pranit Shankar,Male,26,5656635706,Rajkot,Gujarat,Hospital,7534,2022-10-21
1677,Nitara Wali,Female,75,2971882588,Surat,Gujarat,Hospital,6844,2021-07-22
1678,Urishilla Panchal,Female,84,7530138300,Rajkot,Gujarat,Clinic,8871,2023-10-17
1679,Charan Singhal,Male,51,3641406072,Bengaluru,Karnataka,Hospital,9254,2023-12-10
1680,Victor Mohan,Male,35,6451876427,Mumbai,Maharashtra,Retail,1277,2025-04-29
1681,Indrajit Dasgupta,Male,23,8218523259,Surat,Gujarat,Hospital,7079,2025-06-11
1682,Chandresh Mannan,Male,58,6970334950,Indore,Madhya Pradesh,Clinic,8923,2025-10-06
1683,Anay Randhawa,Male,82,7967536669,Jaipur,Rajasthan,Hospital,2741,2021-11-02
1684,Theodore Sane,Male,40,8139206589,Ahmedabad,Gujarat,Clinic,9783,2026-01-07
1685,Irya Ramanathan,Female,31,8506515994,Delhi,Delhi,Retail,855,2023-04-23
1686,Yatan Kaul,Male,33,2648067188,Pune,Maharashtra,Clinic,2038,2024-11-12
1687,Mekhala Khatri,Female,23,1128090033,Jaipur,Rajasthan,Clinic,5109,2024-02-06
1688,Rajata Barad,Female,40,6463449297,Delhi,Delhi,Clinic,6476,2021-11-11
1689,Waida Narasimhan,Female,42,7930429345,Indore,Madhya Pradesh,Hospital,1017,2025-07-23
1690,Jason Dalal,Male,18,6183640216,Bengaluru,Karnataka,Retail,4545,2026-02-07
1691,Aarush Choudhary,Male,75,2072106781,Jaipur,Rajasthan,Retail,5953,2022-06-23
1692,Onkar Majumdar,Male,51,2755161150,Pune,Maharashtra,Retail,6153,2021-07-21
1693,Nicholas Bhasin,Male,33,3983173928,Vadodara,Gujarat,Hospital,6733,2023-10-20
1694,Gaurav Bains,Male,20,4490663224,Delhi,Delhi,Hospital,2097,2025-11-06
1695,Kevin Rout,Male,20,2424993821,Surat,Gujarat,Clinic,4935,2024-02-13
1696,Samaksh Kapadia,Male,28,8688113867,Bengaluru,Karnataka,Hospital,1517,2022-03-22
1697,Turvi Char,Female,62,3615534991,Surat,Gujarat,Hospital,265,2024-10-26
1698,Vansha Bose,Female,44,6232144819,Vadodara,Gujarat,Clinic,7762,2022-10-14
1699,Advay Kuruvilla,Male,59,1634240742,Bengaluru,Karnataka,Retail,4845,2022-09-19
1700,Qadim Parmar,Male,50,4372165947,Ahmedabad,Gujarat,Hospital,2509,2025-02-16
1701,Ekanta Soni,Female,28,9424734750,Indore,Madhya Pradesh,Hospital,1276,2023-01-23
1702,Faqid Subramaniam,Male,64,1634229436,Surat,Gujarat,Retail,1731,2022-04-06
1703,Suhani Bhatt,Female,19,8982261963,Surat,Gujarat,Retail,8388,2022-06-24
1704,Anay Ratti,Male,35,0039453473,Pune,Maharashtra,Clinic,1235,2024-03-28
1705,Gavin Sahni,Male,80,6072923535,Rajkot,Gujarat,Retail,2199,2025-05-14
1706,Teerth Jayaraman,Male,72,3054660689,Delhi,Delhi,Clinic,5356,2022-05-22
1707,Kevin Sem,Male,21,6078216523,Rajkot,Gujarat,Retail,7402,2024-05-31
1708,Bhavini Desai,Female,80,9255503504,Jaipur,Rajasthan,Hospital,3327,2021-12-14
1709,Nirja Dasgupta,Female,57,9609812957,Surat,Gujarat,Hospital,5757,2025-11-20
1710,Ekantika Karpe,Female,43,8349422617,Mumbai,Maharashtra,Hospital,3153,2022-05-07
1711,Bakhshi Chhabra,Male,20,6685872228,Vadodara,Gujarat,Clinic,4519,2021-10-05
1712,Suhani Hayer,Female,79,9066444788,Jaipur,Rajasthan,Retail,2678,2021-08-20
1713,Gagan Shere,Male,50,7873439595,Surat,Gujarat,Retail,2551,2025-04-25
1714,Vansha Behl,Female,58,3314356353,Delhi,Delhi,Retail,4620,2022-04-19
1715,Ojasvi Lalla,Female,24,6740008445,Jaipur,Rajasthan,Retail,6536,2023-08-13
1716,Bishakha Bala,Female,47,2279500484,Mumbai,Maharashtra,Hospital,7331,2024-05-23
1717,Noah Rama,Male,22,4614152932,Bengaluru,Karnataka,Hospital,4935,2025-10-25
1718,Radha Sharaf,Female,85,4061469995,Ahmedabad,Gujarat,Clinic,6981,2024-12-08
1719,Jasmit Setty,Female,44,4914527746,Jaipur,Rajasthan,Retail,4382,2022-10-12
1720,Arunima Mishra,Female,58,4358630571,Delhi,Delhi,Clinic,5972,2022-06-22
1721,Hredhaan Trivedi,Male,47,4086333011,Rajkot,Gujarat,Hospital,8944,2025-02-19
1722,Ucchal Boase,Female,50,7760066337,Ahmedabad,Gujarat,Hospital,6000,2022-01-02
1723,Unni Ranganathan,Female,32,4465634430,Ahmedabad,Gujarat,Retail,8604,2025-03-29
1724,Lucky Date,Male,45,4778067097,Mumbai,Maharashtra,Hospital,7661,2024-09-07
1725,Lajita Golla,Female,34,2170556076,Jaipur,Rajasthan,Retail,6426,2025-08-11
1726,Ranveer Dar,Male,73,5196242143,Surat,Gujarat,Retail,3819,2021-07-22
1727,Urmi Zacharia,Female,84,5186122825,Pune,Maharashtra,Clinic,4309,2021-09-30
1728,Jagat Dada,Male,46,5194219608,Ahmedabad,Gujarat,Retail,5161,2025-01-14
1729,Amrita Ratti,Female,41,6944571310,Bengaluru,Karnataka,Clinic,9270,2024-08-04
1730,Pooja Aurora,Female,70,1906999062,Delhi,Delhi,Clinic,2857,2026-02-04
1731,Udant Mital,Male,57,8439760563,Indore,Madhya Pradesh,Retail,8072,2024-06-19
1732,Bachittar Bajaj,Male,74,1574204692,Pune,Maharashtra,Retail,8214,2026-06-07
1733,Odika Bora,Female,22,1778474160,Delhi,Delhi,Clinic,6659,2024-03-30
1734,Luke Kumar,Male,61,6883157243,Ahmedabad,Gujarat,Retail,3130,2026-04-10
1735,Zehaan Kothari,Male,68,2045746659,Bengaluru,Karnataka,Clinic,9704,2025-11-14
1736,Qushi Yohannan,Female,63,0088977021,Pune,Maharashtra,Clinic,2569,2025-11-16
1737,Daksh Ghosh,Male,37,0950009584,Indore,Madhya Pradesh,Clinic,1352,2021-12-28
1738,Anita Chakrabarti,Female,21,4969227407,Vadodara,Gujarat,Hospital,1755,2023-03-11
1739,Omya Sachdev,Female,19,2185069471,Mumbai,Maharashtra,Retail,8808,2023-09-27
1740,Shaurya Babu,Male,41,4268473477,Vadodara,Gujarat,Hospital,3098,2025-11-17
1741,Simon Kapur,Male,84,9367760740,Surat,Gujarat,Hospital,4579,2024-08-14
1742,Tripti Loyal,Female,77,6807476034,Mumbai,Maharashtra,Clinic,8350,2023-08-30
1743,Lakshmi Jha,Female,20,7436515155,Surat,Gujarat,Retail,4376,2023-01-31
1744,Anjali Mahajan,Female,60,6442513668,Delhi,Delhi,Hospital,9237,2022-09-04
1745,Nilima Madan,Female,38,7093688493,Bengaluru,Karnataka,Clinic,9080,2021-12-18
1746,Damini Nazareth,Female,82,9659401647,Rajkot,Gujarat,Retail,4504,2023-03-16
1747,Gunbir Sami,Male,66,7752227102,Rajkot,Gujarat,Retail,6294,2022-04-10
1748,Aahana Ganesan,Female,59,3107628253,Mumbai,Maharashtra,Hospital,293,2024-06-30
1749,Dhruv Ganesan,Male,28,1990496364,Ahmedabad,Gujarat,Retail,4915,2023-10-22
1750,Triveni Gara,Female,71,4221030776,Indore,Madhya Pradesh,Clinic,7697,2025-12-22
1751,Bhavini Kala,Female,65,1473713930,Ahmedabad,Gujarat,Hospital,8080,2022-03-16
1752,Andrew Gole,Male,24,9370414540,Surat,Gujarat,Hospital,4563,2025-03-11
1753,Harita Kara,Female,23,9418802156,Delhi,Delhi,Clinic,343,2026-06-06
1754,Rachita Dada,Female,62,4797259652,Jaipur,Rajasthan,Clinic,6707,2023-01-06
1755,Hritik Pillai,Male,29,8440951432,Vadodara,Gujarat,Retail,8022,2025-09-24
1756,Sai Ghosh,Female,61,6061454984,Mumbai,Maharashtra,Hospital,4336,2024-12-27
1757,Farhan Kapoor,Male,85,2589700009,Ahmedabad,Gujarat,Hospital,8121,2021-09-10
1758,Siddharth Chandran,Male,63,0821608842,Surat,Gujarat,Hospital,7510,2022-11-07
1759,Vivaan Nath,Male,40,8151763983,Delhi,Delhi,Hospital,7877,2021-09-09
1760,Indali Cherian,Female,51,2515082373,Mumbai,Maharashtra,Hospital,6485,2026-02-10
1761,Suhani Chatterjee,Female,44,1748205004,Mumbai,Maharashtra,Retail,3817,2021-11-13
1762,Warhi Acharya,Female,78,9879067734,Indore,Madhya Pradesh,Retail,7757,2022-10-10
1763,Neha Bhattacharyya,Female,22,3205403247,Jaipur,Rajasthan,Clinic,2773,2025-04-22
1764,Dhruv Manda,Male,28,0577620134,Jaipur,Rajasthan,Retail,4130,2025-03-29
1765,Gavin Ray,Male,63,4436388513,Delhi,Delhi,Retail,8544,2022-05-26
1766,Max Tank,Male,60,3502738141,Pune,Maharashtra,Hospital,6561,2024-11-04
1767,Omaja Borra,Female,49,8464982317,Vadodara,Gujarat,Retail,9677,2023-03-30
1768,Saumya Saini,Female,37,5595501766,Ahmedabad,Gujarat,Hospital,6388,2023-03-11
1769,Patrick Loke,Male,55,0993936521,Pune,Maharashtra,Clinic,8749,2023-12-02
1770,Anika Grover,Female,20,0526623749,Vadodara,Gujarat,Clinic,9750,2026-01-25
1771,Rehaan Bumb,Male,37,3267828401,Surat,Gujarat,Hospital,1192,2026-01-28
1772,Aayush Wason,Male,25,5942978334,Jaipur,Rajasthan,Hospital,7501,2024-03-19
1773,Hardik Sastry,Male,73,7681075311,Ahmedabad,Gujarat,Hospital,135,2022-04-25
1774,Pavani Raju,Female,37,9025627381,Delhi,Delhi,Retail,8581,2023-03-02
1775,Vritti Joshi,Female,46,4129995347,Pune,Maharashtra,Clinic,1080,2023-03-19
1776,Fiyaz Sabharwal,Male,68,3136352933,Delhi,Delhi,Clinic,6601,2026-03-21
1777,Kamya Venkataraman,Female,64,4588864528,Mumbai,Maharashtra,Retail,8074,2022-02-01
1778,Nitesh Kalla,Male,50,1285695017,Bengaluru,Karnataka,Clinic,7525,2025-10-11
1779,Ekani Puri,Female,20,0378780378,Delhi,Delhi,Hospital,604,2023-09-02
1780,Bakhshi Kalita,Male,75,2502489127,Pune,Maharashtra,Clinic,1050,2025-08-10
1781,Jairaj Sundaram,Male,44,9768814175,Mumbai,Maharashtra,Retail,617,2024-07-08
1782,Abdul Joshi,Male,29,2634195888,Mumbai,Maharashtra,Retail,3297,2023-12-15
1783,Krish Barad,Male,50,3281212142,Surat,Gujarat,Retail,950,2022-07-25
1784,Krishna Koshy,Male,77,1123944935,Surat,Gujarat,Clinic,8552,2022-01-21
1785,Orinder Rajan,Male,23,6336714140,Delhi,Delhi,Clinic,1657,2022-11-14
1786,Oliver Radhakrishnan,Male,55,7659901236,Surat,Gujarat,Hospital,3726,2022-11-14
1787,Shivani Kurian,Female,68,4549079745,Bengaluru,Karnataka,Retail,5901,2023-02-09
1788,Chaitanya Bhagat,Male,73,1274090922,Mumbai,Maharashtra,Clinic,4245,2023-11-06
1789,Tristan Kaul,Male,35,7289736876,Surat,Gujarat,Retail,7140,2025-09-09
1790,Samaksh Sharaf,Male,72,3748486357,Ahmedabad,Gujarat,Retail,1704,2021-10-15
1791,Jagvi Narula,Female,72,2306113544,Delhi,Delhi,Retail,4366,2024-11-26
1792,Isaiah Batta,Male,42,3924194633,Vadodara,Gujarat,Hospital,5609,2024-08-22
1793,Nidra Dube,Female,69,5399686543,Indore,Madhya Pradesh,Clinic,6280,2021-08-23
1794,Kala Patil,Female,76,6714503176,Pune,Maharashtra,Clinic,4294,2022-06-25
1795,Nitara Khalsa,Female,43,2918066809,Surat,Gujarat,Hospital,947,2023-09-29
1796,Oni Divan,Female,46,3201536348,Indore,Madhya Pradesh,Hospital,7567,2022-06-24
1797,Wyatt Saini,Male,82,0682812943,Jaipur,Rajasthan,Retail,7263,2024-04-21
1798,Kamya Sachdeva,Female,22,9902111845,Ahmedabad,Gujarat,Clinic,2787,2025-03-22
1799,Ekani Natarajan,Female,25,8321343339,Ahmedabad,Gujarat,Hospital,5234,2024-09-20
1800,Jasmit Bhargava,Female,24,2532759456,Indore,Madhya Pradesh,Clinic,7732,2024-11-05
1801,Vamakshi Basu,Female,36,5232715855,Mumbai,Maharashtra,Clinic,3814,2025-08-05
1802,Hritik Reddy,Male,84,9233237520,Pune,Maharashtra,Retail,8281,2024-01-12
1803,Osha Ray,Female,68,4373893127,Jaipur,Rajasthan,Clinic,7331,2025-05-14
1804,Zansi Vala,Female,75,3378901497,Ahmedabad,Gujarat,Clinic,5526,2022-11-16
1805,Gavin Bhat,Male,19,2927257545,Indore,Madhya Pradesh,Hospital,689,2023-01-28
1806,Raksha Atwal,Female,51,3416400941,Pune,Maharashtra,Retail,8861,2022-01-10
1807,Ekansh Deo,Male,28,5131288655,Vadodara,Gujarat,Hospital,8163,2023-04-16
1808,Kamya Borah,Female,21,6412193017,Rajkot,Gujarat,Clinic,2845,2026-05-24
1809,Aashi Badal,Female,26,6122987545,Jaipur,Rajasthan,Retail,1057,2024-11-09
1810,Baghyawati Ratti,Female,53,5386164875,Mumbai,Maharashtra,Retail,9317,2024-11-19
1811,Urishilla Rajagopal,Female,41,1305742769,Rajkot,Gujarat,Retail,2731,2024-04-14
1812,Bahadurjit Padmanabhan,Male,53,4693268804,Mumbai,Maharashtra,Clinic,9794,2025-05-02
1813,Chakrika Bawa,Female,71,4921263519,Indore,Madhya Pradesh,Clinic,9755,2026-01-17
1814,Arin Gokhale,Male,42,9520191246,Surat,Gujarat,Retail,8821,2022-02-13
1815,Ryan Sankar,Male,48,3502678215,Surat,Gujarat,Hospital,1693,2023-04-02
1816,Yashvi Chokshi,Female,44,8719536970,Delhi,Delhi,Retail,2674,2026-05-31
1817,Nidra Venkataraman,Female,73,9268468707,Surat,Gujarat,Clinic,8379,2021-09-16
1818,Brinda Sandhu,Female,41,5279678708,Rajkot,Gujarat,Retail,4017,2026-05-24
1819,Kabir Bava,Male,37,7293480892,Vadodara,Gujarat,Retail,3076,2023-03-18
1820,Ucchal Karnik,Female,69,7014639908,Ahmedabad,Gujarat,Retail,1455,2021-08-17
1821,Unnati Dass,Female,19,4896556215,Mumbai,Maharashtra,Clinic,2849,2023-02-16
1822,Omkaar Rajagopal,Male,51,7776228521,Mumbai,Maharashtra,Retail,4513,2026-03-22
1823,George Brar,Male,59,7559618671,Indore,Madhya Pradesh,Hospital,6740,2024-07-28
1824,Gaurika Lall,Female,25,6844953228,Surat,Gujarat,Retail,9251,2024-01-05
1825,Nidhi Dass,Female,74,1760763481,Rajkot,Gujarat,Hospital,3057,2026-06-20
1826,Yachana Nadig,Female,23,8606150733,Surat,Gujarat,Hospital,6606,2021-12-05
1827,Henry Singh,Male,42,2585307787,Mumbai,Maharashtra,Clinic,6726,2024-01-22
1828,Peter Varkey,Male,69,1514552912,Surat,Gujarat,Hospital,5366,2022-05-22
1829,Amrita Muni,Female,59,3488096548,Mumbai,Maharashtra,Retail,3590,2026-04-19
1830,Madhav Shere,Male,85,4451473882,Rajkot,Gujarat,Retail,3607,2023-11-25
1831,Indira Basu,Female,43,0144133244,Vadodara,Gujarat,Retail,4696,2024-09-15
1832,Sai Dubey,Male,61,2346520594,Vadodara,Gujarat,Retail,720,2026-03-20
1833,Yauvani Kala,Female,33,5320484832,Mumbai,Maharashtra,Hospital,4159,2022-08-10
1834,Aarush Kata,Male,33,3107264850,Rajkot,Gujarat,Clinic,5875,2023-11-20
1835,Girish Bhakta,Male,33,5875354143,Ahmedabad,Gujarat,Retail,9874,2023-02-27
1836,Damini Ratti,Female,50,5821972888,Ahmedabad,Gujarat,Retail,9749,2023-02-28
1837,Rishi Dora,Male,41,3574379286,Delhi,Delhi,Retail,401,2021-09-05
1838,Rachita Gandhi,Female,71,2642050401,Jaipur,Rajasthan,Hospital,9884,2025-03-02
1839,Kevin Seth,Male,25,5477336870,Jaipur,Rajasthan,Clinic,5917,2025-07-19
1840,Yahvi Bhasin,Female,49,4051667193,Mumbai,Maharashtra,Hospital,1804,2023-11-28
1841,Brijesh Batta,Male,39,5994636423,Rajkot,Gujarat,Hospital,4448,2025-10-25
1842,Indrajit Kala,Male,77,2805008828,Rajkot,Gujarat,Retail,4796,2023-06-03
1843,Yoshita Dass,Female,82,4270457965,Rajkot,Gujarat,Hospital,5369,2024-01-18
1844,Yuvraj Lall,Male,23,5555771097,Surat,Gujarat,Hospital,7502,2023-10-18
1845,Madhav Patil,Male,34,7036442978,Ahmedabad,Gujarat,Clinic,9943,2025-05-07
1846,Vincent Dubey,Male,62,5709289254,Bengaluru,Karnataka,Retail,9892,2022-07-30
1847,Raksha Bansal,Female,50,4007332720,Jaipur,Rajasthan,Hospital,3802,2026-04-02
1848,Jeremiah Mitra,Male,29,4291170194,Pune,Maharashtra,Clinic,9128,2021-08-05
1849,Balveer Baria,Male,37,4490025872,Surat,Gujarat,Retail,4824,2023-03-15
1850,Jai Verma,Male,35,6115076997,Pune,Maharashtra,Retail,1971,2022-12-27
1851,Darsh Verma,Male,35,6746563313,Delhi,Delhi,Retail,4657,2023-06-16
1852,Zarna Gade,Female,45,9078119708,Jaipur,Rajasthan,Clinic,9333,2024-08-13
1853,Gopal Keer,Male,48,7015966363,Rajkot,Gujarat,Hospital,5787,2025-05-16
1854,Vasana Deshmukh,Female,85,6935684877,Ahmedabad,Gujarat,Retail,3794,2023-09-07
1855,Balvan Tata,Male,75,1888464846,Ahmedabad,Gujarat,Clinic,6294,2024-10-30
1856,Umang Dhar,Male,51,5630549621,Indore,Madhya Pradesh,Clinic,6990,2022-10-29
1857,Nilima Dua,Female,26,9857190422,Surat,Gujarat,Hospital,1303,2024-11-18
1858,Ikbal Mital,Male,58,5929029134,Ahmedabad,Gujarat,Hospital,5873,2025-07-12
1859,Abhimanyu Aurora,Male,79,7728138889,Surat,Gujarat,Clinic,4000,2024-08-15
1860,Wahab Pau,Male,33,7600289713,Mumbai,Maharashtra,Hospital,2559,2023-11-26
1861,Maanav Bal,Male,74,9662839831,Indore,Madhya Pradesh,Clinic,1968,2025-11-20
1862,Om Hayre,Male,19,2634371954,Ahmedabad,Gujarat,Hospital,8843,2025-03-10
1863,Daniel Dua,Male,79,4328979989,Delhi,Delhi,Retail,4768,2023-08-17
1864,Anay Tella,Male,62,0255570092,Vadodara,Gujarat,Clinic,533,2021-08-15
1865,Mohammed Lalla,Male,57,9225554937,Mumbai,Maharashtra,Clinic,4677,2022-05-14
1866,Abeer Gara,Male,25,0131400928,Ahmedabad,Gujarat,Clinic,5264,2025-06-05
1867,Anjali Palla,Female,79,1955676289,Rajkot,Gujarat,Hospital,4132,2023-07-26
1868,Lekha Mane,Female,51,7298166169,Bengaluru,Karnataka,Retail,634,2024-07-01
1869,Garima Bir,Female,80,9077129203,Surat,Gujarat,Retail,5170,2024-12-26
1870,Bhavya Hans,Female,70,3928703356,Vadodara,Gujarat,Clinic,6636,2026-02-08
1871,Qushi Ram,Female,81,6279977879,Jaipur,Rajasthan,Retail,8448,2022-11-16
1872,Mekhala Chacko,Female,37,1331824251,Vadodara,Gujarat,Hospital,7756,2026-07-14
1873,Vasana Krishna,Female,27,2878467161,Surat,Gujarat,Clinic,7387,2021-10-14
1874,Pooja Bhatt,Female,34,8945993244,Rajkot,Gujarat,Clinic,8686,2021-10-29
1875,Lavanya Mall,Female,72,7621427781,Rajkot,Gujarat,Retail,7449,2025-12-05
1876,Yatin Kannan,Male,74,3156399972,Bengaluru,Karnataka,Hospital,5043,2024-11-15
1877,Victor Yogi,Male,23,4605859392,Bengaluru,Karnataka,Hospital,9325,2023-04-17
1878,Adya Raghavan,Female,62,9278928132,Pune,Maharashtra,Clinic,3663,2026-05-24
1879,Noah Nadig,Male,66,5243495250,Rajkot,Gujarat,Retail,4739,2026-03-28
1880,Hitesh Hora,Male,24,0227181163,Delhi,Delhi,Hospital,4859,2025-02-15
1881,Zilmil Ravel,Female,28,0095389118,Bengaluru,Karnataka,Hospital,8949,2024-09-06
1882,Ojas Ranganathan,Male,20,1788389280,Bengaluru,Karnataka,Retail,5141,2022-09-13
1883,Wriddhish Mital,Male,52,8585782567,Indore,Madhya Pradesh,Retail,3702,2024-11-24
1884,Megha Kothari,Female,60,3612329023,Pune,Maharashtra,Hospital,12,2022-02-10
1885,Eiravati Chakrabarti,Female,72,7286452012,Bengaluru,Karnataka,Retail,7384,2023-11-28
1886,Sanaya Kunda,Female,70,3388635870,Surat,Gujarat,Clinic,7618,2025-03-31
1887,Zehaan Patla,Male,24,9461599853,Bengaluru,Karnataka,Retail,5353,2022-12-13
1888,Unnati Dixit,Female,34,0077978434,Mumbai,Maharashtra,Retail,2702,2024-09-17
1889,Chaitaly Goswami,Female,45,0057459832,Indore,Madhya Pradesh,Retail,8335,2025-02-26
1890,Falak Nagar,Female,39,6814174730,Indore,Madhya Pradesh,Retail,8898,2023-09-25
1891,Nimrat Datta,Female,68,1996051991,Bengaluru,Karnataka,Clinic,3349,2022-11-15
1892,Xiti Garg,Female,50,5396351672,Ahmedabad,Gujarat,Retail,8921,2023-05-05
1893,Laksh Rastogi,Male,29,6353963025,Jaipur,Rajasthan,Clinic,7966,2025-12-24
1894,Yug Chawla,Male,65,8915987503,Pune,Maharashtra,Clinic,3563,2026-01-13
1895,Diya Balay,Female,48,5096631079,Pune,Maharashtra,Retail,9920,2024-08-14
1896,Wazir Mangal,Male,79,9826779649,Ahmedabad,Gujarat,Clinic,562,2024-05-14
1897,Parth Parmar,Male,80,5912266992,Mumbai,Maharashtra,Retail,186,2021-12-15
1898,Hemani Garde,Female,82,1036362404,Pune,Maharashtra,Retail,1409,2022-08-15
1899,Laksh Subramaniam,Male,36,6741025111,Mumbai,Maharashtra,Hospital,440,2022-02-08
1900,Vedhika Thakkar,Female,50,0108101888,Pune,Maharashtra,Hospital,5555,2025-11-26
1901,Hardik Mann,Male,40,7923093234,Mumbai,Maharashtra,Hospital,8394,2021-07-29
1902,Anita Vyas,Female,79,1036967802,Delhi,Delhi,Retail,5427,2026-03-25
1903,Gayathri Varughese,Female,24,8150194294,Pune,Maharashtra,Retail,6538,2023-06-28
1904,Ronith Sarkar,Male,84,2295034295,Jaipur,Rajasthan,Retail,7621,2024-06-24
1905,Bakhshi Dugar,Male,62,2340403543,Mumbai,Maharashtra,Clinic,3204,2021-10-29
1906,Hemal Madan,Female,84,8715677032,Ahmedabad,Gujarat,Hospital,2377,2021-12-09
1907,Pooja Contractor,Female,36,9799557633,Rajkot,Gujarat,Hospital,3384,2024-10-02
1908,Timothy Chopra,Male,57,6305429525,Mumbai,Maharashtra,Retail,7276,2026-05-11
1909,Qushi Krish,Female,47,6511985217,Pune,Maharashtra,Hospital,7014,2023-09-30
1910,Oviya Mann,Female,27,8719543704,Mumbai,Maharashtra,Hospital,9374,2025-06-11
1911,Jagat Joshi,Male,70,7033962768,Pune,Maharashtra,Retail,6658,2024-12-26
1912,Turvi Maharaj,Female,71,2764720055,Pune,Maharashtra,Retail,2465,2023-05-08
1913,Girindra Chopra,Male,55,2643877190,Surat,Gujarat,Hospital,524,2022-10-11
1914,Yashawini Varghese,Female,25,9825940281,Vadodara,Gujarat,Retail,5373,2026-04-25
1915,Warda Devan,Female,83,9406450781,Jaipur,Rajasthan,Clinic,3396,2026-04-23
1916,Varenya Saraf,Female,71,4712793382,Indore,Madhya Pradesh,Hospital,2815,2022-06-20
1917,Yauvani Dugar,Female,37,4358056362,Jaipur,Rajasthan,Clinic,7594,2025-03-26
1918,Yadavi Halder,Female,20,1357566754,Ahmedabad,Gujarat,Retail,6267,2022-07-20
1919,Jagrati Tiwari,Female,29,0207567182,Vadodara,Gujarat,Hospital,1681,2024-02-23
1920,Eshana Randhawa,Female,47,4592274361,Jaipur,Rajasthan,Clinic,9283,2025-07-16
1921,Lipika Gill,Female,50,1785899492,Indore,Madhya Pradesh,Hospital,7606,2023-05-04
1922,Hemani Rai,Female,72,4673507297,Ahmedabad,Gujarat,Clinic,6617,2022-10-28
1923,Isaiah Raju,Male,45,5583543954,Bengaluru,Karnataka,Hospital,3512,2024-12-21
1924,Lavanya Madan,Female,35,5502298333,Vadodara,Gujarat,Clinic,4683,2023-08-17
1925,Januja Shroff,Female,33,7602235188,Ahmedabad,Gujarat,Clinic,1212,2026-03-20
1926,Owen Comar,Male,68,9640725335,Rajkot,Gujarat,Retail,5699,2024-05-16
1927,Girik Lalla,Male,64,8788605653,Delhi,Delhi,Hospital,2297,2026-06-03
1928,Charita Mall,Female,33,0915671439,Bengaluru,Karnataka,Clinic,174,2022-11-02
1929,Varenya Balakrishnan,Female,21,9935363157,Indore,Madhya Pradesh,Hospital,123,2023-05-19
1930,Karan Sridhar,Male,49,6921829141,Delhi,Delhi,Retail,1538,2022-01-30
1931,Raksha Bobal,Female,75,5227663610,Ahmedabad,Gujarat,Retail,7866,2024-05-29
1932,Ishita Sodhi,Female,20,3981394861,Surat,Gujarat,Hospital,1511,2023-07-06
1933,Samarth Naik,Male,66,9912868722,Indore,Madhya Pradesh,Hospital,9267,2025-05-18
1934,Rohan Subramanian,Male,19,8764678940,Delhi,Delhi,Clinic,6416,2025-12-31
1935,Raksha Kakar,Female,28,8891563826,Bengaluru,Karnataka,Hospital,251,2023-05-06
1936,Yashica Patla,Female,81,7009241305,Surat,Gujarat,Hospital,3915,2026-05-18
1937,Vasana Swaminathan,Female,72,3649062354,Mumbai,Maharashtra,Clinic,5244,2026-05-31
1938,Advay Magar,Male,46,9796549069,Mumbai,Maharashtra,Hospital,2367,2022-03-23
1939,Lopa Atwal,Female,41,8301482854,Indore,Madhya Pradesh,Hospital,7982,2022-09-03
1940,Praneel Chaudhry,Male,47,0612466224,Surat,Gujarat,Retail,5272,2023-04-02
1941,Oscar Muni,Male,35,0283686821,Jaipur,Rajasthan,Clinic,2450,2023-12-25
1942,Anya Wadhwa,Female,61,5531682277,Rajkot,Gujarat,Retail,3621,2025-07-11
1943,Hamsini Chawla,Female,50,6065508600,Rajkot,Gujarat,Clinic,6404,2023-09-03
1944,Nirja Khanna,Female,82,1491779065,Rajkot,Gujarat,Hospital,8806,2024-03-29
1945,Gopal Hayre,Male,80,3906797964,Ahmedabad,Gujarat,Retail,5422,2024-01-12
1946,Jeet Agate,Male,72,3337342562,Vadodara,Gujarat,Hospital,8044,2025-01-30
1947,Faraj Das,Male,71,5298143439,Surat,Gujarat,Retail,3662,2022-12-24
1948,Reva Behl,Female,38,9932509083,Rajkot,Gujarat,Clinic,242,2024-03-29
1949,Yauvani Ghose,Female,58,0145317659,Ahmedabad,Gujarat,Retail,6003,2025-02-05
1950,Mahika Vala,Female,44,0769729200,Delhi,Delhi,Clinic,8018,2024-12-01
1951,Liam Nadkarni,Male,59,1540993155,Jaipur,Rajasthan,Hospital,4456,2023-06-03
1952,Tanish Badami,Male,26,1080753172,Rajkot,Gujarat,Retail,2174,2024-11-01
1953,Lekha Palla,Female,49,2083640668,Ahmedabad,Gujarat,Retail,4098,2026-03-30
1954,Aradhana Khare,Female,41,2920344028,Mumbai,Maharashtra,Clinic,4192,2023-03-05
1955,Vedant Grewal,Male,47,6918191998,Delhi,Delhi,Hospital,9458,2022-01-26
1956,Praneel Talwar,Male,22,9727801811,Pune,Maharashtra,Retail,3183,2026-03-27
1957,Manbir Kaul,Male,75,6587610271,Mumbai,Maharashtra,Hospital,4683,2025-08-11
1958,Samesh Rama,Male,58,9998867496,Indore,Madhya Pradesh,Hospital,4299,2022-07-18
1959,Ati Sharaf,Female,50,2617285327,Delhi,Delhi,Hospital,3422,2025-09-16
1960,Warinder Sha,Male,32,1998864060,Ahmedabad,Gujarat,Hospital,9985,2024-02-26
1961,Xavier Kata,Male,61,0292545307,Pune,Maharashtra,Clinic,8662,2022-06-07
1962,Kamala Batta,Female,69,7149028011,Jaipur,Rajasthan,Clinic,4963,2021-09-13
1963,Ojas Dugar,Male,51,2697966913,Bengaluru,Karnataka,Clinic,3210,2021-12-21
1964,Theodore Banik,Male,82,0671446418,Rajkot,Gujarat,Hospital,7900,2021-11-23
1965,Wridesh Jayaraman,Male,64,5070443348,Vadodara,Gujarat,Clinic,1645,2024-08-16
1966,Brinda Sabharwal,Female,35,6487762158,Rajkot,Gujarat,Hospital,7787,2024-10-07
1967,Charles Mangal,Male,68,8184124384,Jaipur,Rajasthan,Hospital,2012,2026-02-04
1968,Qadim Mand,Male,69,7569627579,Surat,Gujarat,Hospital,2664,2022-04-10
1969,Anay Raval,Male,59,7374608016,Jaipur,Rajasthan,Retail,3166,2025-03-28
1970,Alexander Parikh,Male,42,3186033968,Ahmedabad,Gujarat,Clinic,8895,2021-09-18
1971,Baljiwan Dewan,Male,48,5038643968,Ahmedabad,Gujarat,Retail,8312,2022-05-11
1972,Ojas Ganguly,Male,52,2642310170,Pune,Maharashtra,Retail,3613,2021-09-30
1973,Veda Bhat,Female,72,7278895484,Indore,Madhya Pradesh,Clinic,1028,2026-05-22
1974,Rachana Subramaniam,Female,25,6333197188,Bengaluru,Karnataka,Retail,4011,2024-01-08
1975,Rajata Char,Female,53,4522122047,Indore,Madhya Pradesh,Hospital,6251,2021-08-03
1976,Eta Talwar,Female,19,7669262448,Bengaluru,Karnataka,Hospital,9803,2022-05-06
1977,Dhriti Majumdar,Female,41,3269972294,Delhi,Delhi,Hospital,4294,2021-12-04
1978,Barkha Sule,Female,42,7549256953,Jaipur,Rajasthan,Retail,3681,2023-11-10
1979,Ekiya Mukherjee,Female,48,5732157725,Pune,Maharashtra,Retail,162,2025-05-08
1980,Zilmil Samra,Female,46,5684801969,Bengaluru,Karnataka,Clinic,1773,2024-04-21
1981,Gautam Varghese,Male,45,8027982851,Mumbai,Maharashtra,Clinic,6858,2024-11-21
1982,Eshana Gokhale,Female,37,0017680941,Surat,Gujarat,Hospital,4645,2022-04-06
1983,Lakshit Khalsa,Male,67,7219704977,Surat,Gujarat,Retail,1753,2024-08-07
1984,Pranit Wadhwa,Male,82,2042801278,Jaipur,Rajasthan,Clinic,6038,2024-04-04
1985,Warjas Wable,Male,84,3377944252,Indore,Madhya Pradesh,Hospital,2403,2021-07-19
1986,Mason Warrior,Male,80,4556322000,Surat,Gujarat,Clinic,3548,2023-01-14
1987,Jonathan Goyal,Male,44,3382978218,Rajkot,Gujarat,Hospital,6754,2024-12-28
1988,Maanav Oak,Male,61,6792144909,Mumbai,Maharashtra,Hospital,651,2022-08-10
1989,Meghana Banerjee,Female,21,9382308054,Surat,Gujarat,Retail,4018,2024-05-10
1990,Gaurang Sastry,Male,83,3144169063,Bengaluru,Karnataka,Clinic,6946,2025-04-05
1991,Turvi Chopra,Female,70,6903992744,Rajkot,Gujarat,Retail,7104,2025-03-10
1992,Kiaan Butala,Male,59,0110882163,Delhi,Delhi,Hospital,1383,2026-05-18
1993,Vanya Sharma,Female,58,9787543245,Jaipur,Rajasthan,Clinic,7593,2021-07-30
1994,Sarthak Dhaliwal,Male,65,0242583184,Delhi,Delhi,Clinic,7963,2023-07-29
1995,Unnati Jain,Female,19,5495827658,Vadodara,Gujarat,Hospital,9629,2021-11-13
1996,Fitan Saraf,Male,20,4195929867,Rajkot,Gujarat,Hospital,2405,2025-06-02
1997,Vasudha Saraf,Female,44,4169790324,Bengaluru,Karnataka,Retail,4195,2025-10-31
1998,Aarna Savant,Female,30,3445942738,Delhi,Delhi,Hospital,453,2025-09-28
1999,Gaurika Setty,Female,59,0361238111,Ahmedabad,Gujarat,Retail,7355,2026-07-05
2000,Anvi Radhakrishnan,Female,69,7723325320,Ahmedabad,Gujarat,Retail,3885,2021-10-03
2001,Jeremiah Taneja,Male,80,6183876286,Rajkot,Gujarat,Retail,493,2022-04-29
2002,Aashi Vaidya,Female,33,4202260899,Indore,Madhya Pradesh,Retail,1801,2022-12-17
2003,Liam Sekhon,Male,29,8089112177,Jaipur,Rajasthan,Clinic,1463,2023-06-19
2004,Wishi Bedi,Female,52,6569866085,Surat,Gujarat,Hospital,9715,2023-06-21
2005,Ishwar Sagar,Male,41,4482628201,Ahmedabad,Gujarat,Clinic,9045,2022-06-04
2006,Akshay Jayaraman,Male,47,7374873786,Bengaluru,Karnataka,Hospital,5666,2024-05-05
2007,Irya Deshpande,Female,82,2291714047,Bengaluru,Karnataka,Retail,9155,2025-12-08
2008,David Date,Male,31,1257277458,Surat,Gujarat,Hospital,7760,2021-08-04
2009,Omkaar Bala,Male,38,7868173743,Surat,Gujarat,Hospital,9106,2023-06-17
2010,Qarin Dutta,Male,29,8372911180,Ahmedabad,Gujarat,Retail,8131,2021-08-17
2011,Liam Chakrabarti,Male,26,2469090967,Jaipur,Rajasthan,Hospital,304,2024-02-01
2012,Janya Ramanathan,Female,49,3698136635,Bengaluru,Karnataka,Retail,2511,2023-07-13
2013,Dayita Divan,Female,48,7052879008,Delhi,Delhi,Retail,1867,2023-10-27
2014,Janaki Narain,Female,62,6477889649,Delhi,Delhi,Clinic,7165,2026-05-11
2015,Darsh Kata,Male,69,0886620141,Vadodara,Gujarat,Clinic,8447,2022-07-30
2016,Aahana Suresh,Female,62,2268295347,Vadodara,Gujarat,Retail,7671,2026-06-28
2017,Neelima Kaur,Female,42,5892828037,Jaipur,Rajasthan,Clinic,3431,2025-06-02
2018,Qabil Manne,Male,66,4533406245,Mumbai,Maharashtra,Hospital,1454,2025-11-26
2019,Agastya Bansal,Male,20,3787110821,Jaipur,Rajasthan,Clinic,1279,2024-03-11
2020,Simon Wadhwa,Male,77,0735671220,Vadodara,Gujarat,Clinic,4983,2022-09-13
2021,Ekaraj Bhardwaj,Male,84,4999370778,Vadodara,Gujarat,Hospital,8879,2023-03-29
2022,Xavier Mand,Male,63,2990665939,Jaipur,Rajasthan,Hospital,8302,2025-01-06
2023,Baljiwan Bhalla,Male,84,9436781438,Jaipur,Rajasthan,Retail,3217,2024-10-13
2024,Devika Chandran,Female,20,1183745688,Bengaluru,Karnataka,Hospital,9733,2024-07-26
2025,Upasna Setty,Female,57,1777869432,Bengaluru,Karnataka,Hospital,1816,2022-06-15
2026,Hritik Bava,Male,23,9880815792,Jaipur,Rajasthan,Hospital,5500,2022-02-01
2027,Chanakya Deo,Male,69,2509170503,Mumbai,Maharashtra,Retail,7449,2022-10-21
2028,Priya Khalsa,Female,22,8247646110,Ahmedabad,Gujarat,Clinic,9990,2023-12-04
2029,Anirudh Lad,Male,71,7062352775,Rajkot,Gujarat,Clinic,2893,2025-01-06
2030,Yashawini Parsa,Female,85,8980381786,Delhi,Delhi,Hospital,5743,2024-05-13
2031,Krish Khalsa,Male,49,0107578278,Delhi,Delhi,Hospital,894,2022-01-07
2032,Logan Patla,Male,40,1343819319,Jaipur,Rajasthan,Retail,305,2025-02-20
2033,Jagvi Samra,Female,61,0989762612,Indore,Madhya Pradesh,Clinic,9364,2023-05-21
2034,Aarnav Kuruvilla,Male,76,1479545693,Surat,Gujarat,Clinic,4329,2023-11-11
2035,Gaurika Arora,Female,35,2733408499,Surat,Gujarat,Clinic,1353,2022-02-14
2036,Kamala Varghese,Female,56,7268841669,Bengaluru,Karnataka,Retail,7273,2025-10-11
2037,Sai Batra,Female,28,0125469949,Rajkot,Gujarat,Hospital,3556,2024-04-30
2038,Bahadurjit Chander,Male,67,6873031083,Rajkot,Gujarat,Clinic,7296,2026-06-21
2039,Anya Seth,Female,50,5917775601,Jaipur,Rajasthan,Clinic,5139,2024-04-26
2040,Reva Sheth,Female,54,1408737386,Ahmedabad,Gujarat,Clinic,7445,2021-07-17
2041,Idika Mohanty,Female,76,1606930570,Pune,Maharashtra,Clinic,5407,2021-08-23
2042,Qarin Barad,Male,69,9237962715,Surat,Gujarat,Hospital,6293,2025-05-15
2043,Aadi Murty,Male,39,0707995257,Surat,Gujarat,Retail,204,2022-07-23
2044,Yash Kala,Male,19,0718325193,Bengaluru,Karnataka,Retail,9924,2022-08-05
2045,Viraj Mukherjee,Male,59,8143133720,Pune,Maharashtra,Retail,5286,2024-06-13
2046,Frado Gour,Male,82,8068933093,Jaipur,Rajasthan,Retail,6212,2023-01-03
2047,Mahika Upadhyay,Female,71,8281764711,Pune,Maharashtra,Retail,978,2022-04-22
2048,William Chowdhury,Male,69,0713323224,Vadodara,Gujarat,Retail,5665,2025-12-28
2049,Girik Vig,Male,40,4896292335,Delhi,Delhi,Hospital,8068,2024-10-01
2050,Vedant Nadig,Male,70,0254116965,Indore,Madhya Pradesh,Clinic,6847,2022-03-03
2051,Ryan Mand,Male,71,1347790920,Indore,Madhya Pradesh,Clinic,8866,2025-12-08
2052,Hemang Sawhney,Male,49,5713765976,Surat,Gujarat,Hospital,7126,2023-11-25
2053,Arjun Nayar,Male,53,3089548335,Ahmedabad,Gujarat,Retail,1910,2025-05-29
2054,Charita Handa,Female,19,7125211016,Surat,Gujarat,Clinic,8255,2026-01-02
2055,Pallavi Oza,Female,80,5799302536,Vadodara,Gujarat,Clinic,8463,2022-04-10
2056,Adya Sheth,Female,62,1107167004,Delhi,Delhi,Hospital,1334,2024-12-07
2057,Samesh Khare,Male,35,8890440720,Surat,Gujarat,Clinic,386,2025-01-22
2058,Ayushman Chanda,Male,68,7319432933,Pune,Maharashtra,Hospital,4308,2021-07-24
2059,Wakeeta Kota,Female,63,7042083673,Delhi,Delhi,Retail,886,2023-11-04
2060,Wishi Krishnamurthy,Female,69,6681241000,Bengaluru,Karnataka,Retail,6824,2024-07-29
2061,Wahab Talwar,Male,70,5072730805,Mumbai,Maharashtra,Clinic,5386,2023-10-08
2062,Libni Narain,Female,43,1783889680,Bengaluru,Karnataka,Hospital,1236,2025-04-08
2063,Nitara Ahuja,Female,77,2172822352,Surat,Gujarat,Hospital,5132,2022-02-20
2064,Ridhi Luthra,Female,61,5082373481,Mumbai,Maharashtra,Retail,9564,2022-05-16
2065,Harini Goda,Female,77,7728219504,Surat,Gujarat,Clinic,6304,2025-03-22
2066,Qasim Keer,Male,22,2509783554,Delhi,Delhi,Hospital,6652,2021-08-20
2067,Utkarsh Bhardwaj,Male,69,0873119941,Bengaluru,Karnataka,Hospital,3315,2025-06-24
2068,Nachiket Krish,Male,31,5096653999,Delhi,Delhi,Hospital,5401,2023-11-06
2069,Vasatika Krishnan,Female,58,3553691731,Indore,Madhya Pradesh,Clinic,2353,2025-01-16
2070,Finn Modi,Male,21,6752980609,Bengaluru,Karnataka,Clinic,7326,2026-01-17
2071,Madhavi Batra,Female,20,2841012589,Mumbai,Maharashtra,Hospital,8098,2024-01-06
2072,Tejas Sabharwal,Male,66,9180250752,Indore,Madhya Pradesh,Retail,3262,2023-09-17
2073,Jeet Atwal,Male,60,0231206469,Indore,Madhya Pradesh,Clinic,4700,2023-02-23
2074,Warda Sidhu,Female,31,8868830143,Indore,Madhya Pradesh,Clinic,9953,2025-02-10
2075,Nihal Singh,Male,71,8670911310,Vadodara,Gujarat,Clinic,8741,2024-12-30
2076,Manthan Menon,Male,42,5341945688,Jaipur,Rajasthan,Retail,9113,2023-04-12
2077,Nathan Taneja,Male,56,0150395143,Jaipur,Rajasthan,Clinic,2921,2024-10-18
2078,Zayan Thaman,Male,21,0224098793,Bengaluru,Karnataka,Retail,8835,2025-06-21
2079,Vihaan Sagar,Male,52,9773936951,Bengaluru,Karnataka,Hospital,6230,2023-01-26
2080,Samaksh Choudhury,Male,25,9508717288,Delhi,Delhi,Retail,7241,2024-01-28
2081,Zayan Reddy,Male,25,9466716135,Surat,Gujarat,Retail,468,2023-06-28
2082,Pratyush Kadakia,Male,22,3094632834,Bengaluru,Karnataka,Clinic,5790,2025-10-13
2083,Ekaraj Butala,Male,31,3272466994,Rajkot,Gujarat,Clinic,4540,2022-01-15
2084,Chanakya Magar,Male,48,5608412936,Indore,Madhya Pradesh,Clinic,7011,2023-09-02
2085,Kashvi Prabhu,Female,59,8261569142,Bengaluru,Karnataka,Retail,211,2025-07-21
2086,Lakshmi Sastry,Female,63,1650060228,Bengaluru,Karnataka,Hospital,3275,2025-03-01
2087,Vidhi Tella,Female,29,8696303054,Mumbai,Maharashtra,Retail,9915,2021-08-18
2088,Vrinda Doctor,Female,38,6304071298,Mumbai,Maharashtra,Hospital,5689,2022-07-14
2089,Rachit Nagarajan,Male,74,7083224739,Delhi,Delhi,Retail,8926,2022-05-24
2090,Gopal Cherian,Male,33,4497800651,Indore,Madhya Pradesh,Hospital,5351,2022-04-15
2091,Anirudh Sabharwal,Male,42,9651306778,Indore,Madhya Pradesh,Retail,4391,2025-03-26
2092,Hema Ghosh,Female,37,3450863025,Delhi,Delhi,Hospital,604,2026-04-28
2093,Gopal Chaudhary,Male,83,3002916799,Ahmedabad,Gujarat,Retail,2597,2025-02-21
2094,Timothy Bahri,Male,72,5893132219,Ahmedabad,Gujarat,Retail,9013,2022-03-02
2095,Ekantika Bedi,Female,38,0525707029,Delhi,Delhi,Hospital,7610,2025-07-11
2096,Omisha Mohan,Female,54,6101562423,Indore,Madhya Pradesh,Clinic,4447,2022-01-26
2097,Balveer Pai,Male,32,0255783594,Jaipur,Rajasthan,Hospital,6623,2022-05-11
2098,Pranav Shah,Male,51,1049867654,Bengaluru,Karnataka,Hospital,2386,2024-08-31
2099,Ria Jhaveri,Female,63,4946753433,Indore,Madhya Pradesh,Hospital,2065,2022-05-14
2100,Udyati Issac,Female,49,5000348404,Bengaluru,Karnataka,Hospital,6104,2023-08-19
2101,Avni Joshi,Female,75,6096476628,Surat,Gujarat,Retail,3078,2021-12-24
2102,Hamsini Nagy,Female,48,9892986145,Vadodara,Gujarat,Hospital,3922,2021-12-22
2103,Aarnav Dhar,Male,75,7153154124,Jaipur,Rajasthan,Clinic,4617,2022-01-17
2104,Sneha Vaidya,Female,37,0162194885,Delhi,Delhi,Retail,6019,2026-05-07
2105,Yuvraj Dua,Male,35,5792674587,Bengaluru,Karnataka,Clinic,1719,2024-10-18
2106,Wishi Oommen,Female,68,8239453561,Ahmedabad,Gujarat,Retail,9969,2022-09-07
2107,Bahadurjit Buch,Male,28,6391813625,Ahmedabad,Gujarat,Retail,3909,2023-08-12
2108,Arunima Chhabra,Female,19,6203279958,Surat,Gujarat,Clinic,2579,2023-10-22
2109,Balendra Dugal,Male,22,5844380096,Rajkot,Gujarat,Retail,1351,2024-12-08
2110,Chandresh Sinha,Male,85,2953103466,Bengaluru,Karnataka,Retail,9314,2025-05-11
2111,Lajita Narayan,Female,51,3459044214,Rajkot,Gujarat,Hospital,6063,2022-07-14
2112,Henry Ravi,Male,19,3923006259,Vadodara,Gujarat,Hospital,7493,2024-10-30
2113,Xavier Sastry,Male,79,6439008168,Ahmedabad,Gujarat,Hospital,5267,2022-01-02
2114,Abdul Khalsa,Male,59,6064291628,Rajkot,Gujarat,Retail,533,2023-09-04
2115,Nidhi Zacharia,Female,69,6235810934,Indore,Madhya Pradesh,Hospital,4680,2025-06-04
2116,Panini Tiwari,Female,20,1231806645,Ahmedabad,Gujarat,Clinic,418,2024-07-08
2117,Thomas Doshi,Male,61,8325018933,Indore,Madhya Pradesh,Clinic,2269,2026-04-14
2118,Shaurya Brar,Male,67,2921609714,Mumbai,Maharashtra,Clinic,579,2021-09-30
2119,Utkarsh Oommen,Male,57,0928804352,Indore,Madhya Pradesh,Hospital,2264,2023-08-28
2120,Sudiksha Sangha,Female,83,4647703210,Vadodara,Gujarat,Clinic,3799,2025-04-19
2121,Eiravati Kale,Female,76,5064507663,Ahmedabad,Gujarat,Hospital,4658,2025-07-07
2122,Indrajit Dani,Male,75,6444165047,Surat,Gujarat,Clinic,1901,2026-06-13
2123,Gabriel Tara,Male,85,4814010494,Vadodara,Gujarat,Retail,4304,2022-10-05
2124,Watika Sami,Female,47,9585408715,Ahmedabad,Gujarat,Clinic,7257,2022-02-08
2125,Parth Salvi,Male,23,2488421719,Pune,Maharashtra,Clinic,3658,2023-03-31
2126,Xavier Keer,Male,68,1109106373,Surat,Gujarat,Retail,8381,2023-08-20
2127,Qasim Rajan,Male,70,9842065455,Jaipur,Rajasthan,Retail,4056,2025-10-12
2128,Hemani Raghavan,Female,35,4990629006,Jaipur,Rajasthan,Retail,4037,2022-12-17
2129,Charita Zacharia,Female,75,7480546912,Indore,Madhya Pradesh,Retail,6152,2025-12-13
2130,Chasmum Nagy,Female,28,6796522854,Mumbai,Maharashtra,Clinic,727,2023-07-21
2131,Sara Parekh,Female,84,8197273716,Surat,Gujarat,Hospital,7142,2026-04-17
2132,Orinder Sane,Male,35,6698860826,Mumbai,Maharashtra,Retail,1613,2024-10-04
2133,Dipta Om,Female,45,0731738965,Pune,Maharashtra,Clinic,9714,2024-07-26
2134,Darpan Kothari,Male,41,4961856723,Jaipur,Rajasthan,Retail,976,2025-08-31
2135,Advik Shenoy,Male,71,5377600966,Surat,Gujarat,Hospital,4507,2026-07-07
2136,Zashil Radhakrishnan,Male,81,7454495676,Indore,Madhya Pradesh,Clinic,8083,2024-05-05
2137,Praneel Vora,Male,26,7665998776,Indore,Madhya Pradesh,Hospital,8412,2023-01-31
2138,Qushi Dhillon,Female,83,6848297108,Delhi,Delhi,Retail,3029,2024-03-20
2139,Pahal Grewal,Female,18,8815793016,Bengaluru,Karnataka,Retail,2598,2025-11-17
2140,Rehaan Karan,Male,22,9290560807,Rajkot,Gujarat,Clinic,318,2021-07-17
2141,Darsh Dara,Male,19,7464333194,Jaipur,Rajasthan,Retail,5748,2022-04-24
2142,Noah Ganesh,Male,52,4638048960,Vadodara,Gujarat,Clinic,4073,2023-08-24
2143,Gayathri Chowdhury,Female,30,2582688051,Bengaluru,Karnataka,Clinic,9685,2021-12-17
2144,Ucchal Borde,Female,40,5387362173,Mumbai,Maharashtra,Clinic,9156,2025-11-12
2145,Nakul Ben,Male,54,0476445991,Mumbai,Maharashtra,Clinic,4089,2022-06-12
2146,Harshil Pai,Male,33,3831827799,Bengaluru,Karnataka,Clinic,3499,2021-07-29
2147,Gunbir Palan,Male,31,4236562170,Vadodara,Gujarat,Hospital,5842,2026-06-23
2148,Garima Raj,Female,58,1056581367,Rajkot,Gujarat,Clinic,4810,2025-02-21
2149,Girish Sachar,Male,47,4724886286,Indore,Madhya Pradesh,Retail,5542,2025-11-11
2150,Harita Tak,Female,66,3792061028,Rajkot,Gujarat,Hospital,4638,2025-03-29
2151,Zinal Bali,Female,77,3425752246,Pune,Maharashtra,Clinic,84,2022-05-09
2152,Guneet Kaul,Male,67,5232282710,Ahmedabad,Gujarat,Clinic,7013,2023-05-28
2153,Girik Lalla,Male,66,9160218315,Surat,Gujarat,Hospital,1356,2023-12-20
2154,Jeremiah Purohit,Male,59,8026079205,Surat,Gujarat,Hospital,2254,2021-12-18
2155,Gavin Butala,Male,71,6351652462,Ahmedabad,Gujarat,Retail,119,2025-08-24
2156,Radhika Chander,Female,43,9344089797,Pune,Maharashtra,Retail,8535,2023-05-04
2157,Simon Brar,Male,45,0342101719,Surat,Gujarat,Retail,6340,2025-11-20
2158,Chakrika Sachdev,Female,62,9190455635,Vadodara,Gujarat,Retail,6721,2023-02-23
2159,Ria Lad,Female,27,9735579210,Jaipur,Rajasthan,Hospital,7567,2024-04-24
2160,Aadhya Comar,Female,67,6621490309,Jaipur,Rajasthan,Retail,4542,2025-10-27
2161,Rehaan Bahl,Male,78,7566325052,Indore,Madhya Pradesh,Hospital,1517,2025-01-16
2162,Samarth Varty,Male,71,9098785247,Rajkot,Gujarat,Clinic,6902,2025-09-25
2163,Libni Nagi,Female,85,0482360368,Delhi,Delhi,Hospital,8225,2022-02-17
2164,Nathan Ahluwalia,Male,31,6671477006,Jaipur,Rajasthan,Clinic,4519,2026-07-04
2165,Mason Dayal,Male,36,7072839954,Surat,Gujarat,Clinic,2792,2023-10-06
2166,Chavvi Kuruvilla,Female,30,4283821111,Bengaluru,Karnataka,Retail,4275,2025-08-20
2167,Teerth Kibe,Male,42,5122570821,Rajkot,Gujarat,Hospital,1684,2024-10-13
2168,Qabil Deep,Male,82,5520817594,Mumbai,Maharashtra,Clinic,2039,2022-03-24
2169,Hredhaan Wagle,Male,57,7015505999,Mumbai,Maharashtra,Clinic,5506,2023-12-04
2170,Anya Sani,Female,71,3799423126,Indore,Madhya Pradesh,Clinic,8719,2026-04-12
2171,Michael Sankar,Male,26,8301329928,Pune,Maharashtra,Clinic,3980,2025-01-29
2172,Mohammed Venkataraman,Male,32,4390880579,Indore,Madhya Pradesh,Hospital,5956,2023-01-22
2173,Ekani Kapoor,Female,52,8421967453,Bengaluru,Karnataka,Retail,815,2025-07-07
2174,Gavin Koshy,Male,39,9948076739,Bengaluru,Karnataka,Retail,8870,2024-08-20
2175,Qarin Mohan,Male,55,0352750539,Delhi,Delhi,Retail,4533,2025-01-10
2176,Elijah Bora,Male,44,6351169736,Rajkot,Gujarat,Retail,6468,2022-11-17
2177,Chasmum Kade,Female,65,7225509843,Jaipur,Rajasthan,Hospital,1399,2023-08-14
2178,Ethan Walia,Male,72,1375170291,Indore,Madhya Pradesh,Clinic,4943,2023-12-19
2179,Falguni Nanda,Female,37,3509033622,Delhi,Delhi,Retail,2745,2023-02-02
2180,Saksham Garg,Male,64,7801216368,Surat,Gujarat,Hospital,7108,2024-08-25
2181,Damini Kurian,Female,79,4915247147,Rajkot,Gujarat,Hospital,1721,2022-11-12
2182,Eesha Sachar,Female,66,3420105061,Pune,Maharashtra,Clinic,4486,2025-01-12
2183,Faris Kothari,Male,59,5464854856,Bengaluru,Karnataka,Retail,5077,2024-01-21
2184,Jagvi Sarma,Female,59,9215715446,Ahmedabad,Gujarat,Hospital,2058,2024-11-15
2185,Alka Sekhon,Female,56,5534238443,Vadodara,Gujarat,Clinic,5249,2023-10-18
2186,Ayush Dhillon,Male,84,5378561962,Vadodara,Gujarat,Clinic,7796,2022-01-26
2187,Varsha Venkatesh,Female,60,1778369278,Jaipur,Rajasthan,Clinic,9824,2021-11-05
2188,Arya Andra,Female,46,8790458618,Indore,Madhya Pradesh,Retail,7996,2024-03-20
2189,Aadi Rai,Male,73,5392850630,Delhi,Delhi,Retail,8952,2025-10-17
2190,Vritti Ranganathan,Female,41,3469039420,Ahmedabad,Gujarat,Retail,8558,2022-06-24
2191,Kabir Ahluwalia,Male,45,8241044894,Pune,Maharashtra,Clinic,5509,2022-07-03
2192,Amol Gupta,Male,79,3376098232,Vadodara,Gujarat,Clinic,284,2022-10-09
2193,Rajeshri Balakrishnan,Female,57,4591938762,Indore,Madhya Pradesh,Retail,1539,2024-12-27
2194,Ayaan Bassi,Male,75,7250472465,Indore,Madhya Pradesh,Retail,8894,2022-03-11
2195,Imaran Kapur,Male,65,4182805407,Mumbai,Maharashtra,Retail,4787,2024-06-05
2196,Upadhriti Arora,Female,56,0780491788,Rajkot,Gujarat,Clinic,3784,2023-09-23
2197,Janya Goel,Female,65,5457406004,Surat,Gujarat,Clinic,7946,2026-01-15
2198,Samuel Deep,Male,51,7861117789,Rajkot,Gujarat,Retail,6804,2024-09-19
2199,Sachi Dada,Female,73,0954535068,Pune,Maharashtra,Hospital,3763,2022-08-26
2200,Waida Dasgupta,Female,81,8545432366,Delhi,Delhi,Clinic,4872,2022-04-14
2201,Onveer Borra,Male,85,2817040523,Vadodara,Gujarat,Retail,5424,2025-04-12
2202,Bhavna Sani,Female,81,6574212967,Rajkot,Gujarat,Retail,7526,2026-03-17
2203,Harinakshi Borra,Female,73,9264124415,Indore,Madhya Pradesh,Clinic,8450,2021-11-05
2204,Mohammed Tiwari,Male,29,8757770006,Mumbai,Maharashtra,Hospital,8102,2024-01-13
2205,Dayita Chakrabarti,Female,75,4649286671,Mumbai,Maharashtra,Hospital,2780,2025-09-10
2206,Harinakshi Krishnamurthy,Female,76,9980096087,Vadodara,Gujarat,Retail,1847,2025-09-27
2207,Hemal Brahmbhatt,Female,71,1922587488,Pune,Maharashtra,Clinic,6108,2023-07-16
2208,Balvan Mammen,Male,50,6293004244,Bengaluru,Karnataka,Clinic,9630,2025-12-11
2209,Keya Khanna,Female,56,8844737373,Vadodara,Gujarat,Hospital,1661,2024-09-29
2210,Anya Saha,Female,83,9675631893,Bengaluru,Karnataka,Retail,4605,2024-05-25
2211,Jonathan Handa,Male,66,8417411368,Pune,Maharashtra,Hospital,10000,2025-01-13
2212,Qasim Mand,Male,38,3251585227,Pune,Maharashtra,Hospital,2516,2023-03-27
2213,Warhi Dara,Female,47,1500672769,Pune,Maharashtra,Hospital,7969,2021-08-16
2214,Brijesh Wali,Male,76,8880455517,Bengaluru,Karnataka,Hospital,3445,2023-07-29
2215,Megha Kapoor,Female,34,2597424056,Pune,Maharashtra,Retail,7226,2023-01-11
2216,Prisha Naik,Female,26,4633799909,Bengaluru,Karnataka,Retail,567,2025-04-04
2217,Naksh Chaudhry,Male,82,8513081417,Vadodara,Gujarat,Hospital,6746,2023-05-24
2218,Liam Badal,Male,50,1661160844,Indore,Madhya Pradesh,Retail,5256,2022-06-13
2219,Tanvi Krishna,Female,65,6483678838,Mumbai,Maharashtra,Retail,6044,2022-06-15
2220,Frederick Srivastava,Male,62,2297866835,Pune,Maharashtra,Hospital,106,2025-05-29
2221,Jyoti Bajwa,Female,43,7184237109,Indore,Madhya Pradesh,Clinic,7974,2025-10-27
2222,Zayan Yogi,Male,69,6786668191,Vadodara,Gujarat,Clinic,8959,2024-02-01
2223,Max Tank,Male,20,4983927071,Ahmedabad,Gujarat,Hospital,9036,2023-12-19
2224,Madhav Parikh,Male,74,1182360458,Delhi,Delhi,Hospital,1409,2024-02-14
2225,Tamanna Thakkar,Female,69,3717593187,Mumbai,Maharashtra,Hospital,9768,2023-05-21
2226,Dalbir Nair,Male,69,4105048362,Rajkot,Gujarat,Retail,4060,2022-01-06
2227,Henry Dayal,Male,85,1900463214,Surat,Gujarat,Retail,9249,2024-09-16
2228,Aarush Tailor,Male,81,9855127324,Mumbai,Maharashtra,Hospital,1236,2026-06-24
2229,Unni Kara,Female,61,9377934202,Ahmedabad,Gujarat,Clinic,4178,2024-05-14
2230,Karan Master,Male,77,9564030504,Vadodara,Gujarat,Retail,8289,2025-03-08
2231,Ekantika Kant,Female,62,8360818545,Indore,Madhya Pradesh,Hospital,6433,2023-02-14
2232,David Bir,Male,61,4237034108,Bengaluru,Karnataka,Clinic,2283,2023-06-18
2233,Kashish Yohannan,Female,76,8689413434,Rajkot,Gujarat,Hospital,8116,2026-05-18
2234,Tarak Mangal,Male,33,3504614838,Jaipur,Rajasthan,Retail,1401,2024-05-09
2235,Jatin Pai,Male,82,2931279498,Ahmedabad,Gujarat,Clinic,8712,2023-01-29
2236,Lakshmi Misra,Female,45,6509628607,Surat,Gujarat,Hospital,1293,2022-12-21
2237,Januja Nagar,Female,22,2533265884,Ahmedabad,Gujarat,Retail,4135,2021-11-24
2238,Kamya Devi,Female,74,9372357274,Surat,Gujarat,Retail,4521,2023-05-25
2239,Ira Jani,Female,46,0027667786,Bengaluru,Karnataka,Clinic,3074,2023-11-07
2240,Omkaar Pal,Male,85,9639031630,Ahmedabad,Gujarat,Hospital,9121,2022-03-04
2241,Aashi Sabharwal,Female,78,0296641032,Jaipur,Rajasthan,Hospital,3304,2026-02-11
2242,Kiaan Bal,Male,19,5094200299,Bengaluru,Karnataka,Retail,7153,2026-04-20
2243,Gavin Sachdev,Male,46,1330179563,Rajkot,Gujarat,Clinic,2447,2024-03-07
2244,Prisha Lall,Female,50,0276548034,Jaipur,Rajasthan,Retail,4178,2022-11-15
2245,Lucky Yadav,Male,82,9167506840,Surat,Gujarat,Hospital,9622,2024-01-20
2246,Rayaan Lal,Male,80,8526704485,Mumbai,Maharashtra,Retail,9197,2021-11-23
2247,Dalbir Keer,Male,30,5414679425,Pune,Maharashtra,Clinic,2212,2023-11-01
2248,Nimrat Om,Female,22,9555945038,Rajkot,Gujarat,Clinic,2882,2026-02-25
2249,Eshana Shetty,Female,65,1838225410,Mumbai,Maharashtra,Retail,7163,2025-07-07
2250,Gautam Sachdev,Male,62,1846655849,Bengaluru,Karnataka,Retail,6985,2023-07-16
2251,Charita Divan,Female,80,7748209888,Surat,Gujarat,Hospital,8504,2025-02-02
2252,Vansha Goda,Female,40,4041733761,Rajkot,Gujarat,Clinic,5488,2026-01-05
2253,Lipika Sura,Female,30,0031500447,Indore,Madhya Pradesh,Clinic,5870,2025-08-23
2254,Oscar Sehgal,Male,36,2236027598,Delhi,Delhi,Clinic,9779,2023-10-06
2255,Alexander Chand,Male,66,4182776653,Surat,Gujarat,Clinic,2259,2026-03-19
2256,Lekha Wadhwa,Female,75,2105213688,Surat,Gujarat,Hospital,107,2023-02-19
2257,Sanya Jhaveri,Female,24,0262397955,Vadodara,Gujarat,Retail,9351,2026-01-27
2258,Vidhi Palan,Female,67,8969449440,Jaipur,Rajasthan,Retail,1470,2024-06-04
2259,Rudra Dasgupta,Male,46,8583248399,Indore,Madhya Pradesh,Hospital,157,2024-01-29
2260,Ria Bhat,Female,55,7974812874,Mumbai,Maharashtra,Hospital,4814,2023-02-01
2261,Lila More,Female,84,4532023104,Indore,Madhya Pradesh,Retail,2834,2024-12-15
2262,Abhimanyu Doshi,Male,45,4680712308,Pune,Maharashtra,Hospital,8146,2021-10-28
2263,Ronith Bajaj,Male,44,9489421965,Bengaluru,Karnataka,Hospital,5325,2022-03-11
2264,Ekiya Dhawan,Female,50,8476751203,Indore,Madhya Pradesh,Clinic,3547,2026-04-27
2265,Mitali Naik,Female,44,3112100316,Surat,Gujarat,Hospital,5790,2023-06-10
2266,Qabil Nadig,Male,61,2768479688,Rajkot,Gujarat,Hospital,1758,2026-06-04
2267,Advay Sami,Male,72,0466723073,Delhi,Delhi,Clinic,9091,2022-09-28
2268,Vamakshi Kumer,Female,62,2994067027,Bengaluru,Karnataka,Hospital,780,2022-05-17
2269,Chakradhar Tata,Male,54,3485969232,Delhi,Delhi,Retail,1745,2024-08-25
2270,Vincent Bhandari,Male,50,9380113246,Delhi,Delhi,Clinic,7704,2021-08-11
2271,Ryan Bhavsar,Male,72,6522185800,Rajkot,Gujarat,Hospital,4821,2025-06-04
2272,Parth Rana,Male,59,5931702479,Jaipur,Rajasthan,Retail,7857,2022-12-31
2273,Krish Khare,Male,53,8744165876,Delhi,Delhi,Retail,626,2023-08-29
2274,Avni Johal,Female,62,9754578071,Bengaluru,Karnataka,Retail,8995,2025-11-01
2275,Victor Sarma,Male,20,2803575072,Mumbai,Maharashtra,Retail,6166,2025-09-21
2276,Wakeeta Kurian,Female,53,7236548469,Jaipur,Rajasthan,Retail,320,2024-08-31
2277,Luke Gupta,Male,26,1382759739,Vadodara,Gujarat,Retail,2943,2025-01-21
2278,Daniel Yogi,Male,49,8655149241,Jaipur,Rajasthan,Clinic,9108,2023-01-17
2279,Yutika Jhaveri,Female,18,8740809901,Mumbai,Maharashtra,Clinic,5406,2024-06-26
2280,Finn Upadhyay,Male,19,1138259162,Mumbai,Maharashtra,Retail,9974,2024-02-19
2281,Bahadurjit Krishnamurthy,Male,27,7678679689,Ahmedabad,Gujarat,Clinic,6412,2024-08-18
2282,Yashasvi Chaudhry,Female,48,3945667248,Vadodara,Gujarat,Hospital,2709,2025-06-02
2283,Chandresh Kalita,Male,73,0599532665,Pune,Maharashtra,Retail,7574,2022-09-15
2284,Neelima Mody,Female,42,1537058542,Bengaluru,Karnataka,Clinic,4919,2021-09-06
2285,Saksham Dua,Male,72,4207964792,Mumbai,Maharashtra,Hospital,3636,2023-02-27
2286,Dayamai Gour,Female,76,6483367686,Delhi,Delhi,Retail,4594,2025-10-09
2287,Turvi Prabhakar,Female,18,8024809378,Mumbai,Maharashtra,Hospital,8475,2026-05-15
2288,Samaksh Garg,Male,62,2960067142,Jaipur,Rajasthan,Retail,51,2022-05-09
2289,Ishaan Puri,Male,38,2886153560,Rajkot,Gujarat,Hospital,4706,2025-08-03
2290,Samar Sarkar,Male,50,8463398271,Mumbai,Maharashtra,Clinic,8646,2024-04-26
2291,Ira Dube,Female,55,3753583195,Delhi,Delhi,Hospital,5643,2025-11-07
2292,Siddharth Dhar,Male,68,0873579622,Jaipur,Rajasthan,Hospital,116,2025-03-16
2293,Anmol Dubey,Male,85,1362351842,Indore,Madhya Pradesh,Hospital,4997,2026-01-27
2294,Januja Raju,Female,27,3245941571,Delhi,Delhi,Retail,9399,2022-11-27
2295,Harinakshi Bhardwaj,Female,57,6126042454,Bengaluru,Karnataka,Clinic,2704,2021-11-10
2296,Avi Balasubramanian,Male,35,1977864845,Rajkot,Gujarat,Retail,2957,2023-10-24
2297,Aarav Ghose,Male,62,0677768924,Indore,Madhya Pradesh,Retail,8138,2024-04-18
2298,Ekta Vohra,Female,83,6071900751,Bengaluru,Karnataka,Retail,2206,2025-04-30
2299,Rushil Bhavsar,Male,63,7888173549,Pune,Maharashtra,Clinic,3296,2022-07-30
2300,Zayan Choudhury,Male,55,0109348731,Vadodara,Gujarat,Retail,793,2024-10-05
2301,Jason Cheema,Male,76,6771237534,Rajkot,Gujarat,Hospital,8046,2023-07-02
2302,Sanya Sarin,Female,31,9190829722,Ahmedabad,Gujarat,Clinic,685,2024-10-15
2303,Yash Gera,Male,76,9989303751,Ahmedabad,Gujarat,Hospital,618,2025-09-25
2304,Nidra Panchal,Female,70,1717101914,Delhi,Delhi,Clinic,9843,2022-09-16
2305,Faris Dora,Male,44,4299944246,Ahmedabad,Gujarat,Retail,6605,2024-01-03
2306,Devansh Tella,Male,54,6767654483,Surat,Gujarat,Hospital,875,2023-12-29
2307,Yashvi Tara,Female,23,1423611257,Vadodara,Gujarat,Retail,3792,2022-03-19
2308,Azaan Morar,Male,32,8911458114,Indore,Madhya Pradesh,Clinic,7737,2023-04-23
2309,Thomas Walia,Male,27,7849577462,Pune,Maharashtra,Clinic,6284,2023-11-04
2310,Raksha Barad,Female,19,5256060935,Vadodara,Gujarat,Clinic,7895,2024-01-24
2311,Christopher Hayre,Male,70,0468896949,Surat,Gujarat,Clinic,7513,2022-01-22
2312,Anay Bawa,Male,21,5249610933,Vadodara,Gujarat,Hospital,9529,2022-02-08
2313,Arjun Kapadia,Male,38,3569861770,Mumbai,Maharashtra,Hospital,790,2022-05-20
2314,Nilima Suresh,Female,67,0348848166,Mumbai,Maharashtra,Retail,3306,2025-03-14
2315,Wriddhish Chhabra,Male,18,2553262315,Vadodara,Gujarat,Retail,5551,2025-11-15
2316,Mitesh Suresh,Male,73,1796848757,Mumbai,Maharashtra,Hospital,9647,2021-12-18
2317,Jagdish Dugar,Male,22,9971592358,Vadodara,Gujarat,Retail,3915,2021-12-07
2318,Isaiah Chacko,Male,41,7416146283,Mumbai,Maharashtra,Hospital,1480,2023-09-14
2319,Zaid Bajaj,Male,80,4628437170,Indore,Madhya Pradesh,Hospital,1181,2025-06-16
2320,Upma Jha,Female,20,7660825404,Pune,Maharashtra,Retail,1958,2021-07-22
2321,Rachita Sachdev,Female,63,1500574754,Delhi,Delhi,Retail,2847,2026-02-18
2322,Yutika Yohannan,Female,31,8120040706,Ahmedabad,Gujarat,Hospital,1901,2022-09-18
2323,Ayushman Chana,Male,54,1242217880,Vadodara,Gujarat,Clinic,4927,2023-06-25
2324,Yash Magar,Male,54,3026529640,Bengaluru,Karnataka,Clinic,1394,2025-02-18
2325,Jagrati Tripathi,Female,74,8318714924,Surat,Gujarat,Clinic,2782,2024-01-24
2326,Yoshita Sharma,Female,69,5276612010,Ahmedabad,Gujarat,Hospital,2441,2024-10-13
2327,Warda Kade,Female,85,1145773688,Surat,Gujarat,Hospital,5997,2023-09-04
2328,Janaki Shroff,Female,64,8580560209,Ahmedabad,Gujarat,Clinic,894,2026-04-04
2329,Abdul Raval,Male,84,0626539463,Ahmedabad,Gujarat,Hospital,7411,2025-06-15
2330,Pavani Bhagat,Female,79,5123491672,Ahmedabad,Gujarat,Retail,301,2024-03-19
2331,Anika Raman,Female,80,6615826267,Rajkot,Gujarat,Retail,5708,2025-01-01
2332,Hritik Vig,Male,33,1887965557,Indore,Madhya Pradesh,Retail,9972,2022-05-01
2333,Dev Sen,Male,53,2936499732,Pune,Maharashtra,Retail,5671,2025-05-29
2334,Aishani Patla,Female,72,9224163066,Mumbai,Maharashtra,Clinic,3444,2025-01-26
2335,Ekantika Zachariah,Female,54,4795721735,Mumbai,Maharashtra,Retail,5838,2022-07-08
2336,Sudiksha Varughese,Female,36,5943361174,Ahmedabad,Gujarat,Hospital,5004,2022-01-21
2337,Krishna Dayal,Male,83,0367869166,Jaipur,Rajasthan,Hospital,6373,2021-12-30
2338,Zayyan Babu,Male,29,9011295846,Pune,Maharashtra,Hospital,416,2026-06-16
2339,Wakeeta Kant,Female,23,3118272685,Mumbai,Maharashtra,Clinic,1326,2025-12-08
2340,Victor Doshi,Male,23,9874849002,Ahmedabad,Gujarat,Hospital,8839,2026-02-24
2341,Ansh Kari,Male,83,4268989686,Surat,Gujarat,Clinic,6383,2025-04-24
2342,Elijah Chad,Male,49,8988316601,Mumbai,Maharashtra,Clinic,2719,2025-08-02
2343,Jeevika Salvi,Female,45,3882718765,Delhi,Delhi,Clinic,4816,2021-09-09
2344,Onveer Sur,Male,52,8940105746,Rajkot,Gujarat,Retail,3606,2022-07-30
2345,Laksh Uppal,Male,36,7880268574,Ahmedabad,Gujarat,Retail,5490,2024-08-08
2346,Aadi Tak,Male,34,3175801223,Ahmedabad,Gujarat,Clinic,7405,2021-11-23
2347,Jacob D’Alia,Male,19,4243836066,Indore,Madhya Pradesh,Clinic,4512,2024-06-11
2348,Radha Dora,Female,70,8492180652,Mumbai,Maharashtra,Hospital,7204,2023-02-28
2349,Janaki Prabhakar,Female,23,5876749278,Bengaluru,Karnataka,Clinic,4583,2025-07-08
2350,Charan Batta,Male,38,2419419934,Surat,Gujarat,Retail,2270,2022-06-24
2351,Yashvi Jhaveri,Female,66,3753656189,Ahmedabad,Gujarat,Retail,7874,2024-12-28
2352,Indira Vasa,Female,42,9725711095,Bengaluru,Karnataka,Hospital,3710,2024-08-30
2353,Gautam Thakur,Male,20,1719229985,Surat,Gujarat,Retail,3276,2021-08-05
2354,Gopal D’Alia,Male,38,5339720171,Vadodara,Gujarat,Retail,1036,2021-11-25
2355,Gayathri Chaudhari,Female,55,5860968207,Ahmedabad,Gujarat,Hospital,3868,2025-09-03
2356,Manthan Mane,Male,24,5105203218,Delhi,Delhi,Hospital,5631,2025-07-08
2357,Nakul Minhas,Male,56,0956137482,Ahmedabad,Gujarat,Retail,2083,2024-10-09
2358,Anamika Khosla,Female,62,7369218267,Jaipur,Rajasthan,Hospital,456,2022-08-24
2359,Elijah Varkey,Male,78,2342293746,Bengaluru,Karnataka,Retail,1566,2022-06-24
2360,Yahvi Sidhu,Female,41,7659605180,Pune,Maharashtra,Clinic,1551,2025-02-06
2361,Luke Kashyap,Male,58,5951951015,Mumbai,Maharashtra,Hospital,2622,2023-10-07
2362,Neel Varty,Male,56,6664030043,Surat,Gujarat,Hospital,2020,2026-01-10
2363,Sara Sarin,Female,34,3731221090,Indore,Madhya Pradesh,Retail,2180,2023-09-13
2364,Aadi Chakrabarti,Male,56,9165146043,Mumbai,Maharashtra,Hospital,7381,2022-06-22
2365,Aradhana Korpal,Female,79,8499784691,Rajkot,Gujarat,Hospital,463,2025-12-23
2366,Rudra Narayanan,Male,81,4967120020,Jaipur,Rajasthan,Clinic,3041,2026-04-09
2367,Urmi Parmer,Female,52,2081184812,Delhi,Delhi,Retail,2546,2023-12-06
2368,Samaksh Divan,Male,61,1102925094,Mumbai,Maharashtra,Retail,5012,2024-03-10
2369,Lila Raman,Female,24,9253073908,Vadodara,Gujarat,Clinic,4424,2022-10-26
2370,Vedhika Balay,Female,23,1645244733,Mumbai,Maharashtra,Clinic,590,2023-07-22
2371,Wishi Talwar,Female,57,5477048085,Jaipur,Rajasthan,Hospital,5979,2023-11-18
2372,Aditya Bhardwaj,Male,46,4268692516,Delhi,Delhi,Hospital,4558,2021-08-19
2373,Onveer Lata,Male,42,9225190884,Mumbai,Maharashtra,Hospital,8264,2021-08-24
2374,Warjas Hayer,Male,72,9021525044,Indore,Madhya Pradesh,Hospital,2680,2023-05-22
2375,Rachit Mital,Male,21,4888040987,Vadodara,Gujarat,Hospital,7873,2022-05-20
2376,Triveni Divan,Female,32,2863181294,Vadodara,Gujarat,Clinic,5742,2026-01-14
2377,Chatresh Brar,Male,47,2019634566,Pune,Maharashtra,Retail,7656,2025-03-03
2378,Laksh Vaidya,Male,83,5926262782,Surat,Gujarat,Clinic,1984,2026-06-04
2379,Meghana Oommen,Female,73,4413457243,Indore,Madhya Pradesh,Clinic,6670,2022-09-20
2380,Vivaan Malhotra,Male,28,2534797590,Mumbai,Maharashtra,Hospital,2360,2021-10-10
2381,Priya Nigam,Female,38,8585395599,Delhi,Delhi,Hospital,4954,2024-02-18
2382,Unni Swamy,Female,45,7227842535,Jaipur,Rajasthan,Retail,927,2022-11-07
2383,Anya Rajagopal,Female,43,4365493889,Vadodara,Gujarat,Retail,9420,2025-12-17
2384,Yashvi Menon,Female,65,3273330232,Ahmedabad,Gujarat,Clinic,9847,2022-06-12
2385,Saanvi Suri,Female,83,7544135186,Indore,Madhya Pradesh,Clinic,9784,2022-07-31
2386,Ekta Mander,Female,48,5103594255,Vadodara,Gujarat,Clinic,7826,2022-02-07
2387,Udant Dugal,Male,37,6525200098,Vadodara,Gujarat,Hospital,8674,2025-02-13
2388,Shivansh Pandey,Male,51,9959222714,Rajkot,Gujarat,Clinic,6024,2025-11-27
2389,Meghana Shan,Female,45,3614837828,Jaipur,Rajasthan,Hospital,6751,2022-11-07
2390,Raghav Sarraf,Male,30,2314795481,Rajkot,Gujarat,Clinic,8463,2022-06-02
2391,Aarna Mann,Female,60,9093805248,Mumbai,Maharashtra,Hospital,4500,2023-05-13
2392,Sanya Karan,Female,37,5429896741,Rajkot,Gujarat,Retail,4900,2024-01-11
2393,Gopal Cheema,Male,43,5709406126,Jaipur,Rajasthan,Hospital,4643,2026-04-25
2394,Vidhi Deshmukh,Female,50,8466187443,Vadodara,Gujarat,Clinic,6146,2025-10-15
2395,Saksham Sankaran,Male,22,0936898866,Rajkot,Gujarat,Retail,5149,2026-05-15
2396,Pooja Sastry,Female,83,9897676709,Mumbai,Maharashtra,Clinic,8387,2026-05-14
2397,Chatura Bora,Male,53,0177411183,Rajkot,Gujarat,Retail,997,2025-05-12
2398,Damyanti Trivedi,Female,77,0143968128,Surat,Gujarat,Retail,9085,2025-07-04
2399,Lohit Sood,Male,29,6114783930,Surat,Gujarat,Retail,9073,2025-11-15
2400,Ronith Wali,Male,33,1412139626,Mumbai,Maharashtra,Retail,9532,2023-03-20
2401,Dakshesh Misra,Male,24,9230612725,Delhi,Delhi,Retail,6015,2022-03-06
2402,Meghana Mane,Female,22,3484722961,Jaipur,Rajasthan,Retail,2778,2025-11-06
2403,Abha Parekh,Female,72,1955277928,Jaipur,Rajasthan,Clinic,7925,2025-05-09
2404,Kritika Babu,Female,43,8565060631,Surat,Gujarat,Hospital,8849,2025-08-07
2405,Wakeeta Nagarajan,Female,74,5445725004,Indore,Madhya Pradesh,Retail,8406,2023-01-01
2406,Devansh Varma,Male,80,6170533495,Delhi,Delhi,Clinic,4928,2022-11-12
2407,Lavanya Bobal,Female,62,9665057392,Ahmedabad,Gujarat,Retail,6857,2022-11-02
2408,Gopal Mander,Male,71,1802297036,Surat,Gujarat,Clinic,687,2026-07-13
2409,Hemang Bajwa,Male,46,7264741915,Surat,Gujarat,Retail,4193,2022-03-07
2410,Eta Nanda,Female,40,3927889134,Delhi,Delhi,Hospital,4863,2025-05-07
2411,Charan Taneja,Male,57,0928420394,Vadodara,Gujarat,Hospital,1161,2026-06-09
2412,Tripti Mohanty,Female,58,2103822495,Jaipur,Rajasthan,Retail,6973,2025-01-26
2413,Aradhana Bala,Female,78,1614015879,Bengaluru,Karnataka,Retail,212,2024-02-12
2414,Amaira Memon,Female,26,3454947982,Pune,Maharashtra,Clinic,6294,2021-11-23
2415,Manan Rajagopal,Male,55,1250612013,Bengaluru,Karnataka,Clinic,1345,2022-04-28
2416,Jagat Nagarajan,Male,67,7692326998,Surat,Gujarat,Clinic,9897,2026-06-20
2417,Ira Kapoor,Female,74,6240531648,Mumbai,Maharashtra,Hospital,5838,2026-04-24
2418,Hemal Aggarwal,Female,57,4181970673,Indore,Madhya Pradesh,Hospital,935,2022-11-06
2419,Hemal Vig,Female,66,8293637055,Indore,Madhya Pradesh,Retail,5315,2024-11-15
2420,Jacob Nagy,Male,78,6791190478,Jaipur,Rajasthan,Hospital,7201,2026-04-18
2421,Oscar Narayanan,Male,61,5470483187,Vadodara,Gujarat,Retail,1437,2024-08-26
2422,Samesh Nigam,Male,67,1896311070,Rajkot,Gujarat,Retail,8167,2022-07-17
2423,Onkar Morar,Male,28,3810750276,Rajkot,Gujarat,Retail,656,2025-03-14
2424,Rehaan Chawla,Male,42,3449023248,Bengaluru,Karnataka,Clinic,5648,2025-12-02
2425,Andrew Bhatti,Male,63,1344897441,Indore,Madhya Pradesh,Hospital,2420,2024-01-15
2426,Jack Doshi,Male,67,2903358005,Surat,Gujarat,Retail,5475,2025-03-22
2427,Sneha Bir,Female,28,4201509696,Ahmedabad,Gujarat,Retail,4920,2021-08-05
2428,Qarin Dada,Male,22,3415819288,Jaipur,Rajasthan,Retail,9370,2024-11-30
2429,Ladli Prabhu,Female,25,6142226910,Vadodara,Gujarat,Hospital,3395,2023-04-08
2430,Shravya Kibe,Female,38,2945414797,Mumbai,Maharashtra,Retail,6226,2023-04-11
2431,Ekiya Edwin,Female,55,8725467990,Bengaluru,Karnataka,Retail,1552,2024-02-20
2432,Kamya Badal,Female,73,0441731941,Rajkot,Gujarat,Clinic,3508,2023-05-16
2433,Samar Sarin,Male,52,9701840696,Delhi,Delhi,Retail,4058,2021-12-10
2434,Laksh Acharya,Male,76,0619850377,Surat,Gujarat,Retail,7587,2024-10-24
2435,Unnati Swamy,Female,81,2280046060,Pune,Maharashtra,Retail,289,2023-10-31
2436,Noah Varkey,Male,21,2563405288,Bengaluru,Karnataka,Retail,4053,2024-03-26
2437,Odika Nair,Female,52,9936235146,Ahmedabad,Gujarat,Retail,8707,2023-11-26
2438,Manthan Soni,Male,23,0496951116,Bengaluru,Karnataka,Retail,7015,2022-12-15
2439,Amrita Mani,Female,45,2203281279,Mumbai,Maharashtra,Hospital,8829,2025-07-19
2440,Akshay Dugar,Male,64,0504548664,Indore,Madhya Pradesh,Hospital,8737,2022-05-12
2441,Sathvik Virk,Male,43,6718709762,Rajkot,Gujarat,Clinic,5555,2023-05-08
2442,David Jani,Male,44,2616511993,Rajkot,Gujarat,Retail,88,2022-11-14
2443,Jasmit Kalita,Female,38,8634494907,Pune,Maharashtra,Clinic,4260,2024-10-06
2444,Pallavi Radhakrishnan,Female,54,0314154438,Vadodara,Gujarat,Hospital,8832,2023-03-04
2445,Hemal Ranganathan,Female,43,4188902071,Ahmedabad,Gujarat,Clinic,1516,2024-01-22
2446,Aadi Kashyap,Male,36,7908440075,Vadodara,Gujarat,Clinic,8002,2024-12-30
2447,Anthony Toor,Male,77,4376353470,Indore,Madhya Pradesh,Clinic,120,2025-11-06
2448,Manthan Lall,Male,66,6874981171,Mumbai,Maharashtra,Hospital,3543,2021-11-18
2449,Orinder Balay,Male,43,0794228857,Indore,Madhya Pradesh,Clinic,2949,2026-06-21
2450,Manya Nadig,Female,64,3817382762,Delhi,Delhi,Clinic,219,2025-10-30
2451,Janaki Chhabra,Female,73,7468223698,Vadodara,Gujarat,Retail,3230,2024-10-14
2452,Neel Sule,Male,55,8407414280,Jaipur,Rajasthan,Retail,7216,2022-06-12
2453,Osha Memon,Female,78,2714224628,Surat,Gujarat,Clinic,9345,2022-11-27
2454,Nidhi Comar,Female,51,9805856330,Mumbai,Maharashtra,Hospital,2001,2023-10-07
2455,Manbir Merchant,Male,82,0746760433,Indore,Madhya Pradesh,Retail,9842,2026-04-04
2456,Hredhaan Rai,Male,71,3154024925,Rajkot,Gujarat,Hospital,7428,2023-09-01
2457,Chandani Borra,Female,59,9147982761,Indore,Madhya Pradesh,Hospital,3278,2023-06-18
2458,Mekhala Varghese,Female,57,5361793233,Indore,Madhya Pradesh,Retail,4267,2023-09-02
2459,Maanas Soman,Male,46,4982485800,Jaipur,Rajasthan,Clinic,2825,2025-12-14
2460,Hemal Goel,Female,59,5221265138,Delhi,Delhi,Hospital,3747,2024-11-10
2461,Mason Varty,Male,58,9017434842,Bengaluru,Karnataka,Retail,4853,2022-07-21
2462,Ekani Mani,Female,42,9782817349,Surat,Gujarat,Retail,3411,2023-11-15
2463,Yagnesh Varghese,Male,61,0561467042,Mumbai,Maharashtra,Clinic,1968,2023-09-23
2464,Chakrika Virk,Female,32,0846836122,Mumbai,Maharashtra,Hospital,5792,2022-05-24
2465,Kiaan Rajagopal,Male,65,3222017319,Rajkot,Gujarat,Hospital,1797,2022-06-08
2466,Saumya Seshadri,Female,54,5219733287,Delhi,Delhi,Hospital,7124,2022-05-20
2467,Nisha Kumar,Female,35,8082221975,Ahmedabad,Gujarat,Retail,6164,2024-03-24
2468,Yashodhara Khosla,Female,54,7911985851,Ahmedabad,Gujarat,Hospital,788,2025-10-29
2469,Gagan Venkataraman,Male,61,4576195768,Pune,Maharashtra,Clinic,9555,2024-12-14
2470,Fariq Deep,Male,80,5422255760,Ahmedabad,Gujarat,Clinic,7315,2024-12-22
2471,Warjas Sura,Male,78,3489050007,Delhi,Delhi,Hospital,3065,2021-09-12
2472,Reva Sha,Female,43,1494559443,Jaipur,Rajasthan,Clinic,2277,2025-04-02
2473,Nidhi Sawhney,Female,73,6622535142,Vadodara,Gujarat,Hospital,8407,2026-04-24
2474,Gavin Dash,Male,33,8878303999,Vadodara,Gujarat,Hospital,7963,2023-03-01
2475,Anthony Rai,Male,42,5750310687,Delhi,Delhi,Hospital,7721,2025-07-06
2476,Owen Madan,Male,79,0679821312,Pune,Maharashtra,Hospital,4312,2026-04-04
2477,Urvashi Desai,Female,27,7360815158,Surat,Gujarat,Retail,3493,2021-09-22
2478,Avi Kumer,Male,52,2778364508,Delhi,Delhi,Retail,7861,2023-01-06
2479,Zehaan Gandhi,Male,44,3284069441,Delhi,Delhi,Hospital,8692,2023-09-09
2480,Karan Gulati,Male,24,5227327128,Bengaluru,Karnataka,Clinic,9408,2023-05-04
2481,Yadavi Pandya,Female,79,5224403428,Delhi,Delhi,Clinic,5567,2025-07-12
2482,Vedika Bhavsar,Female,81,5422464469,Vadodara,Gujarat,Retail,9771,2022-05-06
2483,Jhalak Sarin,Female,28,9834392283,Bengaluru,Karnataka,Hospital,1250,2022-04-02
2484,Jyoti Gaba,Female,80,5084465605,Jaipur,Rajasthan,Clinic,6165,2024-04-22
2485,Raghav Bava,Male,68,0557312232,Pune,Maharashtra,Hospital,8432,2026-01-16
2486,Simon Pandit,Male,43,1277547003,Mumbai,Maharashtra,Hospital,9640,2026-04-19
2487,Ati Madan,Female,47,1472410597,Delhi,Delhi,Clinic,7677,2023-06-22
2488,Nilima Majumdar,Female,43,2784774941,Indore,Madhya Pradesh,Hospital,4664,2024-11-08
2489,Advik Khanna,Male,50,0146858922,Ahmedabad,Gujarat,Clinic,3230,2023-06-17
2490,Isha Handa,Female,55,1249079261,Surat,Gujarat,Retail,6148,2025-01-18
2491,Jackson Shetty,Male,18,0550142033,Rajkot,Gujarat,Hospital,9320,2026-05-19
2492,Waida Gandhi,Female,26,4131760957,Pune,Maharashtra,Clinic,8720,2023-08-12
2493,Manthan Ganesh,Male,72,7249882682,Surat,Gujarat,Hospital,1668,2022-06-08
2494,Bhanumati Mukhopadhyay,Female,23,7226094354,Delhi,Delhi,Retail,3693,2021-11-04
2495,Qasim Dutta,Male,62,1981832487,Vadodara,Gujarat,Clinic,4950,2026-01-18
2496,Avi Kara,Male,73,1909888218,Rajkot,Gujarat,Clinic,2638,2024-07-20
2497,Kritika Kothari,Female,37,7760836755,Ahmedabad,Gujarat,Hospital,585,2023-03-23
2498,Lohit Chana,Male,62,5353750564,Surat,Gujarat,Hospital,5787,2025-10-05
2499,Devika Ravi,Female,58,2847103271,Jaipur,Rajasthan,Hospital,1761,2023-03-17
2500,Hemal Pandey,Female,45,1569641435,Bengaluru,Karnataka,Hospital,706,2023-08-02
2501,Jackson Dua,Male,41,4896680262,Delhi,Delhi,Clinic,1380,2026-02-07
2502,Manya Khanna,Female,60,6703404034,Indore,Madhya Pradesh,Retail,1270,2026-06-16
2503,Nitara Sandal,Female,54,5042514973,Ahmedabad,Gujarat,Retail,2599,2023-09-19
2504,Michael Kumer,Male,76,2370495287,Surat,Gujarat,Hospital,2152,2026-06-30
2505,Harrison Shenoy,Male,45,7505663972,Ahmedabad,Gujarat,Hospital,2347,2023-06-15
2506,Dayamai Dani,Female,43,1157851680,Indore,Madhya Pradesh,Hospital,943,2025-03-26
2507,Abdul Goyal,Male,42,1685151577,Rajkot,Gujarat,Hospital,7044,2023-06-04
2508,Rajeshri Garg,Female,82,2888484401,Vadodara,Gujarat,Clinic,8240,2023-03-29
2509,Urvashi Minhas,Female,23,2179513776,Delhi,Delhi,Hospital,5047,2023-09-08
2510,Nitara Palla,Female,74,7115414322,Delhi,Delhi,Hospital,1850,2023-10-14
2511,Caleb Merchant,Male,48,6596868420,Delhi,Delhi,Clinic,8958,2023-01-05
2512,Chakradev Dugar,Male,37,9759368269,Ahmedabad,Gujarat,Retail,2191,2022-10-23
2513,Vinaya Pingle,Female,21,4581826115,Vadodara,Gujarat,Clinic,1318,2025-06-16
2514,Chanakya Chakraborty,Male,85,4701259876,Pune,Maharashtra,Clinic,8053,2024-06-04
2515,Lajita Bhatti,Female,82,9705880858,Jaipur,Rajasthan,Clinic,7734,2023-07-20
2516,Chandran Ganesan,Male,47,9393735548,Vadodara,Gujarat,Hospital,1144,2023-03-27
2517,Upkaar Varghese,Male,41,4703891849,Rajkot,Gujarat,Hospital,4412,2022-06-20
2518,Yashodhara Badami,Female,22,1914370217,Mumbai,Maharashtra,Hospital,8683,2024-09-17
2519,Charan Nazareth,Male,82,5562056495,Indore,Madhya Pradesh,Hospital,3854,2025-10-06
2520,Vedika Sinha,Female,38,5039879994,Delhi,Delhi,Hospital,817,2025-04-16
2521,Januja Hayre,Female,68,2727220861,Vadodara,Gujarat,Clinic,4084,2022-11-25
2522,Kala Dhaliwal,Female,33,1702414387,Mumbai,Maharashtra,Hospital,1495,2025-06-02
2523,Aadhya Oza,Female,39,6602510406,Indore,Madhya Pradesh,Retail,7057,2024-08-29
2524,Sai Bhatia,Male,71,1799059646,Mumbai,Maharashtra,Hospital,7718,2026-03-24
2525,Rudra Solanki,Male,84,0940833022,Bengaluru,Karnataka,Retail,4792,2026-01-05
2526,Henry Som,Male,77,3635665821,Ahmedabad,Gujarat,Retail,5468,2025-10-03
2527,Damyanti Mall,Female,21,7945299724,Mumbai,Maharashtra,Clinic,2425,2025-07-02
2528,Mason Ben,Male,53,2847774522,Surat,Gujarat,Clinic,3402,2025-08-27
2529,Yamini Gade,Female,29,8643387554,Jaipur,Rajasthan,Retail,644,2025-12-03
2530,Ayushman Purohit,Male,74,7325447522,Pune,Maharashtra,Retail,7553,2023-02-25
2531,Udyati Datta,Female,30,5407929131,Delhi,Delhi,Hospital,3349,2021-11-30
2532,Wridesh Gandhi,Male,66,0027723588,Jaipur,Rajasthan,Retail,7287,2026-05-31
2533,Anita Kant,Female,21,0387705716,Jaipur,Rajasthan,Retail,3304,2023-09-10
2534,Indira Raj,Female,22,5075651020,Bengaluru,Karnataka,Hospital,4164,2022-01-22
2535,Yauvani Deo,Female,42,8646160563,Ahmedabad,Gujarat,Clinic,9306,2024-10-21
2536,Yashawini Nagi,Female,75,1131765959,Ahmedabad,Gujarat,Hospital,6820,2026-02-23
2537,Jhalak Iyer,Female,68,4907895307,Bengaluru,Karnataka,Hospital,6020,2022-03-13
2538,Lohit Bhagat,Male,71,7516089820,Surat,Gujarat,Hospital,6670,2025-12-16
2539,Isha Sundaram,Female,32,5860291633,Indore,Madhya Pradesh,Hospital,3343,2021-09-29
2540,Oeshi Misra,Female,85,1727725637,Ahmedabad,Gujarat,Retail,4792,2025-07-07
2541,Upadhriti Varughese,Female,48,3498884263,Vadodara,Gujarat,Hospital,8789,2023-09-03
2542,Damyanti Murthy,Female,52,6723075876,Rajkot,Gujarat,Retail,4335,2022-06-09
2543,Laban Chada,Male,51,7588853632,Rajkot,Gujarat,Clinic,4084,2024-09-06
2544,Ijaya Ramachandran,Female,25,4258046163,Bengaluru,Karnataka,Retail,9060,2023-05-02
2545,Charita Gupta,Female,29,5526522024,Mumbai,Maharashtra,Retail,3348,2025-11-16
2546,Champak Sibal,Male,76,9436470946,Vadodara,Gujarat,Retail,4603,2023-04-14
2547,Harrison Dyal,Male,71,5808981741,Jaipur,Rajasthan,Clinic,4640,2023-05-03
2548,Orinder Sawhney,Male,31,3642028833,Surat,Gujarat,Clinic,627,2026-05-02
2549,Ayushman Baral,Male,38,9358150529,Bengaluru,Karnataka,Retail,4278,2022-08-05
2550,Kritika Ramesh,Female,19,1224201210,Pune,Maharashtra,Hospital,6140,2022-08-16
2551,Lopa Swamy,Female,70,3628649372,Vadodara,Gujarat,Hospital,1118,2023-06-09
2552,Radhika Pandey,Female,69,4485532036,Delhi,Delhi,Clinic,7587,2024-08-31
2553,Gunbir Prabhakar,Male,85,3683306326,Jaipur,Rajasthan,Retail,3202,2025-09-14
2554,Gautami Parmar,Female,46,3876645904,Mumbai,Maharashtra,Retail,6566,2024-11-07
2555,Osha Master,Female,52,9042106254,Ahmedabad,Gujarat,Clinic,4617,2024-02-07
2556,Isaac Misra,Male,70,6267817881,Bengaluru,Karnataka,Retail,9515,2024-03-22
2557,Balvan Kannan,Male,49,9313967994,Mumbai,Maharashtra,Hospital,3450,2023-09-16
2558,Chakrika Pathak,Female,47,5035968222,Pune,Maharashtra,Hospital,7494,2026-01-13
2559,Isha Chadha,Female,74,0194256735,Delhi,Delhi,Clinic,4672,2022-04-07
2560,Manya Karnik,Female,37,4580956993,Bengaluru,Karnataka,Hospital,4840,2026-01-20
2561,Yahvi Deol,Female,42,6808425777,Bengaluru,Karnataka,Retail,8144,2025-10-23
2562,Urvi Chacko,Female,25,3710388075,Surat,Gujarat,Hospital,6253,2023-12-20
2563,Irya Mani,Female,56,0476951835,Indore,Madhya Pradesh,Retail,4015,2025-07-01
2564,Isha Thaker,Female,41,1125893817,Surat,Gujarat,Hospital,7746,2025-02-12
2565,Zehaan Suri,Male,69,6391492287,Surat,Gujarat,Hospital,1651,2023-12-12
2566,Megha Suresh,Female,63,2176689000,Jaipur,Rajasthan,Hospital,6653,2024-01-13
2567,Qarin Venkatesh,Male,66,1783623673,Surat,Gujarat,Retail,9451,2023-11-14
2568,Banjeet Arya,Male,73,8719464266,Surat,Gujarat,Hospital,3065,2026-05-13
2569,Hema Mitra,Female,75,1865770462,Vadodara,Gujarat,Retail,5104,2024-04-28
2570,Ansh Lanka,Male,18,6830111416,Mumbai,Maharashtra,Clinic,732,2024-05-04
2571,Pavani Karan,Female,55,9636209335,Jaipur,Rajasthan,Hospital,7805,2026-04-07
2572,Aradhana Majumdar,Female,85,3636043326,Pune,Maharashtra,Retail,4647,2026-04-10
2573,Chatresh Misra,Male,53,5547892883,Delhi,Delhi,Clinic,9999,2022-01-11
2574,Frederick Kanda,Male,57,7208471990,Ahmedabad,Gujarat,Retail,2788,2024-07-08
2575,Ayaan Kala,Male,23,4308975569,Rajkot,Gujarat,Retail,7051,2025-11-15
2576,Gautam Yadav,Male,60,9217332091,Pune,Maharashtra,Hospital,3390,2024-02-01
2577,Zaid Bhardwaj,Male,41,8355108856,Jaipur,Rajasthan,Clinic,8478,2021-08-16
2578,Aadi Sarkar,Male,59,5705804703,Bengaluru,Karnataka,Retail,8175,2023-11-06
2579,Gaurang Agrawal,Male,76,0165474733,Ahmedabad,Gujarat,Hospital,6642,2025-01-12
2580,Michael Sarma,Male,36,1168473730,Surat,Gujarat,Clinic,8672,2023-07-22
2581,Forum Chad,Female,26,5128180293,Rajkot,Gujarat,Clinic,5401,2023-09-12
2582,Aadi Kapoor,Male,20,7532307735,Pune,Maharashtra,Clinic,8386,2026-05-23
2583,Azaan Prasad,Male,32,6723766693,Vadodara,Gujarat,Hospital,8364,2023-07-03
2584,Isaiah Lata,Male,74,5771307815,Pune,Maharashtra,Retail,3430,2024-12-07
2585,Lekha Pai,Female,48,4933023630,Surat,Gujarat,Retail,4230,2022-05-28
2586,Sneha Vala,Female,52,8281059007,Vadodara,Gujarat,Clinic,3895,2021-12-11
2587,Ganga Hayer,Female,49,2360286005,Mumbai,Maharashtra,Hospital,8659,2025-02-12
2588,Wriddhish Mangat,Male,62,2278252263,Mumbai,Maharashtra,Hospital,3091,2021-07-22
2589,Darsh Murthy,Male,40,1299890932,Vadodara,Gujarat,Clinic,4094,2023-06-27
2590,Ganga Chawla,Female,34,1830589804,Indore,Madhya Pradesh,Clinic,4583,2023-07-17
2591,Keya Bora,Female,77,7953809531,Vadodara,Gujarat,Clinic,439,2022-12-23
2592,Nilima Ravel,Female,41,0547364576,Indore,Madhya Pradesh,Clinic,6084,2022-12-23
2593,Mitali Wali,Female,41,9211888451,Pune,Maharashtra,Hospital,7336,2023-10-13
2594,Ojas Sani,Male,40,6825126924,Indore,Madhya Pradesh,Hospital,702,2026-07-01
2595,Henry Ben,Male,32,0587230645,Vadodara,Gujarat,Retail,4575,2024-07-12
2596,Brijesh Comar,Male,28,2583894826,Mumbai,Maharashtra,Hospital,9030,2024-06-09
2597,Mahika Zacharia,Female,52,2882533151,Pune,Maharashtra,Hospital,7079,2022-10-29
2598,Chandani Ravel,Female,80,0387039734,Indore,Madhya Pradesh,Retail,1619,2022-11-23
2599,Vasana Kapadia,Female,40,5270583793,Pune,Maharashtra,Hospital,3731,2022-07-21
2600,Madhavi Hari,Female,74,3255790969,Mumbai,Maharashtra,Retail,1811,2023-10-01
2601,Vedhika Rout,Female,82,8324780527,Indore,Madhya Pradesh,Retail,7327,2021-12-30
2602,Upma Doctor,Female,19,8458805213,Delhi,Delhi,Clinic,6451,2024-01-13
2603,Onveer Bakshi,Male,79,9462691926,Ahmedabad,Gujarat,Clinic,4751,2023-05-07
2604,Lipika Wable,Female,81,1086177243,Jaipur,Rajasthan,Hospital,1490,2022-09-19
2605,Vrishti Tella,Female,58,8911158409,Bengaluru,Karnataka,Retail,3949,2025-02-05
2606,Chatura Sule,Male,74,8266097862,Pune,Maharashtra,Retail,3953,2026-05-18
2607,Ekavir Bawa,Male,22,5704307339,Pune,Maharashtra,Clinic,2218,2022-05-16
2608,Yahvi Kamdar,Female,59,7977877759,Ahmedabad,Gujarat,Retail,2141,2023-11-01
2609,Akshay Biswas,Male,37,3323883742,Rajkot,Gujarat,Clinic,840,2024-09-18
2610,Aayush Bhagat,Male,71,8642789473,Rajkot,Gujarat,Hospital,4692,2023-10-26
2611,Owen Dora,Male,66,5383404612,Ahmedabad,Gujarat,Hospital,5603,2026-03-21
2612,Neelima Mann,Female,25,4512014836,Delhi,Delhi,Hospital,239,2025-08-14
2613,Chanakya Edwin,Male,80,8196648629,Mumbai,Maharashtra,Hospital,5022,2021-10-09
2614,Timothy Upadhyay,Male,50,7974491458,Vadodara,Gujarat,Clinic,9757,2024-12-09
2615,Turvi Brar,Female,50,0904207624,Rajkot,Gujarat,Clinic,5709,2024-09-23
2616,Vedika Kannan,Female,50,7329661112,Bengaluru,Karnataka,Clinic,3135,2023-06-25
2617,Vamakshi Panchal,Female,52,2143196977,Rajkot,Gujarat,Hospital,5122,2023-03-27
2618,Anirudh Sarna,Male,56,5954633177,Rajkot,Gujarat,Clinic,7537,2024-01-10
2619,Wishi Deshpande,Female,25,2636024128,Delhi,Delhi,Clinic,5168,2024-01-26
2620,Geetika Rana,Female,30,4604385558,Vadodara,Gujarat,Retail,380,2024-06-21
2621,Kala Raju,Female,80,4874343293,Pune,Maharashtra,Clinic,20,2026-05-11
2622,Brinda Rao,Female,77,1778066081,Vadodara,Gujarat,Hospital,2541,2025-02-06
2623,Vyanjana Krishnan,Female,63,4515768419,Vadodara,Gujarat,Hospital,2386,2022-03-03
2624,Daksh Srivastava,Male,81,6532107743,Bengaluru,Karnataka,Retail,1990,2023-12-22
2625,Naksh Pillai,Male,68,8848842585,Mumbai,Maharashtra,Retail,8842,2024-10-20
2626,Zaid Lata,Male,25,7352542116,Delhi,Delhi,Clinic,2604,2025-08-13
2627,Jagat Saxena,Male,47,2914072838,Delhi,Delhi,Clinic,8170,2023-10-07
2628,Vasatika Babu,Female,70,1047310677,Indore,Madhya Pradesh,Hospital,2603,2026-05-17
2629,Pahal Mutti,Female,31,9857464646,Surat,Gujarat,Retail,221,2025-07-14
2630,Hritik Deshpande,Male,70,6349781709,Mumbai,Maharashtra,Clinic,7394,2021-11-25
2631,George Chandra,Male,79,8466570075,Ahmedabad,Gujarat,Retail,3319,2026-07-05
2632,Urvashi Bali,Female,53,9018361183,Mumbai,Maharashtra,Hospital,3057,2022-08-09
2633,Balveer Nath,Male,83,1988327925,Bengaluru,Karnataka,Clinic,7755,2025-05-17
2634,Alexander Mannan,Male,26,4469133987,Pune,Maharashtra,Clinic,6512,2024-11-27
2635,Noah Palla,Male,50,4424451907,Mumbai,Maharashtra,Clinic,9096,2025-06-02
2636,Max Srinivasan,Male,39,6858745009,Bengaluru,Karnataka,Retail,7454,2023-08-27
2637,Saumya Murthy,Female,40,5659996224,Vadodara,Gujarat,Clinic,8419,2026-04-17
2638,Gautami Mallick,Female,49,9569310589,Rajkot,Gujarat,Hospital,7305,2025-12-25
2639,Daksh Talwar,Male,20,6519983342,Delhi,Delhi,Clinic,8079,2021-10-24
2640,Banjeet Taneja,Male,83,2145329428,Vadodara,Gujarat,Retail,1056,2025-08-14
2641,Sudiksha Ghosh,Female,40,6378540228,Pune,Maharashtra,Retail,397,2024-01-27
2642,Zinal Kade,Female,67,1996312497,Bengaluru,Karnataka,Clinic,1688,2021-11-19
2643,Bahadurjit Murty,Male,29,2154911502,Rajkot,Gujarat,Hospital,416,2023-05-01
2644,Anika Chokshi,Female,44,0096144505,Jaipur,Rajasthan,Clinic,3727,2025-06-30
2645,Vanya Cherian,Female,57,8661395929,Indore,Madhya Pradesh,Hospital,5497,2022-02-25
2646,Onkar Shankar,Male,52,9804928455,Bengaluru,Karnataka,Retail,1600,2023-09-28
2647,Ijaya Sha,Female,33,7417835504,Surat,Gujarat,Retail,4178,2022-04-26
2648,Lekha Kohli,Female,62,2187217734,Pune,Maharashtra,Retail,9326,2023-04-20
2649,Manan Bava,Male,20,8073979995,Jaipur,Rajasthan,Hospital,5641,2023-12-09
2650,Vritti Dugal,Female,61,0381574442,Ahmedabad,Gujarat,Clinic,7879,2023-06-24
2651,Kai Vaidya,Male,54,4376962095,Vadodara,Gujarat,Clinic,8914,2023-06-01
2652,Avni Trivedi,Female,38,3841060988,Bengaluru,Karnataka,Hospital,5008,2025-06-03
2653,Vansha Sawhney,Female,84,2605505622,Bengaluru,Karnataka,Hospital,3485,2021-08-11
2654,Guneet Bhakta,Male,18,8657236276,Ahmedabad,Gujarat,Retail,4186,2022-07-21
2655,Indali Gala,Female,83,0318638007,Pune,Maharashtra,Hospital,6444,2024-10-03
2656,Ekansh More,Male,65,9182554656,Delhi,Delhi,Clinic,8336,2022-05-22
2657,Sai Sangha,Female,48,5148106423,Vadodara,Gujarat,Hospital,1359,2024-02-05
2658,Anusha Nagy,Female,57,3332831140,Jaipur,Rajasthan,Retail,9313,2024-06-14
2659,Riya Bhakta,Female,82,0250934024,Vadodara,Gujarat,Hospital,2605,2022-04-06
2660,Aditya Bhalla,Male,74,8336360763,Surat,Gujarat,Clinic,9069,2022-06-13
2661,Ekavir Rege,Male,73,8308829147,Delhi,Delhi,Clinic,9685,2025-04-06
2662,Nilima Issac,Female,41,0516189860,Surat,Gujarat,Hospital,2452,2023-08-19
2663,Oni Kulkarni,Female,65,1739328396,Delhi,Delhi,Retail,2573,2024-09-02
2664,Chakradev Raghavan,Male,72,9411996069,Vadodara,Gujarat,Clinic,2699,2023-11-22
2665,Bhavika Banerjee,Female,37,4985960856,Surat,Gujarat,Retail,5866,2022-12-27
2666,Nicholas Setty,Male,24,5117614992,Rajkot,Gujarat,Retail,2757,2022-05-21
2667,Ayush Desai,Male,53,8134117257,Delhi,Delhi,Retail,234,2025-06-12
2668,Zaid Saini,Male,57,1293209748,Jaipur,Rajasthan,Retail,6111,2024-06-07
2669,Charan Raju,Male,23,5945602256,Mumbai,Maharashtra,Hospital,5130,2022-12-02
2670,Amruta Raja,Female,26,3330341382,Mumbai,Maharashtra,Retail,8715,2025-03-12
2671,Dhriti Rout,Female,81,2011422676,Mumbai,Maharashtra,Retail,9394,2024-07-23
2672,Krish Lanka,Male,49,7823059421,Jaipur,Rajasthan,Hospital,307,2023-09-02
2673,Anya Natarajan,Female,52,9457676781,Mumbai,Maharashtra,Retail,738,2024-06-08
2674,Ucchal Kumer,Female,37,7188597192,Pune,Maharashtra,Clinic,611,2024-08-06
2675,Faraj Gokhale,Male,62,7684997497,Ahmedabad,Gujarat,Hospital,1458,2024-09-09
2676,Ishwar Butala,Male,19,2025958187,Rajkot,Gujarat,Retail,5219,2022-07-04
2677,Krishna Sundaram,Male,44,7093202457,Surat,Gujarat,Retail,8443,2023-05-03
2678,Kalpit Gera,Male,53,2304971943,Pune,Maharashtra,Clinic,6720,2022-11-09
2679,Dipta Biswas,Female,46,2787321017,Ahmedabad,Gujarat,Retail,6185,2022-06-30
2680,Omkaar Mital,Male,61,3582964599,Pune,Maharashtra,Clinic,4360,2022-08-30
2681,Nitara Tak,Female,27,6968383523,Ahmedabad,Gujarat,Clinic,9629,2025-10-09
2682,Ekbal Murthy,Male,72,5133098568,Pune,Maharashtra,Retail,5039,2026-04-14
2683,Bhavna Zacharia,Female,62,1516868402,Rajkot,Gujarat,Retail,4847,2021-12-09
2684,Eta Palla,Female,81,2270311486,Pune,Maharashtra,Hospital,5192,2023-02-14
2685,Hitesh Arya,Male,80,2736558276,Indore,Madhya Pradesh,Retail,7873,2023-03-07
2686,Vasudha Dass,Female,48,4416973042,Indore,Madhya Pradesh,Clinic,9959,2022-12-24
2687,Oeshi Bose,Female,34,0092036550,Rajkot,Gujarat,Hospital,3068,2023-04-16
2688,Nirja Mohanty,Female,30,0968799965,Delhi,Delhi,Clinic,6184,2021-09-25
2689,Pallavi Yohannan,Female,53,4629488877,Jaipur,Rajasthan,Clinic,433,2022-10-30
2690,Vincent Khosla,Male,27,7489590772,Vadodara,Gujarat,Hospital,687,2023-05-22
2691,Yashica Dutta,Female,35,7738959254,Vadodara,Gujarat,Clinic,6008,2022-10-18
2692,Aryan Sheth,Male,47,7519398945,Vadodara,Gujarat,Retail,7648,2023-03-22
2693,Lucky Mallick,Male,62,8791860403,Jaipur,Rajasthan,Hospital,9679,2026-03-15
2694,Faris Bhatia,Male,43,3245230737,Delhi,Delhi,Retail,9595,2021-07-17
2695,Ekanta Kulkarni,Female,69,5818178692,Pune,Maharashtra,Clinic,6084,2023-12-17
2696,Veer Dhillon,Male,33,9131118589,Rajkot,Gujarat,Hospital,2699,2021-10-18
2697,Wridesh Sinha,Male,71,3825253474,Vadodara,Gujarat,Retail,8629,2022-05-25
2698,Hema Menon,Female,46,8407591031,Indore,Madhya Pradesh,Retail,8640,2024-09-04
2699,Logan Rout,Male,48,8287199945,Surat,Gujarat,Clinic,3826,2023-09-25
2700,Avni Mammen,Female,34,3562856441,Delhi,Delhi,Hospital,5470,2025-12-30
2701,Vinaya Chaudhari,Female,82,0582940644,Pune,Maharashtra,Clinic,4426,2024-05-18
2702,Ijaya Narasimhan,Female,47,4589578719,Ahmedabad,Gujarat,Hospital,8206,2026-01-17
2703,Gautam Patla,Male,36,9956365923,Surat,Gujarat,Hospital,8441,2023-09-14
2704,Irya Bhargava,Female,55,4422069552,Pune,Maharashtra,Clinic,9719,2025-03-04
2705,Wakeeta Bassi,Female,44,5427702179,Vadodara,Gujarat,Clinic,7897,2024-08-26
2706,Yadavi Bansal,Female,63,2244192400,Jaipur,Rajasthan,Hospital,8642,2026-04-14
2707,Nandini Nadkarni,Female,53,1112097132,Delhi,Delhi,Hospital,4811,2025-10-17
2708,Zilmil Morar,Female,39,4999993032,Pune,Maharashtra,Retail,8227,2021-12-04
2709,Advay Soman,Male,58,1296418532,Pune,Maharashtra,Retail,913,2024-05-06
2710,Frado Sibal,Male,20,1022122251,Delhi,Delhi,Retail,1913,2025-10-20
2711,Max Narain,Male,28,9923803520,Surat,Gujarat,Clinic,2928,2023-04-17
2712,Dipta Bhatnagar,Female,73,7966155130,Surat,Gujarat,Clinic,8550,2023-01-07
2713,Arjun Sawhney,Male,85,5923793336,Ahmedabad,Gujarat,Clinic,8864,2021-10-22
2714,Xiti Mallick,Female,54,9536684248,Jaipur,Rajasthan,Retail,9187,2024-01-08
2715,Yauvani Natt,Female,56,5098533583,Pune,Maharashtra,Clinic,6115,2025-07-16
2716,Krish Chhabra,Male,60,7363837251,Ahmedabad,Gujarat,Hospital,6005,2024-04-09
2717,Vansha Sehgal,Female,73,2986507531,Vadodara,Gujarat,Hospital,5233,2024-05-07
2718,Kashvi De,Female,62,6707405897,Mumbai,Maharashtra,Retail,5411,2026-02-05
2719,Anita Chada,Female,37,8764973468,Vadodara,Gujarat,Clinic,2889,2023-08-26
2720,Tripti Devi,Female,81,4936430995,Ahmedabad,Gujarat,Hospital,4448,2026-04-26
2721,Peter Garg,Male,71,3082616646,Bengaluru,Karnataka,Retail,3073,2026-03-04
2722,Manan Sandal,Male,38,4664540163,Surat,Gujarat,Clinic,3733,2023-05-09
2723,Jairaj Tiwari,Male,20,4241038208,Rajkot,Gujarat,Clinic,9258,2023-10-18
2724,Qabil Rastogi,Male,41,9716974490,Rajkot,Gujarat,Clinic,2213,2023-10-14
2725,Panini Halder,Female,28,4179770405,Bengaluru,Karnataka,Clinic,3619,2021-12-31
2726,Deepa Natt,Female,41,2293608710,Vadodara,Gujarat,Hospital,799,2024-07-03
2727,Vyanjana Narayan,Female,62,2766695002,Ahmedabad,Gujarat,Retail,1550,2025-03-25
2728,Chanakya Varkey,Male,38,5698762923,Rajkot,Gujarat,Clinic,3099,2025-11-11
2729,Abdul Raja,Male,26,3779461577,Jaipur,Rajasthan,Retail,9304,2022-03-22
2730,Chatura Badami,Male,33,7548373258,Mumbai,Maharashtra,Clinic,4021,2024-10-26
2731,Anita Handa,Female,72,2269228969,Vadodara,Gujarat,Retail,8296,2022-12-11
2732,Widisha Thakkar,Female,42,9023286252,Bengaluru,Karnataka,Retail,4015,2021-11-07
2733,Faqid Palan,Male,65,0137957890,Jaipur,Rajasthan,Clinic,6086,2024-08-09
2734,Yashoda Merchant,Female,23,7032982583,Pune,Maharashtra,Hospital,6391,2022-02-06
2735,Zayan Rout,Male,76,1206676767,Indore,Madhya Pradesh,Clinic,4803,2022-01-13
2736,Ishita Rai,Female,47,0286686215,Surat,Gujarat,Clinic,3896,2026-02-16
2737,Bakhshi Jha,Male,70,2043228069,Surat,Gujarat,Clinic,6179,2022-12-15
2738,Xavier Mishra,Male,18,4000523621,Jaipur,Rajasthan,Retail,173,2023-10-21
2739,Victor Suri,Male,60,3051691188,Delhi,Delhi,Hospital,5785,2022-11-12
2740,Ranveer Edwin,Male,47,5430037747,Ahmedabad,Gujarat,Clinic,2450,2023-06-03
2741,Wyatt Raman,Male,41,9450278883,Jaipur,Rajasthan,Retail,4410,2026-01-14
2742,Bhavini Zacharia,Female,82,3672322111,Ahmedabad,Gujarat,Hospital,4060,2025-12-10
2743,Timothy Sethi,Male,28,2264465473,Rajkot,Gujarat,Clinic,4725,2024-08-13
2744,Frado Narain,Male,35,4027495075,Surat,Gujarat,Retail,2976,2025-10-17
2745,Odika Palla,Female,66,5361722671,Rajkot,Gujarat,Clinic,5137,2023-01-12
2746,Ishani Jhaveri,Female,48,8007143404,Delhi,Delhi,Retail,5979,2024-05-15
2747,Faras Varma,Male,26,9792465416,Surat,Gujarat,Clinic,9060,2024-10-23
2748,Ishani Chand,Female,19,4069453695,Pune,Maharashtra,Clinic,2760,2022-08-29
2749,Andrew Bala,Male,48,9542131363,Surat,Gujarat,Hospital,6213,2022-10-12
2750,Dakshesh Vaidya,Male,47,0108812798,Surat,Gujarat,Retail,4485,2022-01-14
2751,Meghana Deo,Female,28,8040478993,Bengaluru,Karnataka,Clinic,4809,2024-09-09
2752,Atharv Lad,Male,49,4863711067,Rajkot,Gujarat,Hospital,7172,2021-09-28
2753,Andrew Bhatti,Male,79,7068015025,Pune,Maharashtra,Clinic,1644,2024-04-11
2754,Mahika Badal,Female,62,6054331258,Pune,Maharashtra,Retail,884,2021-12-02
2755,Akshay Bobal,Male,60,4620183726,Pune,Maharashtra,Clinic,7113,2025-04-25
2756,Niharika Mall,Female,27,0030144793,Indore,Madhya Pradesh,Retail,1518,2024-11-12
2757,Aarnav Krish,Male,35,3510054213,Bengaluru,Karnataka,Hospital,1047,2023-04-26
2758,Yashasvi Om,Female,63,7864624704,Vadodara,Gujarat,Hospital,7515,2024-06-16
2759,Sarthak Jayaraman,Male,41,6713354880,Surat,Gujarat,Retail,4483,2025-05-08
2760,Aarnav Mahajan,Male,54,7572766721,Vadodara,Gujarat,Hospital,4731,2021-10-16
2761,Theodore Agate,Male,32,2653937045,Mumbai,Maharashtra,Hospital,3747,2025-02-05
2762,Faqid Bala,Male,24,2622839913,Delhi,Delhi,Hospital,3224,2025-09-07
2763,Jagdish Sethi,Male,31,6851963968,Surat,Gujarat,Hospital,3554,2024-09-09
2764,Arjun Goel,Male,67,3900793827,Vadodara,Gujarat,Hospital,20,2021-07-28
2765,Yatin Mishra,Male,40,2211917613,Jaipur,Rajasthan,Hospital,9324,2025-01-13
2766,Balhaar Kuruvilla,Male,83,2655208841,Pune,Maharashtra,Clinic,6878,2022-05-29
2767,Tara Narayan,Female,20,9217544410,Bengaluru,Karnataka,Clinic,9897,2024-09-15
2768,Barkha Chaudhry,Female,81,9783148889,Indore,Madhya Pradesh,Hospital,1429,2022-12-23
2769,Faraj Dalal,Male,52,9575173260,Jaipur,Rajasthan,Hospital,8014,2022-10-12
2770,Balvan Iyengar,Male,69,9726521315,Pune,Maharashtra,Hospital,758,2022-09-13
2771,Yasti Badami,Female,80,0059228216,Vadodara,Gujarat,Clinic,6275,2025-01-12
2772,Kai Vohra,Male,44,8845737937,Mumbai,Maharashtra,Hospital,2201,2024-10-29
2773,Ikbal Seth,Male,44,0810524507,Ahmedabad,Gujarat,Clinic,2787,2023-07-06
2774,Chanakya Nigam,Male,73,0344423830,Vadodara,Gujarat,Hospital,4006,2025-05-21
2775,Nakul Dayal,Male,35,2689780134,Indore,Madhya Pradesh,Retail,8624,2026-03-03
2776,Naveen Swaminathan,Male,81,7255382457,Mumbai,Maharashtra,Clinic,7997,2025-04-03
2777,Dhruv Mody,Male,81,6047742965,Jaipur,Rajasthan,Clinic,3013,2022-07-27
2778,Mason Tailor,Male,31,7645890484,Bengaluru,Karnataka,Retail,9358,2022-08-08
2779,Rushil Sahni,Male,84,8250578322,Jaipur,Rajasthan,Hospital,2194,2022-09-09
2780,Chameli Tandon,Female,68,4051339518,Jaipur,Rajasthan,Retail,3933,2022-10-09
2781,Tarak Ganesan,Male,43,4951813795,Mumbai,Maharashtra,Retail,4932,2021-11-08
2782,Anirudh Bera,Male,48,7140675009,Bengaluru,Karnataka,Retail,1238,2026-02-07
2783,Lavanya Soni,Female,57,7392592670,Jaipur,Rajasthan,Clinic,6523,2022-12-25
2784,Yug Wadhwa,Male,81,6313597368,Jaipur,Rajasthan,Clinic,8488,2024-08-30
2785,Warinder Rao,Male,48,1059810651,Delhi,Delhi,Hospital,6680,2025-04-02
2786,Arya Anne,Female,18,5335997846,Surat,Gujarat,Clinic,440,2022-11-30
2787,Kevin Manne,Male,27,8215749670,Ahmedabad,Gujarat,Clinic,4578,2025-02-25
2788,Harsh Dyal,Male,35,4747507875,Ahmedabad,Gujarat,Clinic,7851,2023-08-26
2789,Rayaan Barad,Male,28,9088431699,Ahmedabad,Gujarat,Clinic,73,2022-01-25
2790,Falak Sanghvi,Female,46,4078887078,Mumbai,Maharashtra,Retail,2521,2022-10-28
2791,Waida Sant,Female,29,0175936388,Mumbai,Maharashtra,Hospital,3538,2022-07-20
2792,Unni Chahal,Female,38,5740266412,Jaipur,Rajasthan,Retail,2500,2026-06-08
2793,Alka Puri,Female,23,5336308509,Delhi,Delhi,Hospital,8300,2025-07-23
2794,Aishani Ramakrishnan,Female,82,8963533074,Pune,Maharashtra,Clinic,5671,2024-11-07
2795,Veda Deshpande,Female,46,7328057981,Bengaluru,Karnataka,Retail,7520,2023-10-02
2796,Ekaraj Bandi,Male,45,6574621110,Jaipur,Rajasthan,Hospital,2050,2023-05-17
2797,Jeet Randhawa,Male,56,7470318991,Vadodara,Gujarat,Hospital,3030,2025-02-09
2798,Isha Bava,Female,52,3269850811,Delhi,Delhi,Hospital,996,2025-04-15
2799,Ekanta Ghosh,Female,52,5085495636,Bengaluru,Karnataka,Clinic,9841,2021-11-03
2800,Vincent Badal,Male,65,3920003223,Rajkot,Gujarat,Retail,3725,2022-12-09
2801,Ekavir Ghosh,Male,68,9047367944,Ahmedabad,Gujarat,Retail,1705,2023-02-07
2802,Wriddhish Sem,Male,25,1176152451,Mumbai,Maharashtra,Clinic,2828,2021-07-16
2803,Ryan Murthy,Male,54,9279338097,Rajkot,Gujarat,Clinic,1950,2023-10-24
2804,Janani Dara,Female,42,6119546414,Jaipur,Rajasthan,Hospital,6989,2021-10-05
2805,Warinder Bhardwaj,Male,71,4653729344,Jaipur,Rajasthan,Retail,9824,2024-01-05
2806,Raksha Halder,Female,82,4774835670,Ahmedabad,Gujarat,Hospital,8443,2025-01-30
2807,Tanay Ghosh,Male,75,6508615636,Pune,Maharashtra,Clinic,8476,2021-08-22
2808,Nicholas Mani,Male,45,8079773131,Pune,Maharashtra,Clinic,6244,2026-03-02
2809,Isha Barman,Female,46,0554487908,Bengaluru,Karnataka,Retail,3411,2025-01-13
2810,Azaan Muni,Male,22,7095762632,Bengaluru,Karnataka,Retail,4457,2021-09-03
2811,Ekantika Goswami,Female,60,2179245265,Ahmedabad,Gujarat,Clinic,3128,2022-12-13
2812,Zaitra Jha,Female,26,5571418038,Bengaluru,Karnataka,Hospital,7345,2022-02-03
2813,Harita Manda,Female,83,5925604712,Bengaluru,Karnataka,Clinic,7999,2022-03-02
2814,Advika Bhatt,Female,58,5705984945,Jaipur,Rajasthan,Hospital,8939,2021-11-16
2815,Yashoda Gade,Female,51,4257225458,Vadodara,Gujarat,Retail,6110,2026-03-07
2816,Om Sagar,Male,66,8642055889,Mumbai,Maharashtra,Clinic,9541,2025-11-01
2817,Manthan Wali,Male,49,5029917318,Jaipur,Rajasthan,Hospital,5419,2022-07-08
2818,Samesh Luthra,Male,49,5049651701,Surat,Gujarat,Hospital,5404,2026-03-18
2819,Eta Mitra,Female,46,7370195392,Rajkot,Gujarat,Hospital,9270,2026-02-23
2820,Theodore Walia,Male,42,4049639207,Bengaluru,Karnataka,Retail,4942,2026-01-25
2821,Maya Sehgal,Female,44,6630159382,Vadodara,Gujarat,Clinic,906,2023-02-15
2822,Oscar Sangha,Male,58,7430624601,Jaipur,Rajasthan,Clinic,924,2024-06-22
2823,Banjeet Bhatia,Male,64,4427196606,Jaipur,Rajasthan,Clinic,4149,2023-08-25
2824,Yadavi Swaminathan,Female,56,6003213040,Ahmedabad,Gujarat,Clinic,8133,2026-04-22
2825,Vinaya Pai,Female,37,6461479273,Rajkot,Gujarat,Retail,3888,2024-12-20
2826,Ucchal Sanghvi,Female,83,1396754420,Ahmedabad,Gujarat,Clinic,8876,2022-12-03
2827,Banjeet Bhardwaj,Male,84,9340288088,Pune,Maharashtra,Retail,4579,2022-06-26
2828,Upadhriti Raja,Female,77,4668514434,Vadodara,Gujarat,Hospital,980,2026-07-07
2829,Gauri Chakraborty,Female,26,4053778318,Bengaluru,Karnataka,Clinic,9695,2022-06-08
2830,Varenya Divan,Female,33,8227301635,Delhi,Delhi,Clinic,895,2024-08-03
2831,Jeevika Rajagopal,Female,77,7739136498,Indore,Madhya Pradesh,Retail,9049,2022-09-03
2832,Avni Nair,Female,40,4020385050,Surat,Gujarat,Retail,9774,2025-08-07
2833,Libni Gupta,Female,20,2662077735,Surat,Gujarat,Clinic,4999,2025-07-21
2834,Gunbir Bhattacharyya,Male,77,7840395829,Indore,Madhya Pradesh,Clinic,2164,2026-06-24
2835,Manbir Bandi,Male,30,8525445101,Pune,Maharashtra,Clinic,8625,2025-03-18
2836,Sathvik Sule,Male,62,7506248888,Indore,Madhya Pradesh,Clinic,5635,2022-02-07
2837,Geetika Sarkar,Female,26,0842264773,Vadodara,Gujarat,Clinic,2303,2023-07-23
2838,Chakrika Kuruvilla,Female,45,5230032506,Ahmedabad,Gujarat,Hospital,7131,2021-08-01
2839,Samaksh Nanda,Male,82,6690172828,Jaipur,Rajasthan,Hospital,1840,2025-02-17
2840,Abhiram Seshadri,Male,62,8108787351,Indore,Madhya Pradesh,Retail,5447,2023-11-11
2841,Dominic Balay,Male,70,3986480602,Delhi,Delhi,Retail,5780,2025-08-14
2842,Idika Patla,Female,80,8651376017,Vadodara,Gujarat,Clinic,8022,2024-09-16
2843,Pahal Deshmukh,Female,51,3943027720,Bengaluru,Karnataka,Clinic,4529,2021-10-23
2844,Rachana Pandey,Female,60,6108543512,Rajkot,Gujarat,Hospital,7527,2025-11-18
2845,Vivaan Kannan,Male,43,8875424995,Jaipur,Rajasthan,Retail,8015,2025-09-13
2846,Zashil Kurian,Male,36,9395677627,Bengaluru,Karnataka,Hospital,2287,2023-06-22
2847,Sachi Bhatia,Female,24,0747321931,Vadodara,Gujarat,Retail,7635,2022-07-26
2848,Yashvi Ratta,Female,81,0451785576,Surat,Gujarat,Clinic,7468,2022-06-22
2849,Ekapad Raju,Male,55,1020651380,Surat,Gujarat,Clinic,4793,2022-03-29
2850,Jeremiah Vasa,Male,84,7353259300,Surat,Gujarat,Clinic,7551,2023-01-12
2851,Vincent Rout,Male,43,9955520746,Vadodara,Gujarat,Hospital,2158,2025-05-24
2852,Adweta Bora,Female,74,0047763718,Mumbai,Maharashtra,Clinic,8429,2026-04-10
2853,Gaurika Sule,Female,24,1248231940,Bengaluru,Karnataka,Hospital,4478,2023-12-25
2854,Isaac More,Male,81,9493640768,Jaipur,Rajasthan,Hospital,8244,2021-08-27
2855,Damini Bhatti,Female,41,8599276693,Vadodara,Gujarat,Hospital,3506,2023-11-03
2856,Ekta Andra,Female,85,0497891067,Rajkot,Gujarat,Hospital,5060,2024-07-29
2857,Azad Keer,Male,81,8506726360,Surat,Gujarat,Clinic,2657,2025-05-01
2858,Warjas Sarma,Male,19,4344253956,Mumbai,Maharashtra,Retail,9682,2026-04-05
2859,Krisha Sinha,Female,65,3440299748,Mumbai,Maharashtra,Clinic,2609,2021-12-07
2860,Arjun Sant,Male,48,1914297654,Rajkot,Gujarat,Clinic,1585,2026-01-30
2861,Frederick Som,Male,69,8606951044,Jaipur,Rajasthan,Hospital,5898,2024-09-06
2862,Charles Keer,Male,27,0713815989,Rajkot,Gujarat,Clinic,7816,2022-10-31
2863,Mason Nigam,Male,41,8398479422,Pune,Maharashtra,Clinic,2386,2023-01-17
2864,Priya Dayal,Female,67,1987806040,Rajkot,Gujarat,Retail,5386,2023-12-31
2865,Chaman Lala,Female,83,9813707167,Pune,Maharashtra,Hospital,476,2021-08-25
2866,Jagrati Kale,Female,75,6864911735,Jaipur,Rajasthan,Clinic,5419,2022-09-30
2867,Faqid Chada,Male,73,1559356029,Vadodara,Gujarat,Hospital,451,2023-04-06
2868,Anika Radhakrishnan,Female,24,4384016472,Surat,Gujarat,Hospital,8051,2026-04-07
2869,Chanchal Pal,Female,62,3269612474,Bengaluru,Karnataka,Clinic,8621,2025-10-28
2870,Tripti Mammen,Female,44,6010893646,Jaipur,Rajasthan,Retail,682,2023-11-16
2871,Ekbal Srinivasan,Male,70,5083263485,Mumbai,Maharashtra,Clinic,7729,2022-05-15
2872,Chaman Mane,Female,38,0063760712,Rajkot,Gujarat,Retail,5987,2024-09-11
2873,Oscar Puri,Male,46,8804584465,Mumbai,Maharashtra,Retail,6125,2026-05-25
2874,Chakrika Wali,Female,48,2156148852,Jaipur,Rajasthan,Clinic,3960,2022-08-06
2875,Aryan Bassi,Male,59,7436232685,Jaipur,Rajasthan,Hospital,625,2023-02-07
2876,Pranit Sani,Male,65,2761266257,Delhi,Delhi,Clinic,7443,2023-02-14
2877,Vrinda Rege,Female,72,2229814820,Surat,Gujarat,Retail,2289,2025-10-15
2878,Gaurav Kibe,Male,78,9733118609,Surat,Gujarat,Clinic,7825,2023-09-30
2879,Brinda Kurian,Female,71,5318961338,Bengaluru,Karnataka,Retail,9878,2024-10-23
2880,Aashi Hora,Female,29,3625942513,Rajkot,Gujarat,Hospital,6913,2022-07-13
2881,Hritik Mutti,Male,59,6790653775,Jaipur,Rajasthan,Retail,9795,2024-05-04
2882,Aashi Dash,Female,20,7853982062,Surat,Gujarat,Retail,5287,2023-11-17
2883,Varsha Dubey,Female,55,1838235518,Vadodara,Gujarat,Clinic,1275,2023-09-02
2884,Mason Bava,Male,36,4373508005,Rajkot,Gujarat,Retail,3299,2022-11-01
2885,Ekavir Sunder,Male,35,2365141266,Delhi,Delhi,Retail,4641,2024-11-09
2886,Jackson Mani,Male,22,2580723417,Pune,Maharashtra,Clinic,4327,2022-09-07
2887,Nandini Pandya,Female,31,2932627687,Rajkot,Gujarat,Clinic,3025,2026-04-25
2888,Priya Dubey,Female,22,8650112232,Delhi,Delhi,Retail,456,2023-12-30
2889,Theodore Bava,Male,71,6843933260,Surat,Gujarat,Retail,7946,2021-11-05
2890,Jyoti Soni,Female,49,9258449771,Ahmedabad,Gujarat,Retail,4417,2022-01-21
2891,Leena Ramanathan,Female,82,8905148996,Ahmedabad,Gujarat,Hospital,9784,2022-12-15
2892,Falan Bhardwaj,Male,40,7805782432,Mumbai,Maharashtra,Clinic,5419,2023-05-26
2893,Meera Narang,Female,53,9592567963,Surat,Gujarat,Clinic,6991,2026-05-26
2894,Laksh Pai,Male,37,9236329483,Pune,Maharashtra,Clinic,1495,2026-03-26
2895,Hitesh Narula,Male,65,3270324348,Indore,Madhya Pradesh,Retail,9382,2022-03-18
2896,Chaman Shankar,Female,41,9377437644,Vadodara,Gujarat,Clinic,2262,2025-03-03
2897,Vasana Chhabra,Female,79,7869042812,Vadodara,Gujarat,Hospital,136,2022-10-12
2898,Turvi Nanda,Female,48,9535285951,Delhi,Delhi,Retail,1884,2025-04-28
2899,Sneha Bansal,Female,39,9594566898,Delhi,Delhi,Retail,4423,2025-09-03
2900,Jonathan Chacko,Male,36,1836636002,Mumbai,Maharashtra,Hospital,952,2023-04-28
2901,Avni Bora,Female,53,0851816287,Mumbai,Maharashtra,Clinic,8660,2022-01-21
2902,Udarsh Buch,Male,56,1995271141,Delhi,Delhi,Clinic,6063,2024-10-11
2903,Yashoda Mukhopadhyay,Female,66,9177981767,Vadodara,Gujarat,Clinic,6101,2023-08-18
2904,Baghyawati Jayaraman,Female,73,8902894629,Jaipur,Rajasthan,Clinic,5176,2022-05-30
2905,Vihaan Naidu,Male,21,8504914572,Bengaluru,Karnataka,Retail,7666,2026-02-04
2906,Oeshi Sidhu,Female,76,7756389860,Surat,Gujarat,Clinic,9369,2026-06-14
2907,Upkaar Narayanan,Male,34,2465560920,Vadodara,Gujarat,Hospital,2766,2025-04-13
2908,Rachit Toor,Male,79,0298844646,Ahmedabad,Gujarat,Clinic,5497,2021-09-26
2909,Robert Ramesh,Male,53,1466544894,Jaipur,Rajasthan,Hospital,1694,2025-08-03
2910,Mohini Jaggi,Female,38,6340647780,Rajkot,Gujarat,Hospital,2844,2022-02-13
2911,Jairaj Wable,Male,44,1981756704,Surat,Gujarat,Clinic,6998,2026-01-08
2912,Aarush Kurian,Male,70,4275253873,Delhi,Delhi,Retail,2542,2025-12-21
2913,Balveer Bahri,Male,39,6847362952,Surat,Gujarat,Retail,1412,2021-11-06
2914,Maya Loke,Female,34,5327546658,Indore,Madhya Pradesh,Clinic,1922,2026-02-20
2915,Anvi Nagar,Female,28,5585704395,Surat,Gujarat,Clinic,4214,2021-08-22
2916,Pahal Srivastava,Female,75,6694952899,Bengaluru,Karnataka,Retail,9705,2024-07-22
2917,Nitara Sura,Female,85,3700305422,Rajkot,Gujarat,Retail,7189,2021-08-27
2918,Osha Sood,Female,55,3102339643,Indore,Madhya Pradesh,Clinic,2391,2025-06-13
2919,Ayaan Goswami,Male,46,5999080641,Delhi,Delhi,Retail,5044,2025-09-14
2920,Bimala Bhavsar,Female,46,0127222941,Pune,Maharashtra,Retail,6444,2024-05-10
2921,Jeevika Walia,Female,52,6762169555,Jaipur,Rajasthan,Hospital,8289,2024-02-23
2922,Yamini Barad,Female,73,0893980754,Bengaluru,Karnataka,Hospital,7672,2025-12-22
2923,Baghyawati Dar,Female,53,0610517845,Mumbai,Maharashtra,Clinic,8538,2025-07-27
2924,Jonathan Raghavan,Male,56,4712680919,Bengaluru,Karnataka,Hospital,3273,2025-02-11
2925,Arin Bera,Male,85,9358564398,Rajkot,Gujarat,Clinic,8023,2021-10-22
2926,Bishakha Sheth,Female,78,5010231573,Indore,Madhya Pradesh,Clinic,7384,2026-01-26
2927,Amol Dhawan,Male,61,3398273585,Rajkot,Gujarat,Clinic,1485,2024-12-01
2928,Parth Dalal,Male,79,2782271106,Rajkot,Gujarat,Hospital,6573,2023-03-15
2929,Tanveer Suri,Male,30,9885620988,Delhi,Delhi,Hospital,783,2022-07-01
2930,Samuel Mahajan,Male,39,2120179823,Jaipur,Rajasthan,Clinic,7746,2024-03-23
2931,Mason Andra,Male,19,1100888106,Jaipur,Rajasthan,Retail,1202,2022-05-14
2932,Darpan Zachariah,Male,76,4663760556,Jaipur,Rajasthan,Clinic,5174,2025-02-05
2933,Lucky Kar,Male,33,6920762690,Mumbai,Maharashtra,Retail,3851,2024-07-21
2934,Yadavi Mahal,Female,66,6317830508,Vadodara,Gujarat,Clinic,7731,2024-06-29
2935,Tejas Bawa,Male,45,5571784114,Delhi,Delhi,Retail,2516,2022-03-31
2936,Siddharth Kant,Male,34,4888011382,Bengaluru,Karnataka,Hospital,3924,2023-11-03
2937,Ranbir Raja,Male,55,1643964506,Jaipur,Rajasthan,Hospital,8117,2023-07-06
2938,Hitesh Dar,Male,78,2627284358,Delhi,Delhi,Clinic,7218,2024-04-01
2939,Krish Barman,Male,49,4360209432,Delhi,Delhi,Retail,3556,2025-09-06
2940,Urmi Karpe,Female,44,5089211151,Mumbai,Maharashtra,Hospital,4937,2022-09-03
2941,Meera Maharaj,Female,68,1054065884,Pune,Maharashtra,Retail,7371,2026-04-10
2942,Amrita Kanda,Female,33,1500475199,Surat,Gujarat,Clinic,6601,2024-06-21
2943,Ekta Tiwari,Female,39,2092116045,Vadodara,Gujarat,Hospital,3659,2024-04-13
2944,Nachiket Johal,Male,19,9066671543,Ahmedabad,Gujarat,Clinic,7983,2022-06-30
2945,Amol Saran,Male,60,3340262908,Jaipur,Rajasthan,Retail,5356,2025-05-04
2946,Kritika Kibe,Female,81,9620262922,Bengaluru,Karnataka,Retail,4888,2024-09-02
2947,Frederick Tara,Male,68,6928114345,Delhi,Delhi,Hospital,3665,2023-06-19
2948,Eshana De,Female,34,9990639561,Indore,Madhya Pradesh,Retail,8536,2022-11-02
2949,Odika Kapur,Female,67,4443407852,Bengaluru,Karnataka,Retail,233,2025-02-26
2950,Ryan Desai,Male,71,3474851439,Indore,Madhya Pradesh,Hospital,9491,2024-11-20
2951,Vincent Chawla,Male,54,4513022937,Jaipur,Rajasthan,Hospital,4841,2024-05-31
2952,Chakradhar Naik,Male,60,8948551835,Bengaluru,Karnataka,Clinic,232,2022-04-03
2953,Ranveer Chaudhry,Male,74,9648755393,Indore,Madhya Pradesh,Retail,2362,2023-01-06
2954,Krishna Bath,Female,26,6482884013,Jaipur,Rajasthan,Hospital,7131,2023-09-29
2955,Girik Krishnamurthy,Male,65,4419163732,Ahmedabad,Gujarat,Hospital,7349,2022-06-21
2956,Yashvi Khanna,Female,20,7150790843,Delhi,Delhi,Hospital,3188,2025-09-08
2957,Isha Setty,Female,64,5813649867,Mumbai,Maharashtra,Clinic,4110,2025-10-12
2958,Jacob Manne,Male,69,2012928085,Jaipur,Rajasthan,Retail,3519,2024-09-28
2959,Hardik Ramachandran,Male,29,5776274083,Jaipur,Rajasthan,Clinic,8860,2024-11-12
2960,Samesh Sarma,Male,32,2272279560,Indore,Madhya Pradesh,Hospital,640,2024-02-15
2961,Amol Padmanabhan,Male,39,0656886080,Delhi,Delhi,Retail,1914,2025-04-12
2962,Zarna Bala,Female,21,9294567954,Pune,Maharashtra,Hospital,2739,2025-03-05
2963,Hemal Chada,Female,45,7564619380,Indore,Madhya Pradesh,Hospital,911,2024-05-18
2964,Tanay Raghavan,Male,82,7487971974,Mumbai,Maharashtra,Hospital,2338,2021-07-24
2965,Rishi Varty,Male,77,4204714109,Pune,Maharashtra,Clinic,6347,2026-01-27
2966,Guneet Yohannan,Male,26,4992282833,Delhi,Delhi,Hospital,5083,2023-07-02
2967,Vasana Ben,Female,40,1074895040,Jaipur,Rajasthan,Retail,6510,2026-06-07
2968,Unni Kata,Female,77,3826084012,Jaipur,Rajasthan,Retail,4641,2021-09-15
2969,Prisha Naik,Female,85,3224910670,Pune,Maharashtra,Retail,5431,2022-12-29
2970,Prisha Hayer,Female,85,1673247532,Pune,Maharashtra,Retail,7694,2023-02-20
2971,Vidhi Bhargava,Female,39,9187934167,Mumbai,Maharashtra,Clinic,7995,2024-02-14
2972,Triya Kala,Female,67,5466555203,Ahmedabad,Gujarat,Retail,9430,2024-01-08
2973,Hemani Ben,Female,80,5269344873,Pune,Maharashtra,Hospital,6298,2024-03-11
2974,Matthew Yogi,Male,65,7501907460,Ahmedabad,Gujarat,Retail,223,2022-06-27
2975,Jagdish Bhat,Male,51,0448644935,Delhi,Delhi,Clinic,4050,2022-11-25
2976,Krishna Dada,Female,69,9842632390,Delhi,Delhi,Hospital,2489,2022-09-24
2977,Anmol Aggarwal,Male,50,9660428282,Jaipur,Rajasthan,Clinic,5194,2021-09-23
2978,Azad Sankaran,Male,52,7255225326,Rajkot,Gujarat,Hospital,9655,2026-05-01
2979,Saksham Dara,Male,56,1208496813,Indore,Madhya Pradesh,Clinic,4867,2023-07-09
2980,Yashawini Ray,Female,80,5023958541,Mumbai,Maharashtra,Retail,6875,2024-12-21
2981,Logan Setty,Male,62,2304815595,Vadodara,Gujarat,Hospital,2776,2023-09-09
2982,Wridesh Muni,Male,45,0958456511,Surat,Gujarat,Hospital,2210,2026-04-06
2983,Widisha Kibe,Female,77,1799111082,Bengaluru,Karnataka,Clinic,6704,2023-09-09
2984,Tamanna Nagi,Female,49,5459933731,Delhi,Delhi,Clinic,6083,2022-12-18
2985,Ishita Bedi,Female,80,5838120930,Bengaluru,Karnataka,Clinic,4337,2024-06-03
2986,Wriddhish Sarkar,Male,83,8618978810,Pune,Maharashtra,Retail,3799,2023-03-07
2987,Naveen Pandit,Male,76,8754438077,Ahmedabad,Gujarat,Retail,4704,2023-05-23
2988,Yashvi Bath,Female,65,7215301241,Rajkot,Gujarat,Clinic,9370,2021-12-10
2989,Jason Datta,Male,57,8939919152,Mumbai,Maharashtra,Hospital,7466,2024-04-19
2990,Vyanjana Chaudhuri,Female,84,5614955592,Mumbai,Maharashtra,Hospital,7971,2025-02-08
2991,Christopher Salvi,Male,25,9056417188,Rajkot,Gujarat,Hospital,9096,2023-07-01
2992,Harsh Thakur,Male,66,9871930822,Jaipur,Rajasthan,Hospital,3693,2023-03-09
2993,Wahab Basak,Male,45,4882179742,Ahmedabad,Gujarat,Hospital,722,2022-11-15
2994,Falan Bajaj,Male,70,4626878135,Surat,Gujarat,Retail,1948,2022-06-12
2995,Yug Jha,Male,19,7038309294,Bengaluru,Karnataka,Retail,2366,2026-02-22
2996,Ayushman Sankar,Male,73,0885353181,Delhi,Delhi,Clinic,85,2024-02-02
2997,Lakshit Oza,Male,84,0890613312,Surat,Gujarat,Retail,8663,2025-10-13
2998,Ronith Modi,Male,54,9213579597,Vadodara,Gujarat,Hospital,9775,2024-12-23
2999,Zaid Sane,Male,52,8992659926,Vadodara,Gujarat,Clinic,9000,2022-06-22
3000,Gauri Dewan,Female,58,4193594081,Mumbai,Maharashtra,Retail,1343,2023-01-16
3001,Upkaar Jani,Male,39,8362166496,Ahmedabad,Gujarat,Retail,8377,2025-10-26
3002,Manya Vig,Female,38,4534992800,Delhi,Delhi,Retail,3087,2024-10-01
3003,Jagvi Sahni,Female,60,3777037539,Indore,Madhya Pradesh,Clinic,7866,2022-11-09
3004,Vamakshi Dubey,Female,77,4998667369,Delhi,Delhi,Hospital,9698,2023-08-12
3005,Yash Dixit,Male,50,6932409335,Vadodara,Gujarat,Clinic,238,2026-02-18
3006,Pallavi Bhagat,Female,20,7761957693,Delhi,Delhi,Clinic,6765,2024-11-30
3007,Balendra Jain,Male,50,4763368036,Jaipur,Rajasthan,Hospital,1416,2021-09-25
3008,Warinder Chauhan,Male,23,6959295308,Jaipur,Rajasthan,Retail,5502,2023-11-14
3009,Nathaniel Bhakta,Male,42,0781524866,Rajkot,Gujarat,Retail,1136,2024-08-21
3010,Sara Date,Female,46,8618892483,Rajkot,Gujarat,Clinic,4909,2024-12-24
3011,Urmi Pant,Female,58,1809773127,Vadodara,Gujarat,Hospital,429,2024-08-21
3012,Eta Chatterjee,Female,61,7558254083,Mumbai,Maharashtra,Retail,4767,2023-05-16
3013,Mugdha Bumb,Female,62,0500549611,Pune,Maharashtra,Clinic,1086,2023-10-06
3014,Urvi Sur,Female,66,0596630278,Vadodara,Gujarat,Retail,1710,2022-03-18
3015,Aadi Mahajan,Male,32,9398689506,Jaipur,Rajasthan,Hospital,4205,2023-06-26
3016,Vedika Palla,Female,74,3149592178,Ahmedabad,Gujarat,Clinic,5240,2025-04-11
3017,Andrew Wadhwa,Male,22,8120276871,Jaipur,Rajasthan,Retail,7368,2024-10-23
3018,Farhan Aggarwal,Male,48,9837805470,Delhi,Delhi,Hospital,7820,2025-04-15
3019,Lavanya Raja,Female,47,8877742579,Bengaluru,Karnataka,Clinic,431,2023-10-18
3020,Osha Sanghvi,Female,84,0907253134,Vadodara,Gujarat,Clinic,6042,2023-07-27
3021,Sai Dar,Female,26,2936581530,Ahmedabad,Gujarat,Retail,4338,2024-12-03
3022,Warhi Desai,Female,51,1376809094,Pune,Maharashtra,Clinic,8343,2021-09-27
3023,Robert Swaminathan,Male,34,8145906835,Ahmedabad,Gujarat,Clinic,1579,2024-06-30
3024,Yashawini Samra,Female,50,4697586480,Vadodara,Gujarat,Retail,4094,2024-03-09
3025,Qabil Goda,Male,56,2468873543,Surat,Gujarat,Hospital,5013,2026-04-29
3026,Megha Shenoy,Female,33,4868634087,Pune,Maharashtra,Hospital,6971,2022-06-20
3027,Kevin Memon,Male,27,8208716885,Pune,Maharashtra,Clinic,5303,2022-12-17
3028,Gautami Banerjee,Female,73,3440033054,Surat,Gujarat,Clinic,1220,2024-04-17
3029,Qushi Ram,Female,20,9256005405,Bengaluru,Karnataka,Hospital,2105,2021-11-13
3030,Eesha Sandhu,Female,83,2678715379,Ahmedabad,Gujarat,Clinic,7590,2025-06-28
3031,Wishi Dutt,Female,20,0496197694,Bengaluru,Karnataka,Hospital,4272,2026-04-19
3032,Xiti Aggarwal,Female,22,4155760159,Ahmedabad,Gujarat,Retail,251,2022-03-28
3033,Pranav Iyer,Male,81,8871745519,Indore,Madhya Pradesh,Clinic,9769,2026-03-22
3034,Oviya Venkatesh,Female,44,5285658785,Pune,Maharashtra,Hospital,2566,2021-09-05
3035,Nicholas Nath,Male,28,4376259476,Ahmedabad,Gujarat,Retail,874,2025-03-18
3036,Omya Tripathi,Female,32,5793094207,Surat,Gujarat,Hospital,2730,2023-03-16
3037,Varsha Bail,Female,37,4836905311,Indore,Madhya Pradesh,Clinic,6413,2022-02-02
3038,Girik Mutti,Male,75,5240196961,Delhi,Delhi,Retail,2508,2021-08-13
3039,Samesh Gokhale,Male,30,0902034485,Vadodara,Gujarat,Clinic,1781,2026-05-26
3040,Bishakha Shan,Female,21,7709443072,Vadodara,Gujarat,Clinic,3523,2025-05-04
3041,Chaaya Vaidya,Female,59,2987878748,Ahmedabad,Gujarat,Clinic,7239,2023-07-23
3042,Harini Nadig,Female,68,1500989190,Rajkot,Gujarat,Hospital,3389,2022-03-08
3043,Akshay Sarin,Male,27,3006967620,Mumbai,Maharashtra,Clinic,7463,2024-04-21
3044,Dhruv Sidhu,Male,36,7031313177,Jaipur,Rajasthan,Clinic,2599,2023-01-19
3045,Janaki Dubey,Female,38,1661627388,Surat,Gujarat,Retail,6229,2024-05-29
3046,Mekhala Shankar,Female,38,4223827766,Rajkot,Gujarat,Retail,7796,2022-12-14
3047,Bimala Kothari,Female,68,7105607893,Mumbai,Maharashtra,Hospital,6235,2022-01-17
3048,Oviya Kuruvilla,Female,46,6190953748,Jaipur,Rajasthan,Retail,4747,2024-10-02
3049,Jeremiah Dutta,Male,32,1405443781,Delhi,Delhi,Hospital,2151,2022-05-11
3050,Veer Divan,Male,74,4069415036,Surat,Gujarat,Clinic,9006,2025-12-25
3051,Jagvi Jha,Female,79,4206113340,Ahmedabad,Gujarat,Retail,1764,2025-03-09
3052,Yashvi Chadha,Female,58,5618916954,Surat,Gujarat,Retail,5623,2025-09-04
3053,Ojas Chandra,Male,59,9174009163,Mumbai,Maharashtra,Hospital,4407,2024-11-24
3054,Gagan Mittal,Male,85,8320397891,Rajkot,Gujarat,Hospital,7385,2023-08-31
3055,Vedhika Mammen,Female,56,3054311346,Jaipur,Rajasthan,Hospital,629,2026-04-24
3056,Chatresh Acharya,Male,18,1969589199,Rajkot,Gujarat,Clinic,9266,2024-01-30
3057,Leena Natt,Female,20,7045997072,Bengaluru,Karnataka,Retail,7241,2023-06-17
3058,Zehaan Dugar,Male,61,3474918204,Mumbai,Maharashtra,Retail,3185,2021-09-21
3059,Mekhala Lad,Female,64,3125398056,Indore,Madhya Pradesh,Clinic,2481,2026-03-11
3060,Tara Garde,Female,84,2776100616,Jaipur,Rajasthan,Hospital,1139,2023-05-19
3061,Anjali Munshi,Female,56,4582169389,Rajkot,Gujarat,Hospital,4040,2025-12-22
3062,Azaan Chana,Male,43,6644044117,Mumbai,Maharashtra,Clinic,3636,2025-04-05
3063,Anay Das,Male,30,8289552558,Rajkot,Gujarat,Hospital,2008,2022-03-11
3064,Diya Gokhale,Female,36,6162435801,Pune,Maharashtra,Retail,5502,2021-12-20
3065,Ria Dash,Female,22,8215924529,Delhi,Delhi,Retail,5043,2023-02-20
3066,Bimala Garde,Female,25,3372540857,Indore,Madhya Pradesh,Clinic,5795,2026-04-25
3067,Udarsh Prasad,Male,25,7743973773,Rajkot,Gujarat,Clinic,6984,2023-04-14
3068,Ati Arya,Female,45,4709874735,Bengaluru,Karnataka,Hospital,526,2024-07-27
3069,Aarna Comar,Female,21,0577336560,Bengaluru,Karnataka,Hospital,4003,2022-12-21
3070,Brinda Chana,Female,78,0433807337,Rajkot,Gujarat,Retail,2612,2022-01-13
3071,Rajeshri Raval,Female,74,8122043150,Rajkot,Gujarat,Clinic,9480,2022-05-19
3072,Onveer Puri,Male,48,5487669025,Pune,Maharashtra,Clinic,9018,2023-01-04
3073,Zaid Mann,Male,84,7787317729,Surat,Gujarat,Clinic,3693,2022-01-04
3074,Vedika Buch,Female,48,1877549859,Jaipur,Rajasthan,Retail,9778,2021-12-15
3075,Yagnesh Sachdev,Male,29,8310859414,Delhi,Delhi,Hospital,6022,2023-12-09
3076,Ikshita Chokshi,Female,46,4135871059,Vadodara,Gujarat,Retail,849,2025-07-18
3077,Rajata Shanker,Female,63,2911927096,Surat,Gujarat,Retail,7512,2022-06-23
3078,Jeevika Chakrabarti,Female,26,7596163855,Ahmedabad,Gujarat,Clinic,3045,2026-01-17
3079,Balhaar Ravi,Male,70,3856758339,Indore,Madhya Pradesh,Hospital,6562,2023-04-10
3080,Lucky Chana,Male,74,4048487381,Vadodara,Gujarat,Retail,1762,2022-04-14
3081,Nisha Chand,Female,24,6498748254,Indore,Madhya Pradesh,Clinic,2038,2024-12-30
3082,Kritika Tara,Female,26,6996354925,Ahmedabad,Gujarat,Hospital,6304,2026-03-28
3083,Janani Seth,Female,73,2209302813,Mumbai,Maharashtra,Clinic,6949,2021-11-03
3084,Geetika Golla,Female,29,6051989260,Mumbai,Maharashtra,Clinic,1305,2023-06-02
3085,Rehaan Dara,Male,51,8487214062,Rajkot,Gujarat,Retail,1649,2024-01-24
3086,Nandini Shere,Female,70,5525145368,Surat,Gujarat,Retail,6395,2025-10-07
3087,Nirja Pathak,Female,20,9660163459,Ahmedabad,Gujarat,Hospital,3730,2024-01-23
3088,Kalpit Agarwal,Male,70,3636661541,Surat,Gujarat,Hospital,8159,2021-08-23
3089,Yachana Seshadri,Female,21,6899009142,Surat,Gujarat,Retail,4876,2023-01-16
3090,Zehaan Deshpande,Male,52,7312631405,Delhi,Delhi,Hospital,354,2024-06-15
3091,Ayushman Shah,Male,47,1930291447,Ahmedabad,Gujarat,Retail,1025,2025-02-24
3092,Orinder Palla,Male,83,0840912131,Rajkot,Gujarat,Retail,6534,2023-07-25
3093,Gavin Pradhan,Male,53,0045888211,Delhi,Delhi,Retail,100,2024-05-01
3094,Reva Ramaswamy,Female,63,3194918420,Rajkot,Gujarat,Hospital,9546,2022-05-05
3095,Ridhi Upadhyay,Female,55,4387272674,Jaipur,Rajasthan,Clinic,5528,2022-03-19
3096,Jagdish Seshadri,Male,62,0244848780,Delhi,Delhi,Hospital,5783,2024-08-08
3097,Anirudh Mann,Male,83,3623309243,Delhi,Delhi,Hospital,8905,2023-12-31
3098,Sneha Parmar,Female,35,2931355810,Ahmedabad,Gujarat,Retail,1594,2022-05-15
3099,Jai Garg,Male,27,7116508915,Surat,Gujarat,Hospital,5837,2023-02-09
3100,Yatan Batta,Male,44,4987838539,Mumbai,Maharashtra,Hospital,1313,2023-01-14
3101,Christopher Dey,Male,56,1101243709,Ahmedabad,Gujarat,Clinic,7709,2021-12-20
3102,Upkaar Prashad,Male,44,5247396483,Jaipur,Rajasthan,Retail,7863,2025-05-31
3103,Jagvi Banerjee,Female,34,0109495972,Jaipur,Rajasthan,Clinic,7810,2026-02-09
3104,Bhavika Kala,Female,51,8240203381,Indore,Madhya Pradesh,Clinic,2393,2022-11-30
3105,Ekantika Iyer,Female,77,9919591543,Surat,Gujarat,Clinic,8566,2024-11-04
3106,Zansi Edwin,Female,79,3067573111,Indore,Madhya Pradesh,Retail,6685,2026-02-15
3107,Bachittar Patel,Male,57,1548245178,Delhi,Delhi,Hospital,3773,2022-08-23
3108,Zaid Sharaf,Male,25,6725845947,Mumbai,Maharashtra,Hospital,3544,2021-10-17
3109,Libni Bail,Female,38,2655027633,Indore,Madhya Pradesh,Retail,5763,2022-11-29
3110,Nitara Bhatia,Female,28,6606442797,Vadodara,Gujarat,Clinic,2759,2024-09-14
3111,Ronith Samra,Male,72,1875575413,Ahmedabad,Gujarat,Retail,7824,2025-05-21
3112,Kritika Chander,Female,52,0122001983,Ahmedabad,Gujarat,Clinic,4060,2024-05-10
3113,Lekha Kala,Female,61,1233360518,Ahmedabad,Gujarat,Retail,2430,2024-05-17
3114,Balhaar Som,Male,18,1241425344,Jaipur,Rajasthan,Hospital,5154,2022-10-01
3115,Oni Kulkarni,Female,47,2894521622,Indore,Madhya Pradesh,Hospital,7176,2023-02-14
3116,Yashoda Bhat,Female,35,2737718701,Delhi,Delhi,Clinic,3667,2024-10-09
3117,Pratyush Seth,Male,53,9242149854,Jaipur,Rajasthan,Hospital,3863,2025-07-13
3118,Vansha Seth,Female,25,0716581686,Bengaluru,Karnataka,Hospital,2146,2026-03-09
3119,Champak Vala,Male,38,2123037460,Vadodara,Gujarat,Retail,7792,2023-01-17
3120,Viraj Joshi,Male,24,4261070850,Surat,Gujarat,Hospital,3746,2023-10-22
3121,Warinder Mallick,Male,54,7116778414,Pune,Maharashtra,Retail,7269,2022-08-12
3122,Lopa Soman,Female,57,2790423501,Bengaluru,Karnataka,Clinic,2050,2026-03-27
3123,Harish Bala,Male,77,6730898022,Pune,Maharashtra,Retail,2142,2023-12-02
3124,Akshay Koshy,Male,25,2413629613,Rajkot,Gujarat,Retail,6576,2025-12-08
3125,Frado Zachariah,Male,24,1034646010,Delhi,Delhi,Hospital,8611,2025-10-03
3126,Avni Kakar,Female,56,3284560209,Mumbai,Maharashtra,Retail,7601,2023-10-29
3127,Sanya Kadakia,Female,82,8273776873,Indore,Madhya Pradesh,Retail,382,2023-07-12
3128,Aradhana Naidu,Female,20,2618458396,Jaipur,Rajasthan,Hospital,7521,2022-05-16
3129,Urishilla Rajagopalan,Female,29,9700882689,Mumbai,Maharashtra,Clinic,4645,2024-12-19
3130,Darpan Dua,Male,62,4323879539,Ahmedabad,Gujarat,Retail,9909,2024-10-11
3131,Jason Kale,Male,58,9088969626,Ahmedabad,Gujarat,Retail,8177,2022-05-16
3132,Dominic Mitter,Male,79,8941283964,Bengaluru,Karnataka,Hospital,1545,2025-04-29
3133,Bhanumati Vala,Female,57,1385563277,Jaipur,Rajasthan,Hospital,4786,2025-02-25
3134,Mitali Chander,Female,20,7959779507,Rajkot,Gujarat,Clinic,7010,2024-12-27
3135,Dhruv Jaggi,Male,27,9363035654,Rajkot,Gujarat,Retail,7269,2023-02-22
3136,Samarth Sampath,Male,46,4704165727,Pune,Maharashtra,Hospital,2132,2025-07-10
3137,Azaan Bhalla,Male,73,4306947132,Vadodara,Gujarat,Retail,808,2024-01-08
3138,Finn Chahal,Male,52,3742385125,Ahmedabad,Gujarat,Retail,6833,2022-12-16
3139,Abdul Rai,Male,30,5832461508,Delhi,Delhi,Hospital,2458,2024-11-24
3140,Bachittar Bajwa,Male,46,4845367772,Delhi,Delhi,Retail,9969,2022-12-17
3141,Raksha Kala,Female,41,1398796458,Ahmedabad,Gujarat,Hospital,147,2026-02-02
3142,Harrison Shere,Male,62,6267747313,Mumbai,Maharashtra,Clinic,7698,2025-08-25
3143,Daniel Chaudhry,Male,34,8202542062,Surat,Gujarat,Hospital,2343,2022-11-15
3144,Faqid Chaudhary,Male,48,7028718069,Jaipur,Rajasthan,Clinic,9870,2021-10-13
3145,Ijaya Sinha,Female,76,5095630738,Delhi,Delhi,Clinic,5856,2021-08-31
3146,Omisha Raja,Female,57,9366964171,Surat,Gujarat,Retail,1641,2025-01-09
3147,Saanvi Desai,Female,35,0926215269,Rajkot,Gujarat,Retail,8200,2023-06-21
3148,Faris Mukhopadhyay,Male,39,0546084450,Bengaluru,Karnataka,Clinic,258,2023-11-01
3149,Nihal Mannan,Male,22,1933554112,Delhi,Delhi,Hospital,4748,2021-12-24
3150,Chasmum Tata,Female,65,4461562321,Surat,Gujarat,Retail,7555,2026-01-31
3151,Maanas Murthy,Male,50,1809115501,Vadodara,Gujarat,Clinic,4323,2023-02-17
3152,Warda Rama,Female,50,2115966895,Vadodara,Gujarat,Retail,363,2024-09-24
3153,Oeshi Kala,Female,50,7335631722,Vadodara,Gujarat,Retail,748,2023-11-29
3154,Siddharth Dutta,Male,62,6224868537,Delhi,Delhi,Retail,7133,2023-08-05
3155,Veer Palla,Male,67,9673347189,Pune,Maharashtra,Clinic,9953,2023-02-05
3156,Viraj Rajagopalan,Male,83,9726255102,Rajkot,Gujarat,Hospital,8496,2022-06-27
3157,Owen Kohli,Male,44,9874332766,Delhi,Delhi,Clinic,5063,2025-01-18
3158,Upkaar Golla,Male,71,3964136532,Indore,Madhya Pradesh,Retail,9387,2022-07-15
3159,Megha Gupta,Female,21,4296703339,Mumbai,Maharashtra,Hospital,3997,2021-07-27
3160,Faris Dhingra,Male,33,1742005648,Jaipur,Rajasthan,Clinic,235,2022-05-23
3161,Devansh Balasubramanian,Male,29,9401358261,Pune,Maharashtra,Clinic,626,2023-11-19
3162,Lohit Roy,Male,72,2858439264,Indore,Madhya Pradesh,Retail,1535,2023-08-06
3163,Nidra Raj,Female,55,3170390657,Vadodara,Gujarat,Hospital,9023,2023-06-22
3164,Januja Parmer,Female,42,4348870618,Bengaluru,Karnataka,Clinic,8399,2026-07-06
3165,Bina Sabharwal,Female,20,6692393649,Mumbai,Maharashtra,Retail,161,2026-04-06
3166,Mitesh Sachdev,Male,23,2085291698,Ahmedabad,Gujarat,Hospital,5571,2025-05-07
3167,Fariq Sarin,Male,25,7913731666,Rajkot,Gujarat,Clinic,1528,2024-11-10
3168,Urishilla Rama,Female,41,0291360814,Ahmedabad,Gujarat,Hospital,9904,2026-03-08
3169,Chatura Kale,Male,84,1581930148,Mumbai,Maharashtra,Hospital,3084,2021-09-26
3170,Lajita Sodhi,Female,68,4614628967,Indore,Madhya Pradesh,Hospital,557,2024-02-09
3171,Mekhala Deshpande,Female,18,1047229047,Indore,Madhya Pradesh,Hospital,1440,2022-04-13
3172,Nihal Ramaswamy,Male,32,2658471243,Surat,Gujarat,Clinic,6226,2021-11-03
3173,Zayyan Luthra,Male,85,4837687802,Indore,Madhya Pradesh,Hospital,2579,2021-11-28
3174,Brijesh Pau,Male,85,8385249272,Vadodara,Gujarat,Clinic,1890,2022-05-09
3175,Lajita Bhatia,Female,82,0813753937,Surat,Gujarat,Retail,2383,2025-03-29
3176,Neha Kothari,Female,75,3178934268,Vadodara,Gujarat,Hospital,7796,2025-09-16
3177,Urvashi Varughese,Female,61,3340170122,Vadodara,Gujarat,Retail,7297,2021-12-02
3178,Ekiya Dixit,Female,58,3419279516,Indore,Madhya Pradesh,Retail,3293,2022-03-19
3179,Osha Bal,Female,68,8630331491,Indore,Madhya Pradesh,Retail,1582,2021-07-15
3180,Baljiwan Sathe,Male,21,7414569030,Jaipur,Rajasthan,Clinic,9369,2023-04-14
3181,Nimrat Karnik,Female,37,6555449927,Ahmedabad,Gujarat,Clinic,2216,2022-12-04
3182,Meera Balakrishnan,Female,67,7126942917,Ahmedabad,Gujarat,Hospital,5946,2025-06-03
3183,Siya Sethi,Female,30,0273241053,Indore,Madhya Pradesh,Clinic,348,2025-10-31
3184,Gaurika Mallick,Female,52,8937196467,Bengaluru,Karnataka,Hospital,798,2023-03-25
3185,Samaksh Tella,Male,24,4350853694,Indore,Madhya Pradesh,Clinic,6468,2026-02-08
3186,Kalpit Acharya,Male,52,0103126584,Surat,Gujarat,Hospital,251,2024-09-17
3187,Ayushman Dani,Male,44,4138252423,Bengaluru,Karnataka,Clinic,876,2023-05-10
3188,Shivansh Barad,Male,29,0345762573,Surat,Gujarat,Retail,7102,2024-07-27
3189,Neel Ahluwalia,Male,46,3750189186,Rajkot,Gujarat,Clinic,480,2022-05-17
3190,Chakradhar Ramaswamy,Male,47,7576968744,Indore,Madhya Pradesh,Retail,4890,2025-05-03
3191,Wridesh Srinivas,Male,83,1181649362,Indore,Madhya Pradesh,Clinic,7438,2024-09-17
3192,Gautami Mitter,Female,66,8459448628,Rajkot,Gujarat,Retail,1639,2023-06-23
3193,Pavani Batra,Female,60,1346369123,Delhi,Delhi,Retail,5445,2026-01-20
3194,Kavya Pant,Female,84,6293855091,Rajkot,Gujarat,Clinic,3463,2024-02-05
3195,Harish Swaminathan,Male,58,9659133066,Indore,Madhya Pradesh,Retail,3766,2025-11-30
3196,Jagrati Sabharwal,Female,33,8794431138,Jaipur,Rajasthan,Hospital,5467,2025-03-30
3197,Anirudh Patla,Male,70,9050326968,Surat,Gujarat,Retail,8001,2023-03-20
3198,Eiravati Badal,Female,48,7431196425,Delhi,Delhi,Hospital,4061,2025-10-03
3199,Ria Magar,Female,67,7447169723,Mumbai,Maharashtra,Retail,9720,2022-12-19
3200,Laksh Gola,Male,74,0907466204,Rajkot,Gujarat,Retail,2667,2025-04-07
3201,Daksha Mohanty,Female,83,5533625171,Pune,Maharashtra,Retail,7956,2023-02-06
3202,Hiral Swamy,Female,71,7000809931,Ahmedabad,Gujarat,Hospital,7910,2021-09-16
3203,Ekalinga Choudhry,Male,50,2300793222,Rajkot,Gujarat,Clinic,6808,2026-02-06
3204,Dakshesh Khanna,Male,42,6373665058,Vadodara,Gujarat,Clinic,5644,2024-07-20
3205,Eshana Rama,Female,66,8400975985,Indore,Madhya Pradesh,Hospital,6477,2023-05-04
3206,Daksh Gara,Male,24,9636839584,Mumbai,Maharashtra,Clinic,5328,2025-09-22
3207,Kamala Natarajan,Female,44,6889382343,Mumbai,Maharashtra,Clinic,7100,2022-09-02
3208,Andrew Baria,Male,78,8859734888,Jaipur,Rajasthan,Clinic,5922,2021-09-16
3209,Dhruv Bali,Male,72,8953673933,Jaipur,Rajasthan,Hospital,6797,2022-06-01
3210,Aradhana Varghese,Female,23,5638104309,Rajkot,Gujarat,Retail,2221,2022-08-25
3211,Aditya Badami,Male,30,3388955195,Indore,Madhya Pradesh,Retail,9263,2024-07-14
3212,Daksha Thakur,Female,61,0414356386,Jaipur,Rajasthan,Retail,3467,2025-04-17
3213,Manthan Kant,Male,71,0597642062,Delhi,Delhi,Retail,3844,2023-02-12
3214,Shravya Contractor,Female,85,6435915460,Pune,Maharashtra,Clinic,6920,2024-08-04
3215,Ranbir Walia,Male,74,6171172067,Vadodara,Gujarat,Retail,7509,2021-10-03
3216,Chatresh Thaman,Male,55,8685022818,Delhi,Delhi,Clinic,7871,2021-12-03
3217,Chakradev Sur,Male,55,8454710963,Vadodara,Gujarat,Hospital,7613,2022-07-04
3218,Gaurav Madan,Male,44,6079260433,Delhi,Delhi,Clinic,6694,2025-12-02
3219,Tanvi Krishnamurthy,Female,23,1656676753,Rajkot,Gujarat,Retail,2551,2025-06-27
3220,Advika Thakkar,Female,39,6613663425,Ahmedabad,Gujarat,Retail,1577,2022-07-25
3221,Dakshesh Misra,Male,21,7641294218,Bengaluru,Karnataka,Clinic,281,2022-05-12
3222,Garima Shenoy,Female,58,9727500599,Ahmedabad,Gujarat,Hospital,4464,2021-10-18
3223,Neelima Bansal,Female,21,4266534943,Surat,Gujarat,Clinic,9260,2025-01-17
3224,Tarak Butala,Male,39,8479115174,Vadodara,Gujarat,Retail,9592,2024-02-01
3225,Vrinda Chhabra,Female,30,6153242575,Mumbai,Maharashtra,Hospital,8223,2025-08-22
3226,Yashodhara Dutt,Female,78,7783244706,Surat,Gujarat,Hospital,6132,2024-04-14
3227,Anjali Lala,Female,71,1924264480,Pune,Maharashtra,Clinic,1739,2024-02-16
3228,Ishita Kurian,Female,47,6434588654,Bengaluru,Karnataka,Hospital,9355,2025-05-05
3229,Isaac Gade,Male,49,2941403643,Indore,Madhya Pradesh,Clinic,4564,2025-03-23
3230,Ikbal Kalita,Male,31,3095130732,Indore,Madhya Pradesh,Retail,7130,2021-11-17
3231,Sai Boase,Female,72,9887090266,Ahmedabad,Gujarat,Retail,1119,2024-04-05
3232,Wishi Pandit,Female,24,3659394373,Surat,Gujarat,Retail,6737,2023-10-19
3233,Laban Edwin,Male,55,4814985265,Jaipur,Rajasthan,Retail,4159,2025-11-29
3234,Chaaya Rege,Female,66,9433296724,Vadodara,Gujarat,Retail,8874,2022-12-06
3235,Tanish Pillai,Male,82,2951398230,Pune,Maharashtra,Retail,7379,2026-02-09
3236,Mohammed Wason,Male,18,7366892572,Vadodara,Gujarat,Hospital,7411,2023-06-11
3237,Sanya Das,Female,20,6273593172,Bengaluru,Karnataka,Clinic,59,2023-06-09
3238,Gautami Chaudhari,Female,40,6231529635,Surat,Gujarat,Retail,7264,2025-11-04
3239,Warjas Vora,Male,23,1669848452,Bengaluru,Karnataka,Retail,317,2022-07-27
3240,Nathaniel Kalla,Male,58,5605872974,Mumbai,Maharashtra,Retail,3651,2023-02-13
3241,Hema Morar,Female,56,9576858593,Ahmedabad,Gujarat,Hospital,5750,2023-08-29
3242,Jeremiah Atwal,Male,46,8861128499,Jaipur,Rajasthan,Clinic,2349,2022-04-25
3243,Raagini Radhakrishnan,Female,38,6876451339,Vadodara,Gujarat,Clinic,6654,2023-10-23
3244,Madhav Ravel,Male,28,2533551980,Surat,Gujarat,Retail,8011,2023-05-30
3245,Laksh Dua,Male,44,2811034161,Rajkot,Gujarat,Retail,9473,2026-05-30
3246,Ridhi Kala,Female,51,6337647247,Rajkot,Gujarat,Clinic,1302,2025-05-18
3247,Kala Tata,Female,42,5062407428,Bengaluru,Karnataka,Clinic,6011,2022-08-19
3248,Zaid Mukhopadhyay,Male,44,8879797894,Surat,Gujarat,Clinic,8046,2023-06-27
3249,Pooja Varma,Female,43,5593697035,Delhi,Delhi,Retail,8097,2023-08-19
3250,Aradhana Sanghvi,Female,43,8010957178,Bengaluru,Karnataka,Clinic,9838,2024-02-05
3251,Ridhi Kulkarni,Female,75,3198997486,Jaipur,Rajasthan,Hospital,2605,2021-11-29
3252,Falguni Goda,Female,18,5109120376,Delhi,Delhi,Retail,5473,2025-11-01
3253,Dakshesh Saran,Male,55,3488345197,Bengaluru,Karnataka,Retail,3191,2025-10-25
3254,Chakradev Ramanathan,Male,29,6044992652,Bengaluru,Karnataka,Retail,1897,2024-11-01
3255,Adweta Kunda,Female,18,7653161230,Bengaluru,Karnataka,Hospital,7119,2024-12-04
3256,Warhi Kadakia,Female,27,4015728614,Surat,Gujarat,Clinic,6538,2023-05-11
3257,Nidhi Sehgal,Female,72,0030188714,Rajkot,Gujarat,Hospital,4763,2022-12-15
3258,Inaya Virk,Female,84,3378332058,Bengaluru,Karnataka,Hospital,4921,2022-06-16
3259,Amruta Chadha,Female,71,7029079075,Ahmedabad,Gujarat,Retail,6192,2022-08-26
3260,Oscar Wable,Male,77,2180208704,Vadodara,Gujarat,Hospital,2379,2022-06-15
3261,Panini Salvi,Female,28,4104703959,Vadodara,Gujarat,Hospital,5280,2023-10-04
3262,Jai Rastogi,Male,58,1286192916,Rajkot,Gujarat,Clinic,9674,2025-01-22
3263,Anthony Pai,Male,33,0136810297,Delhi,Delhi,Hospital,4023,2022-06-11
3264,Caleb Chowdhury,Male,69,5154959276,Rajkot,Gujarat,Retail,4318,2024-07-13
3265,Nikita Sahni,Female,60,4444740824,Delhi,Delhi,Retail,5729,2021-12-31
3266,Elijah Sharma,Male,52,1614246413,Rajkot,Gujarat,Clinic,1636,2026-01-14
3267,Yashawini Talwar,Female,56,7425531898,Vadodara,Gujarat,Clinic,2890,2022-07-04
3268,Raagini Shanker,Female,52,5183792068,Rajkot,Gujarat,Hospital,3317,2022-12-31
3269,Odika Sampath,Female,59,6265530620,Surat,Gujarat,Retail,9550,2022-06-10
3270,Ekansh Desai,Male,31,6058401264,Bengaluru,Karnataka,Hospital,7004,2023-12-06
3271,Wridesh Sarin,Male,42,0655420469,Mumbai,Maharashtra,Retail,6204,2024-10-22
3272,Harsh Chawla,Male,32,4515861011,Vadodara,Gujarat,Hospital,6699,2024-08-26
3273,Ayush Krishna,Male,50,8344630954,Vadodara,Gujarat,Hospital,8649,2022-03-26
3274,Yash Guha,Male,22,9006922353,Indore,Madhya Pradesh,Clinic,6010,2023-06-28
3275,Radhika Kala,Female,66,3142234020,Surat,Gujarat,Clinic,5784,2022-09-21
3276,Henry Seth,Male,49,1977285524,Indore,Madhya Pradesh,Clinic,2758,2024-08-14
3277,Chasmum Batra,Female,78,8394181352,Bengaluru,Karnataka,Clinic,3755,2026-01-01
3278,Harsh Misra,Male,18,3861479397,Rajkot,Gujarat,Clinic,1903,2023-11-25
3279,Prisha Chandran,Female,45,1871403413,Indore,Madhya Pradesh,Retail,3895,2024-05-19
3280,Onveer Krishna,Male,64,1504720945,Ahmedabad,Gujarat,Clinic,4269,2022-08-20
3281,Gagan Deshpande,Male,83,0393384662,Mumbai,Maharashtra,Hospital,8782,2022-10-18
3282,Yagnesh Srinivasan,Male,26,5760876901,Indore,Madhya Pradesh,Clinic,8221,2021-12-01
3283,Darsh Halder,Male,31,2537994802,Mumbai,Maharashtra,Retail,1770,2021-11-11
3284,Sai Nagarajan,Male,38,4056118011,Mumbai,Maharashtra,Retail,5887,2022-05-29
3285,Ekani Golla,Female,83,5892813921,Rajkot,Gujarat,Hospital,7338,2023-03-15
3286,Vincent Oza,Male,36,7136721528,Indore,Madhya Pradesh,Hospital,2154,2023-09-19
3287,Gavin Sachdeva,Male,40,6207424291,Delhi,Delhi,Retail,6185,2026-05-24
3288,Shravya Bali,Female,24,4668184939,Surat,Gujarat,Clinic,811,2024-08-04
3289,Sai Sundaram,Female,34,2780844570,Vadodara,Gujarat,Retail,9246,2024-01-02
3290,Rishi Pal,Male,34,6474866226,Bengaluru,Karnataka,Retail,2186,2023-03-27
3291,Mohini Nazareth,Female,62,7351014121,Pune,Maharashtra,Clinic,8781,2022-10-27
3292,Lekha Viswanathan,Female,65,9993369428,Ahmedabad,Gujarat,Hospital,8892,2023-10-06
3293,Harinakshi Shah,Female,33,1327401817,Vadodara,Gujarat,Hospital,7448,2023-05-01
3294,Shivani Devi,Female,61,6408984038,Jaipur,Rajasthan,Hospital,8203,2024-03-23
3295,Qarin Walia,Male,54,0513560791,Ahmedabad,Gujarat,Hospital,5896,2023-12-25
3296,Qadim Sodhi,Male,32,7531999507,Pune,Maharashtra,Retail,8298,2025-05-03
3297,Tanay Kakar,Male,20,9949955727,Indore,Madhya Pradesh,Clinic,2828,2026-06-07
3298,Harini Cheema,Female,53,7658792626,Jaipur,Rajasthan,Clinic,240,2026-04-17
3299,Hamsini Dixit,Female,81,1407608844,Pune,Maharashtra,Hospital,2019,2022-07-13
3300,Sara Guha,Female,79,8661163595,Mumbai,Maharashtra,Clinic,1498,2023-04-13
3301,Champak Sur,Male,56,9044954448,Delhi,Delhi,Retail,5689,2022-07-25
3302,Hiral Krishna,Female,27,2620588694,Pune,Maharashtra,Hospital,138,2021-08-01
3303,Urmi Chandran,Female,60,0561147236,Pune,Maharashtra,Retail,4442,2023-04-21
3304,Xiti Kamdar,Female,23,0239879886,Vadodara,Gujarat,Clinic,6142,2024-07-28
3305,Yutika Rajagopal,Female,76,1046414337,Bengaluru,Karnataka,Retail,7768,2024-04-26
3306,Madhav Palan,Male,27,0588748481,Delhi,Delhi,Hospital,7193,2025-03-09
3307,Sanya Deol,Female,35,4086362545,Pune,Maharashtra,Hospital,3003,2025-03-10
3308,Leela Lala,Female,51,5027408692,Ahmedabad,Gujarat,Clinic,1713,2022-12-12
3309,Yamini Ratta,Female,67,7943137750,Pune,Maharashtra,Hospital,9667,2024-12-20
3310,Ikshita Hari,Female,32,3156624264,Jaipur,Rajasthan,Retail,106,2024-12-11
3311,Tejas Swaminathan,Male,85,8986983570,Ahmedabad,Gujarat,Clinic,58,2022-04-27
3312,Advik Samra,Male,48,7706872352,Indore,Madhya Pradesh,Clinic,5126,2023-02-03
3313,Maanav Saini,Male,71,6736672062,Jaipur,Rajasthan,Clinic,1085,2022-10-21
3314,Nakul Kuruvilla,Male,52,8017668573,Vadodara,Gujarat,Clinic,3168,2024-04-15
3315,Andrew Kannan,Male,39,8637906297,Indore,Madhya Pradesh,Retail,5977,2022-08-23
3316,Neha Khalsa,Female,19,3034460053,Pune,Maharashtra,Clinic,9278,2025-06-26
3317,Jeremiah Ramesh,Male,39,4835209805,Mumbai,Maharashtra,Retail,1656,2023-11-21
3318,Widisha Atwal,Female,85,0186769511,Surat,Gujarat,Retail,9519,2023-06-28
3319,Manya Banik,Female,55,8541542266,Indore,Madhya Pradesh,Retail,9106,2024-09-26
3320,Samuel Sharaf,Male,44,6566759897,Ahmedabad,Gujarat,Hospital,2361,2025-09-25
3321,Manan Morar,Male,82,5924895688,Pune,Maharashtra,Hospital,7578,2023-10-01
3322,Maanas Sami,Male,76,0983334556,Rajkot,Gujarat,Clinic,8991,2023-04-23
3323,Gabriel Narula,Male,48,3017881641,Jaipur,Rajasthan,Hospital,345,2025-05-11
3324,Luke Tella,Male,78,1525375143,Indore,Madhya Pradesh,Clinic,6644,2021-11-14
3325,Yashawini Ramesh,Female,77,0196307544,Bengaluru,Karnataka,Clinic,4647,2023-09-08
3326,Rachana Virk,Female,62,4622415116,Ahmedabad,Gujarat,Hospital,9428,2026-01-24
3327,Daksha Dhingra,Female,62,6546218297,Jaipur,Rajasthan,Clinic,14,2023-06-23
3328,Bishakha Bath,Female,60,5968258374,Bengaluru,Karnataka,Hospital,8410,2022-03-05
3329,Zilmil Divan,Female,69,8565137099,Jaipur,Rajasthan,Retail,3777,2022-06-21
3330,Ridhi Yohannan,Female,55,1376058801,Bengaluru,Karnataka,Hospital,8812,2021-11-25
3331,Mitali Atwal,Female,78,1070496293,Delhi,Delhi,Retail,3835,2024-01-26
3332,Advika Kant,Female,24,4793002246,Ahmedabad,Gujarat,Retail,5701,2023-09-04
3333,Chandresh Nigam,Male,85,3374893195,Jaipur,Rajasthan,Retail,2744,2024-10-04
3334,Janani Kohli,Female,54,1296718740,Delhi,Delhi,Clinic,7275,2022-10-01
3335,Tara Narang,Female,30,1890329011,Ahmedabad,Gujarat,Retail,268,2026-03-26
3336,Nisha Bhavsar,Female,58,6090657634,Jaipur,Rajasthan,Retail,878,2025-03-10
3337,Avni Chakrabarti,Female,71,1225764131,Bengaluru,Karnataka,Clinic,9963,2023-11-16
3338,Wakeeta Mallick,Female,44,6452701811,Surat,Gujarat,Hospital,6387,2022-12-28
3339,Rajata Patla,Female,28,3163183747,Indore,Madhya Pradesh,Hospital,8553,2022-09-10
3340,Vaishnavi Yohannan,Female,21,4983303949,Indore,Madhya Pradesh,Retail,5080,2025-07-10
3341,Zinal Roy,Female,85,0981829894,Delhi,Delhi,Clinic,574,2026-02-07
3342,Quincy Sengupta,Male,64,0826105588,Vadodara,Gujarat,Retail,1611,2022-12-10
3343,Lohit Chada,Male,30,9638958315,Pune,Maharashtra,Hospital,6808,2023-12-24
3344,Faras Sule,Male,23,8747521284,Vadodara,Gujarat,Hospital,3608,2023-09-28
3345,Zilmil Yohannan,Female,45,8420455178,Vadodara,Gujarat,Clinic,190,2022-07-05
3346,Bimala Vasa,Female,50,2762840632,Pune,Maharashtra,Hospital,3335,2024-01-03
3347,Amara Srinivasan,Female,76,2352383905,Vadodara,Gujarat,Clinic,1596,2022-04-04
3348,Aarnav Acharya,Male,40,3309378349,Ahmedabad,Gujarat,Hospital,9344,2023-11-29
3349,Onveer Ramanathan,Male,70,9028792692,Surat,Gujarat,Retail,6813,2025-01-04
3350,Warhi Sachdeva,Female,67,5374270646,Indore,Madhya Pradesh,Hospital,2269,2022-01-14
3351,Karan Lad,Male,72,8400386368,Surat,Gujarat,Clinic,8794,2026-04-10
3352,Pallavi Shah,Female,29,8425268928,Pune,Maharashtra,Retail,4050,2024-05-03
3353,Samesh Grewal,Male,27,0125219729,Mumbai,Maharashtra,Clinic,8804,2026-01-07
3354,Advaith Nair,Male,82,7731612548,Bengaluru,Karnataka,Clinic,5911,2025-03-29
3355,Bachittar Johal,Male,31,8101014264,Bengaluru,Karnataka,Hospital,2882,2025-03-09
3356,Vrinda Swaminathan,Female,85,0529891309,Ahmedabad,Gujarat,Hospital,8501,2025-08-05
3357,Vedika Mittal,Female,60,9038768627,Surat,Gujarat,Clinic,5297,2024-09-19
3358,Lekha Minhas,Female,62,9031896045,Mumbai,Maharashtra,Retail,4236,2026-01-10
3359,Dipta Bobal,Female,46,0799976848,Indore,Madhya Pradesh,Clinic,8331,2026-04-02
3360,Gaurav Sarma,Male,25,0958855232,Indore,Madhya Pradesh,Clinic,4984,2021-11-06
3361,Pranit Sarma,Male,83,4199663747,Jaipur,Rajasthan,Retail,8750,2022-12-29
3362,Leena Pandya,Female,72,7227780692,Indore,Madhya Pradesh,Clinic,9272,2023-08-22
3363,Jack Parikh,Male,65,4280795239,Rajkot,Gujarat,Retail,8023,2021-08-11
3364,Ayush Ray,Male,28,3655424563,Bengaluru,Karnataka,Retail,2654,2025-11-04
3365,Omkaar Ratta,Male,30,7383018041,Indore,Madhya Pradesh,Hospital,5577,2026-01-10
3366,Yutika Sarraf,Female,46,1022211312,Jaipur,Rajasthan,Clinic,3538,2025-08-02
3367,Yutika Konda,Female,31,9817485803,Bengaluru,Karnataka,Clinic,1360,2021-10-28
3368,Indali Nagy,Female,81,7850190311,Rajkot,Gujarat,Retail,9342,2022-09-11
3369,Maanas Bansal,Male,71,4497311496,Pune,Maharashtra,Retail,8832,2023-07-02
3370,Max Patil,Male,67,5303924431,Delhi,Delhi,Clinic,9624,2025-04-24
3371,Laban Bahri,Male,32,2911207625,Rajkot,Gujarat,Retail,7671,2025-01-28
3372,Priya D’Alia,Female,59,1003305932,Pune,Maharashtra,Clinic,3149,2022-12-31
3373,Aadhya Wagle,Female,35,0286545399,Surat,Gujarat,Clinic,5990,2023-07-09
3374,Gayathri Lalla,Female,24,2973738370,Bengaluru,Karnataka,Hospital,7824,2022-03-22
3375,Madhav Gade,Male,28,4283833591,Delhi,Delhi,Hospital,7750,2021-10-27
3376,Advaith Goyal,Male,73,1940949423,Vadodara,Gujarat,Hospital,4412,2026-03-14
3377,Priya Nigam,Female,51,7462393511,Mumbai,Maharashtra,Hospital,3506,2023-12-19
3378,Kai Khatri,Male,58,0170762867,Bengaluru,Karnataka,Clinic,2499,2025-02-13
3379,Abhiram Thaman,Male,69,6829519839,Bengaluru,Karnataka,Hospital,1535,2025-03-29
3380,Chasmum Boase,Female,79,9077400944,Jaipur,Rajasthan,Clinic,6719,2022-12-28
3381,Chatura Choudhary,Male,72,9474247820,Rajkot,Gujarat,Hospital,4031,2024-09-20
3382,Nitesh Prabhu,Male,24,9185815895,Surat,Gujarat,Retail,618,2023-04-14
3383,Manthan Tella,Male,57,6747924411,Jaipur,Rajasthan,Hospital,4968,2026-05-16
3384,Vivaan Keer,Male,61,1588439595,Pune,Maharashtra,Hospital,3674,2025-02-24
3385,Anvi Kalla,Female,71,0071860185,Vadodara,Gujarat,Retail,2363,2024-11-29
3386,Teerth Varghese,Male,81,4319055633,Vadodara,Gujarat,Retail,7242,2025-11-24
3387,Vrinda Hegde,Female,33,7977312155,Bengaluru,Karnataka,Hospital,9637,2025-07-24
3388,Isha Aggarwal,Female,44,4335883026,Rajkot,Gujarat,Hospital,5358,2023-11-21
3389,Barkha Nigam,Female,77,3370708977,Surat,Gujarat,Clinic,6009,2023-06-26
3390,Chaaya Prakash,Female,41,4551402354,Pune,Maharashtra,Hospital,7719,2023-07-14
3391,Rishi Om,Male,58,7485226278,Mumbai,Maharashtra,Hospital,3701,2021-12-18
3392,Advik Sahni,Male,77,9635903541,Ahmedabad,Gujarat,Retail,5490,2026-03-13
3393,Mitesh Baria,Male,46,7818218546,Delhi,Delhi,Retail,723,2023-05-22
3394,Warda Iyer,Female,53,0323061644,Surat,Gujarat,Retail,193,2023-09-05
3395,Jasmit Upadhyay,Female,51,6823506966,Indore,Madhya Pradesh,Retail,6590,2024-02-02
3396,Nathan Barad,Male,55,5595569861,Mumbai,Maharashtra,Clinic,7693,2025-11-22
3397,Ekiya Chokshi,Female,25,3410280765,Delhi,Delhi,Hospital,9363,2021-10-06
3398,Chandresh Rege,Male,48,3308836049,Jaipur,Rajasthan,Retail,2027,2025-07-30
3399,Peter Gara,Male,78,5405955417,Rajkot,Gujarat,Retail,8540,2021-11-29
3400,Udarsh Malhotra,Male,25,5516018593,Pune,Maharashtra,Retail,1323,2024-12-27
3401,Yashawini Varty,Female,64,2900102996,Rajkot,Gujarat,Retail,2461,2024-05-24
3402,Vihaan Jayaraman,Male,41,7100824964,Ahmedabad,Gujarat,Clinic,3335,2023-01-23
3403,Manan Pathak,Male,38,3035298407,Surat,Gujarat,Clinic,4900,2021-09-28
3404,Eshana Dhaliwal,Female,66,8379629051,Delhi,Delhi,Retail,4834,2023-03-19
3405,Meera Swaminathan,Female,25,1237404314,Bengaluru,Karnataka,Retail,5020,2024-06-15
3406,Meghana Deshpande,Female,38,6012674682,Bengaluru,Karnataka,Hospital,1963,2023-03-03
3407,Umang Sahota,Male,57,1163755194,Mumbai,Maharashtra,Retail,7114,2026-01-09
3408,Hemang Munshi,Male,81,2854498234,Pune,Maharashtra,Retail,1193,2022-02-18
3409,Vansha Sridhar,Female,33,1426139305,Jaipur,Rajasthan,Retail,7597,2023-12-20
3410,Hamsini Jha,Female,73,3534176671,Ahmedabad,Gujarat,Retail,9645,2022-01-17
3411,Oscar Mutti,Male,58,0848569850,Mumbai,Maharashtra,Hospital,5360,2023-10-13
3412,Anjali Khalsa,Female,53,9687609250,Vadodara,Gujarat,Clinic,6023,2023-11-23
3413,Aarav Bansal,Male,36,7360683424,Mumbai,Maharashtra,Clinic,3997,2023-12-27
3414,Samarth Padmanabhan,Male,73,1855157681,Mumbai,Maharashtra,Retail,2592,2022-08-18
3415,Gaurangi Thaman,Female,38,5816544670,Delhi,Delhi,Hospital,2210,2025-10-05
3416,Chaman Balan,Female,30,4595190027,Bengaluru,Karnataka,Retail,8823,2026-05-22
3417,Fiyaz Rai,Male,59,7603758578,Jaipur,Rajasthan,Retail,8992,2023-09-15
3418,Adya Dubey,Female,35,6248012966,Vadodara,Gujarat,Retail,6111,2022-12-05
3419,Ayush Soman,Male,57,6060628112,Vadodara,Gujarat,Retail,2815,2026-05-29
3420,Yachana Bhatt,Female,41,0946020378,Delhi,Delhi,Retail,1839,2026-03-30
3421,Oeshi Tak,Female,66,8179072245,Mumbai,Maharashtra,Hospital,5175,2025-05-23
3422,Jacob Kibe,Male,51,4346231110,Surat,Gujarat,Clinic,6737,2024-09-22
3423,Faris Mandal,Male,62,9384240378,Ahmedabad,Gujarat,Clinic,173,2026-02-12
3424,Nisha Rai,Female,84,2979878294,Vadodara,Gujarat,Clinic,4184,2023-05-11
3425,Bishakha Jhaveri,Female,49,3110900254,Indore,Madhya Pradesh,Hospital,4225,2025-01-17
3426,Anmol Datta,Male,57,7179368272,Pune,Maharashtra,Hospital,6065,2024-12-09
3427,Waida Hegde,Female,66,0856000439,Surat,Gujarat,Clinic,2539,2023-09-09
3428,Tara Keer,Female,36,8793148856,Rajkot,Gujarat,Clinic,5548,2023-02-03
3429,Megha Kothari,Female,66,9620611454,Mumbai,Maharashtra,Hospital,5752,2022-11-15
3430,Suhani Ghose,Female,79,5686310317,Vadodara,Gujarat,Hospital,2112,2025-07-05
3431,Patrick Chokshi,Male,20,6071040615,Rajkot,Gujarat,Retail,5538,2026-05-20
3432,Aarnav Radhakrishnan,Male,41,6054150221,Vadodara,Gujarat,Retail,2471,2025-01-24
3433,Ekiya Mahajan,Female,84,8182830110,Rajkot,Gujarat,Hospital,1060,2025-06-25
3434,Warhi Sachar,Female,40,1878706453,Bengaluru,Karnataka,Hospital,171,2022-09-12
3435,Saksham Ganguly,Male,68,5357328610,Mumbai,Maharashtra,Hospital,886,2021-10-19
3436,Kabir Batta,Male,19,2891709009,Ahmedabad,Gujarat,Hospital,3628,2025-11-13
3437,Bina Sharaf,Female,61,7209790819,Jaipur,Rajasthan,Hospital,2980,2025-06-29
3438,Vedika Pau,Female,76,6143260082,Vadodara,Gujarat,Retail,9406,2023-08-06
3439,Vincent Bhatnagar,Male,62,6240819241,Pune,Maharashtra,Clinic,8338,2024-12-25
3440,Radha Bhandari,Female,65,9729239639,Surat,Gujarat,Clinic,8906,2024-11-26
3441,Aarav Dani,Male,79,7756506794,Ahmedabad,Gujarat,Clinic,9110,2025-04-29
3442,Rachita Char,Female,38,9196246052,Ahmedabad,Gujarat,Hospital,5505,2023-01-13
3443,Anvi Raj,Female,48,2798025353,Indore,Madhya Pradesh,Retail,4208,2023-09-03
3444,Jeet Singhal,Male,78,2820851243,Mumbai,Maharashtra,Hospital,6162,2023-01-17
3445,Yashvi Radhakrishnan,Female,36,8957989715,Jaipur,Rajasthan,Clinic,6712,2022-01-10
3446,Riya Gera,Female,31,7417850424,Pune,Maharashtra,Hospital,8679,2025-08-19
3447,Yutika Mitra,Female,24,0224962477,Delhi,Delhi,Retail,5170,2022-11-21
3448,Barkha Prabhu,Female,66,5360599716,Rajkot,Gujarat,Hospital,2854,2022-05-11
3449,Tripti Tella,Female,23,8437601840,Mumbai,Maharashtra,Hospital,3077,2024-08-04
3450,Max Ganesan,Male,32,7763885600,Indore,Madhya Pradesh,Retail,6912,2022-07-09
3451,Vasana Chandran,Female,33,4371017126,Indore,Madhya Pradesh,Retail,8160,2023-08-06
3452,Sneha Shan,Female,84,7920045731,Jaipur,Rajasthan,Hospital,7279,2026-02-28
3453,Jhalak Behl,Female,24,8974620044,Rajkot,Gujarat,Hospital,1866,2022-12-16
3454,Gopal Shah,Male,34,5452587190,Bengaluru,Karnataka,Clinic,337,2021-09-15
3455,Damyanti Hegde,Female,61,4486244695,Rajkot,Gujarat,Hospital,1036,2025-03-28
3456,Priya Bajwa,Female,47,1054861290,Vadodara,Gujarat,Hospital,1520,2021-07-25
3457,Jalsa Cherian,Female,83,2416141512,Vadodara,Gujarat,Hospital,9347,2026-06-10
3458,Faris Lata,Male,18,3795979433,Ahmedabad,Gujarat,Clinic,2310,2024-07-28
3459,Lajita Sane,Female,54,9034586715,Bengaluru,Karnataka,Hospital,4411,2025-01-15
3460,William Thakkar,Male,85,4185674105,Jaipur,Rajasthan,Clinic,3434,2024-06-12
3461,Vasana Nath,Female,38,1451753294,Ahmedabad,Gujarat,Retail,4258,2023-04-15
3462,Nidra Puri,Female,68,2573486527,Ahmedabad,Gujarat,Clinic,5538,2026-05-23
3463,Chandani Ghose,Female,58,7213208681,Rajkot,Gujarat,Clinic,6001,2026-07-07
3464,Ekansh Bhatnagar,Male,36,3277251468,Indore,Madhya Pradesh,Hospital,3373,2023-05-24
3465,Abdul Seth,Male,67,4364165806,Ahmedabad,Gujarat,Clinic,4828,2025-11-19
3466,Pooja Patla,Female,47,7645667696,Rajkot,Gujarat,Retail,6309,2021-11-07
3467,Oliver Mody,Male,85,2980678073,Jaipur,Rajasthan,Clinic,3925,2026-06-20
3468,Advika Gade,Female,40,0053874089,Vadodara,Gujarat,Clinic,8732,2023-01-21
3469,Shivansh Gera,Male,49,7059397637,Vadodara,Gujarat,Clinic,9815,2022-08-13
3470,Indrajit Palla,Male,83,6324904597,Mumbai,Maharashtra,Retail,5303,2023-05-22
3471,Ekta Kaur,Female,46,6054992859,Ahmedabad,Gujarat,Clinic,6245,2023-07-31
3472,Anthony Varma,Male,29,8303099072,Ahmedabad,Gujarat,Hospital,3821,2022-09-21
3473,Janaki Tata,Female,58,9052101162,Jaipur,Rajasthan,Retail,2025,2021-11-10
3474,Upasna Hari,Female,76,0751622289,Delhi,Delhi,Clinic,9214,2026-01-17
3475,Chandran Bora,Male,53,5799159775,Indore,Madhya Pradesh,Clinic,6918,2023-04-15
3476,Owen Chandra,Male,67,8647170431,Rajkot,Gujarat,Retail,9579,2026-01-06
3477,Divya Aurora,Female,43,7236124772,Bengaluru,Karnataka,Clinic,2374,2024-02-14
3478,Alexander Varma,Male,44,8424118637,Jaipur,Rajasthan,Hospital,8156,2026-02-14
3479,Kamala Dewan,Female,80,4582810023,Indore,Madhya Pradesh,Clinic,7881,2025-01-25
3480,Faris Narayanan,Male,45,9575368929,Rajkot,Gujarat,Retail,2006,2026-03-09
3481,Reva Dhillon,Female,56,5738491931,Jaipur,Rajasthan,Hospital,8127,2024-10-25
3482,Gaurang Dey,Male,58,8681865856,Surat,Gujarat,Clinic,344,2022-03-29
3483,Yash Dua,Male,45,2633826386,Rajkot,Gujarat,Hospital,6868,2023-12-09
3484,Nimrat Bala,Female,20,5038260653,Indore,Madhya Pradesh,Retail,3739,2026-03-06
3485,Maanas Kota,Male,19,5660545850,Pune,Maharashtra,Clinic,7723,2025-08-12
3486,Jacob Dhar,Male,57,1947057082,Surat,Gujarat,Clinic,2810,2023-07-26
3487,Bhavini Chana,Female,79,3615698688,Indore,Madhya Pradesh,Clinic,2011,2026-05-18
3488,Ekaraj Vig,Male,71,1582835610,Indore,Madhya Pradesh,Clinic,7319,2022-11-10
3489,Oviya Arya,Female,59,7543199066,Vadodara,Gujarat,Hospital,1957,2023-12-13
3490,Hredhaan Biswas,Male,42,3251159882,Pune,Maharashtra,Retail,4328,2025-07-14
3491,Sachi Baria,Female,48,6616314716,Rajkot,Gujarat,Hospital,3717,2026-06-13
3492,Mugdha Naik,Female,80,4544581676,Pune,Maharashtra,Retail,8691,2023-07-12
3493,Jairaj Banik,Male,74,4234886522,Surat,Gujarat,Clinic,3929,2022-06-18
3494,Upkaar Buch,Male,49,8110507051,Bengaluru,Karnataka,Hospital,6519,2024-12-26
3495,Om Narasimhan,Male,52,9372959362,Bengaluru,Karnataka,Retail,3131,2026-05-27
3496,Anthony Hora,Male,33,5600354448,Delhi,Delhi,Hospital,3973,2024-10-18
3497,Oviya Oommen,Female,29,2143506354,Rajkot,Gujarat,Retail,2019,2025-12-22
3498,Oliver Bhat,Male,60,9213956930,Jaipur,Rajasthan,Hospital,8673,2023-05-16
3499,Viraj Saxena,Male,47,1570224626,Pune,Maharashtra,Clinic,1449,2021-07-28
3500,Chatresh Tandon,Male,20,0506432408,Vadodara,Gujarat,Hospital,722,2023-03-28
3501,Ishanvi Singh,Female,48,1305409203,Rajkot,Gujarat,Hospital,6055,2022-03-05
3502,Falak Sandhu,Female,41,2914305502,Rajkot,Gujarat,Retail,4812,2023-06-18
3503,Yoshita Mammen,Female,37,6262687323,Ahmedabad,Gujarat,Hospital,8909,2024-03-25
3504,Yutika Mishra,Female,76,3253853034,Pune,Maharashtra,Hospital,8729,2023-03-20
3505,Falan Chhabra,Male,66,4917020682,Bengaluru,Karnataka,Hospital,6855,2025-02-24
3506,Bakhshi Kota,Male,52,3891396724,Surat,Gujarat,Retail,4396,2021-08-20
3507,Finn Som,Male,37,3073830323,Rajkot,Gujarat,Retail,8581,2023-03-17
3508,Devika Bhagat,Female,54,0491355165,Delhi,Delhi,Retail,4681,2023-02-12
3509,Nidra Ganesan,Female,21,1591431278,Delhi,Delhi,Clinic,8448,2024-02-05
3510,Wyatt Devi,Male,63,6302692067,Surat,Gujarat,Hospital,5115,2024-10-29
3511,Owen Varughese,Male,54,1362244893,Pune,Maharashtra,Retail,2898,2024-10-01
3512,Chakradev Chada,Male,23,8214496466,Surat,Gujarat,Retail,5911,2026-02-13
3513,Lopa Balay,Female,22,0722655799,Surat,Gujarat,Hospital,9574,2022-08-29
3514,Faqid Chad,Male,23,1925411817,Pune,Maharashtra,Retail,5456,2023-03-22
3515,Aadi Rattan,Male,19,1349210360,Delhi,Delhi,Hospital,1170,2024-07-23
3516,Wakeeta Tella,Female,66,2577923387,Rajkot,Gujarat,Clinic,4153,2021-09-15
3517,Dhriti Thakkar,Female,62,8821768805,Bengaluru,Karnataka,Retail,7526,2023-06-29
3518,Tara Dixit,Female,40,6934039158,Jaipur,Rajasthan,Clinic,3796,2025-03-09
3519,Ladli Wali,Female,55,3580973018,Mumbai,Maharashtra,Retail,8168,2026-03-02
3520,Vivaan Kuruvilla,Male,20,5961817528,Vadodara,Gujarat,Retail,502,2023-08-03
3521,Gaurika Cherian,Female,82,7521844506,Ahmedabad,Gujarat,Clinic,9282,2024-08-10
3522,Tara Sastry,Female,56,4322978763,Delhi,Delhi,Hospital,3507,2025-07-05
3523,Ojas Prasad,Male,34,9362246440,Mumbai,Maharashtra,Hospital,4033,2024-08-31
3524,Kashish Deo,Female,20,8724158791,Pune,Maharashtra,Retail,3691,2026-06-03
3525,Oliver Chana,Male,81,6950137772,Surat,Gujarat,Hospital,836,2024-03-19
3526,Yuvraj Manda,Male,56,6734354525,Jaipur,Rajasthan,Clinic,6255,2024-09-16
3527,Andrew Deshmukh,Male,82,3057344670,Surat,Gujarat,Hospital,1704,2023-12-17
3528,Girish Jhaveri,Male,59,1680800087,Delhi,Delhi,Hospital,8345,2023-10-18
3529,Onveer Bhat,Male,18,4180257593,Surat,Gujarat,Clinic,1515,2025-10-23
3530,Tanish Badami,Male,23,4092725610,Ahmedabad,Gujarat,Hospital,197,2022-02-26
3531,Vasana Johal,Female,18,9440772593,Rajkot,Gujarat,Hospital,8548,2023-02-07
3532,Ayushman Chad,Male,79,7483872830,Vadodara,Gujarat,Hospital,8204,2025-05-01
3533,Praneel Manda,Male,55,2634497449,Rajkot,Gujarat,Clinic,1619,2023-03-01
3534,Lucky Kale,Male,54,8224980271,Vadodara,Gujarat,Retail,4779,2023-12-04
3535,Agastya Barman,Male,63,7720155986,Pune,Maharashtra,Hospital,1305,2025-05-06
3536,Ladli Sule,Female,66,1430492572,Pune,Maharashtra,Clinic,5647,2026-02-11
3537,Ronith Kapoor,Male,55,4442292276,Jaipur,Rajasthan,Hospital,6383,2021-07-30
3538,Daniel Manda,Male,42,2638274481,Mumbai,Maharashtra,Clinic,2952,2021-08-30
3539,Diya Chanda,Female,35,5257315214,Rajkot,Gujarat,Clinic,8370,2024-07-08
3540,Libni Kibe,Female,84,6290975485,Mumbai,Maharashtra,Retail,1614,2024-10-18
3541,Meera Toor,Female,59,6163355209,Bengaluru,Karnataka,Hospital,5936,2023-11-22
3542,Madhavi Malhotra,Female,83,1012778547,Indore,Madhya Pradesh,Clinic,9716,2025-09-08
3543,Rishi Pandit,Male,30,4878556899,Surat,Gujarat,Retail,9821,2026-04-15
3544,Pallavi Nazareth,Female,33,4264364409,Pune,Maharashtra,Clinic,6631,2023-12-17
3545,Tanish Bajwa,Male,54,1451710645,Bengaluru,Karnataka,Retail,9654,2023-10-14
3546,Zayyan Ray,Male,64,5211469924,Delhi,Delhi,Hospital,9801,2022-06-25
3547,David Nayak,Male,66,4526194353,Vadodara,Gujarat,Retail,860,2025-08-06
3548,Liam Pradhan,Male,52,9140794831,Pune,Maharashtra,Retail,3750,2025-08-05
3549,Wazir Dixit,Male,30,5686759941,Indore,Madhya Pradesh,Retail,5998,2023-04-03
3550,Thomas Minhas,Male,80,3039908560,Delhi,Delhi,Retail,1548,2024-07-31
3551,Siya Sanghvi,Female,40,9058181674,Rajkot,Gujarat,Hospital,72,2023-10-07
3552,Leena Rai,Female,19,4461250143,Bengaluru,Karnataka,Hospital,8200,2022-01-02
3553,Charles Biswas,Male,54,0289459391,Delhi,Delhi,Retail,1944,2022-07-28
3554,Balvan Morar,Male,60,3262815650,Jaipur,Rajasthan,Clinic,6668,2023-03-17
3555,Darsh Yadav,Male,36,8290410074,Ahmedabad,Gujarat,Hospital,7331,2021-09-14
3556,Sai Ravel,Female,28,2818914162,Bengaluru,Karnataka,Retail,6575,2024-02-09
3557,Guneet Mammen,Male,61,4224976551,Ahmedabad,Gujarat,Retail,8576,2023-04-18
3558,Aachal Gill,Female,71,2610498207,Delhi,Delhi,Retail,2098,2025-07-11
3559,Megha Manne,Female,83,6206707159,Ahmedabad,Gujarat,Clinic,5813,2022-09-09
3560,Gaurika Luthra,Female,32,5428129094,Pune,Maharashtra,Retail,4998,2022-12-31
3561,Kiaan Sant,Male,78,4514599246,Mumbai,Maharashtra,Retail,5615,2026-03-21
3562,Aahana Natt,Female,71,6346157474,Rajkot,Gujarat,Hospital,5120,2026-05-03
3563,Aadhya Vig,Female,59,8386964426,Indore,Madhya Pradesh,Clinic,4519,2021-07-31
3564,Odika Pal,Female,40,6468330544,Bengaluru,Karnataka,Hospital,2204,2024-01-19
3565,Devansh Wable,Male,36,4914487935,Vadodara,Gujarat,Clinic,3699,2021-07-14
3566,Lavanya Thaman,Female,56,2597259293,Bengaluru,Karnataka,Retail,2095,2026-06-05
3567,Eesha Jhaveri,Female,78,6929610511,Pune,Maharashtra,Retail,1092,2025-03-05
3568,Ekaraj Lala,Male,52,9868640454,Delhi,Delhi,Clinic,3582,2026-07-02
3569,Dayamai Radhakrishnan,Female,43,9672646424,Surat,Gujarat,Hospital,9422,2022-08-18
3570,Jagrati Baria,Female,48,0197715617,Delhi,Delhi,Retail,4303,2021-12-30
3571,Balendra Mall,Male,33,3105786994,Rajkot,Gujarat,Retail,2993,2025-04-25
3572,Timothy Butala,Male,56,9918747579,Bengaluru,Karnataka,Clinic,9205,2024-02-27
3573,Jagdish Boase,Male,52,7159796593,Rajkot,Gujarat,Clinic,8912,2022-09-27
3574,Aarush Golla,Male,22,1083704756,Surat,Gujarat,Clinic,9274,2026-07-04
3575,Ganga Dugal,Female,42,8444814993,Rajkot,Gujarat,Clinic,1024,2026-05-06
3576,Nirja Peri,Female,76,1766370726,Bengaluru,Karnataka,Retail,2640,2026-03-31
3577,Max Choudhry,Male,24,6847748591,Pune,Maharashtra,Clinic,5376,2022-09-16
3578,Amaira Sengupta,Female,43,4694166928,Indore,Madhya Pradesh,Clinic,3206,2021-08-14
3579,Rajata Ramesh,Female,64,4951388182,Indore,Madhya Pradesh,Clinic,6375,2023-09-05
3580,Vasatika Vig,Female,41,1028623489,Surat,Gujarat,Hospital,8259,2021-12-14
3581,Mugdha Narain,Female,27,7776029557,Indore,Madhya Pradesh,Hospital,9911,2025-05-06
3582,Kalpit Prasad,Male,72,9271996384,Rajkot,Gujarat,Hospital,5849,2023-07-01
3583,Charita Khanna,Female,43,7188581066,Pune,Maharashtra,Hospital,5543,2025-03-30
3584,Tejas Chawla,Male,44,6482488766,Mumbai,Maharashtra,Hospital,1464,2023-01-31
3585,Shaurya Nori,Male,61,5310195161,Pune,Maharashtra,Hospital,1799,2024-06-26
3586,Raksha Kamdar,Female,73,6678857408,Vadodara,Gujarat,Clinic,7105,2025-07-14
3587,Yauvani Kannan,Female,48,2020571032,Pune,Maharashtra,Hospital,7038,2022-12-30
3588,Jairaj Narang,Male,66,6377347270,Ahmedabad,Gujarat,Hospital,7348,2022-02-12
3589,Aishani Sundaram,Female,55,9446027622,Pune,Maharashtra,Hospital,1993,2025-06-25
3590,Ubika Upadhyay,Female,27,9125134509,Bengaluru,Karnataka,Clinic,6308,2022-02-25
3591,Ekantika Mani,Female,58,8850594438,Pune,Maharashtra,Clinic,146,2023-01-23
3592,Advay Doctor,Male,62,3024050801,Vadodara,Gujarat,Hospital,8582,2022-10-07
3593,Reyansh Khosla,Male,47,5987758109,Rajkot,Gujarat,Hospital,7386,2025-02-13
3594,Ikshita Bhasin,Female,45,5911233606,Rajkot,Gujarat,Hospital,42,2026-02-25
3595,Yadavi Kalla,Female,66,4445358904,Jaipur,Rajasthan,Clinic,258,2024-02-12
3596,Maanav Behl,Male,46,8312323618,Mumbai,Maharashtra,Clinic,612,2025-10-26
3597,Indira Mani,Female,25,8846990869,Pune,Maharashtra,Retail,6598,2026-02-27
3598,Anmol Mistry,Male,69,6258828725,Bengaluru,Karnataka,Retail,7281,2022-03-25
3599,Udyati Gera,Female,73,1144639338,Indore,Madhya Pradesh,Retail,7241,2025-05-21
3600,Rajeshri Dhingra,Female,36,6440444892,Delhi,Delhi,Clinic,6419,2025-02-04
3601,Isha Zacharia,Female,64,2692746744,Pune,Maharashtra,Retail,8171,2022-05-03
3602,Charita Banik,Female,47,6294002169,Mumbai,Maharashtra,Retail,6580,2024-01-09
3603,Bishakha Luthra,Female,68,3769174894,Rajkot,Gujarat,Hospital,365,2025-06-20
3604,Triveni Issac,Female,47,8729329543,Surat,Gujarat,Clinic,5025,2026-02-10
3605,Chaitaly Saraf,Female,56,5539099493,Bengaluru,Karnataka,Clinic,9723,2025-01-09
3606,Nitesh Mander,Male,77,8736931635,Delhi,Delhi,Hospital,6348,2025-10-31
3607,Ira Kale,Female,32,1148346519,Jaipur,Rajasthan,Clinic,5582,2026-02-11
3608,Mekhala Narain,Female,29,2322809857,Delhi,Delhi,Hospital,2727,2026-01-04
3609,Akshay Sur,Male,55,9815735066,Indore,Madhya Pradesh,Hospital,1454,2025-03-14
3610,Irya Varty,Female,56,3226774329,Delhi,Delhi,Hospital,1838,2022-12-09
3611,Yachana Guha,Female,35,6910773335,Jaipur,Rajasthan,Hospital,9764,2024-11-23
3612,Rajeshri Shanker,Female,21,7606894424,Pune,Maharashtra,Retail,612,2021-11-29
3613,Manbir Rama,Male,32,7681837803,Indore,Madhya Pradesh,Hospital,8098,2025-11-03
3614,Tanveer Koshy,Male,43,5779100438,Ahmedabad,Gujarat,Clinic,2919,2023-08-23
3615,Mekhala Narayan,Female,23,8104728192,Jaipur,Rajasthan,Clinic,7551,2023-07-10
3616,Upkaar Lanka,Male,66,0888479275,Jaipur,Rajasthan,Clinic,7500,2024-05-28
3617,Nihal Wali,Male,85,8721400805,Ahmedabad,Gujarat,Clinic,4311,2024-04-11
3618,Upadhriti Mohanty,Female,56,4041668088,Surat,Gujarat,Clinic,8956,2021-10-01
3619,Geetika Toor,Female,46,4039935879,Delhi,Delhi,Hospital,3017,2022-06-27
3620,Samuel Tara,Male,39,2678660071,Ahmedabad,Gujarat,Retail,9373,2024-05-23
3621,Janya Lad,Female,44,9593278129,Pune,Maharashtra,Hospital,2224,2023-02-24
3622,Advika Khosla,Female,66,4182645452,Pune,Maharashtra,Hospital,3933,2023-03-04
3623,Ikshita Babu,Female,78,0789943728,Ahmedabad,Gujarat,Clinic,3150,2025-12-22
3624,Kashvi Karan,Female,35,6276598886,Rajkot,Gujarat,Retail,431,2022-10-05
3625,Chanchal Choudhry,Female,82,6739079234,Delhi,Delhi,Clinic,4880,2022-01-10
3626,Jackson Rastogi,Male,51,7699577016,Mumbai,Maharashtra,Clinic,8780,2022-12-10
3627,Aarnav Kalita,Male,59,5669348634,Bengaluru,Karnataka,Retail,2995,2023-05-07
3628,Maanav Khatri,Male,49,9188277921,Pune,Maharashtra,Retail,6147,2026-01-01
3629,Rachita Parmar,Female,52,1046275496,Rajkot,Gujarat,Clinic,2892,2026-03-07
3630,Raksha Raja,Female,31,5978514265,Vadodara,Gujarat,Clinic,6245,2024-03-24
3631,Kiaan Dhar,Male,20,6778285196,Rajkot,Gujarat,Hospital,3403,2023-06-05
3632,Ryan Krish,Male,60,4885711955,Pune,Maharashtra,Hospital,4861,2021-10-12
3633,Zinal Nagar,Female,35,6931895036,Surat,Gujarat,Clinic,622,2023-02-05
3634,Fitan Shah,Male,76,0033010774,Rajkot,Gujarat,Clinic,6492,2024-04-25
3635,Yuvraj Dora,Male,74,9280062540,Mumbai,Maharashtra,Hospital,8038,2024-04-30
3636,Madhav Merchant,Male,20,5124208364,Bengaluru,Karnataka,Hospital,2127,2025-07-25
3637,Manbir Gaba,Male,22,7926689041,Ahmedabad,Gujarat,Hospital,9717,2026-02-24
3638,Zansi Sarma,Female,83,6896003943,Jaipur,Rajasthan,Hospital,4530,2024-05-21
3639,Jacob Bhardwaj,Male,21,9946769938,Mumbai,Maharashtra,Clinic,7167,2025-05-07
3640,Baghyawati Bhatia,Female,71,8375598794,Bengaluru,Karnataka,Clinic,7815,2025-01-03
3641,Girik Dubey,Male,33,9339027816,Ahmedabad,Gujarat,Clinic,2922,2026-02-11
3642,Advaith Bath,Male,23,5243182294,Pune,Maharashtra,Retail,496,2024-07-15
3643,Adya Sathe,Female,54,0526951670,Mumbai,Maharashtra,Retail,1127,2025-04-16
3644,Azad Vohra,Male,50,7418432491,Bengaluru,Karnataka,Retail,1719,2024-09-25
3645,Devika Bail,Female,18,8940826676,Jaipur,Rajasthan,Clinic,5212,2026-02-14
3646,Pranit Varma,Male,37,0535327824,Mumbai,Maharashtra,Hospital,4309,2022-02-06
3647,Abeer Mukhopadhyay,Male,84,6821978426,Surat,Gujarat,Retail,9985,2023-01-18
3648,Chandani Mahajan,Female,64,1945528732,Rajkot,Gujarat,Hospital,1268,2023-03-30
3649,Harish Dugar,Male,54,2622301881,Indore,Madhya Pradesh,Clinic,3487,2021-11-12
3650,Chaitaly Issac,Female,67,6970681607,Mumbai,Maharashtra,Retail,3203,2025-11-09
3651,Ubika Chawla,Female,56,3676857052,Delhi,Delhi,Retail,1763,2025-07-26
3652,Gaurav Banik,Male,18,8990423256,Mumbai,Maharashtra,Clinic,2371,2021-07-14
3653,Jeremiah Vig,Male,69,8436932937,Indore,Madhya Pradesh,Retail,9328,2025-04-08
3654,Tamanna Rajan,Female,54,4218048157,Bengaluru,Karnataka,Retail,823,2025-11-26
3655,Wriddhish Shroff,Male,83,1771191401,Indore,Madhya Pradesh,Retail,2623,2023-10-09
3656,Amrita Ratti,Female,26,4605974145,Bengaluru,Karnataka,Hospital,8986,2025-07-23
3657,Timothy Chahal,Male,57,1384755009,Bengaluru,Karnataka,Retail,5064,2025-09-02
3658,Lucky Sama,Male,73,9221271687,Jaipur,Rajasthan,Clinic,2876,2026-05-12
3659,Amara Samra,Female,53,4552923598,Vadodara,Gujarat,Retail,689,2023-07-07
3660,Charvi Rout,Female,63,6015931573,Indore,Madhya Pradesh,Hospital,2575,2026-04-05
3661,Yauvani Murthy,Female,64,9074423682,Vadodara,Gujarat,Clinic,1726,2023-02-11
3662,Tejas Dave,Male,53,0495783270,Jaipur,Rajasthan,Clinic,5373,2022-01-27
3663,Nihal Bumb,Male,66,1327311102,Ahmedabad,Gujarat,Clinic,6651,2024-04-18
3664,Anmol Deshpande,Male,71,7035588272,Delhi,Delhi,Hospital,2166,2024-09-03
3665,Harinakshi Zacharia,Female,46,5513723320,Ahmedabad,Gujarat,Clinic,3549,2024-12-06
3666,Rishi Varghese,Male,45,6136660811,Vadodara,Gujarat,Retail,6896,2022-05-18
3667,Aahana Ahuja,Female,18,3911168117,Indore,Madhya Pradesh,Retail,2237,2022-06-22
3668,Tarak Rajagopalan,Male,82,1452909152,Mumbai,Maharashtra,Hospital,6887,2021-08-12
3669,Azaan Nayak,Male,36,3305813685,Delhi,Delhi,Hospital,7180,2026-02-26
3670,Orinder Balakrishnan,Male,19,4490546627,Jaipur,Rajasthan,Retail,9587,2022-01-02
3671,Dayita Gaba,Female,35,8294281276,Vadodara,Gujarat,Hospital,2428,2025-12-19
3672,Michael Talwar,Male,77,0242432931,Indore,Madhya Pradesh,Retail,4105,2024-05-24
3673,Ucchal Saini,Female,18,1404160584,Rajkot,Gujarat,Hospital,6455,2021-10-20
3674,Raksha Mann,Female,36,4239326026,Jaipur,Rajasthan,Clinic,4444,2024-08-14
3675,Ridhi Rout,Female,29,3894475117,Jaipur,Rajasthan,Hospital,7210,2023-09-06
3676,Dhruv Lala,Male,85,4761643553,Mumbai,Maharashtra,Retail,4182,2023-09-20
3677,Eesha Mittal,Female,36,1654561874,Rajkot,Gujarat,Retail,4652,2024-02-29
3678,Daniel Chada,Male,57,1551142991,Rajkot,Gujarat,Clinic,3327,2022-10-01
3679,Kai Kothari,Male,49,0063698987,Mumbai,Maharashtra,Hospital,3006,2023-02-15
3680,Saksham Sahni,Male,58,6622091406,Surat,Gujarat,Hospital,7948,2023-04-18
3681,Veer Peri,Male,41,4139461655,Jaipur,Rajasthan,Retail,9012,2022-05-13
3682,Gaurangi Hora,Female,35,4993790276,Ahmedabad,Gujarat,Clinic,5125,2021-10-29
3683,Atharv Mohanty,Male,71,6522910848,Mumbai,Maharashtra,Clinic,6183,2024-10-09
3684,Hemani Khalsa,Female,70,4443076371,Jaipur,Rajasthan,Hospital,8275,2022-10-08
3685,Nirja Wali,Female,64,0061921632,Bengaluru,Karnataka,Clinic,6433,2021-09-13
3686,Brijesh Dugar,Male,39,4243505289,Jaipur,Rajasthan,Clinic,9828,2024-11-08
3687,Urmi Swaminathan,Female,32,0429881269,Indore,Madhya Pradesh,Retail,2937,2024-09-24
3688,Ekanta D’Alia,Female,46,2516388421,Jaipur,Rajasthan,Hospital,380,2023-08-15
3689,Abdul Kara,Male,79,7059871677,Vadodara,Gujarat,Retail,8394,2021-11-05
3690,Ayush Sha,Male,81,4722217944,Jaipur,Rajasthan,Retail,2730,2026-04-28
3691,Logan Hora,Male,50,0797646960,Surat,Gujarat,Retail,9737,2025-01-01
3692,Idika Agate,Female,30,9271905149,Surat,Gujarat,Hospital,1922,2023-08-26
3693,Deepa Yadav,Female,75,0139789848,Mumbai,Maharashtra,Retail,8772,2026-01-28
3694,Shaurya Dey,Male,38,7321819651,Rajkot,Gujarat,Hospital,9950,2022-08-05
3695,Arin Mital,Male,47,1045229699,Mumbai,Maharashtra,Clinic,4926,2023-03-03
3696,Wazir Viswanathan,Male,47,7941209955,Mumbai,Maharashtra,Retail,2108,2023-10-09
3697,Devansh Bhat,Male,40,4676480092,Vadodara,Gujarat,Retail,6688,2023-12-24
3698,Kashvi Nadig,Female,76,3992412143,Jaipur,Rajasthan,Clinic,7250,2025-07-20
3699,Anmol Banik,Male,85,2184036859,Surat,Gujarat,Clinic,9103,2022-08-29
3700,Ati Dey,Female,58,8713453726,Surat,Gujarat,Clinic,8859,2021-07-23
3701,Aarnav Sarkar,Male,26,1778356139,Vadodara,Gujarat,Hospital,8618,2024-03-02
3702,Yashvi Savant,Female,79,7536074360,Mumbai,Maharashtra,Retail,8110,2021-09-27
3703,Omkaar Singhal,Male,81,0514349530,Delhi,Delhi,Clinic,1164,2023-05-19
3704,Indrajit Pau,Male,81,0490366642,Surat,Gujarat,Hospital,6811,2025-06-11
3705,Siya Chandran,Female,23,7576960567,Ahmedabad,Gujarat,Retail,4792,2021-09-12
3706,Ekansh Choudhary,Male,71,8873118518,Bengaluru,Karnataka,Retail,1710,2024-03-03
3707,Ethan Kara,Male,46,9445929854,Vadodara,Gujarat,Retail,200,2024-02-09
3708,Panini Kaul,Female,23,7073152349,Pune,Maharashtra,Retail,1484,2024-03-22
3709,Bahadurjit Behl,Male,84,0899700340,Delhi,Delhi,Retail,8303,2021-12-20
3710,Jatin Mannan,Male,84,5756507275,Pune,Maharashtra,Retail,3105,2022-12-10
3711,Christopher Golla,Male,37,9019840795,Indore,Madhya Pradesh,Retail,5141,2022-05-03
3712,Mitesh Barman,Male,34,0780285113,Pune,Maharashtra,Clinic,2464,2025-09-04
3713,Qarin Savant,Male,72,4727553101,Bengaluru,Karnataka,Retail,4727,2023-01-15
3714,Tarak Gupta,Male,28,8675294619,Indore,Madhya Pradesh,Clinic,5945,2022-01-08
3715,Udant Borra,Male,52,1017937748,Rajkot,Gujarat,Retail,7806,2022-05-11
3716,Rachana Sankar,Female,64,1162343534,Delhi,Delhi,Hospital,4563,2024-05-16
3717,Riya Venkataraman,Female,40,5502176031,Jaipur,Rajasthan,Hospital,9873,2024-01-09
3718,Chandani Dora,Female,74,9455589180,Bengaluru,Karnataka,Hospital,9799,2021-10-12
3719,Pranit Bedi,Male,73,5701722453,Ahmedabad,Gujarat,Retail,929,2024-06-11
3720,Alka Randhawa,Female,30,7671506686,Rajkot,Gujarat,Hospital,1372,2022-06-03
3721,Faris Vala,Male,76,0851813525,Surat,Gujarat,Hospital,4380,2023-10-06
3722,Wriddhish Magar,Male,52,2032298194,Jaipur,Rajasthan,Retail,4527,2023-01-14
3723,Oni Naik,Female,82,1687109426,Indore,Madhya Pradesh,Retail,9900,2026-03-10
3724,Max Vora,Male,80,3111984422,Mumbai,Maharashtra,Hospital,6715,2022-01-01
3725,Neelima Sundaram,Female,54,8554052175,Indore,Madhya Pradesh,Hospital,1783,2022-07-12
3726,Warjas Jain,Male,28,1897127418,Vadodara,Gujarat,Clinic,2185,2025-04-28
3727,Raagini Balan,Female,20,2629911699,Ahmedabad,Gujarat,Retail,6839,2023-03-27
3728,Hemal Soman,Female,38,7693144554,Jaipur,Rajasthan,Hospital,3233,2021-12-02
3729,Nicholas Acharya,Male,63,0688992996,Ahmedabad,Gujarat,Retail,7564,2024-12-08
3730,Omaja Pai,Female,34,4842239167,Pune,Maharashtra,Hospital,9146,2025-01-20
3731,Faqid Bhalla,Male,78,3057977895,Indore,Madhya Pradesh,Hospital,9142,2022-03-25
3732,Jack Chawla,Male,60,3059227977,Delhi,Delhi,Hospital,9553,2025-10-18
3733,Vanya Sengupta,Female,77,5454317080,Bengaluru,Karnataka,Clinic,5059,2022-01-06
3734,Sai Basu,Male,84,1002336042,Vadodara,Gujarat,Hospital,4783,2021-08-26
3735,Udarsh Mutti,Male,69,7968188228,Mumbai,Maharashtra,Retail,4811,2025-06-21
3736,Max Dass,Male,28,0388000336,Indore,Madhya Pradesh,Clinic,7490,2021-11-16
3737,Max Raja,Male,57,3069601866,Bengaluru,Karnataka,Retail,1394,2023-06-09
3738,Chakradev Sridhar,Male,48,2762691073,Pune,Maharashtra,Clinic,9136,2022-04-05
3739,Arya Chadha,Female,75,4605915946,Jaipur,Rajasthan,Hospital,693,2024-07-20
3740,Wazir Sandhu,Male,76,1441455852,Jaipur,Rajasthan,Retail,3436,2026-01-18
3741,Krish Date,Male,37,0559860158,Mumbai,Maharashtra,Retail,4863,2024-06-25
3742,Abha Lal,Female,84,6939917652,Mumbai,Maharashtra,Clinic,3400,2022-08-31
3743,Gabriel Kakar,Male,55,7551291565,Indore,Madhya Pradesh,Retail,8563,2024-04-08
3744,Joshua Mangat,Male,33,8796808071,Rajkot,Gujarat,Retail,8981,2023-04-07
3745,Gauri Madan,Female,76,3944037408,Jaipur,Rajasthan,Hospital,4075,2024-02-02
3746,Ishita Sawhney,Female,56,5211326159,Bengaluru,Karnataka,Clinic,8132,2025-07-16
3747,Rajeshri Tella,Female,73,1180759491,Vadodara,Gujarat,Retail,9070,2022-11-05
3748,Harrison Ganesan,Male,69,3640180193,Jaipur,Rajasthan,Clinic,7775,2023-02-22
3749,Hiral Viswanathan,Female,40,7905985796,Ahmedabad,Gujarat,Hospital,4660,2023-04-22
3750,Chanchal Sarna,Female,52,3298722431,Rajkot,Gujarat,Retail,7546,2025-08-02
3751,Megha Saxena,Female,35,0478253357,Delhi,Delhi,Hospital,2610,2025-09-22
3752,Ayaan Dube,Male,84,6848355139,Bengaluru,Karnataka,Hospital,3379,2023-02-11
3753,Jonathan Balakrishnan,Male,74,1983657265,Ahmedabad,Gujarat,Clinic,8109,2026-04-15
3754,Balvan Setty,Male,45,4269264970,Jaipur,Rajasthan,Clinic,9207,2023-07-09
3755,Ranveer Misra,Male,41,4509751553,Vadodara,Gujarat,Retail,3160,2021-10-26
3756,Nitesh Ram,Male,20,8475619599,Vadodara,Gujarat,Clinic,1742,2022-06-19
3757,Chanchal Raj,Female,43,3949295082,Pune,Maharashtra,Clinic,4588,2025-06-20
3758,Gunbir Dora,Male,66,7437865958,Bengaluru,Karnataka,Hospital,3461,2023-12-17
3759,Quincy Pal,Male,41,7642000673,Pune,Maharashtra,Hospital,5984,2023-03-24
3760,Hemang Apte,Male,43,7032333570,Jaipur,Rajasthan,Retail,525,2023-04-12
3761,Anusha Soni,Female,42,4670157749,Rajkot,Gujarat,Clinic,9550,2021-08-28
3762,Matthew Patla,Male,73,2785925751,Delhi,Delhi,Clinic,8464,2024-06-15
3763,Qadim Mane,Male,76,0730060878,Indore,Madhya Pradesh,Retail,633,2022-08-23
3764,Utkarsh Bath,Male,67,4592575558,Mumbai,Maharashtra,Hospital,5115,2025-06-25
3765,Fitan Om,Male,51,3384456910,Vadodara,Gujarat,Hospital,9362,2024-08-09
3766,Akshay Khare,Male,44,2400618747,Bengaluru,Karnataka,Retail,9175,2025-04-02
3767,Kamya Nagi,Female,81,8135793942,Jaipur,Rajasthan,Clinic,8830,2023-01-12
3768,Ishwar Shankar,Male,35,2168964432,Surat,Gujarat,Retail,8369,2022-04-22
3769,Nidhi Aggarwal,Female,79,4199524871,Pune,Maharashtra,Hospital,782,2021-11-14
3770,Waida Mannan,Female,54,7444883197,Pune,Maharashtra,Hospital,2188,2024-05-05
3771,Chaaya Wagle,Female,31,8823636579,Vadodara,Gujarat,Hospital,4606,2023-09-28
3772,Xavier Lad,Male,18,1688202154,Pune,Maharashtra,Retail,3615,2022-06-05
3773,Unni Chakrabarti,Female,52,9741381240,Vadodara,Gujarat,Retail,7912,2023-01-03
3774,Niharika Chadha,Female,24,8440650460,Delhi,Delhi,Clinic,3844,2024-09-13
3775,Nandini Krishnan,Female,33,3441012410,Surat,Gujarat,Retail,8171,2021-12-20
3776,Reva Mishra,Female,71,2954174528,Jaipur,Rajasthan,Retail,3817,2021-11-10
3777,Qushi Kala,Female,45,5325760089,Indore,Madhya Pradesh,Retail,9911,2025-07-05
3778,Devika Kaul,Female,72,3811336802,Vadodara,Gujarat,Clinic,9075,2025-09-17
3779,Krish Mital,Male,26,4333741463,Rajkot,Gujarat,Retail,2162,2024-06-24
3780,Jyoti Dhawan,Female,42,4390273758,Pune,Maharashtra,Retail,5069,2021-09-21
3781,Inaya Kohli,Female,52,6661789458,Delhi,Delhi,Hospital,4356,2022-12-31
3782,Abeer Comar,Male,53,7207609591,Jaipur,Rajasthan,Clinic,2103,2025-01-07
3783,Warda Walla,Female,78,2867607909,Jaipur,Rajasthan,Retail,3979,2024-09-28
3784,Abha Devi,Female,66,6783690964,Mumbai,Maharashtra,Retail,2699,2022-12-18
3785,Vansha Wali,Female,26,8804118215,Indore,Madhya Pradesh,Clinic,5092,2021-08-23
3786,Matthew Sibal,Male,34,0891582823,Jaipur,Rajasthan,Retail,1625,2023-07-05
3787,Shivansh Varughese,Male,24,1655351365,Delhi,Delhi,Retail,2685,2024-12-22
3788,Bhavika Gandhi,Female,50,7071817350,Ahmedabad,Gujarat,Retail,8521,2022-08-09
3789,Samuel Yadav,Male,48,2367118808,Pune,Maharashtra,Hospital,1650,2026-07-01
3790,Victor Chand,Male,67,9876976767,Surat,Gujarat,Retail,288,2024-10-21
3791,Siya Pandya,Female,61,5410901346,Bengaluru,Karnataka,Clinic,2733,2024-11-06
3792,Rayaan Lall,Male,37,2134929155,Pune,Maharashtra,Retail,2943,2023-06-25
3793,Jagdish Bose,Male,26,5225970636,Indore,Madhya Pradesh,Hospital,6263,2025-12-12
3794,Noah Dixit,Male,55,1645017147,Indore,Madhya Pradesh,Clinic,997,2026-04-04
3795,Jairaj Puri,Male,80,7662591287,Ahmedabad,Gujarat,Hospital,2009,2023-03-21
3796,Anjali Bhalla,Female,56,9745074264,Surat,Gujarat,Hospital,1322,2023-01-05
3797,Zayyan Lanka,Male,79,7916477639,Mumbai,Maharashtra,Clinic,4193,2023-05-07
3798,Ekbal Pillay,Male,59,8797227795,Mumbai,Maharashtra,Retail,5038,2026-06-10
3799,Naveen Gokhale,Male,37,6288584314,Bengaluru,Karnataka,Hospital,4596,2023-06-06
3800,Ayush Badami,Male,76,6303186495,Jaipur,Rajasthan,Retail,4509,2024-07-02
3801,Timothy Kulkarni,Male,30,5297658248,Mumbai,Maharashtra,Retail,6502,2026-07-11
3802,Nidra Subramaniam,Female,44,3847981653,Jaipur,Rajasthan,Retail,5556,2025-01-12
3803,Neelima Gera,Female,49,5354128677,Surat,Gujarat,Hospital,4935,2022-09-16
3804,Jatin Kurian,Male,18,0572089228,Vadodara,Gujarat,Retail,1741,2025-05-28
3805,Vincent Pandit,Male,82,5029091082,Surat,Gujarat,Hospital,2712,2021-12-04
3806,Madhav Narain,Male,56,0951507271,Surat,Gujarat,Retail,9068,2025-06-14
3807,Pooja Dugar,Female,73,4295300796,Mumbai,Maharashtra,Retail,4820,2024-04-14
3808,Guneet Parmar,Male,61,7336823535,Indore,Madhya Pradesh,Hospital,1490,2024-12-29
3809,Ladli Atwal,Female,26,1283119430,Mumbai,Maharashtra,Clinic,3596,2022-06-13
3810,Nandini Dua,Female,36,9190688789,Bengaluru,Karnataka,Clinic,6057,2024-09-26
3811,Indali Upadhyay,Female,47,2733777765,Pune,Maharashtra,Hospital,7565,2023-07-26
3812,Zayyan Trivedi,Male,60,0576209915,Pune,Maharashtra,Clinic,976,2023-02-16
3813,Manbir Chokshi,Male,21,6465510510,Bengaluru,Karnataka,Hospital,3269,2022-12-28
3814,Shivani Vaidya,Female,82,2125709670,Bengaluru,Karnataka,Hospital,4063,2022-05-08
3815,Arunima Sarin,Female,49,3578115991,Indore,Madhya Pradesh,Hospital,8262,2023-11-28
3816,Karan Kibe,Male,37,9751823645,Pune,Maharashtra,Hospital,1025,2023-10-11
3817,Tanmayi Dara,Female,55,1059675561,Pune,Maharashtra,Retail,4039,2022-04-27
3818,Jagrati Tata,Female,23,2042267454,Mumbai,Maharashtra,Retail,2161,2024-12-28
3819,Advika Mistry,Female,31,4671313688,Mumbai,Maharashtra,Hospital,4606,2024-05-03
3820,Harita Dhar,Female,63,1531268982,Ahmedabad,Gujarat,Clinic,5839,2025-07-17
3821,Dipta Merchant,Female,40,0543374663,Vadodara,Gujarat,Hospital,7875,2023-07-05
3822,Netra Kota,Female,55,6631698959,Bengaluru,Karnataka,Retail,1194,2022-01-19
3823,Vedant Gola,Male,54,8355285137,Surat,Gujarat,Retail,7415,2024-06-13
3824,Madhavi Ghose,Female,51,4685605845,Rajkot,Gujarat,Retail,1319,2021-08-19
3825,Divya Chahal,Female,36,1867136949,Indore,Madhya Pradesh,Retail,6371,2026-02-13
3826,Anya Soman,Female,66,9777970197,Bengaluru,Karnataka,Clinic,9261,2025-10-15
3827,Tanish Varma,Male,20,7940726431,Indore,Madhya Pradesh,Hospital,1664,2021-09-26
3828,Aadi Gulati,Male,30,7067053134,Vadodara,Gujarat,Clinic,725,2026-01-19
3829,Tanveer Sethi,Male,20,9591174364,Jaipur,Rajasthan,Clinic,2473,2025-07-12
3830,Lohit Dhingra,Male,45,7241241418,Bengaluru,Karnataka,Clinic,4691,2025-10-01
3831,Nihal Barad,Male,65,3519635980,Vadodara,Gujarat,Clinic,3682,2021-11-13
3832,Rishi Saran,Male,23,6327602594,Mumbai,Maharashtra,Hospital,8296,2023-07-28
3833,Jason Savant,Male,23,4353998674,Surat,Gujarat,Hospital,2307,2024-09-10
3834,Isaac Menon,Male,76,4076644971,Vadodara,Gujarat,Clinic,2141,2022-01-15
3835,Aarna Mand,Female,23,4376668704,Surat,Gujarat,Retail,5071,2025-12-25
3836,Shivani Vyas,Female,37,5093978695,Rajkot,Gujarat,Hospital,3114,2023-02-15
3837,Ekapad Bera,Male,58,8798734213,Bengaluru,Karnataka,Clinic,8471,2026-07-12
3838,Hema Basak,Female,48,1017440827,Vadodara,Gujarat,Hospital,1635,2023-06-14
3839,Tamanna Sood,Female,63,0358306327,Jaipur,Rajasthan,Hospital,4666,2026-07-07
3840,Gagan Viswanathan,Male,73,1864999328,Vadodara,Gujarat,Clinic,7743,2026-06-17
3841,Wridesh Rao,Male,42,6425989137,Indore,Madhya Pradesh,Hospital,843,2024-11-29
3842,Vrinda Natarajan,Female,80,5252848663,Vadodara,Gujarat,Clinic,1129,2022-11-22
3843,Anmol Ravel,Male,51,7928387973,Jaipur,Rajasthan,Hospital,3923,2026-01-15
3844,Jagat Sama,Male,39,0768333711,Pune,Maharashtra,Hospital,3101,2024-03-22
3845,Yoshita Sawhney,Female,44,6805975101,Ahmedabad,Gujarat,Hospital,2140,2022-10-31
3846,Reyansh Pandey,Male,45,9292848904,Vadodara,Gujarat,Retail,4256,2024-06-27
3847,Lohit Vaidya,Male,43,8469787820,Pune,Maharashtra,Retail,1532,2022-02-17
3848,Wyatt Mangat,Male,43,7363760636,Ahmedabad,Gujarat,Clinic,7488,2023-04-01
3849,Jeremiah Babu,Male,34,1572976949,Mumbai,Maharashtra,Clinic,4092,2025-10-17
3850,Bhavya Nagi,Female,46,0580186319,Surat,Gujarat,Retail,3389,2026-04-08
3851,Zashil Kakar,Male,25,6808389411,Jaipur,Rajasthan,Hospital,257,2023-06-19
3852,Faqid Varty,Male,70,2915929845,Jaipur,Rajasthan,Hospital,1421,2021-11-19
3853,Kevin Dhaliwal,Male,19,9039324117,Bengaluru,Karnataka,Clinic,7267,2022-05-01
3854,Girik D’Alia,Male,63,9105962011,Rajkot,Gujarat,Hospital,4357,2023-05-04
3855,Gaurika Narang,Female,42,8300856505,Vadodara,Gujarat,Retail,5453,2022-01-14
3856,Maanas Sanghvi,Male,76,6740495055,Ahmedabad,Gujarat,Clinic,7664,2023-10-18
3857,Panini Wali,Female,85,2378413103,Mumbai,Maharashtra,Hospital,4062,2024-08-25
3858,Anjali Chaudhry,Female,33,8356411592,Delhi,Delhi,Retail,7550,2025-11-06
3859,Geetika Nagy,Female,23,7037015487,Ahmedabad,Gujarat,Clinic,8779,2022-03-07
3860,Charita Gola,Female,33,4030809180,Ahmedabad,Gujarat,Hospital,7920,2025-10-06
3861,Priya Korpal,Female,40,0852962211,Bengaluru,Karnataka,Hospital,5544,2023-10-26
3862,Gautami Maharaj,Female,64,9558862964,Surat,Gujarat,Hospital,1879,2026-02-23
3863,Ayaan Krishna,Male,40,9748668440,Indore,Madhya Pradesh,Hospital,7478,2025-04-18
3864,David Bhandari,Male,49,9378220820,Ahmedabad,Gujarat,Retail,5500,2025-06-04
3865,Bhavna Saraf,Female,24,0946447478,Rajkot,Gujarat,Retail,5777,2025-12-13
3866,Warhi Srinivas,Female,79,7130029068,Jaipur,Rajasthan,Hospital,3253,2022-06-16
3867,Yauvani Radhakrishnan,Female,71,7629371163,Indore,Madhya Pradesh,Hospital,6630,2022-04-29
3868,Daksha Cherian,Female,52,5080937651,Jaipur,Rajasthan,Hospital,2600,2022-10-23
3869,Vritti Om,Female,67,3233077450,Surat,Gujarat,Retail,8782,2026-05-18
3870,Chakradev Lalla,Male,22,0688609663,Rajkot,Gujarat,Clinic,1785,2025-05-07
3871,Noah Dyal,Male,31,8037681556,Delhi,Delhi,Clinic,2054,2024-06-01
3872,Jagdish Mann,Male,65,9418790200,Jaipur,Rajasthan,Retail,6035,2024-05-10
3873,Jasmit Shankar,Female,69,5928748682,Ahmedabad,Gujarat,Clinic,6969,2024-09-02
3874,Chakrika D’Alia,Female,46,5382804856,Indore,Madhya Pradesh,Retail,764,2024-10-06
3875,Ekanta Raval,Female,67,1532287391,Mumbai,Maharashtra,Clinic,1743,2025-04-23
3876,Amol Palan,Male,82,7699448729,Vadodara,Gujarat,Hospital,121,2022-01-05
3877,Pahal Singhal,Female,82,2750277703,Jaipur,Rajasthan,Hospital,6214,2026-04-03
3878,Daniel Misra,Male,46,4418460346,Bengaluru,Karnataka,Retail,6092,2021-10-03
3879,Patrick Saha,Male,48,1205176455,Rajkot,Gujarat,Clinic,9824,2023-05-26
3880,Hemang Shah,Male,56,9717173798,Jaipur,Rajasthan,Hospital,5433,2023-11-21
3881,Brijesh Amble,Male,40,3648112966,Rajkot,Gujarat,Hospital,1803,2022-05-18
3882,Gaurav Iyer,Male,83,8037128471,Rajkot,Gujarat,Hospital,7502,2022-01-11
3883,Aayush Lad,Male,79,6854176798,Surat,Gujarat,Clinic,2961,2025-07-31
3884,Hiral Ganesan,Female,36,5030479100,Vadodara,Gujarat,Retail,1804,2026-06-07
3885,Anjali Sagar,Female,39,7671912703,Jaipur,Rajasthan,Clinic,9633,2026-03-16
3886,Aditya Dua,Male,47,6009833162,Pune,Maharashtra,Clinic,6048,2026-04-12
3887,Advaith Sankaran,Male,28,2681652137,Bengaluru,Karnataka,Clinic,5063,2025-05-19
3888,Tanveer Nagi,Male,55,8899220993,Delhi,Delhi,Retail,689,2021-09-14
3889,Kai Mammen,Male,31,0746569868,Bengaluru,Karnataka,Clinic,2307,2025-06-19
3890,Michael Garde,Male,48,3086786644,Delhi,Delhi,Retail,8490,2024-02-24
3891,Sudiksha Karnik,Female,18,8999430943,Rajkot,Gujarat,Retail,6277,2021-10-21
3892,Alka Kalla,Female,64,6027522210,Pune,Maharashtra,Clinic,3590,2026-02-14
3893,Leena Kari,Female,69,8605363413,Vadodara,Gujarat,Clinic,6284,2025-01-30
3894,Naveen Kashyap,Male,71,1635583958,Ahmedabad,Gujarat,Retail,4184,2021-09-24
3895,Faraj Tara,Male,82,4948346267,Jaipur,Rajasthan,Retail,3998,2023-07-25
3896,Abdul Lall,Male,26,4438717383,Rajkot,Gujarat,Clinic,865,2026-01-09
3897,Omkaar Bhatti,Male,32,2380236738,Surat,Gujarat,Hospital,6459,2025-06-16
3898,Chaman Tata,Female,74,1256646706,Delhi,Delhi,Hospital,7570,2024-05-27
3899,Aahana Soman,Female,61,0333006072,Surat,Gujarat,Clinic,8772,2022-01-10
3900,Wriddhish Pillay,Male,33,2431737054,Delhi,Delhi,Retail,7882,2026-03-18
3901,Baljiwan Borra,Male,82,1195128035,Rajkot,Gujarat,Retail,4242,2024-03-28
3902,Vanya Mitter,Female,51,3697671850,Delhi,Delhi,Retail,5707,2026-06-21
3903,Madhavi Saxena,Female,83,7760856420,Pune,Maharashtra,Hospital,6132,2025-03-17
3904,Kabir Ratti,Male,20,3107376901,Jaipur,Rajasthan,Hospital,6719,2026-02-14
3905,Kashvi Ray,Female,40,2692483427,Pune,Maharashtra,Retail,8912,2022-11-06
3906,Arin Kala,Male,56,2836288435,Jaipur,Rajasthan,Hospital,8848,2024-05-06
3907,Kavya Ahuja,Female,68,2129820838,Surat,Gujarat,Hospital,9298,2022-10-02
3908,Rishi Balay,Male,78,5647364296,Mumbai,Maharashtra,Clinic,2326,2026-02-11
3909,Arjun Kala,Male,55,3567975371,Rajkot,Gujarat,Clinic,4116,2024-12-15
3910,Ira Issac,Female,31,5517912999,Vadodara,Gujarat,Retail,9630,2021-11-07
3911,Patrick Kulkarni,Male,55,9111050916,Vadodara,Gujarat,Retail,7053,2023-10-16
3912,Dominic Mangat,Male,73,5237427499,Ahmedabad,Gujarat,Clinic,8163,2023-02-17
3913,Jagvi Mane,Female,20,9144348111,Mumbai,Maharashtra,Hospital,2942,2024-12-01
3914,Ethan Gour,Male,84,0824778596,Jaipur,Rajasthan,Clinic,7820,2023-07-11
3915,Lakshmi Bahri,Female,72,3032591400,Mumbai,Maharashtra,Clinic,5126,2025-04-25
3916,Dalaja Bains,Female,75,9903667380,Indore,Madhya Pradesh,Retail,5044,2023-03-07
3917,Hardik Krishna,Male,60,0874697784,Pune,Maharashtra,Retail,7265,2023-10-17
3918,Aayush Guha,Male,77,4277970869,Mumbai,Maharashtra,Hospital,8412,2024-03-06
3919,Jatin Handa,Male,82,7056164068,Jaipur,Rajasthan,Hospital,9516,2023-02-20
3920,Damini Pau,Female,76,5185772056,Bengaluru,Karnataka,Retail,5895,2022-08-30
3921,Lajita Varghese,Female,41,2066828832,Mumbai,Maharashtra,Hospital,9756,2023-08-31
3922,Raghav Andra,Male,65,2845619667,Mumbai,Maharashtra,Hospital,4061,2023-05-12
3923,Adya Mann,Female,80,7985313932,Rajkot,Gujarat,Retail,323,2025-02-22
3924,Reyansh Vohra,Male,63,5550880724,Mumbai,Maharashtra,Retail,8505,2022-08-01
3925,Vihaan Tata,Male,24,7841466454,Pune,Maharashtra,Hospital,7108,2024-12-25
3926,Jagvi Sawhney,Female,66,2280651814,Jaipur,Rajasthan,Retail,1406,2023-04-03
3927,Oeshi Verma,Female,79,6068557517,Ahmedabad,Gujarat,Clinic,2010,2025-12-27
3928,Radha Panchal,Female,41,6791899468,Jaipur,Rajasthan,Clinic,1713,2022-06-18
3929,Udarsh Dugar,Male,65,7242008061,Ahmedabad,Gujarat,Clinic,3836,2021-11-13
3930,Unnati Rajagopalan,Female,71,8117668748,Bengaluru,Karnataka,Clinic,2164,2023-06-15
3931,Aadhya Dugar,Female,85,6635267393,Jaipur,Rajasthan,Clinic,4757,2025-12-08
3932,Ati Som,Female,60,6347699953,Bengaluru,Karnataka,Retail,6248,2023-03-21
3933,Rajata Iyer,Female,56,1130762493,Vadodara,Gujarat,Clinic,2616,2021-08-16
3934,Lopa Mall,Female,75,9866133602,Pune,Maharashtra,Retail,7911,2021-12-23
3935,Quincy Setty,Male,62,4319889466,Jaipur,Rajasthan,Hospital,5202,2022-03-03
3936,Vedhika Sankar,Female,64,3190345182,Bengaluru,Karnataka,Hospital,7490,2025-11-20
3937,Ekani Sem,Female,33,6992932194,Surat,Gujarat,Retail,6076,2024-05-08
3938,Bhavna Kari,Female,29,8148184660,Mumbai,Maharashtra,Clinic,47,2026-07-13
3939,Abhiram Mitter,Male,79,6351998631,Vadodara,Gujarat,Retail,3826,2026-04-09
3940,Teerth Krish,Male,43,2633540041,Rajkot,Gujarat,Clinic,7642,2026-05-11
3941,Mohini Bansal,Female,50,2820325474,Mumbai,Maharashtra,Hospital,7720,2026-07-13
3942,Hitesh Maharaj,Male,41,6008808276,Vadodara,Gujarat,Clinic,832,2024-08-29
3943,Hiral Pathak,Female,18,7770298749,Ahmedabad,Gujarat,Hospital,9925,2022-04-08
3944,Yashodhara Shanker,Female,71,2312212788,Jaipur,Rajasthan,Clinic,1912,2024-09-11
3945,Shivansh Dhar,Male,35,4433136577,Mumbai,Maharashtra,Retail,2159,2021-11-27
3946,Siya Raval,Female,41,5432639043,Jaipur,Rajasthan,Clinic,837,2021-12-10
3947,Triveni Krishnamurthy,Female,58,6997977855,Rajkot,Gujarat,Clinic,4848,2025-10-08
3948,Forum Patla,Female,45,3994925540,Vadodara,Gujarat,Clinic,1904,2022-02-11
3949,Kashish Gara,Female,21,8955223031,Indore,Madhya Pradesh,Clinic,3083,2022-12-14
3950,Robert Bail,Male,58,8918231822,Surat,Gujarat,Clinic,7207,2023-06-17
3951,Wishi Agarwal,Female,19,7782532310,Surat,Gujarat,Clinic,6027,2021-12-05
3952,Samarth Keer,Male,64,7504377873,Surat,Gujarat,Hospital,1433,2023-08-25
3953,Idika Sood,Female,85,1977444785,Bengaluru,Karnataka,Retail,6635,2022-01-10
3954,Vyanjana Palan,Female,61,1381987656,Mumbai,Maharashtra,Hospital,4351,2022-09-27
3955,Gayathri Chanda,Female,37,9147393196,Ahmedabad,Gujarat,Clinic,7318,2023-10-10
3956,Amrita Dasgupta,Female,76,7312389460,Rajkot,Gujarat,Clinic,8781,2025-01-04
3957,Urmi Chaudhry,Female,36,3052477946,Rajkot,Gujarat,Hospital,9853,2023-08-23
3958,Balveer Dhawan,Male,76,0209687979,Bengaluru,Karnataka,Retail,7615,2022-03-05
3959,Yug Vasa,Male,54,5213336457,Jaipur,Rajasthan,Hospital,9034,2026-05-10
3960,Aishani Morar,Female,39,6484574585,Surat,Gujarat,Hospital,5260,2025-06-15
3961,Turvi Narula,Female,20,7776696578,Delhi,Delhi,Clinic,7276,2026-07-01
3962,Pallavi Raja,Female,38,2092744320,Ahmedabad,Gujarat,Hospital,4448,2024-12-06
3963,Ayushman Babu,Male,35,6783407495,Mumbai,Maharashtra,Hospital,9452,2024-03-19
3964,Tamanna Warrior,Female,78,1576662247,Delhi,Delhi,Hospital,2919,2025-01-20
3965,Divya Ramachandran,Female,77,6655345560,Mumbai,Maharashtra,Hospital,8708,2023-05-03
3966,Laban Kashyap,Male,80,2728199517,Delhi,Delhi,Retail,2701,2025-09-13
3967,Oni Gupta,Female,56,1680404636,Bengaluru,Karnataka,Retail,6066,2022-03-12
3968,Bhavini Bhargava,Female,55,8691346343,Jaipur,Rajasthan,Clinic,2295,2025-12-23
3969,Fitan Prabhu,Male,44,0127064843,Vadodara,Gujarat,Clinic,3003,2026-04-05
3970,Bhanumati Garg,Female,76,8870418191,Indore,Madhya Pradesh,Clinic,6108,2022-05-30
3971,Chandresh Chana,Male,80,3920107132,Mumbai,Maharashtra,Retail,1647,2022-03-03
3972,Mugdha Khare,Female,34,5464356047,Vadodara,Gujarat,Retail,9411,2023-07-20
3973,Krish Bassi,Male,44,1992615429,Indore,Madhya Pradesh,Hospital,9809,2021-10-22
3974,Kai Mahajan,Male,80,6619007591,Surat,Gujarat,Clinic,6381,2025-08-13
3975,Veer Kant,Male,27,6867415044,Jaipur,Rajasthan,Clinic,2675,2021-11-02
3976,Neelima Sarin,Female,60,9427123633,Delhi,Delhi,Hospital,9556,2026-02-20
3977,Lakshmi Radhakrishnan,Female,25,6550665044,Jaipur,Rajasthan,Retail,1382,2024-03-13
3978,Kritika Nadig,Female,81,0965236112,Vadodara,Gujarat,Retail,726,2025-05-21
3979,Omaja Dua,Female,41,4478410501,Mumbai,Maharashtra,Hospital,6374,2026-07-04
3980,Madhavi Sarin,Female,45,7612835276,Indore,Madhya Pradesh,Retail,9659,2026-07-06
3981,Janani Hora,Female,51,1403175833,Bengaluru,Karnataka,Clinic,3350,2022-02-23
3982,Priya Sachdeva,Female,57,5561328127,Delhi,Delhi,Retail,8035,2023-07-15
3983,Deepa Singhal,Female,57,7851876526,Rajkot,Gujarat,Clinic,7722,2026-04-22
3984,Chakradev Prakash,Male,41,7793537181,Pune,Maharashtra,Clinic,7767,2022-03-19
3985,Lila Wable,Female,42,9028407692,Delhi,Delhi,Hospital,7184,2024-03-21
3986,Aahana Mahal,Female,46,6277055932,Rajkot,Gujarat,Clinic,8714,2024-05-29
3987,Wahab Sekhon,Male,52,5757249551,Jaipur,Rajasthan,Hospital,1308,2023-09-21
3988,Siddharth Kothari,Male,59,0729733050,Surat,Gujarat,Retail,1393,2024-04-25
3989,Chakradhar Rattan,Male,81,5569577485,Mumbai,Maharashtra,Hospital,8072,2022-03-04
3990,Ryan Minhas,Male,83,7826854998,Pune,Maharashtra,Clinic,6948,2026-07-02
3991,Raksha Vyas,Female,60,7042547758,Ahmedabad,Gujarat,Hospital,1591,2022-04-29
3992,Ryan Koshy,Male,68,4271119985,Rajkot,Gujarat,Hospital,7160,2021-11-26
3993,Januja Raja,Female,69,0889693775,Rajkot,Gujarat,Retail,5699,2025-11-26
3994,Orinder Gandhi,Male,45,0095427309,Mumbai,Maharashtra,Retail,2322,2026-06-25
3995,Yuvraj Patel,Male,38,9190747277,Ahmedabad,Gujarat,Hospital,1008,2023-05-15
3996,Diya Chander,Female,83,9617756411,Pune,Maharashtra,Clinic,9569,2026-01-26
3997,Niharika Dasgupta,Female,46,7532179857,Mumbai,Maharashtra,Clinic,4576,2026-06-17
3998,Irya Sawhney,Female,68,9023844936,Rajkot,Gujarat,Retail,5474,2022-08-20
3999,Girindra Pall,Male,28,0634972925,Pune,Maharashtra,Retail,4633,2021-07-20
4000,Harshil Srinivasan,Male,22,4877053197,Delhi,Delhi,Hospital,5165,2023-07-16
4001,Warinder Bir,Male,75,5432288416,Indore,Madhya Pradesh,Retail,4509,2022-02-19
4002,Advika Oza,Female,22,1198289386,Mumbai,Maharashtra,Retail,1178,2021-08-24
4003,Yagnesh Zachariah,Male,48,2147126284,Rajkot,Gujarat,Clinic,734,2024-06-18
4004,Jeevika Nazareth,Female,32,0025619319,Surat,Gujarat,Hospital,2931,2022-12-31
4005,Abhiram Grover,Male,60,3888265470,Delhi,Delhi,Retail,3140,2025-03-11
4006,Guneet Mand,Male,35,4459147928,Vadodara,Gujarat,Clinic,100,2025-09-17
4007,Jason Ganesan,Male,73,6034239968,Jaipur,Rajasthan,Hospital,7930,2022-12-21
4008,Bina Seshadri,Female,18,1587075943,Mumbai,Maharashtra,Hospital,9334,2022-08-10
4009,Zayan Borra,Male,71,3136864692,Rajkot,Gujarat,Hospital,9595,2023-06-15
4010,Chandani Lanka,Female,72,8940633518,Rajkot,Gujarat,Hospital,3625,2026-06-27
4011,Siya Sehgal,Female,71,5053658372,Mumbai,Maharashtra,Hospital,8297,2024-09-25
4012,Abhiram Bahri,Male,26,8079241136,Surat,Gujarat,Retail,9665,2025-03-03
4013,Dalaja Bir,Female,53,9586640374,Pune,Maharashtra,Retail,9914,2025-05-13
4014,Dayita Shah,Female,70,8620269890,Rajkot,Gujarat,Clinic,6732,2021-11-19
4015,Sanya Deol,Female,41,4836318771,Rajkot,Gujarat,Clinic,4117,2025-06-14
4016,George Khurana,Male,38,3137757008,Jaipur,Rajasthan,Hospital,3415,2021-10-13
4017,Urmi Bawa,Female,42,6534471079,Rajkot,Gujarat,Hospital,8926,2022-10-26
4018,Kamala Mandal,Female,43,6754247920,Vadodara,Gujarat,Hospital,462,2026-03-05
4019,Max Boase,Male,73,8224648284,Rajkot,Gujarat,Hospital,4454,2024-05-29
4020,Faraj Narula,Male,53,9637022722,Pune,Maharashtra,Hospital,564,2024-02-04
4021,Darpan Kumer,Male,37,1607128673,Delhi,Delhi,Retail,2029,2024-08-14
4022,Arya Khosla,Female,62,1787055875,Surat,Gujarat,Hospital,5329,2022-09-12
4023,Kashvi Shukla,Female,66,5797554080,Rajkot,Gujarat,Hospital,736,2022-08-29
4024,Faras Narain,Male,52,1683534932,Rajkot,Gujarat,Clinic,7358,2024-04-29
4025,Advaith Wadhwa,Male,31,9311463389,Jaipur,Rajasthan,Hospital,3437,2023-08-05
4026,Vasatika Golla,Female,50,1297741830,Bengaluru,Karnataka,Hospital,8075,2025-11-13
4027,Nirja Sarma,Female,48,6567520218,Vadodara,Gujarat,Clinic,11,2025-10-27
4028,Barkha Kurian,Female,61,5217018493,Bengaluru,Karnataka,Hospital,4406,2025-03-20
4029,Pranav Ramaswamy,Male,77,1880194825,Pune,Maharashtra,Hospital,2571,2026-03-05
4030,Tripti Bumb,Female,64,3676798173,Mumbai,Maharashtra,Clinic,8414,2023-03-18
4031,Oviya Puri,Female,71,4259171975,Pune,Maharashtra,Hospital,9540,2022-02-04
4032,Faraj Khurana,Male,27,7621674939,Vadodara,Gujarat,Retail,8970,2022-12-29
4033,Fitan Deshpande,Male,46,1298538745,Bengaluru,Karnataka,Hospital,4635,2024-11-23
4034,Yashasvi Sampath,Female,85,6063018710,Bengaluru,Karnataka,Clinic,6858,2025-07-07
4035,Gaurika Batra,Female,65,9341361162,Delhi,Delhi,Retail,9534,2023-01-04
4036,Nikita Salvi,Female,84,8621829231,Ahmedabad,Gujarat,Clinic,5451,2025-05-05
4037,Keya Nagar,Female,43,9520618794,Delhi,Delhi,Clinic,8465,2025-11-23
4038,Kala Garg,Female,32,0536197038,Indore,Madhya Pradesh,Retail,5874,2022-06-13
4039,Neha Barman,Female,67,4311680761,Vadodara,Gujarat,Retail,5749,2022-10-10
4040,Baljiwan Prabhu,Male,39,0299188194,Jaipur,Rajasthan,Hospital,4214,2023-09-21
4041,Abhiram Mahal,Male,21,3942905250,Bengaluru,Karnataka,Clinic,4975,2026-03-25
4042,Tanveer Bahl,Male,22,3618683756,Delhi,Delhi,Clinic,2588,2023-06-25
4043,Ojas Date,Male,58,2838130587,Rajkot,Gujarat,Clinic,8282,2021-08-05
4044,Matthew Pandey,Male,78,8430689004,Rajkot,Gujarat,Hospital,6016,2026-02-20
4045,Chanakya Chaudhari,Male,25,2757542331,Delhi,Delhi,Hospital,7222,2024-05-24
4046,Anirudh Sem,Male,28,1002025749,Vadodara,Gujarat,Clinic,9215,2024-08-08
4047,Sneha Ranganathan,Female,74,0180583549,Vadodara,Gujarat,Hospital,6434,2024-10-22
4048,Darsh Karnik,Male,38,3033037495,Mumbai,Maharashtra,Clinic,8881,2023-03-08
4049,Gauri Mannan,Female,66,9872031029,Jaipur,Rajasthan,Retail,9954,2024-06-20
4050,Ikbal Batta,Male,68,7474567172,Mumbai,Maharashtra,Hospital,2401,2025-09-07
4051,Kabir Dixit,Male,47,1841587557,Delhi,Delhi,Hospital,4528,2022-10-03
4052,Saksham Sankaran,Male,66,6622437353,Rajkot,Gujarat,Retail,8178,2024-12-03
4053,Rishi Garg,Male,40,0747834270,Ahmedabad,Gujarat,Hospital,7648,2021-09-10
4054,Mohini Dass,Female,47,9402058754,Vadodara,Gujarat,Clinic,2427,2021-09-16
4055,Siya Bhakta,Female,66,1641526687,Vadodara,Gujarat,Clinic,1151,2022-05-13
4056,Inaya Tandon,Female,62,9688329441,Bengaluru,Karnataka,Retail,1162,2026-05-10
4057,Mahika Dhawan,Female,55,2185325600,Pune,Maharashtra,Hospital,6228,2025-08-20
4058,Harini Balan,Female,20,4532941750,Pune,Maharashtra,Clinic,2264,2021-10-14
4059,Hritik Lad,Male,76,7868043622,Rajkot,Gujarat,Retail,2988,2025-11-10
4060,Zehaan Prakash,Male,79,7503321906,Pune,Maharashtra,Hospital,5642,2021-10-15
4061,Wahab Sha,Male,85,3924713123,Vadodara,Gujarat,Retail,6371,2025-04-26
4062,Abdul Sathe,Male,50,6401811429,Pune,Maharashtra,Retail,3278,2025-08-28
4063,Madhavi Boase,Female,39,3118305927,Surat,Gujarat,Clinic,7001,2022-07-12
4064,Sara Lata,Female,65,4890701357,Rajkot,Gujarat,Hospital,9638,2024-04-07
4065,Krisha Soman,Female,23,0044228119,Rajkot,Gujarat,Clinic,4374,2026-03-14
4066,Janaki Rajagopal,Female,50,0749544697,Vadodara,Gujarat,Hospital,7465,2022-04-19
4067,Gavin Deo,Male,37,7524722338,Vadodara,Gujarat,Hospital,5546,2025-08-28
4068,Ayaan Verma,Male,63,2233954857,Surat,Gujarat,Clinic,3261,2026-06-22
4069,Vihaan Bhat,Male,18,8357965553,Rajkot,Gujarat,Hospital,1565,2026-06-06
4070,Suhani Mannan,Female,41,5924223080,Delhi,Delhi,Hospital,4724,2024-09-03
4071,Liam Muni,Male,42,5814198706,Bengaluru,Karnataka,Retail,8214,2025-03-15
4072,Falak Karpe,Female,38,8090814512,Indore,Madhya Pradesh,Hospital,1242,2022-08-16
4073,Oviya Dugar,Female,22,5622245909,Vadodara,Gujarat,Hospital,2321,2025-04-04
4074,Vasatika Chauhan,Female,71,4685626166,Indore,Madhya Pradesh,Retail,9747,2025-07-22
4075,Qasim Chadha,Male,37,7982938807,Indore,Madhya Pradesh,Retail,1201,2024-06-03
4076,Joshua Bajwa,Male,84,0523478680,Vadodara,Gujarat,Clinic,6243,2026-03-17
4077,Yash Banerjee,Male,69,2710619888,Vadodara,Gujarat,Retail,4751,2021-11-21
4078,Ayushman Sahni,Male,74,6398670974,Rajkot,Gujarat,Hospital,1020,2025-05-01
4079,Kabir Mall,Male,29,3037688738,Surat,Gujarat,Clinic,6922,2022-05-03
4080,Vanya Raman,Female,65,4032635152,Surat,Gujarat,Clinic,2037,2023-09-22
4081,Pranit Thakkar,Male,74,5737444004,Ahmedabad,Gujarat,Hospital,7354,2023-07-30
4082,Nisha Vyas,Female,82,4996280976,Bengaluru,Karnataka,Hospital,6358,2022-09-06
4083,Urvi Sandal,Female,21,3848680425,Rajkot,Gujarat,Hospital,9415,2023-04-11
4084,Ekta Dhawan,Female,26,5345506905,Mumbai,Maharashtra,Retail,3197,2026-01-31
4085,Jasmit Rajan,Female,35,1532878098,Ahmedabad,Gujarat,Hospital,6961,2024-04-24
4086,Ucchal Sampath,Female,40,4006335321,Surat,Gujarat,Hospital,5647,2022-08-21
4087,Sanya Iyengar,Female,20,4912066621,Pune,Maharashtra,Retail,7085,2024-03-26
4088,Meera Menon,Female,51,3236130930,Jaipur,Rajasthan,Hospital,8876,2023-09-27
4089,Kashish Parmar,Female,59,5476296936,Delhi,Delhi,Retail,5460,2023-09-18
4090,Bishakha Sampath,Female,33,5189482556,Delhi,Delhi,Hospital,8934,2025-09-23
4091,Jairaj Chakraborty,Male,33,5236959145,Pune,Maharashtra,Clinic,644,2024-08-20
4092,Yuvraj Dubey,Male,68,6655639282,Indore,Madhya Pradesh,Hospital,7586,2024-07-27
4093,Dipta Chauhan,Female,30,9261726560,Ahmedabad,Gujarat,Hospital,288,2024-01-26
4094,Daksh Shenoy,Male,81,1589385360,Pune,Maharashtra,Clinic,9227,2023-09-16
4095,Wahab Krish,Male,42,0804705762,Pune,Maharashtra,Hospital,2760,2025-08-06
4096,Kiaan Amble,Male,20,2601294275,Delhi,Delhi,Hospital,5909,2022-06-07
4097,Ishanvi Varkey,Female,53,3098765364,Jaipur,Rajasthan,Hospital,2406,2024-05-28
4098,Lekha Gour,Female,75,9743102515,Surat,Gujarat,Hospital,8242,2024-12-11
4099,William Dhingra,Male,25,4747211345,Surat,Gujarat,Clinic,6101,2025-06-01
4100,Unni Dara,Female,66,6275009030,Ahmedabad,Gujarat,Hospital,8009,2023-06-27
4101,Jyoti Chakrabarti,Female,83,8787864367,Jaipur,Rajasthan,Clinic,3736,2024-06-05
4102,Gopal D’Alia,Male,22,6532881780,Ahmedabad,Gujarat,Clinic,6475,2024-01-29
4103,Sanya Wadhwa,Female,41,4349322947,Mumbai,Maharashtra,Clinic,6022,2023-11-18
4104,Unnati Kashyap,Female,55,8496403657,Ahmedabad,Gujarat,Hospital,9364,2022-03-16
4105,Vidhi Krishna,Female,34,0592596264,Vadodara,Gujarat,Clinic,6130,2024-04-25
4106,Harrison Nair,Male,76,7893798273,Vadodara,Gujarat,Hospital,9710,2025-05-19
4107,Garima Sinha,Female,50,4465480286,Surat,Gujarat,Retail,1040,2022-05-31
4108,Yuvraj Parmar,Male,32,2767993046,Mumbai,Maharashtra,Clinic,8556,2021-07-19
4109,Vihaan Mohanty,Male,77,2754812568,Bengaluru,Karnataka,Retail,5174,2024-12-11
4110,Arin Balasubramanian,Male,34,0709500533,Surat,Gujarat,Clinic,2296,2023-05-24
4111,Fariq Om,Male,18,3192948822,Pune,Maharashtra,Hospital,5933,2025-08-08
4112,Pooja Sinha,Female,31,5264370023,Ahmedabad,Gujarat,Hospital,7223,2023-12-18
4113,Vedant Bahri,Male,29,1713065215,Delhi,Delhi,Hospital,5264,2023-12-27
4114,Aachal Sethi,Female,40,2954070361,Pune,Maharashtra,Retail,3114,2022-10-13
4115,Netra Kapadia,Female,52,3839969519,Delhi,Delhi,Hospital,2728,2023-07-15
4116,Parth Agrawal,Male,69,4210113953,Rajkot,Gujarat,Clinic,8853,2024-10-11
4117,Yagnesh Baria,Male,31,1464750214,Vadodara,Gujarat,Hospital,8592,2023-06-12
4118,Oliver Joshi,Male,80,8677931737,Vadodara,Gujarat,Clinic,9404,2021-07-25
4119,Utkarsh Goswami,Male,60,3285947927,Mumbai,Maharashtra,Hospital,5627,2021-08-05
4120,Isha Prabhu,Female,39,9731284534,Ahmedabad,Gujarat,Hospital,3403,2025-04-27
4121,Deepa Balay,Female,64,0077389736,Bengaluru,Karnataka,Clinic,9628,2025-08-25
4122,Benjamin Sane,Male,41,1846222827,Bengaluru,Karnataka,Retail,3562,2022-10-19
4123,Gagan Golla,Male,76,7932490607,Vadodara,Gujarat,Hospital,9635,2021-08-22
4124,Utkarsh Kashyap,Male,63,2612882893,Pune,Maharashtra,Hospital,1537,2024-10-14
4125,Benjamin Gala,Male,21,0999452416,Jaipur,Rajasthan,Clinic,9008,2022-05-27
4126,Tanvi Pau,Female,32,9774981879,Rajkot,Gujarat,Retail,6089,2024-05-04
4127,Viraj Rattan,Male,60,9994400921,Mumbai,Maharashtra,Retail,7232,2022-08-05
4128,Ekani Borde,Female,37,6089778846,Pune,Maharashtra,Retail,2301,2024-12-12
4129,Chaaya Sarraf,Female,26,0432525145,Indore,Madhya Pradesh,Clinic,1448,2024-09-10
4130,Nirja Tandon,Female,84,3661780469,Indore,Madhya Pradesh,Clinic,4842,2024-04-07
4131,Isaac Goswami,Male,22,6402826962,Ahmedabad,Gujarat,Clinic,3949,2025-07-14
4132,Ekiya Edwin,Female,68,4231370375,Pune,Maharashtra,Retail,9029,2024-10-04
4133,Dipta Solanki,Female,70,3654268691,Ahmedabad,Gujarat,Hospital,4510,2025-02-05
4134,Ranveer Tak,Male,68,6080063087,Delhi,Delhi,Clinic,8987,2024-08-17
4135,Qasim D’Alia,Male,41,2644504170,Delhi,Delhi,Retail,4617,2024-02-08
4136,Siya Shah,Female,44,7763655739,Vadodara,Gujarat,Hospital,5098,2026-03-28
4137,Noah Shenoy,Male,61,0723012142,Mumbai,Maharashtra,Hospital,9495,2024-09-23
4138,Osha Mander,Female,55,8630664935,Mumbai,Maharashtra,Clinic,7386,2024-11-16
4139,Hritik Bava,Male,45,7491421985,Pune,Maharashtra,Clinic,4087,2023-11-20
4140,Wishi Krishna,Female,73,0510979181,Delhi,Delhi,Clinic,1657,2022-12-05
4141,Andrew Mander,Male,44,3425315902,Jaipur,Rajasthan,Clinic,4455,2026-04-04
4142,Qabil Kalla,Male,67,7156745114,Mumbai,Maharashtra,Retail,1418,2022-12-07
4143,Pushti Tara,Female,78,9064302247,Ahmedabad,Gujarat,Hospital,6214,2024-07-18
4144,Eesha Mistry,Female,84,3441277326,Surat,Gujarat,Retail,8894,2025-09-17
4145,Mitesh Kota,Male,57,2248125027,Ahmedabad,Gujarat,Clinic,2887,2022-01-15
4146,Anirudh Saini,Male,70,3552549313,Ahmedabad,Gujarat,Clinic,8396,2023-08-19
4147,Vedhika Chad,Female,44,8875392462,Mumbai,Maharashtra,Hospital,111,2022-04-20
4148,Idika Suresh,Female,68,0787605389,Jaipur,Rajasthan,Hospital,5770,2023-12-02
4149,Liam Biswas,Male,39,2882898387,Jaipur,Rajasthan,Retail,6762,2023-06-07
4150,Shaurya Datta,Male,77,6926855896,Mumbai,Maharashtra,Retail,5308,2022-02-18
4151,Wyatt Dash,Male,39,2402938775,Indore,Madhya Pradesh,Retail,5134,2025-09-10
4152,Nathan Bala,Male,23,9109980691,Rajkot,Gujarat,Retail,3530,2025-12-27
4153,Avi Bhasin,Male,43,5301092729,Surat,Gujarat,Retail,1171,2024-02-27
4154,Sneha Kalla,Female,76,7709602175,Rajkot,Gujarat,Hospital,884,2025-10-22
4155,Tripti Cheema,Female,71,1183916411,Jaipur,Rajasthan,Hospital,9576,2021-09-07
4156,Omkaar Nadig,Male,27,4271460585,Vadodara,Gujarat,Retail,2191,2026-06-19
4157,Oviya Saraf,Female,77,1027197982,Surat,Gujarat,Hospital,2346,2026-03-22
4158,Ishani Sama,Female,30,9690745216,Vadodara,Gujarat,Retail,806,2023-10-15
4159,Leena Rajan,Female,79,4062591090,Pune,Maharashtra,Hospital,3844,2022-09-02
4160,Bimala Raju,Female,21,6578565499,Jaipur,Rajasthan,Hospital,7872,2026-06-30
4161,Ganga Samra,Female,81,0283403139,Bengaluru,Karnataka,Hospital,1110,2025-05-30
4162,Karan Borah,Male,65,7521834800,Pune,Maharashtra,Clinic,6170,2025-04-09
4163,Hema Sheth,Female,54,9899981627,Surat,Gujarat,Clinic,327,2025-11-26
4164,Zashil Golla,Male,30,1408464877,Mumbai,Maharashtra,Clinic,8900,2025-02-14
4165,Xiti Dora,Female,22,3205862313,Mumbai,Maharashtra,Hospital,861,2023-09-19
4166,Kai Dugar,Male,54,2255869305,Ahmedabad,Gujarat,Clinic,6777,2025-09-12
4167,Siya Venkatesh,Female,53,6552864835,Rajkot,Gujarat,Retail,9918,2022-04-24
4168,Ekanta Tata,Female,47,0427795514,Pune,Maharashtra,Retail,7280,2023-08-18
4169,Faqid Cherian,Male,29,2453554690,Jaipur,Rajasthan,Retail,6232,2026-02-04
4170,Viraj Chakrabarti,Male,24,1950145770,Rajkot,Gujarat,Clinic,4759,2024-09-06
4171,William Baria,Male,23,8406443877,Bengaluru,Karnataka,Retail,8628,2026-02-23
4172,Anvi Sankaran,Female,22,6263574196,Pune,Maharashtra,Hospital,2480,2024-03-29
4173,Mohammed Swamy,Male,70,9643870974,Jaipur,Rajasthan,Hospital,5671,2025-11-29
4174,Ranveer Parmar,Male,66,6809252703,Vadodara,Gujarat,Hospital,4036,2024-06-26
4175,Adweta Nath,Female,84,7850799240,Mumbai,Maharashtra,Clinic,6910,2025-04-15
4176,Amaira Zachariah,Female,84,0842943446,Indore,Madhya Pradesh,Hospital,4356,2023-03-18
4177,Onkar Shukla,Male,40,8901301381,Surat,Gujarat,Hospital,6813,2026-01-02
4178,Wahab Shere,Male,21,5763908648,Jaipur,Rajasthan,Retail,8757,2021-08-23
4179,Vaishnavi Hora,Female,64,1291423354,Rajkot,Gujarat,Clinic,7946,2021-12-20
4180,Banjeet Sibal,Male,18,8992698438,Rajkot,Gujarat,Retail,8060,2025-12-15
4181,Ikshita Shankar,Female,43,1977095951,Delhi,Delhi,Hospital,4686,2021-07-22
4182,Yashodhara Dhaliwal,Female,35,1723906129,Jaipur,Rajasthan,Clinic,1216,2023-01-04
4183,Nakul Padmanabhan,Male,28,2287168516,Vadodara,Gujarat,Hospital,3572,2021-10-14
4184,Chatura Bakshi,Male,76,7517212065,Mumbai,Maharashtra,Hospital,4385,2022-11-25
4185,Praneel Mahal,Male,65,1801616558,Delhi,Delhi,Clinic,6331,2025-12-08
4186,Alexander Din,Male,49,9026087111,Indore,Madhya Pradesh,Clinic,4881,2022-10-30
4187,Yagnesh Din,Male,29,9456667715,Vadodara,Gujarat,Retail,2657,2025-07-17
4188,Daksha Pant,Female,63,0243689838,Delhi,Delhi,Clinic,2717,2024-08-09
4189,Kashvi Dugal,Female,84,0513778085,Mumbai,Maharashtra,Clinic,8424,2026-01-31
4190,Jairaj Sundaram,Male,18,9801609240,Vadodara,Gujarat,Clinic,2504,2022-04-01
4191,Tristan Mannan,Male,22,1914899632,Mumbai,Maharashtra,Retail,5285,2024-07-30
4192,Vrishti Kothari,Female,79,1929975353,Indore,Madhya Pradesh,Clinic,1715,2024-03-30
4193,Jeevika Dugar,Female,64,2378572082,Surat,Gujarat,Hospital,2282,2025-08-13
4194,Garima Prasad,Female,60,3815123671,Bengaluru,Karnataka,Hospital,983,2024-02-26
4195,Gautami Dugar,Female,37,7644199782,Ahmedabad,Gujarat,Clinic,4638,2023-08-29
4196,Nathan Rana,Male,81,9657212067,Ahmedabad,Gujarat,Retail,7754,2023-05-18
4197,Bakhshi Ray,Male,52,5968436042,Delhi,Delhi,Clinic,489,2025-08-07
4198,Darpan Balan,Male,50,4943366293,Rajkot,Gujarat,Clinic,7347,2021-12-16
4199,Peter Dhingra,Male,57,4685726098,Pune,Maharashtra,Clinic,6171,2025-11-22
4200,Anjali Sarna,Female,83,0706653734,Delhi,Delhi,Retail,5826,2022-06-27
4201,Arya Sekhon,Female,57,8756191333,Pune,Maharashtra,Clinic,3083,2024-10-29
4202,Azad More,Male,19,4457864849,Pune,Maharashtra,Clinic,8078,2023-03-17
4203,Upasna Sani,Female,43,3617893883,Delhi,Delhi,Clinic,4122,2026-01-25
4204,Charita Buch,Female,62,2149904948,Pune,Maharashtra,Hospital,7178,2025-07-17
4205,Advika Kamdar,Female,56,0683401365,Pune,Maharashtra,Retail,4522,2024-10-01
4206,Nachiket Sheth,Male,76,7412730970,Vadodara,Gujarat,Hospital,3629,2026-04-09
4207,Rohan Vyas,Male,69,9426617157,Indore,Madhya Pradesh,Clinic,5092,2025-02-05
4208,Gabriel Gopal,Male,55,6532641459,Ahmedabad,Gujarat,Retail,16,2024-02-16
4209,Ronith Mahal,Male,18,7219115754,Delhi,Delhi,Clinic,1683,2021-10-28
4210,Warhi Thaker,Female,49,2310488084,Bengaluru,Karnataka,Clinic,2756,2022-04-13
4211,Shivani Krishnamurthy,Female,69,8540713433,Mumbai,Maharashtra,Retail,3722,2025-02-25
4212,Noah Nagi,Male,60,9788110013,Surat,Gujarat,Hospital,9326,2022-06-13
4213,Chaman Oommen,Female,50,6257742889,Delhi,Delhi,Clinic,6980,2024-04-22
4214,Arin Tank,Male,51,1826032234,Pune,Maharashtra,Retail,6684,2024-07-30
4215,Chameli Goel,Female,52,9751201011,Ahmedabad,Gujarat,Retail,7918,2025-07-17
4216,Azaan Raj,Male,70,4042453019,Indore,Madhya Pradesh,Hospital,890,2022-11-22
4217,Anay Hegde,Male,69,8203125284,Bengaluru,Karnataka,Clinic,1445,2023-06-20
4218,Aarav Sidhu,Male,45,9190510982,Vadodara,Gujarat,Retail,5063,2023-02-02
4219,Charvi Merchant,Female,27,1297286448,Delhi,Delhi,Hospital,6993,2021-12-28
4220,Liam Barman,Male,67,1600229941,Jaipur,Rajasthan,Clinic,6163,2024-08-29
4221,Abha Banerjee,Female,76,1447224062,Rajkot,Gujarat,Retail,4723,2023-01-03
4222,Waida Krish,Female,35,1973261382,Vadodara,Gujarat,Retail,6519,2022-11-08
4223,Harish Ganesan,Male,72,8484065622,Jaipur,Rajasthan,Clinic,173,2024-11-04
4224,Oni Bhardwaj,Female,20,7280489673,Ahmedabad,Gujarat,Hospital,9255,2024-05-12
4225,Krish Pandey,Male,77,5838984815,Pune,Maharashtra,Retail,9854,2024-06-25
4226,Vamakshi Saraf,Female,23,0743333587,Vadodara,Gujarat,Clinic,1900,2025-11-14
4227,Jeevika Sastry,Female,25,1131731822,Jaipur,Rajasthan,Clinic,2027,2026-06-05
4228,Gabriel Bandi,Male,19,2052044213,Pune,Maharashtra,Hospital,311,2022-07-26
4229,Faras Rana,Male,73,6510874515,Jaipur,Rajasthan,Clinic,4265,2026-06-15
4230,Udarsh Ramakrishnan,Male,65,9648144802,Jaipur,Rajasthan,Retail,1257,2023-03-30
4231,Gaurangi Sarraf,Female,19,0920483539,Vadodara,Gujarat,Retail,2635,2022-08-03
4232,Daniel Oak,Male,31,2099951097,Delhi,Delhi,Retail,5824,2023-05-29
4233,Arin Nanda,Male,72,1112962611,Delhi,Delhi,Hospital,5825,2021-11-01
4234,Yachana Parsa,Female,84,7340724572,Mumbai,Maharashtra,Clinic,3324,2021-09-17
4235,Rudra Chowdhury,Male,32,5159580363,Rajkot,Gujarat,Retail,1171,2026-02-06
4236,Quincy Deo,Male,73,0971895876,Ahmedabad,Gujarat,Clinic,4957,2021-12-02
4237,Zilmil Rai,Female,25,1845659520,Ahmedabad,Gujarat,Hospital,9729,2025-07-09
4238,Krish Patil,Male,78,8311875686,Ahmedabad,Gujarat,Retail,3474,2023-11-11
4239,Girik Dass,Male,30,0208835855,Surat,Gujarat,Retail,3637,2025-07-09
4240,Vedhika Ratti,Female,30,1400288105,Indore,Madhya Pradesh,Hospital,4850,2025-07-23
4241,Damini Divan,Female,25,4690351627,Mumbai,Maharashtra,Retail,8357,2023-03-23
4242,Jairaj Upadhyay,Male,42,2982506522,Vadodara,Gujarat,Clinic,2044,2022-02-02
4243,Amaira Kant,Female,74,5142959915,Mumbai,Maharashtra,Retail,467,2024-11-09
4244,Akshay Dua,Male,25,8630676351,Indore,Madhya Pradesh,Hospital,9475,2026-01-14
4245,Damyanti Raja,Female,41,5736266645,Bengaluru,Karnataka,Retail,3504,2024-02-28
4246,Ekalinga Ghose,Male,40,4078211410,Mumbai,Maharashtra,Hospital,9488,2022-04-18
4247,George Halder,Male,81,9988205774,Rajkot,Gujarat,Clinic,891,2026-01-04
4248,Ati Dayal,Female,66,3321395901,Pune,Maharashtra,Retail,2497,2024-10-05
4249,Raksha Ganesh,Female,42,5214471622,Jaipur,Rajasthan,Hospital,2315,2024-11-04
4250,Pratyush Kumer,Male,75,2977247452,Mumbai,Maharashtra,Clinic,7353,2024-02-03
4251,Varsha Gala,Female,30,8295614506,Ahmedabad,Gujarat,Retail,3483,2022-12-26
4252,Krish Krishna,Male,43,0150669114,Ahmedabad,Gujarat,Hospital,984,2023-01-07
4253,Avi Kohli,Male,78,5291153300,Bengaluru,Karnataka,Clinic,8784,2023-10-18
4254,Zehaan Nath,Male,74,0495867403,Pune,Maharashtra,Clinic,6788,2023-06-03
4255,Omkaar Madan,Male,78,2525904100,Pune,Maharashtra,Hospital,3801,2023-11-11
4256,Oeshi Karan,Female,64,7418874730,Ahmedabad,Gujarat,Retail,2682,2023-11-01
4257,Nandini Vasa,Female,23,9120324302,Jaipur,Rajasthan,Clinic,9004,2024-05-28
4258,Vivaan Madan,Male,33,0297088662,Ahmedabad,Gujarat,Clinic,3342,2024-12-25
4259,Zarna Sridhar,Female,67,4360003236,Jaipur,Rajasthan,Retail,9105,2023-10-15
4260,Eiravati Dhillon,Female,33,3999012319,Indore,Madhya Pradesh,Retail,4,2023-12-05
4261,Nimrat Chaudhary,Female,24,1838578774,Ahmedabad,Gujarat,Clinic,3807,2022-04-22
4262,Orinder Lala,Male,51,7270089242,Ahmedabad,Gujarat,Hospital,653,2026-03-16
4263,Jeet Bhagat,Male,85,2581296969,Ahmedabad,Gujarat,Retail,9818,2022-05-17
4264,Yahvi Prasad,Female,40,8341006897,Bengaluru,Karnataka,Clinic,4518,2022-10-27
4265,Priya Tella,Female,41,6130863024,Vadodara,Gujarat,Retail,4510,2026-06-11
4266,Hamsini Sodhi,Female,28,7670409012,Delhi,Delhi,Retail,6873,2021-08-24
4267,Ishaan Balakrishnan,Male,68,8025461661,Indore,Madhya Pradesh,Clinic,6795,2022-01-26
4268,Azad Verma,Male,41,3840468543,Ahmedabad,Gujarat,Retail,667,2026-06-24
4269,Bhavika Keer,Female,38,5129056997,Mumbai,Maharashtra,Clinic,7050,2024-09-27
4270,Max Doctor,Male,22,5259069847,Mumbai,Maharashtra,Hospital,4334,2023-02-19
4271,Jyoti Sathe,Female,39,8999794508,Rajkot,Gujarat,Clinic,3526,2024-10-29
4272,Yoshita Ramanathan,Female,41,7796117830,Mumbai,Maharashtra,Hospital,7542,2022-08-30
4273,Amara Dube,Female,33,7443445612,Indore,Madhya Pradesh,Clinic,8999,2025-06-11
4274,Fiyaz Kuruvilla,Male,55,0630212847,Delhi,Delhi,Hospital,1289,2026-04-15
4275,Chakradhar Parmar,Male,62,8879017146,Jaipur,Rajasthan,Clinic,2324,2021-07-16
4276,Bachittar Tailor,Male,33,8157462690,Mumbai,Maharashtra,Hospital,5295,2026-02-17
4277,Charles Natarajan,Male,29,0304116785,Ahmedabad,Gujarat,Clinic,6808,2022-01-01
4278,Dalbir Zacharia,Male,60,7340170871,Vadodara,Gujarat,Clinic,8314,2022-06-16
4279,Kalpit Swamy,Male,36,4808406920,Pune,Maharashtra,Hospital,6225,2023-03-19
4280,Aradhana Bhattacharyya,Female,82,9204952907,Jaipur,Rajasthan,Retail,7402,2024-07-07
4281,Reyansh Merchant,Male,41,4807888918,Indore,Madhya Pradesh,Hospital,7326,2021-12-16
4282,Darsh Sarna,Male,63,9849605115,Delhi,Delhi,Hospital,1313,2023-01-18
4283,Ishwar Jhaveri,Male,24,8685670810,Ahmedabad,Gujarat,Clinic,2945,2022-05-03
4284,Jagvi Venkataraman,Female,44,2878267720,Bengaluru,Karnataka,Clinic,2151,2023-02-14
4285,Matthew Garg,Male,29,4074572332,Indore,Madhya Pradesh,Hospital,9395,2022-05-30
4286,Vedhika Kota,Female,19,1342618945,Pune,Maharashtra,Hospital,4874,2025-04-23
4287,Ati Ghose,Female,23,0150854420,Mumbai,Maharashtra,Clinic,8432,2022-12-26
4288,Wahab Mallick,Male,74,3692017253,Pune,Maharashtra,Clinic,2651,2026-01-19
4289,Lekha Lanka,Female,24,8077242258,Ahmedabad,Gujarat,Clinic,4271,2026-07-14
4290,Ronith Goel,Male,62,9433309933,Ahmedabad,Gujarat,Retail,3323,2024-08-10
4291,Veda Anand,Female,45,4923425747,Jaipur,Rajasthan,Retail,7233,2025-03-08
4292,Ria Narayan,Female,64,8692938490,Jaipur,Rajasthan,Retail,3377,2022-11-06
4293,Zaitra Pingle,Female,26,0196905533,Pune,Maharashtra,Retail,1864,2025-11-22
4294,Daniel Nayar,Male,45,1806790794,Rajkot,Gujarat,Hospital,2553,2021-11-01
4295,Jagvi Sehgal,Female,82,9012194082,Rajkot,Gujarat,Hospital,4283,2025-04-20
4296,Jackson Karpe,Male,26,4988016221,Rajkot,Gujarat,Hospital,2431,2023-06-04
4297,Abhimanyu Sama,Male,49,1385253044,Bengaluru,Karnataka,Retail,4413,2024-01-10
4298,Daksha Chhabra,Female,47,4727116753,Surat,Gujarat,Hospital,9505,2025-03-28
4299,Kevin Thakur,Male,63,6578196499,Vadodara,Gujarat,Hospital,8179,2023-09-12
4300,Banjeet Mody,Male,81,4011684820,Mumbai,Maharashtra,Hospital,2942,2022-03-27
4301,Barkha Doshi,Female,28,4860590243,Jaipur,Rajasthan,Retail,3375,2021-08-02
4302,Anay Comar,Male,76,2261565087,Pune,Maharashtra,Clinic,3490,2025-09-21
4303,Chavvi Dhar,Female,34,3175802384,Ahmedabad,Gujarat,Hospital,5912,2023-10-12
4304,Chanchal Gala,Female,83,4732311461,Surat,Gujarat,Hospital,4202,2025-02-11
4305,Kamya Sastry,Female,41,5347508500,Indore,Madhya Pradesh,Retail,590,2023-02-07
4306,Neel Arora,Male,47,4712109145,Pune,Maharashtra,Retail,1035,2023-01-06
4307,Aarnav Natt,Male,19,7227460963,Ahmedabad,Gujarat,Hospital,3760,2022-07-08
4308,Caleb Mani,Male,46,3101976641,Indore,Madhya Pradesh,Retail,1960,2024-12-14
4309,Indira Ghosh,Female,63,9300248813,Pune,Maharashtra,Hospital,7668,2025-01-19
4310,Upma Lala,Female,47,1654577845,Bengaluru,Karnataka,Hospital,5270,2024-01-09
4311,Karan Sood,Male,65,8379087808,Ahmedabad,Gujarat,Hospital,7349,2023-04-21
4312,Patrick Dhar,Male,67,2268660567,Pune,Maharashtra,Hospital,4906,2022-01-29
4313,Anthony More,Male,21,9213748891,Bengaluru,Karnataka,Hospital,9468,2022-03-03
4314,Teerth Venkatesh,Male,28,2372618078,Rajkot,Gujarat,Clinic,5241,2026-03-20
4315,Leena Joshi,Female,57,1946571609,Surat,Gujarat,Clinic,8980,2024-10-01
4316,Libni Rajagopalan,Female,56,0861451346,Pune,Maharashtra,Hospital,5039,2021-12-06
4317,Yoshita Lala,Female,60,1177675494,Bengaluru,Karnataka,Clinic,6563,2024-09-27
4318,Gautami Sekhon,Female,24,1332062504,Rajkot,Gujarat,Clinic,251,2024-08-09
4319,Arin Bawa,Male,41,4590305606,Rajkot,Gujarat,Retail,2513,2024-02-07
4320,Darpan Bhardwaj,Male,19,3532004268,Jaipur,Rajasthan,Clinic,2382,2023-04-12
4321,Jalsa Bajaj,Female,33,3695985637,Mumbai,Maharashtra,Retail,7660,2024-06-08
4322,Neel Oak,Male,69,4883919876,Indore,Madhya Pradesh,Clinic,7821,2026-05-19
4323,Chaaya Ram,Female,23,5215582559,Bengaluru,Karnataka,Retail,4768,2021-12-01
4324,Amol Chaudhary,Male,73,9105718216,Surat,Gujarat,Retail,6496,2024-01-30
4325,Vasatika Chaudhary,Female,82,0729575621,Rajkot,Gujarat,Clinic,1144,2025-10-07
4326,Niharika Raju,Female,55,0423183000,Ahmedabad,Gujarat,Clinic,549,2024-04-30
4327,Aradhana Venkataraman,Female,39,1083407672,Ahmedabad,Gujarat,Clinic,9146,2022-08-17
4328,Anya Karan,Female,61,1491968823,Vadodara,Gujarat,Hospital,7930,2021-10-03
4329,Ojasvi Bora,Female,73,0927511087,Mumbai,Maharashtra,Hospital,6887,2025-02-27
4330,Hitesh Sangha,Male,75,8966337284,Pune,Maharashtra,Clinic,8565,2022-09-12
4331,Meghana Saran,Female,50,5064057185,Vadodara,Gujarat,Hospital,5624,2026-01-29
4332,Ekanta Swamy,Female,21,5437223310,Vadodara,Gujarat,Retail,6598,2023-04-22
4333,Kashvi Wali,Female,45,5983401452,Delhi,Delhi,Hospital,2644,2021-08-11
4334,Bachittar Gara,Male,22,5385094661,Pune,Maharashtra,Clinic,6543,2022-07-30
4335,Nicholas Murty,Male,58,8046432217,Ahmedabad,Gujarat,Hospital,4748,2021-09-10
4336,Warhi Balasubramanian,Female,49,4740335849,Pune,Maharashtra,Clinic,1920,2023-02-13
4337,Hardik Gade,Male,85,8739338373,Ahmedabad,Gujarat,Hospital,3211,2025-04-03
4338,Qasim Dar,Male,46,5798369224,Vadodara,Gujarat,Clinic,3579,2024-01-19
4339,Keya Dada,Female,18,5974705339,Vadodara,Gujarat,Retail,7730,2026-01-11
4340,Kala Kamdar,Female,37,0226480304,Vadodara,Gujarat,Hospital,4347,2026-03-15
4341,Wridesh Narayan,Male,54,5099554387,Bengaluru,Karnataka,Hospital,1289,2026-04-17
4342,Yadavi Nazareth,Female,39,2605147803,Surat,Gujarat,Clinic,5493,2022-03-15
4343,Nitara Bahl,Female,81,3376344046,Indore,Madhya Pradesh,Clinic,9636,2022-06-11
4344,Kamya Goel,Female,49,0262374660,Jaipur,Rajasthan,Clinic,7633,2025-07-08
4345,Ria Divan,Female,22,0188371532,Jaipur,Rajasthan,Retail,3119,2022-06-27
4346,Eiravati Pant,Female,77,7795176958,Rajkot,Gujarat,Hospital,5920,2026-04-01
4347,Chameli Nagarajan,Female,52,5054330964,Surat,Gujarat,Retail,2602,2024-10-26
4348,Amrita Nagy,Female,66,1997300728,Ahmedabad,Gujarat,Hospital,5617,2023-11-30
4349,Devansh Grewal,Male,72,5582618301,Bengaluru,Karnataka,Clinic,8676,2024-11-27
4350,Aditya Thakur,Male,27,3302855501,Bengaluru,Karnataka,Clinic,6834,2025-10-04
4351,George Ray,Male,57,3890285205,Delhi,Delhi,Clinic,644,2025-05-02
4352,George Hegde,Male,77,6684940317,Delhi,Delhi,Retail,9145,2021-12-12
4353,Kavya Tripathi,Female,73,7408023211,Ahmedabad,Gujarat,Clinic,1419,2024-06-13
4354,Amrita Shroff,Female,43,9758111959,Indore,Madhya Pradesh,Retail,7783,2023-06-09
4355,Bhavya Kadakia,Female,77,7979345344,Bengaluru,Karnataka,Clinic,9405,2022-11-20
4356,Ishani Badami,Female,64,9136938184,Surat,Gujarat,Retail,164,2021-08-29
4357,Unnati Ramesh,Female,27,6030037833,Vadodara,Gujarat,Clinic,7479,2023-05-20
4358,Vasudha Bose,Female,35,6386140013,Delhi,Delhi,Retail,4929,2024-08-31
4359,Vedhika Brahmbhatt,Female,38,6291829675,Surat,Gujarat,Retail,89,2024-10-03
4360,Vedant Bath,Male,26,1756826163,Surat,Gujarat,Hospital,5471,2021-07-15
4361,Vanya Chander,Female,27,8273668566,Indore,Madhya Pradesh,Clinic,6204,2025-04-11
4362,Kala Jaggi,Female,47,2764771856,Bengaluru,Karnataka,Clinic,7356,2022-02-26
4363,Nidhi Narain,Female,43,3839134725,Vadodara,Gujarat,Clinic,4947,2025-09-16
4364,Yash Dube,Male,83,5399963260,Bengaluru,Karnataka,Clinic,2517,2025-01-28
4365,Vasudha Cherian,Female,22,4922722655,Vadodara,Gujarat,Retail,5096,2022-04-06
4366,Zinal Verma,Female,23,3982887996,Ahmedabad,Gujarat,Clinic,8119,2024-07-18
4367,Ethan Prakash,Male,40,3503842167,Surat,Gujarat,Clinic,1288,2024-08-21
4368,Fiyaz Bahl,Male,60,3090449588,Bengaluru,Karnataka,Clinic,3445,2026-05-01
4369,Ishanvi Suri,Female,54,7773710100,Vadodara,Gujarat,Clinic,7917,2025-03-06
4370,Gayathri Mannan,Female,84,9270853854,Bengaluru,Karnataka,Hospital,7040,2022-06-20
4371,Yachana Sachar,Female,38,8696974263,Pune,Maharashtra,Retail,3746,2026-01-25
4372,Jagvi Mital,Female,85,6308951955,Pune,Maharashtra,Clinic,8792,2025-02-23
4373,Sneha Buch,Female,77,7653549339,Delhi,Delhi,Hospital,760,2024-09-23
4374,Raagini Gupta,Female,72,8685284226,Surat,Gujarat,Clinic,1890,2023-10-04
4375,Kamya Lal,Female,28,3489096643,Pune,Maharashtra,Hospital,4859,2021-11-14
4376,Azaan Zacharia,Male,84,3403131175,Bengaluru,Karnataka,Retail,881,2023-06-04
4377,Christopher Chahal,Male,50,9559826586,Vadodara,Gujarat,Hospital,255,2024-03-04
4378,Omaja Srivastava,Female,70,4584669455,Bengaluru,Karnataka,Retail,2898,2022-07-23
4379,Balhaar Dyal,Male,30,6490986079,Delhi,Delhi,Clinic,2923,2025-02-15
4380,Tejas Om,Male,63,9960471726,Pune,Maharashtra,Hospital,9419,2023-07-01
4381,Yashodhara Singh,Female,53,4914737324,Ahmedabad,Gujarat,Hospital,4200,2025-12-27
4382,Kalpit Tak,Male,49,8446232992,Indore,Madhya Pradesh,Retail,5714,2023-10-22
4383,Harish Ramakrishnan,Male,31,3765534383,Pune,Maharashtra,Clinic,516,2021-07-17
4384,Kritika Kumer,Female,34,8746382981,Delhi,Delhi,Clinic,2349,2023-06-16
4385,Jeremiah Banik,Male,68,5677651424,Indore,Madhya Pradesh,Hospital,3532,2024-10-05
4386,Dayita Nayak,Female,61,0071962305,Delhi,Delhi,Retail,8118,2023-07-25
4387,Anmol Som,Male,49,4926934720,Vadodara,Gujarat,Clinic,3945,2023-05-18
4388,Anjali Vohra,Female,80,0727881821,Ahmedabad,Gujarat,Clinic,8821,2025-07-23
4389,Anirudh Dyal,Male,26,4074008499,Jaipur,Rajasthan,Clinic,2270,2023-11-24
4390,Wridesh Agate,Male,25,1942984298,Surat,Gujarat,Hospital,9633,2026-05-22
4391,Krisha Khanna,Female,30,9655641816,Bengaluru,Karnataka,Hospital,3637,2021-12-16
4392,Xalak Palan,Female,57,3564330178,Vadodara,Gujarat,Hospital,937,2024-05-03
4393,Vritti Kar,Female,21,1079604362,Vadodara,Gujarat,Hospital,5390,2023-10-29
4394,Maya Singhal,Female,76,1355415696,Bengaluru,Karnataka,Hospital,7586,2023-11-23
4395,Manya Sinha,Female,74,0143354185,Rajkot,Gujarat,Clinic,8954,2022-08-14
4396,Tristan Verma,Male,77,9979194210,Ahmedabad,Gujarat,Retail,9652,2022-11-25
4397,Agastya Patla,Male,60,5690959277,Delhi,Delhi,Hospital,354,2025-08-02
4398,Ekbal Golla,Male,35,7837575986,Jaipur,Rajasthan,Retail,3115,2021-11-04
4399,Fariq Subramaniam,Male,52,3578610596,Jaipur,Rajasthan,Retail,8183,2022-08-17
4400,Dhruv Yadav,Male,22,1271544391,Mumbai,Maharashtra,Retail,4326,2025-07-31
4401,Kashvi Pal,Female,41,2329378101,Vadodara,Gujarat,Hospital,2716,2023-12-26
4402,Hemangini Rajan,Female,19,7381698646,Delhi,Delhi,Hospital,5271,2023-03-25
4403,Zayyan Sibal,Male,52,3978379761,Delhi,Delhi,Retail,3789,2024-05-15
4404,Chaitaly Walia,Female,49,2746288181,Jaipur,Rajasthan,Retail,8397,2024-02-13
4405,Aarna Srivastava,Female,65,7352148152,Jaipur,Rajasthan,Hospital,8971,2022-04-28
4406,Hemangini Samra,Female,69,0756698500,Rajkot,Gujarat,Retail,5461,2022-06-12
4407,Wazir Peri,Male,44,0222500260,Mumbai,Maharashtra,Clinic,7817,2025-05-03
4408,Samar Lalla,Male,23,8937179809,Pune,Maharashtra,Hospital,5129,2023-06-04
4409,Zinal Dey,Female,27,1372318020,Mumbai,Maharashtra,Clinic,3023,2022-01-02
4410,Azaan Rau,Male,55,1799124151,Rajkot,Gujarat,Clinic,8734,2022-10-28
4411,Fitan Shetty,Male,68,3171601877,Surat,Gujarat,Retail,8373,2026-05-05
4412,Lavanya Aurora,Female,37,3291986448,Indore,Madhya Pradesh,Retail,5140,2022-11-16
4413,Vamakshi Vohra,Female,53,6478306235,Mumbai,Maharashtra,Retail,3252,2022-12-27
4414,Karan Korpal,Male,20,3954877942,Rajkot,Gujarat,Hospital,9890,2025-05-13
4415,Ojas Jaggi,Male,62,0489502211,Jaipur,Rajasthan,Retail,4327,2025-06-19
4416,Oliver Majumdar,Male,44,6614417474,Bengaluru,Karnataka,Clinic,9588,2024-12-01
4417,Xalak Bhagat,Female,21,6239839860,Pune,Maharashtra,Retail,1343,2021-11-15
4418,Hredhaan Tella,Male,53,0139788595,Mumbai,Maharashtra,Clinic,5767,2025-12-09
4419,Reyansh Reddy,Male,85,6031436535,Delhi,Delhi,Clinic,4617,2022-08-26
4420,Orinder Venkataraman,Male,41,8184623734,Indore,Madhya Pradesh,Clinic,524,2024-12-08
4421,Jagvi Chand,Female,69,1452389773,Delhi,Delhi,Clinic,7808,2023-11-03
4422,Diya Bhagat,Female,79,1178234590,Pune,Maharashtra,Clinic,9608,2023-07-16
4423,Theodore Pai,Male,19,6705957894,Vadodara,Gujarat,Retail,3552,2022-09-01
4424,George Batta,Male,63,0665753857,Rajkot,Gujarat,Retail,2106,2024-07-19
4425,Daniel Kapur,Male,44,0858970908,Ahmedabad,Gujarat,Hospital,9177,2023-07-26
4426,Gaurangi Sule,Female,68,1049774675,Delhi,Delhi,Retail,7275,2023-02-22
4427,Neha Rajagopalan,Female,50,7427254032,Surat,Gujarat,Retail,6957,2024-05-24
4428,Pratyush Agarwal,Male,62,6212633628,Jaipur,Rajasthan,Hospital,1691,2022-10-11
4429,Abdul Iyer,Male,51,3297082844,Pune,Maharashtra,Hospital,3932,2022-02-16
4430,Mahika Kaul,Female,39,0881292107,Pune,Maharashtra,Retail,7300,2025-03-15
4431,Ikshita Garde,Female,80,4178396353,Ahmedabad,Gujarat,Hospital,5463,2024-08-09
4432,Lucky Dube,Male,37,8939084743,Vadodara,Gujarat,Hospital,5122,2025-03-19
4433,Quincy Shanker,Male,23,5005545810,Ahmedabad,Gujarat,Retail,5782,2025-04-12
4434,Rohan Trivedi,Male,22,8740889033,Mumbai,Maharashtra,Clinic,9125,2023-09-03
4435,Patrick Sarraf,Male,48,3997707422,Delhi,Delhi,Clinic,2017,2025-09-12
4436,Bimala Dayal,Female,29,0826223368,Indore,Madhya Pradesh,Retail,2499,2025-09-07
4437,Faris Ramaswamy,Male,51,7089313124,Delhi,Delhi,Hospital,2384,2021-12-09
4438,Dipta Solanki,Female,77,9230030382,Rajkot,Gujarat,Hospital,1366,2022-10-16
4439,Rayaan Dasgupta,Male,82,9902725091,Vadodara,Gujarat,Hospital,3278,2025-12-27
4440,Saksham Kadakia,Male,39,4408521597,Jaipur,Rajasthan,Hospital,4767,2024-06-25
4441,Saksham Nair,Male,22,6431288264,Surat,Gujarat,Hospital,111,2026-05-07
4442,Vedant Vala,Male,35,0882382752,Surat,Gujarat,Hospital,4375,2022-05-27
4443,Praneel Borah,Male,29,0420245593,Pune,Maharashtra,Retail,5294,2023-10-01
4444,Anusha Chhabra,Female,71,1970868799,Surat,Gujarat,Hospital,7387,2022-08-07
4445,Vasana Mangal,Female,18,5273472768,Pune,Maharashtra,Hospital,6597,2023-10-30
4446,Yashoda Ramaswamy,Female,31,5026627655,Ahmedabad,Gujarat,Hospital,5012,2025-05-17
4447,Vasudha Chaudhari,Female,45,9913097914,Pune,Maharashtra,Hospital,465,2026-03-31
4448,Wridesh Shere,Male,63,8042448642,Ahmedabad,Gujarat,Retail,3447,2023-05-10
4449,Priya Korpal,Female,77,9022857535,Surat,Gujarat,Clinic,2079,2022-10-30
4450,Saanvi Saini,Female,56,8569946626,Mumbai,Maharashtra,Hospital,4362,2023-02-12
4451,Niharika Pandya,Female,33,4041811902,Ahmedabad,Gujarat,Hospital,7005,2022-11-05
4452,Chaitaly Pathak,Female,32,3927269701,Delhi,Delhi,Retail,6383,2026-03-29
4453,Girik Rajagopal,Male,57,7840690915,Vadodara,Gujarat,Clinic,8710,2021-08-31
4454,Kalpit Dhar,Male,69,1437221591,Rajkot,Gujarat,Clinic,5379,2021-07-20
4455,Pranit Rastogi,Male,60,0621460212,Rajkot,Gujarat,Hospital,3920,2024-01-31
4456,Warda Virk,Female,46,2196167761,Bengaluru,Karnataka,Clinic,577,2025-05-30
4457,Elijah Thakur,Male,60,2814492271,Surat,Gujarat,Clinic,843,2023-09-03
4458,Jasmit Sodhi,Female,64,9330097146,Mumbai,Maharashtra,Clinic,881,2024-04-07
4459,Henry Mammen,Male,32,1509190789,Surat,Gujarat,Clinic,9677,2022-01-21
4460,Ucchal Narain,Female,26,1099329342,Ahmedabad,Gujarat,Retail,3051,2022-10-28
4461,Falak Deshpande,Female,31,0036063477,Ahmedabad,Gujarat,Clinic,7636,2025-12-25
4462,Chanakya Krishnamurthy,Male,34,0748507323,Jaipur,Rajasthan,Retail,7130,2023-06-13
4463,Bhanumati Dave,Female,25,7016519931,Pune,Maharashtra,Hospital,9646,2023-09-17
4464,Aryan Buch,Male,58,1729672636,Jaipur,Rajasthan,Retail,523,2024-07-09
4465,Jack Apte,Male,26,5540406161,Jaipur,Rajasthan,Hospital,6184,2022-06-11
4466,Pooja Narain,Female,85,0111863293,Vadodara,Gujarat,Hospital,9330,2023-08-23
4467,Hardik Patla,Male,19,5345036339,Delhi,Delhi,Hospital,4913,2024-06-18
4468,Krishna Ganguly,Male,40,6370332857,Vadodara,Gujarat,Retail,6680,2025-05-17
4469,Rudra Khatri,Male,34,5211703944,Surat,Gujarat,Retail,588,2024-01-21
4470,Tanay Sami,Male,67,1159947727,Delhi,Delhi,Retail,4408,2021-11-12
4471,Kabir Dixit,Male,27,9697595624,Indore,Madhya Pradesh,Hospital,5457,2024-08-30
4472,Meghana Chakrabarti,Female,57,1530177844,Ahmedabad,Gujarat,Hospital,3297,2024-03-29
4473,Hiral Sane,Female,24,1000311792,Pune,Maharashtra,Retail,5632,2025-09-05
4474,Sneha Iyengar,Female,61,0376156241,Mumbai,Maharashtra,Hospital,8302,2025-09-18
4475,Widisha Merchant,Female,19,5483244524,Mumbai,Maharashtra,Clinic,7079,2023-02-06
4476,Damini Khatri,Female,79,6022472789,Mumbai,Maharashtra,Clinic,9638,2024-04-09
4477,Sanya Devi,Female,66,4244892097,Rajkot,Gujarat,Clinic,1470,2026-02-15
4478,Ojas Sule,Male,32,5155639291,Jaipur,Rajasthan,Hospital,5696,2025-11-06
4479,Nitesh Bedi,Male,49,7820831046,Rajkot,Gujarat,Hospital,169,2024-04-22
4480,Aishani Sur,Female,47,1430134143,Ahmedabad,Gujarat,Retail,1365,2024-12-17
4481,Yauvani Mohanty,Female,62,9984368192,Pune,Maharashtra,Hospital,6526,2021-08-17
4482,Aradhana Shenoy,Female,70,4258173753,Jaipur,Rajasthan,Hospital,7890,2023-01-22
4483,Ekansh Nagarajan,Male,72,4981110544,Surat,Gujarat,Retail,5724,2024-03-31
4484,Warjas Gill,Male,19,5044204191,Rajkot,Gujarat,Retail,3136,2021-12-08
4485,Devika Keer,Female,63,9668652879,Pune,Maharashtra,Hospital,1111,2024-01-12
4486,Aashi Bala,Female,59,9943837447,Vadodara,Gujarat,Clinic,2758,2026-07-14
4487,Chatura Murty,Male,60,7037614546,Jaipur,Rajasthan,Hospital,7581,2026-01-23
4488,Gautam Hari,Male,73,5999069368,Bengaluru,Karnataka,Retail,1085,2022-11-22
4489,Lekha Palla,Female,75,2441759454,Jaipur,Rajasthan,Clinic,8033,2025-01-10
4490,Hemangini Dua,Female,35,6661226215,Bengaluru,Karnataka,Hospital,6904,2024-02-24
4491,Mason Raju,Male,65,9997792221,Mumbai,Maharashtra,Hospital,2418,2025-12-28
4492,Leena Ghosh,Female,72,8267947280,Bengaluru,Karnataka,Clinic,2489,2024-08-02
4493,Jalsa Atwal,Female,25,8102541724,Surat,Gujarat,Clinic,1267,2025-03-07
4494,Vrinda Saraf,Female,25,7391298403,Mumbai,Maharashtra,Retail,7447,2024-08-01
4495,Bimala Goyal,Female,50,9348435403,Jaipur,Rajasthan,Retail,1462,2026-06-12
4496,Rayaan Kadakia,Male,81,8861010289,Pune,Maharashtra,Retail,8613,2023-10-27
4497,Chandresh Kulkarni,Male,54,3502247196,Jaipur,Rajasthan,Retail,1173,2024-07-06
4498,Gopal Behl,Male,20,4338772326,Pune,Maharashtra,Hospital,836,2022-02-10
4499,Nidra Bala,Female,63,3317033251,Surat,Gujarat,Retail,5990,2021-10-01
4500,Yochana Viswanathan,Female,64,4611013758,Ahmedabad,Gujarat,Clinic,2688,2023-04-05
4501,Omaja Behl,Female,40,4615002246,Bengaluru,Karnataka,Retail,6163,2022-04-24
4502,Faqid Vyas,Male,43,8648309317,Bengaluru,Karnataka,Hospital,4873,2024-04-26
4503,Azaan Din,Male,85,4287032061,Bengaluru,Karnataka,Clinic,8970,2026-04-03
4504,Radhika Kannan,Female,24,5173407069,Bengaluru,Karnataka,Hospital,3426,2023-09-22
4505,Ishani Sule,Female,35,8467169713,Surat,Gujarat,Clinic,9652,2024-01-28
4506,Vritti Sura,Female,67,4912710775,Surat,Gujarat,Hospital,4199,2024-07-26
4507,Shivani Raj,Female,63,2106279278,Rajkot,Gujarat,Clinic,5943,2024-09-24
4508,Zarna Ganesh,Female,74,8195416585,Pune,Maharashtra,Retail,5188,2023-02-27
4509,Harini Sood,Female,57,8827170145,Bengaluru,Karnataka,Retail,5124,2023-01-12
4510,Sanya Kapadia,Female,40,5024085369,Delhi,Delhi,Retail,1993,2022-02-28
4511,Oni Panchal,Female,53,3395771068,Indore,Madhya Pradesh,Retail,3633,2023-04-19
4512,Bhavna Walla,Female,76,0885081727,Surat,Gujarat,Retail,1939,2024-07-12
4513,Chanakya Narang,Male,70,2451651824,Bengaluru,Karnataka,Clinic,567,2026-02-24
4514,Diya Thakur,Female,55,8284927656,Pune,Maharashtra,Hospital,6291,2024-11-06
4515,Lakshmi Deol,Female,35,1299814127,Indore,Madhya Pradesh,Hospital,8677,2023-07-22
4516,Faqid Dutta,Male,35,7986784468,Rajkot,Gujarat,Hospital,2698,2026-03-25
4517,Zehaan Mutti,Male,36,5119932429,Surat,Gujarat,Retail,8476,2022-02-15
4518,Gayathri Jani,Female,73,2272063231,Bengaluru,Karnataka,Retail,130,2022-05-20
4519,Waida Panchal,Female,55,2793977028,Bengaluru,Karnataka,Hospital,2996,2021-11-03
4520,Dalbir Jhaveri,Male,47,5190693993,Rajkot,Gujarat,Retail,3394,2022-11-29
4521,Ira Brahmbhatt,Female,24,3686505067,Mumbai,Maharashtra,Hospital,1197,2024-02-22
4522,Anirudh Trivedi,Male,47,1838871944,Bengaluru,Karnataka,Retail,757,2023-02-05
4523,Devika Jhaveri,Female,26,0047825769,Indore,Madhya Pradesh,Clinic,8853,2023-03-10
4524,Saanvi Dhaliwal,Female,82,9275203970,Vadodara,Gujarat,Retail,7283,2022-08-20
4525,Arunima Aggarwal,Female,80,9583453265,Ahmedabad,Gujarat,Clinic,4627,2024-11-05
4526,Hemang Rattan,Male,70,9679216521,Bengaluru,Karnataka,Clinic,7080,2025-09-16
4527,Tristan Jaggi,Male,19,1231256243,Vadodara,Gujarat,Hospital,4072,2025-10-25
4528,Vincent Jayaraman,Male,72,4448961934,Mumbai,Maharashtra,Hospital,6498,2025-06-26
4529,Ridhi Gandhi,Female,39,4719082857,Ahmedabad,Gujarat,Hospital,7206,2025-04-26
4530,Vasatika Khare,Female,43,1484208490,Jaipur,Rajasthan,Retail,2369,2023-07-19
4531,Praneel Merchant,Male,20,8316577874,Jaipur,Rajasthan,Hospital,4254,2021-11-08
4532,Lajita Kala,Female,69,4732915248,Mumbai,Maharashtra,Hospital,374,2026-02-05
4533,Gautami Ratti,Female,77,9962906412,Indore,Madhya Pradesh,Clinic,6760,2023-12-24
4534,Damyanti Trivedi,Female,72,1931608955,Jaipur,Rajasthan,Clinic,6681,2023-02-10
4535,Vrishti Oommen,Female,53,5350948189,Indore,Madhya Pradesh,Retail,1474,2024-04-03
4536,Gagan Singh,Male,47,8912370568,Pune,Maharashtra,Clinic,5672,2022-02-19
4537,Liam Bedi,Male,62,0879129487,Pune,Maharashtra,Retail,5313,2021-09-03
4538,Leena Oza,Female,31,0536217494,Rajkot,Gujarat,Retail,5419,2025-08-03
4539,Janaki Deol,Female,27,8331608849,Bengaluru,Karnataka,Retail,4914,2024-06-05
4540,Abdul Oommen,Male,68,5874867957,Mumbai,Maharashtra,Hospital,4539,2022-12-16
4541,George Goyal,Male,43,6418343337,Vadodara,Gujarat,Retail,9743,2023-12-01
4542,Isaac Parmer,Male,78,3715291969,Vadodara,Gujarat,Hospital,4491,2022-08-07
4543,Yamini Dass,Female,32,3035488148,Indore,Madhya Pradesh,Retail,6237,2024-03-14
4544,Nirja Ravel,Female,57,5375446451,Jaipur,Rajasthan,Clinic,4544,2023-07-04
4545,Sudiksha Bandi,Female,47,9092942566,Bengaluru,Karnataka,Clinic,2912,2023-05-21
4546,Imaran Bhandari,Male,68,6264631024,Jaipur,Rajasthan,Retail,3784,2023-03-10
4547,Leena Sankaran,Female,69,2847492234,Indore,Madhya Pradesh,Retail,4995,2025-01-09
4548,Damini Venkatesh,Female,84,7780235325,Indore,Madhya Pradesh,Clinic,337,2021-08-26
4549,Gaurika Bhatti,Female,60,7420782735,Ahmedabad,Gujarat,Hospital,2573,2022-07-14
4550,Tanveer Sarna,Male,75,5509897944,Ahmedabad,Gujarat,Clinic,6434,2024-07-18
4551,Madhavi Venkataraman,Female,62,9442420371,Vadodara,Gujarat,Retail,4874,2025-11-24
4552,Agastya Grewal,Male,73,4642422271,Jaipur,Rajasthan,Clinic,4705,2023-12-18
4553,Charan Aggarwal,Male,52,4395036072,Indore,Madhya Pradesh,Clinic,7418,2025-04-24
4554,Ekiya Bakshi,Female,84,7456067350,Rajkot,Gujarat,Hospital,3410,2023-09-22
4555,Siya Bali,Female,21,9259936785,Pune,Maharashtra,Retail,7330,2024-01-03
4556,Janya Rana,Female,64,6376305277,Vadodara,Gujarat,Clinic,9847,2022-12-12
4557,Xalak Suresh,Female,50,7946270761,Delhi,Delhi,Clinic,315,2022-08-18
4558,Joshua Shan,Male,21,7652705285,Pune,Maharashtra,Clinic,1060,2025-12-09
4559,Ryan Sibal,Male,80,1109522719,Bengaluru,Karnataka,Clinic,1306,2026-01-26
4560,Unnati Kalita,Female,25,0521051804,Delhi,Delhi,Retail,9955,2021-10-08
4561,Chaitanya Minhas,Male,83,6027319002,Rajkot,Gujarat,Retail,9845,2023-07-20
4562,Hemangini Golla,Female,81,6694931065,Jaipur,Rajasthan,Retail,4541,2026-03-01
4563,Janya Sastry,Female,77,2417332377,Rajkot,Gujarat,Retail,8179,2022-12-06
4564,Isaiah Babu,Male,31,4735523261,Delhi,Delhi,Clinic,3810,2024-01-10
4565,Chaman Gala,Female,75,0752431634,Pune,Maharashtra,Retail,7965,2024-02-16
4566,Xavier Issac,Male,44,2512435338,Vadodara,Gujarat,Hospital,7805,2023-09-10
4567,Umang Parekh,Male,51,5347726576,Bengaluru,Karnataka,Clinic,9415,2022-08-06
4568,Sachi Swamy,Female,61,5729474449,Mumbai,Maharashtra,Clinic,8576,2025-12-03
4569,Vasudha Shroff,Female,23,2803374887,Delhi,Delhi,Retail,5580,2021-11-30
4570,Triya Pai,Female,78,9789422831,Delhi,Delhi,Clinic,9822,2025-07-15
4571,Neelima Deep,Female,81,5895295989,Rajkot,Gujarat,Hospital,8790,2025-10-21
4572,Ekanta Sarkar,Female,39,7812075021,Bengaluru,Karnataka,Hospital,9894,2024-11-19
4573,Harini Narain,Female,50,5413828386,Mumbai,Maharashtra,Clinic,5443,2023-06-28
4574,Wishi Sathe,Female,33,3053169469,Ahmedabad,Gujarat,Clinic,349,2024-05-17
4575,Chakradhar Goel,Male,66,8595027111,Delhi,Delhi,Clinic,3472,2023-01-29
4576,Baljiwan Narula,Male,33,2150097403,Rajkot,Gujarat,Retail,9235,2024-03-08
4577,Zashil Issac,Male,59,1064715267,Vadodara,Gujarat,Clinic,710,2024-07-22
4578,Turvi Golla,Female,78,9484192099,Mumbai,Maharashtra,Retail,3543,2025-07-20
4579,Raagini Patla,Female,63,1669986310,Delhi,Delhi,Hospital,5277,2023-07-19
4580,Krishna Barad,Female,34,5510897300,Delhi,Delhi,Clinic,9933,2022-04-03
4581,Chatura Brahmbhatt,Male,77,8794583613,Ahmedabad,Gujarat,Retail,3411,2026-05-05
4582,Xiti Singhal,Female,51,4229320924,Jaipur,Rajasthan,Retail,5463,2025-12-14
4583,Ojas Sharma,Male,30,6267723897,Ahmedabad,Gujarat,Clinic,269,2024-08-20
4584,Charles Mitra,Male,43,7019117973,Pune,Maharashtra,Clinic,3017,2023-04-05
4585,Zayan Sekhon,Male,41,1905835099,Indore,Madhya Pradesh,Clinic,2377,2026-06-28
4586,Aayush Choudhary,Male,72,0411805913,Rajkot,Gujarat,Retail,5850,2024-12-30
4587,Tanish Chand,Male,45,4020303260,Jaipur,Rajasthan,Clinic,4455,2023-02-13
4588,Urishilla Dugar,Female,43,6994139047,Vadodara,Gujarat,Hospital,2279,2022-11-14
4589,Gaurangi Mannan,Female,29,4900632994,Ahmedabad,Gujarat,Clinic,3814,2024-11-17
4590,Bina Singh,Female,38,0897215117,Jaipur,Rajasthan,Hospital,3794,2022-10-16
4591,Oscar Devan,Male,56,4608266410,Vadodara,Gujarat,Clinic,4181,2024-10-12
4592,Abhimanyu Jani,Male,49,3716865820,Surat,Gujarat,Hospital,4165,2022-11-23
4593,Zayan Borra,Male,81,4105659366,Delhi,Delhi,Hospital,9614,2024-02-19
4594,Siddharth Lanka,Male,19,6066183464,Ahmedabad,Gujarat,Clinic,9216,2025-06-30
4595,Yash Sarkar,Male,64,8897625925,Surat,Gujarat,Retail,8431,2023-11-19
4596,Vanya Suresh,Female,56,8675854345,Indore,Madhya Pradesh,Hospital,3535,2022-08-15
4597,Nitesh Merchant,Male,35,0058751377,Vadodara,Gujarat,Clinic,4583,2022-09-23
4598,Charvi Patla,Female,39,2877217516,Pune,Maharashtra,Retail,7835,2024-02-28
4599,Lekha Mangal,Female,51,6233236148,Bengaluru,Karnataka,Hospital,4835,2025-07-10
4600,Teerth Borde,Male,49,5454310528,Indore,Madhya Pradesh,Hospital,6148,2024-09-22
4601,Qasim Goswami,Male,56,6321885876,Indore,Madhya Pradesh,Retail,4949,2026-04-13
4602,Harsh Gaba,Male,29,6740245034,Ahmedabad,Gujarat,Clinic,5120,2022-04-27
4603,Xavier Sanghvi,Male,22,4931837105,Surat,Gujarat,Clinic,6275,2025-04-25
4604,Hardik Kata,Male,85,9405220017,Surat,Gujarat,Hospital,5743,2024-06-19
4605,Nidhi Chana,Female,31,4951550185,Mumbai,Maharashtra,Retail,1396,2026-06-30
4606,Qarin Uppal,Male,51,7885007571,Jaipur,Rajasthan,Retail,7796,2023-06-19
4607,Nicholas Tandon,Male,48,2308068198,Surat,Gujarat,Clinic,7365,2024-07-20
4608,Yashica Naidu,Female,80,1002666652,Indore,Madhya Pradesh,Retail,2598,2024-07-13
4609,Yatan Mahal,Male,69,2977201343,Indore,Madhya Pradesh,Retail,7202,2023-10-02
4610,Nimrat Reddy,Female,63,5933788809,Rajkot,Gujarat,Clinic,1584,2024-04-28
4611,Libni Choudhry,Female,30,6864586099,Rajkot,Gujarat,Clinic,6967,2026-07-02
4612,Tripti Dalal,Female,65,1185886096,Delhi,Delhi,Clinic,9137,2023-01-01
4613,Anvi Balan,Female,31,7011583073,Surat,Gujarat,Clinic,3663,2022-02-11
4614,Hema Nigam,Female,80,6419967624,Surat,Gujarat,Hospital,7638,2023-01-12
4615,Bhavna Sarraf,Female,76,9318579324,Vadodara,Gujarat,Retail,3427,2025-12-14
4616,Maanas D’Alia,Male,48,2821131552,Bengaluru,Karnataka,Retail,6325,2023-01-17
4617,Vidhi Kale,Female,51,2817080186,Bengaluru,Karnataka,Retail,9999,2025-02-07
4618,Yashica Purohit,Female,34,9338977573,Ahmedabad,Gujarat,Hospital,1019,2021-10-11
4619,Vedhika Palla,Female,66,1294189175,Pune,Maharashtra,Clinic,1434,2022-02-12
4620,Arjun Wason,Male,54,7495310203,Indore,Madhya Pradesh,Clinic,5414,2024-12-06
4621,Ranveer Bhatia,Male,77,5330258450,Jaipur,Rajasthan,Clinic,2237,2022-05-05
4622,Turvi Butala,Female,26,0357780522,Vadodara,Gujarat,Clinic,9894,2025-05-10
4623,Siddharth Chatterjee,Male,72,2912670056,Surat,Gujarat,Hospital,8158,2021-11-11
4624,Leena Patel,Female,27,2986438430,Pune,Maharashtra,Retail,1634,2025-07-16
4625,Parth Babu,Male,74,6196832254,Delhi,Delhi,Clinic,6584,2022-12-10
4626,Gayathri Bumb,Female,73,5849491205,Bengaluru,Karnataka,Retail,5480,2024-04-24
4627,Yachana Krishna,Female,61,7069170131,Vadodara,Gujarat,Clinic,2131,2023-08-28
4628,Gautam Dua,Male,80,2025183171,Surat,Gujarat,Retail,898,2025-07-03
4629,Rohan Bava,Male,83,4161815400,Delhi,Delhi,Hospital,508,2024-03-25
4630,Fitan Dubey,Male,27,6967167396,Jaipur,Rajasthan,Hospital,917,2022-10-25
4631,Jasmit Varghese,Female,72,0079325862,Ahmedabad,Gujarat,Retail,6951,2024-08-01
4632,Chakradhar Chaudhari,Male,67,6756161350,Vadodara,Gujarat,Clinic,6700,2023-04-21
4633,Rushil Sood,Male,45,9998762715,Vadodara,Gujarat,Clinic,3752,2024-06-18
4634,Eesha Dara,Female,77,3302182693,Surat,Gujarat,Clinic,6454,2024-08-18
4635,Nimrat Lall,Female,66,2902348840,Surat,Gujarat,Clinic,8565,2025-01-22
4636,Warhi Mohanty,Female,32,5319893580,Mumbai,Maharashtra,Hospital,9098,2022-03-16
4637,Faris Pingle,Male,31,2598422720,Rajkot,Gujarat,Hospital,3314,2023-11-08
4638,Yuvraj Dara,Male,52,3545391280,Pune,Maharashtra,Hospital,8734,2022-07-31
4639,Manthan Batra,Male,18,4458385926,Surat,Gujarat,Retail,8137,2024-12-03
4640,Yashasvi Tripathi,Female,73,2563715492,Surat,Gujarat,Clinic,8528,2022-01-24
4641,Vasatika Mukhopadhyay,Female,38,6160620372,Bengaluru,Karnataka,Hospital,9155,2023-11-15
4642,Orinder Agate,Male,28,1825949339,Pune,Maharashtra,Clinic,529,2024-05-04
4643,Urishilla Sahni,Female,58,8050045568,Delhi,Delhi,Hospital,962,2025-06-10
4644,Samarth Halder,Male,68,5826292632,Indore,Madhya Pradesh,Retail,7205,2023-07-05
4645,Kevin Parekh,Male,82,0048299415,Rajkot,Gujarat,Hospital,6476,2026-03-07
4646,Krish Desai,Male,64,1970512052,Mumbai,Maharashtra,Hospital,8192,2025-06-15
4647,Amruta Sathe,Female,58,2556790400,Pune,Maharashtra,Clinic,1961,2026-05-03
4648,Anya Uppal,Female,73,1557609432,Bengaluru,Karnataka,Hospital,2352,2025-09-24
4649,Lavanya Baria,Female,67,6993940510,Bengaluru,Karnataka,Retail,4518,2023-01-13
4650,Aachal Mall,Female,71,8552439644,Surat,Gujarat,Hospital,8553,2022-03-23
4651,Ekapad Mutti,Male,59,0471207449,Pune,Maharashtra,Retail,4663,2022-08-22
4652,Aayush Bumb,Male,57,0255319595,Indore,Madhya Pradesh,Hospital,1853,2024-02-15
4653,Rehaan Wali,Male,38,2750192954,Indore,Madhya Pradesh,Retail,1721,2022-08-03
4654,Reva Prashad,Female,19,6305269614,Vadodara,Gujarat,Hospital,3805,2024-07-12
4655,Timothy Mahajan,Male,20,6108258197,Bengaluru,Karnataka,Clinic,9144,2024-01-24
4656,Divya Rattan,Female,82,1310975009,Pune,Maharashtra,Clinic,4437,2025-03-09
4657,Waida Palla,Female,74,5305342784,Ahmedabad,Gujarat,Clinic,8409,2022-05-16
4658,Wriddhish Rajagopal,Male,63,6488399760,Rajkot,Gujarat,Clinic,4947,2026-02-02
4659,Aayush Bhat,Male,64,6809152505,Surat,Gujarat,Hospital,1022,2023-05-11
4660,Jack Dhar,Male,68,6937894459,Delhi,Delhi,Retail,2237,2026-04-03
4661,Falak Kumar,Female,41,0062467950,Jaipur,Rajasthan,Clinic,2252,2022-12-20
4662,Keya Johal,Female,69,2072271890,Jaipur,Rajasthan,Retail,1450,2022-05-30
4663,Raagini Ben,Female,63,9532222849,Jaipur,Rajasthan,Hospital,5937,2022-01-14
4664,Geetika Subramaniam,Female,67,1625061708,Ahmedabad,Gujarat,Hospital,2712,2023-11-08
4665,Yashodhara Kakar,Female,38,1897382942,Bengaluru,Karnataka,Hospital,3323,2023-06-02
4666,Faraj Sani,Male,45,4896949131,Jaipur,Rajasthan,Retail,4941,2026-01-29
4667,Panini Chauhan,Female,49,6582043463,Mumbai,Maharashtra,Hospital,1489,2025-04-16
4668,Daniel Dar,Male,59,4245360838,Pune,Maharashtra,Hospital,9636,2024-12-11
4669,Joshua Goda,Male,81,7156002575,Vadodara,Gujarat,Hospital,6484,2025-09-25
4670,Ekbal Kala,Male,62,9020138553,Indore,Madhya Pradesh,Hospital,5595,2023-05-14
4671,Watika Chandran,Female,54,8990645732,Vadodara,Gujarat,Hospital,3692,2021-07-28
4672,Indali Sama,Female,79,6835091211,Delhi,Delhi,Retail,2862,2023-09-11
4673,Yashica Jain,Female,61,3653639496,Vadodara,Gujarat,Retail,5835,2022-09-21
4674,Ishanvi Mital,Female,46,5777024539,Delhi,Delhi,Clinic,2498,2023-09-03
4675,Forum Mammen,Female,53,0672818855,Bengaluru,Karnataka,Clinic,895,2026-03-10
4676,Umang Patla,Male,44,8144634694,Ahmedabad,Gujarat,Hospital,9575,2024-11-15
4677,Saumya Mall,Female,62,0373307165,Vadodara,Gujarat,Clinic,8393,2022-10-06
4678,Pahal Lalla,Female,58,7632322984,Rajkot,Gujarat,Clinic,5710,2025-06-09
4679,Leena Wable,Female,85,6409481335,Delhi,Delhi,Retail,5430,2025-05-17
4680,Urvi Devi,Female,57,3779752678,Indore,Madhya Pradesh,Clinic,5564,2026-02-03
4681,Krisha Chokshi,Female,72,7194571825,Jaipur,Rajasthan,Hospital,6453,2022-08-21
4682,Shivansh Swaminathan,Male,30,7898193559,Surat,Gujarat,Hospital,2760,2024-06-01
4683,Vyanjana Date,Female,76,8652076624,Indore,Madhya Pradesh,Hospital,4800,2023-11-20
4684,Bakhshi Babu,Male,27,8620341562,Ahmedabad,Gujarat,Clinic,8984,2021-10-26
4685,Barkha Dara,Female,74,2357480263,Indore,Madhya Pradesh,Clinic,285,2026-03-05
4686,Bhavini Bir,Female,58,3865097428,Vadodara,Gujarat,Retail,6067,2025-03-24
4687,Ekbal Rau,Male,76,6601764056,Jaipur,Rajasthan,Clinic,9180,2022-10-18
4688,Faras Acharya,Male,37,6985982860,Jaipur,Rajasthan,Clinic,1567,2026-05-24
4689,Niharika Chokshi,Female,57,9422362752,Ahmedabad,Gujarat,Hospital,7659,2025-04-04
4690,Samarth Peri,Male,46,5287282918,Delhi,Delhi,Retail,5664,2025-02-24
4691,Vedant Radhakrishnan,Male,45,8907799939,Indore,Madhya Pradesh,Retail,8257,2025-09-14
4692,Vasatika Grewal,Female,30,5146573589,Jaipur,Rajasthan,Retail,1622,2023-10-07
4693,Reva Pandey,Female,37,0807111967,Ahmedabad,Gujarat,Hospital,8875,2026-01-22
4694,Yadavi Kashyap,Female,50,2106478952,Delhi,Delhi,Clinic,721,2022-02-03
4695,Rohan Rai,Male,75,9458049309,Mumbai,Maharashtra,Clinic,5842,2021-12-13
4696,Gabriel Nath,Male,64,8943989845,Delhi,Delhi,Retail,1662,2021-08-24
4697,Rehaan Dua,Male,53,3024911746,Surat,Gujarat,Clinic,1061,2024-10-22
4698,Patrick Ahuja,Male,53,4880206690,Bengaluru,Karnataka,Retail,6528,2025-04-01
4699,Vihaan Mital,Male,18,2698987965,Pune,Maharashtra,Hospital,1016,2024-05-20
4700,Alexander Sharaf,Male,83,8738310654,Ahmedabad,Gujarat,Hospital,4118,2022-03-19
4701,Upadhriti Chauhan,Female,70,8930726358,Mumbai,Maharashtra,Hospital,7833,2024-11-28
4702,Aashi Batta,Female,55,4254402547,Ahmedabad,Gujarat,Retail,1580,2024-01-10
4703,Hema Raghavan,Female,47,0918929884,Surat,Gujarat,Clinic,357,2023-06-06
4704,Sanya Saini,Female,72,1685285854,Pune,Maharashtra,Retail,141,2022-12-19
4705,Siya Singh,Female,26,3069073021,Jaipur,Rajasthan,Retail,9585,2025-02-06
4706,Banjeet Mane,Male,65,9996930001,Surat,Gujarat,Retail,5003,2023-08-30
4707,Urvi Luthra,Female,52,0655305855,Pune,Maharashtra,Hospital,269,2023-05-31
4708,Liam Madan,Male,51,1969163581,Indore,Madhya Pradesh,Retail,3012,2022-01-01
4709,Hritik Om,Male,68,9720106883,Rajkot,Gujarat,Hospital,3772,2024-08-19
4710,Falan Mishra,Male,75,1893166235,Jaipur,Rajasthan,Retail,7283,2021-09-15
4711,Balhaar Dhar,Male,49,7419115867,Surat,Gujarat,Hospital,1381,2025-11-07
4712,Laksh Gera,Male,33,7513050110,Pune,Maharashtra,Retail,6740,2022-11-01
4713,Jeet Reddy,Male,21,3791093095,Jaipur,Rajasthan,Retail,4370,2024-07-30
4714,Tarak Nayar,Male,77,5141519618,Mumbai,Maharashtra,Hospital,3878,2026-02-24
4715,Tanay Bawa,Male,23,3382704017,Surat,Gujarat,Hospital,6041,2022-09-11
4716,Samuel Yadav,Male,38,3964346695,Vadodara,Gujarat,Hospital,9987,2024-07-03
4717,Ishita Srinivasan,Female,57,8372881717,Rajkot,Gujarat,Hospital,3529,2025-03-24
4718,Qarin Keer,Male,29,8923646600,Surat,Gujarat,Hospital,4042,2024-08-07
4719,Zehaan Memon,Male,66,1441034370,Indore,Madhya Pradesh,Hospital,6187,2025-11-30
4720,Michael Gulati,Male,56,7933522063,Jaipur,Rajasthan,Retail,426,2022-01-14
4721,Sai Basak,Male,23,6678052379,Surat,Gujarat,Hospital,673,2024-06-24
4722,Krishna Dua,Male,85,2677495194,Delhi,Delhi,Retail,277,2024-02-14
4723,Ati Varty,Female,84,9712699873,Surat,Gujarat,Hospital,8957,2022-12-20
4724,Neelima Mahajan,Female,81,3231173663,Pune,Maharashtra,Retail,7911,2022-06-02
4725,Zashil Swamy,Male,58,8512183381,Ahmedabad,Gujarat,Retail,9770,2024-06-15
4726,Upkaar Hans,Male,85,1898642709,Delhi,Delhi,Clinic,6174,2025-09-16
4727,Pallavi Naidu,Female,50,0706844539,Bengaluru,Karnataka,Clinic,819,2025-12-24
4728,Brijesh Nadig,Male,75,2472348442,Surat,Gujarat,Retail,9385,2023-12-23
4729,Upadhriti Agrawal,Female,33,1556068300,Ahmedabad,Gujarat,Hospital,4674,2023-01-11
4730,Rachit Choudhary,Male,72,5406471637,Ahmedabad,Gujarat,Retail,7292,2022-11-10
4731,Upadhriti Dara,Female,41,7561577036,Jaipur,Rajasthan,Retail,8619,2023-10-09
4732,Jagdish Modi,Male,66,0551397449,Jaipur,Rajasthan,Retail,7208,2023-11-06
4733,Amruta Chadha,Female,42,1698134605,Pune,Maharashtra,Retail,1536,2023-11-04
4734,Deepa More,Female,64,8264480873,Jaipur,Rajasthan,Retail,620,2025-02-24
4735,Anirudh Bala,Male,49,3049583827,Surat,Gujarat,Hospital,1625,2026-04-04
4736,Teerth Sarma,Male,85,1557091485,Bengaluru,Karnataka,Clinic,2503,2022-10-15
4737,Michael Murty,Male,45,7940042281,Jaipur,Rajasthan,Retail,8365,2025-07-05
4738,Odika Srivastava,Female,50,7786834626,Jaipur,Rajasthan,Retail,8350,2024-05-06
4739,Janya Jhaveri,Female,41,0376889351,Mumbai,Maharashtra,Clinic,5473,2024-03-13
4740,Madhav Magar,Male,27,5491283719,Bengaluru,Karnataka,Retail,2307,2024-11-19
4741,Azaan Date,Male,66,8760763354,Delhi,Delhi,Clinic,2421,2024-12-25
4742,Aadhya Morar,Female,45,5046484693,Indore,Madhya Pradesh,Hospital,395,2025-11-14
4743,Bishakha Vora,Female,43,9296424947,Bengaluru,Karnataka,Clinic,7529,2026-06-18
4744,Brinda Apte,Female,79,0352065262,Surat,Gujarat,Hospital,8687,2025-10-16
4745,Ekani Sehgal,Female,55,6277365432,Rajkot,Gujarat,Retail,6383,2025-06-26
4746,Yashvi Yadav,Female,85,9753788163,Pune,Maharashtra,Hospital,7439,2026-02-23
4747,Rajata Singhal,Female,74,8819931708,Rajkot,Gujarat,Hospital,4480,2022-04-03
4748,Aachal Chada,Female,21,3888014729,Delhi,Delhi,Retail,9602,2023-07-04
4749,Zayan Sengupta,Male,44,8116949394,Indore,Madhya Pradesh,Hospital,2692,2022-03-08
4750,Triya Mahajan,Female,82,0452081952,Ahmedabad,Gujarat,Hospital,9590,2023-08-29
4751,Hredhaan Dara,Male,68,5176238414,Bengaluru,Karnataka,Retail,3578,2025-04-08
4752,Abdul Devi,Male,53,3080601916,Mumbai,Maharashtra,Hospital,6766,2023-10-25
4753,Abhimanyu Babu,Male,64,5072559205,Ahmedabad,Gujarat,Retail,9828,2023-06-08
4754,Vedhika Varkey,Female,69,4275680765,Mumbai,Maharashtra,Clinic,1783,2026-04-29
4755,Robert Goda,Male,37,2411273245,Mumbai,Maharashtra,Retail,4470,2023-12-24
4756,Devansh Mander,Male,20,0503707194,Jaipur,Rajasthan,Clinic,7541,2022-09-30
4757,Owen Karpe,Male,35,3475634959,Jaipur,Rajasthan,Hospital,5100,2021-08-23
4758,Finn Borra,Male,49,5720484258,Pune,Maharashtra,Retail,2063,2025-02-09
4759,Yadavi Bhagat,Female,85,3733848206,Surat,Gujarat,Retail,2025,2024-05-09
4760,Urvi Chandran,Female,80,2483128208,Jaipur,Rajasthan,Hospital,9099,2021-12-29
4761,Omisha Char,Female,29,1047361591,Pune,Maharashtra,Clinic,731,2022-03-21
4762,Teerth Raj,Male,80,1956029992,Ahmedabad,Gujarat,Clinic,3849,2021-08-24
4763,Faraj Ramesh,Male,66,5218265688,Surat,Gujarat,Retail,2899,2021-10-06
4764,Ubika Wali,Female,66,2670878552,Pune,Maharashtra,Hospital,9737,2022-09-04
4765,Raagini Patil,Female,68,7149080872,Rajkot,Gujarat,Hospital,1870,2026-01-08
4766,Chanchal Kothari,Female,33,8679726414,Ahmedabad,Gujarat,Hospital,2929,2023-05-22
4767,Vedant Toor,Male,31,9481112565,Mumbai,Maharashtra,Hospital,9877,2023-05-17
4768,Amara Sarraf,Female,61,2084494877,Delhi,Delhi,Clinic,5119,2023-06-18
4769,Yashoda Kant,Female,28,5031081935,Mumbai,Maharashtra,Retail,4653,2022-03-21
4770,Baghyawati Gera,Female,52,3604229140,Vadodara,Gujarat,Hospital,4612,2022-02-15
4771,Anirudh Jain,Male,39,8100098288,Mumbai,Maharashtra,Hospital,134,2022-04-30
4772,Mitali Loyal,Female,63,4441231151,Surat,Gujarat,Retail,6466,2023-04-21
4773,Radha Ramesh,Female,36,2475051782,Surat,Gujarat,Retail,4155,2022-01-13
4774,Chasmum Walla,Female,21,4540548579,Ahmedabad,Gujarat,Hospital,55,2026-05-30
4775,Yadavi Chhabra,Female,24,4072158709,Ahmedabad,Gujarat,Retail,2200,2023-01-05
4776,Amruta Mangal,Female,47,9918358442,Indore,Madhya Pradesh,Hospital,5385,2023-10-04
4777,Amara Nadig,Female,56,4150589334,Ahmedabad,Gujarat,Hospital,6680,2023-12-22
4778,Aarini Pillay,Female,70,6534508108,Rajkot,Gujarat,Hospital,9950,2024-12-10
4779,Andrew Pillay,Male,85,4992609930,Jaipur,Rajasthan,Hospital,8883,2025-06-13
4780,Simon Puri,Male,20,5517324924,Jaipur,Rajasthan,Clinic,4991,2025-12-07
4781,Indali Mandal,Female,56,4007643254,Delhi,Delhi,Retail,3291,2025-01-12
4782,Arya Bhandari,Female,77,2511561905,Rajkot,Gujarat,Retail,8084,2022-05-20
4783,Victor Randhawa,Male,44,6242951147,Ahmedabad,Gujarat,Retail,5615,2021-09-06
4784,Hardik Seshadri,Male,78,4667036310,Indore,Madhya Pradesh,Clinic,7979,2026-04-27
4785,Rudra Dutt,Male,33,9940472200,Jaipur,Rajasthan,Clinic,7408,2024-07-23
4786,Qarin Kale,Male,34,2613105879,Delhi,Delhi,Hospital,417,2025-11-09
4787,Viraj Dash,Male,84,2617226313,Delhi,Delhi,Clinic,4202,2023-05-22
4788,Ayushman Sagar,Male,79,0035245010,Delhi,Delhi,Hospital,5865,2023-08-07
4789,Yashodhara Agate,Female,84,5350546817,Indore,Madhya Pradesh,Hospital,3231,2023-08-15
4790,Zinal Dugar,Female,18,6058978115,Ahmedabad,Gujarat,Clinic,1845,2021-08-29
4791,Indrajit Kara,Male,52,7496451751,Surat,Gujarat,Hospital,7634,2023-01-02
4792,Yashica Bhatti,Female,63,3496711181,Delhi,Delhi,Hospital,6315,2024-07-22
4793,Dalaja Mital,Female,76,5910725019,Jaipur,Rajasthan,Retail,4509,2023-10-26
4794,Zaitra Sathe,Female,60,3455574218,Indore,Madhya Pradesh,Hospital,5177,2021-08-19
4795,Naksh Dhillon,Male,47,9779542213,Mumbai,Maharashtra,Clinic,1724,2024-02-09
4796,Pavani Grewal,Female,75,0685328226,Vadodara,Gujarat,Retail,571,2025-12-05
4797,Ria Nagy,Female,37,5591785422,Delhi,Delhi,Hospital,124,2023-04-10
4798,Yashawini Savant,Female,34,1725330943,Delhi,Delhi,Retail,9134,2025-11-05
4799,Lopa Gopal,Female,57,9108499815,Delhi,Delhi,Retail,1302,2025-03-12
4800,Akshay Dhawan,Male,22,2531214130,Delhi,Delhi,Clinic,3046,2025-01-28
4801,Manya Venkataraman,Female,65,4101457735,Indore,Madhya Pradesh,Clinic,6466,2023-09-15
4802,Ladli Patla,Female,68,6728943349,Pune,Maharashtra,Hospital,4939,2025-10-13
4803,Prisha Chhabra,Female,75,5810475630,Ahmedabad,Gujarat,Clinic,6112,2022-03-06
4804,Ira Muni,Female,81,9366161849,Mumbai,Maharashtra,Clinic,4197,2021-10-25
4805,Udarsh Sarraf,Male,18,5605596513,Vadodara,Gujarat,Clinic,6789,2025-07-10
4806,Sachi Chaudhari,Female,29,7831072746,Ahmedabad,Gujarat,Retail,8504,2025-03-16
4807,Pranav Deo,Male,24,6251481968,Mumbai,Maharashtra,Clinic,9293,2024-07-27
4808,Yutika Chaudry,Female,30,2686447153,Vadodara,Gujarat,Hospital,9732,2022-03-07
4809,Baghyawati Ramachandran,Female,58,2767090865,Bengaluru,Karnataka,Retail,4095,2021-11-19
4810,Hredhaan Kant,Male,26,8078750723,Indore,Madhya Pradesh,Clinic,4166,2026-06-08
4811,Zinal Minhas,Female,45,5739923732,Mumbai,Maharashtra,Clinic,8805,2026-06-10
4812,Yutika Sampath,Female,53,7793997273,Ahmedabad,Gujarat,Hospital,523,2024-01-12
4813,Yutika Ramachandran,Female,76,6486167150,Mumbai,Maharashtra,Retail,3691,2026-02-17
4814,Kritika Nayar,Female,65,3233939326,Ahmedabad,Gujarat,Clinic,4919,2026-06-20
4815,Samaksh Balasubramanian,Male,19,5787192604,Jaipur,Rajasthan,Retail,963,2023-12-04
4816,Warhi Morar,Female,45,5833597659,Jaipur,Rajasthan,Hospital,9830,2024-08-05
4817,Raagini Madan,Female,83,3873046777,Surat,Gujarat,Clinic,6352,2022-10-01
4818,Elijah Batta,Male,72,7235152422,Vadodara,Gujarat,Clinic,6328,2021-11-22
4819,Upkaar Bhakta,Male,67,6761463448,Bengaluru,Karnataka,Retail,6526,2026-05-25
4820,Vincent Basu,Male,26,2610530682,Pune,Maharashtra,Hospital,7108,2022-06-09
4821,Chavvi Subramaniam,Female,60,0830799173,Bengaluru,Karnataka,Retail,5893,2022-06-15
4822,Akshay Rege,Male,59,5043557968,Pune,Maharashtra,Clinic,6555,2026-03-09
4823,Gauri Ghose,Female,21,4358481081,Bengaluru,Karnataka,Clinic,6171,2022-11-20
4824,Raksha Lad,Female,71,0182869566,Ahmedabad,Gujarat,Hospital,5534,2026-03-21
4825,Girindra Saraf,Male,41,5061794275,Jaipur,Rajasthan,Hospital,9027,2023-04-21
4826,Balveer Bali,Male,56,8951870402,Rajkot,Gujarat,Clinic,6255,2025-09-11
4827,Nandini Choudhry,Female,81,8691000821,Delhi,Delhi,Clinic,8253,2025-10-22
4828,Nidhi Deol,Female,50,7701259183,Delhi,Delhi,Retail,4884,2024-12-02
4829,Yashasvi Bhagat,Female,79,8922195900,Jaipur,Rajasthan,Retail,1200,2025-09-14
4830,Mekhala Garde,Female,46,8927517701,Ahmedabad,Gujarat,Retail,996,2025-02-07
4831,Damini Varughese,Female,64,5495840004,Ahmedabad,Gujarat,Hospital,9546,2021-10-28
4832,Darpan Dewan,Male,57,4224460428,Mumbai,Maharashtra,Clinic,617,2024-03-28
4833,Tanmayi Dhingra,Female,57,2238926534,Surat,Gujarat,Clinic,1642,2025-06-16
4834,Maanas Pandit,Male,69,2015543085,Surat,Gujarat,Hospital,4609,2022-03-13
4835,Vasudha Nanda,Female,44,8638293148,Mumbai,Maharashtra,Retail,1090,2025-05-16
4836,Netra Savant,Female,49,1082246053,Ahmedabad,Gujarat,Clinic,8652,2022-05-13
4837,Harini Rau,Female,38,3603062287,Bengaluru,Karnataka,Clinic,2519,2024-01-29
4838,Veer Tiwari,Male,72,7458813324,Ahmedabad,Gujarat,Hospital,5027,2021-09-18
4839,Chanakya Krish,Male,47,2236717415,Pune,Maharashtra,Retail,2953,2023-04-12
4840,Shivansh Banerjee,Male,82,3467016710,Mumbai,Maharashtra,Hospital,5980,2024-01-20
4841,Meera Sankaran,Female,49,1899674883,Rajkot,Gujarat,Hospital,9149,2021-08-09
4842,Elijah Agrawal,Male,28,3707416454,Indore,Madhya Pradesh,Clinic,7825,2022-06-18
4843,Neelima Madan,Female,65,2450074249,Bengaluru,Karnataka,Hospital,8164,2026-06-27
4844,Benjamin Chaudhary,Male,71,2325474368,Ahmedabad,Gujarat,Hospital,9842,2025-06-19
4845,Ronith Chauhan,Male,68,6097580552,Surat,Gujarat,Retail,9721,2023-04-02
4846,Alka Narain,Female,64,5573536634,Ahmedabad,Gujarat,Hospital,4405,2025-02-08
4847,Aarush Chanda,Male,66,1047938690,Bengaluru,Karnataka,Clinic,5630,2026-06-23
4848,Chatresh Ganesan,Male,84,9014254742,Surat,Gujarat,Hospital,3086,2024-12-30
4849,Hardik Deep,Male,37,6693565723,Surat,Gujarat,Clinic,7681,2023-12-21
4850,Farhan Dada,Male,68,8645469467,Bengaluru,Karnataka,Clinic,3914,2025-07-17
4851,Ishani Bir,Female,28,3689110747,Pune,Maharashtra,Clinic,7143,2023-01-28
4852,Pranit Iyengar,Male,78,6373632829,Ahmedabad,Gujarat,Clinic,7878,2022-07-01
4853,Geetika Nayak,Female,56,1882418688,Ahmedabad,Gujarat,Hospital,190,2024-10-03
4854,Hredhaan Setty,Male,44,1989846094,Bengaluru,Karnataka,Clinic,2858,2024-06-05
4855,Maanas Barman,Male,72,8638874620,Pune,Maharashtra,Hospital,2603,2026-04-11
4856,Akshay Dayal,Male,28,6126854244,Delhi,Delhi,Hospital,2785,2022-02-09
4857,Jagvi Merchant,Female,32,8415524036,Surat,Gujarat,Clinic,7746,2026-03-19
4858,Timothy Master,Male,44,0165394527,Indore,Madhya Pradesh,Clinic,8197,2022-12-06
4859,Benjamin Bail,Male,80,6848416642,Pune,Maharashtra,Clinic,9019,2025-05-19
4860,Upadhriti Dewan,Female,30,7828694834,Ahmedabad,Gujarat,Clinic,2865,2021-11-18
4861,Harish Srinivasan,Male,43,7658427327,Indore,Madhya Pradesh,Retail,2844,2026-06-09
4862,Mitali Patla,Female,56,6821458760,Ahmedabad,Gujarat,Clinic,9260,2023-07-18
4863,Onkar Gupta,Male,62,3473276897,Surat,Gujarat,Hospital,8897,2022-11-14
4864,Gaurang Iyengar,Male,77,4889257996,Indore,Madhya Pradesh,Clinic,7502,2023-09-10
4865,Zilmil Palla,Female,27,4349591421,Ahmedabad,Gujarat,Hospital,2512,2026-05-09
4866,Suhani Arya,Female,75,8434507147,Indore,Madhya Pradesh,Retail,1674,2023-07-28
4867,Gaurika Sami,Female,21,9280743820,Surat,Gujarat,Clinic,8443,2021-10-21
4868,Keya Doctor,Female,37,7626178404,Bengaluru,Karnataka,Retail,2862,2024-08-26
4869,Xalak Mane,Female,52,2334255156,Vadodara,Gujarat,Hospital,6120,2026-04-29
4870,Udyati Sood,Female,65,4547319426,Mumbai,Maharashtra,Clinic,9391,2023-10-26
4871,Fitan Singh,Male,49,5907604251,Pune,Maharashtra,Retail,1935,2022-04-09
4872,Dakshesh Bir,Male,49,5229005614,Vadodara,Gujarat,Hospital,5773,2023-06-29
4873,Krishna Luthra,Male,72,4929055686,Bengaluru,Karnataka,Retail,3683,2022-09-10
4874,Indali Saini,Female,84,0464527194,Vadodara,Gujarat,Clinic,6859,2021-11-02
4875,Aryan Saxena,Male,29,4005662431,Bengaluru,Karnataka,Clinic,3637,2022-03-27
4876,Tanay Sahni,Male,20,8008131001,Rajkot,Gujarat,Hospital,3890,2025-10-21
4877,Dhruv Ramachandran,Male,62,9026342948,Vadodara,Gujarat,Retail,5225,2021-08-05
4878,Harrison Balan,Male,20,4344085228,Jaipur,Rajasthan,Clinic,2151,2022-05-02
4879,Balveer Baria,Male,71,0557534045,Delhi,Delhi,Retail,8945,2026-01-04
4880,Vedant Balakrishnan,Male,64,5218660690,Ahmedabad,Gujarat,Clinic,2795,2025-12-05
4881,Bimala Desai,Female,62,5306134575,Jaipur,Rajasthan,Retail,3099,2026-05-28
4882,Jai Yadav,Male,26,5556980225,Delhi,Delhi,Retail,9170,2026-02-14
4883,Varenya Malhotra,Female,69,0039717592,Jaipur,Rajasthan,Clinic,2469,2022-08-22
4884,Robert Srivastava,Male,64,5802512834,Vadodara,Gujarat,Clinic,9214,2025-05-02
4885,Tanvi Palla,Female,82,3436642462,Vadodara,Gujarat,Retail,5318,2026-02-15
4886,Naksh Yohannan,Male,56,1692132063,Delhi,Delhi,Clinic,2115,2021-12-22
4887,Rachana Cherian,Female,38,7947509371,Delhi,Delhi,Clinic,3035,2025-10-31
4888,Arin Sangha,Male,82,2832614097,Mumbai,Maharashtra,Retail,778,2026-01-22
4889,Amara Setty,Female,57,0718877466,Bengaluru,Karnataka,Retail,7974,2025-04-07
4890,Chakradhar Soni,Male,32,0787720152,Surat,Gujarat,Clinic,3299,2023-10-16
4891,Idika Agarwal,Female,64,8722105944,Indore,Madhya Pradesh,Retail,6683,2022-05-13
4892,Udant Ben,Male,63,9477478900,Mumbai,Maharashtra,Retail,1656,2021-12-31
4893,Vidhi Singh,Female,72,4768640892,Mumbai,Maharashtra,Retail,9614,2025-12-14
4894,Chanakya Bhavsar,Male,25,2105847620,Jaipur,Rajasthan,Clinic,8576,2026-03-30
4895,Kai Pandya,Male,62,2142046494,Vadodara,Gujarat,Hospital,5349,2023-03-05
4896,Daniel Sahota,Male,63,1489970630,Delhi,Delhi,Clinic,1682,2022-06-02
4897,Ronith Viswanathan,Male,65,3176822988,Rajkot,Gujarat,Retail,109,2021-08-13
4898,Anika Patel,Female,68,2186540558,Delhi,Delhi,Retail,2916,2021-08-18
4899,Shivansh Hegde,Male,59,3262229034,Vadodara,Gujarat,Hospital,9314,2023-02-27
4900,Michael Trivedi,Male,85,0166797720,Jaipur,Rajasthan,Retail,5184,2024-06-24
4901,Upma Kapadia,Female,62,3431398110,Ahmedabad,Gujarat,Hospital,4618,2022-08-12
4902,Prisha Saxena,Female,41,5435019510,Vadodara,Gujarat,Hospital,6018,2023-09-21
4903,Zayan Jayaraman,Male,72,8150742038,Rajkot,Gujarat,Retail,2213,2024-02-26
4904,Shaurya Uppal,Male,29,3366078761,Pune,Maharashtra,Retail,7309,2026-02-02
4905,Zayan Solanki,Male,19,4238794459,Mumbai,Maharashtra,Retail,5069,2022-04-02
4906,Kevin Dara,Male,21,5471748594,Mumbai,Maharashtra,Clinic,2929,2022-12-16
4907,Harinakshi Palan,Female,54,3383996876,Pune,Maharashtra,Retail,9004,2024-09-30
4908,Nikita Naidu,Female,59,1634607870,Bengaluru,Karnataka,Clinic,1738,2023-04-21
4909,Vansha Srivastava,Female,66,4754630432,Bengaluru,Karnataka,Retail,4219,2025-07-27
4910,Hemal Barad,Female,29,0347482879,Bengaluru,Karnataka,Hospital,7905,2025-09-27
4911,Pahal Mangat,Female,20,0988646895,Surat,Gujarat,Retail,9285,2024-05-05
4912,Gautami Char,Female,44,3045560948,Bengaluru,Karnataka,Retail,2968,2023-12-31
4913,Damyanti Vaidya,Female,36,7753316203,Mumbai,Maharashtra,Hospital,4140,2024-04-19
4914,Pranit Deshpande,Male,29,6649590588,Rajkot,Gujarat,Clinic,1626,2024-05-11
4915,Bimala Swamy,Female,58,7618160154,Ahmedabad,Gujarat,Hospital,1945,2023-10-29
4916,Peter Pingle,Male,30,9599323964,Bengaluru,Karnataka,Clinic,3767,2023-04-03
4917,Yashasvi Dalal,Female,64,1089608325,Ahmedabad,Gujarat,Retail,6238,2022-07-12
4918,Wriddhish Som,Male,80,3337018302,Delhi,Delhi,Hospital,3199,2024-11-23
4919,Veer Upadhyay,Male,78,8023976298,Mumbai,Maharashtra,Retail,2827,2024-10-03
4920,Darpan Dugar,Male,31,4218015456,Bengaluru,Karnataka,Retail,3548,2022-07-21
4921,Yauvani Mahal,Female,85,2926142427,Mumbai,Maharashtra,Clinic,3545,2025-08-29
4922,Ojas Mitra,Male,68,8436721046,Vadodara,Gujarat,Clinic,8196,2021-10-08
4923,Aachal Sastry,Female,79,7379048910,Jaipur,Rajasthan,Retail,6886,2022-02-13
4924,Timothy Khatri,Male,23,4493176931,Indore,Madhya Pradesh,Retail,8476,2025-12-29
4925,Zinal Gaba,Female,36,4715370503,Mumbai,Maharashtra,Clinic,209,2022-05-09
4926,Rishi Upadhyay,Male,77,0821570167,Pune,Maharashtra,Clinic,8555,2022-05-14
4927,Eesha Chhabra,Female,50,7986679853,Vadodara,Gujarat,Clinic,3762,2025-07-27
4928,Veda Borde,Female,66,8242614774,Delhi,Delhi,Clinic,218,2022-07-20
4929,Udant Ahuja,Male,46,3671316353,Surat,Gujarat,Hospital,8178,2026-03-23
4930,Elijah Suresh,Male,27,4785177110,Surat,Gujarat,Clinic,2391,2022-08-15
4931,Aradhana Guha,Female,76,9927664148,Rajkot,Gujarat,Hospital,477,2023-08-13
4932,Manan Mani,Male,58,6648468987,Jaipur,Rajasthan,Hospital,8175,2022-04-06
4933,Siya Manda,Female,83,0184990173,Vadodara,Gujarat,Clinic,6803,2023-08-25
4934,Darpan Randhawa,Male,56,8900029512,Pune,Maharashtra,Clinic,1893,2025-04-09
4935,Jagat Kar,Male,40,4601203931,Pune,Maharashtra,Clinic,7393,2022-06-18
4936,Vanya Shah,Female,22,0905165373,Delhi,Delhi,Clinic,3329,2025-02-02
4937,Naveen Dasgupta,Male,34,7741692180,Surat,Gujarat,Hospital,9521,2022-10-25
4938,Janani Chopra,Female,79,9399970148,Bengaluru,Karnataka,Hospital,4896,2023-04-10
4939,Kevin Chand,Male,42,3067626255,Vadodara,Gujarat,Clinic,290,2023-03-26
4940,Dakshesh Hayer,Male,40,7363059328,Indore,Madhya Pradesh,Clinic,1376,2025-05-04
4941,Caleb Kaul,Male,52,3153738306,Pune,Maharashtra,Clinic,1731,2024-10-10
4942,Dalaja Kaul,Female,59,2423444699,Jaipur,Rajasthan,Clinic,8922,2023-05-23
4943,Azaan Sethi,Male,70,3774521575,Pune,Maharashtra,Clinic,768,2023-07-11
4944,Nisha Parekh,Female,46,5111216653,Jaipur,Rajasthan,Clinic,5122,2023-05-03
4945,Madhavi Manda,Female,44,7396309129,Indore,Madhya Pradesh,Hospital,3617,2023-06-16
4946,Jason Srivastava,Male,59,4406125369,Delhi,Delhi,Retail,4539,2022-01-01
4947,Niharika Natt,Female,44,8755018487,Pune,Maharashtra,Clinic,7075,2026-05-28
4948,Aradhana Amble,Female,25,2493866247,Surat,Gujarat,Retail,2886,2023-10-24
4949,Nikita Dey,Female,19,6966473384,Bengaluru,Karnataka,Retail,9361,2025-04-29
4950,Pavani Mander,Female,78,2243966989,Bengaluru,Karnataka,Clinic,1608,2023-08-17
4951,George Narayanan,Male,75,1877297232,Bengaluru,Karnataka,Clinic,6633,2023-01-28
4952,Lohit Shroff,Male,68,9115672759,Pune,Maharashtra,Retail,2603,2024-04-17
4953,Advika Grewal,Female,21,8959723618,Rajkot,Gujarat,Retail,6986,2023-08-21
4954,Vasudha Gandhi,Female,22,3959714395,Mumbai,Maharashtra,Clinic,4941,2025-04-30
4955,Unni Gokhale,Female,61,0815730218,Ahmedabad,Gujarat,Clinic,4869,2021-12-15
4956,Tanmayi Kalita,Female,59,6152422433,Mumbai,Maharashtra,Hospital,5807,2024-07-04
4957,Gaurang Tandon,Male,36,1672526684,Ahmedabad,Gujarat,Clinic,887,2024-08-03
4958,Nitesh Gaba,Male,57,0337135288,Indore,Madhya Pradesh,Retail,7159,2025-06-24
4959,Vivaan Devan,Male,37,3537485891,Bengaluru,Karnataka,Retail,2876,2023-12-20
4960,Nimrat Amble,Female,74,1384107396,Bengaluru,Karnataka,Retail,3037,2022-09-20
4961,Lohit Baral,Male,46,9270093436,Mumbai,Maharashtra,Retail,2795,2023-06-01
4962,Osha Borde,Female,81,8800933299,Mumbai,Maharashtra,Clinic,6592,2023-09-21
4963,Yadavi Ghose,Female,35,0953684939,Indore,Madhya Pradesh,Clinic,6034,2024-05-22
4964,David Chandra,Male,23,7291311593,Delhi,Delhi,Retail,8074,2023-11-01
4965,Theodore Kakar,Male,56,3760203906,Delhi,Delhi,Clinic,7470,2022-10-11
4966,Henry Bakshi,Male,62,3682988599,Bengaluru,Karnataka,Clinic,836,2025-02-03
4967,Samesh Sen,Male,85,9128559322,Indore,Madhya Pradesh,Clinic,9929,2021-09-20
4968,Daksha Kale,Female,39,3804908597,Pune,Maharashtra,Clinic,656,2026-05-15
4969,Luke Ramanathan,Male,52,0022802505,Surat,Gujarat,Hospital,9215,2026-06-26
4970,Samuel Saxena,Male,30,1652987357,Indore,Madhya Pradesh,Hospital,6321,2022-11-15
4971,Indali Vala,Female,69,5036858467,Surat,Gujarat,Clinic,4642,2022-07-24
4972,Ekantika Nigam,Female,63,0850547996,Surat,Gujarat,Clinic,7158,2026-03-11
4973,Aadi Nayar,Male,72,8552258104,Pune,Maharashtra,Clinic,9296,2024-05-31
4974,Kiaan Jani,Male,24,6221048704,Delhi,Delhi,Clinic,519,2023-06-20
4975,Yashvi Sagar,Female,69,6665149709,Delhi,Delhi,Clinic,1180,2024-07-13
4976,Laban Ben,Male,21,2267790270,Ahmedabad,Gujarat,Retail,8710,2024-11-18
4977,Arjun Chaudhuri,Male,81,9941363203,Delhi,Delhi,Hospital,8138,2022-10-09
4978,Geetika Dubey,Female,35,7644865302,Delhi,Delhi,Hospital,5123,2024-09-19
4979,Saksham Sahota,Male,71,6357740373,Pune,Maharashtra,Retail,1789,2025-11-27
4980,Nisha Naidu,Female,26,4941194047,Bengaluru,Karnataka,Clinic,679,2023-07-13
4981,Aarnav Mitra,Male,53,6793916196,Bengaluru,Karnataka,Retail,3567,2024-05-14
4982,Joshua Kuruvilla,Male,58,9165899688,Mumbai,Maharashtra,Retail,8072,2025-09-06
4983,Lakshmi Maharaj,Female,25,1008831902,Surat,Gujarat,Retail,5331,2023-12-24
4984,Neha Munshi,Female,71,6324391264,Bengaluru,Karnataka,Retail,7698,2023-09-15
4985,Wazir Ghosh,Male,83,2407300444,Ahmedabad,Gujarat,Clinic,6881,2023-12-03
4986,Onveer Nagi,Male,23,2222654106,Delhi,Delhi,Retail,4361,2022-03-07
4987,Ganga Thakur,Female,35,5748163614,Vadodara,Gujarat,Hospital,4881,2024-06-10
4988,Xiti Mandal,Female,65,9180402034,Pune,Maharashtra,Retail,6041,2023-09-09
4989,Priya Nagy,Female,48,2395311653,Vadodara,Gujarat,Clinic,8561,2024-10-03
4990,Oliver Sahni,Male,78,0380054426,Surat,Gujarat,Clinic,5587,2022-06-09
4991,Banjeet Desai,Male,76,6556009670,Ahmedabad,Gujarat,Retail,6017,2026-03-16
4992,Faraj Chander,Male,40,0473652730,Delhi,Delhi,Clinic,1829,2023-02-22
4993,Chakrika Ghose,Female,48,1440459141,Pune,Maharashtra,Clinic,8586,2025-02-10
4994,Imaran Narang,Male,26,8248937109,Vadodara,Gujarat,Hospital,9810,2025-07-12
4995,Brijesh Shanker,Male,79,9576754079,Mumbai,Maharashtra,Clinic,8060,2026-03-15
4996,Jonathan Bava,Male,51,3718998255,Pune,Maharashtra,Retail,9057,2024-05-02
4997,Krisha Manda,Female,65,2873579327,Delhi,Delhi,Clinic,2595,2024-09-30
4998,Chandani Brar,Female,34,5188466634,Delhi,Delhi,Hospital,7922,2023-09-19
4999,Hemal Date,Female,46,0505192153,Delhi,Delhi,Retail,8643,2023-11-21
5000,Yauvani Uppal,Female,61,6695121169,Bengaluru,Karnataka,Hospital,4377,2024-03-20
