Date_Key,Date,Day,Month,Month_No,Quarter,Year,Week,Fiscal_Year
20230101,2023-01-01,Sunday,January,1,Q1,2023,52,FY2023
20230102,2023-01-02,Monday,January,1,Q1,2023,1,FY2023
20230103,2023-01-03,Tuesday,January,1,Q1,2023,1,FY2023
20230104,2023-01-04,Wednesday,January,1,Q1,2023,1,FY2023
20230105,2023-01-05,Thursday,January,1,Q1,2023,1,FY2023
20230106,2023-01-06,Friday,January,1,Q1,2023,1,FY2023
20230107,2023-01-07,Saturday,January,1,Q1,2023,1,FY2023
20230108,2023-01-08,Sunday,January,1,Q1,2023,1,FY2023
20230109,2023-01-09,Monday,January,1,Q1,2023,2,FY2023
20230110,2023-01-10,Tuesday,January,1,Q1,2023,2,FY2023
20230111,2023-01-11,Wednesday,January,1,Q1,2023,2,FY2023
20230112,2023-01-12,Thursday,January,1,Q1,2023,2,FY2023
20230113,2023-01-13,Friday,January,1,Q1,2023,2,FY2023
20230114,2023-01-14,Saturday,January,1,Q1,2023,2,FY2023
20230115,2023-01-15,Sunday,January,1,Q1,2023,2,FY2023
20230116,2023-01-16,Monday,January,1,Q1,2023,3,FY2023
20230117,2023-01-17,Tuesday,January,1,Q1,2023,3,FY2023
20230118,2023-01-18,Wednesday,January,1,Q1,2023,3,FY2023
20230119,2023-01-19,Thursday,January,1,Q1,2023,3,FY2023
20230120,2023-01-20,Friday,January,1,Q1,2023,3,FY2023
20230121,2023-01-21,Saturday,January,1,Q1,2023,3,FY2023
20230122,2023-01-22,Sunday,January,1,Q1,2023,3,FY2023
20230123,2023-01-23,Monday,January,1,Q1,2023,4,FY2023
20230124,2023-01-24,Tuesday,January,1,Q1,2023,4,FY2023
20230125,2023-01-25,Wednesday,January,1,Q1,2023,4,FY2023
20230126,2023-01-26,Thursday,January,1,Q1,2023,4,FY2023
20230127,2023-01-27,Friday,January,1,Q1,2023,4,FY2023
20230128,2023-01-28,Saturday,January,1,Q1,2023,4,FY2023
20230129,2023-01-29,Sunday,January,1,Q1,2023,4,FY2023
20230130,2023-01-30,Monday,January,1,Q1,2023,5,FY2023
20230131,2023-01-31,Tuesday,January,1,Q1,2023,5,FY2023
20230201,2023-02-01,Wednesday,February,2,Q1,2023,5,FY2023
20230202,2023-02-02,Thursday,February,2,Q1,2023,5,FY2023
20230203,2023-02-03,Friday,February,2,Q1,2023,5,FY2023
20230204,2023-02-04,Saturday,February,2,Q1,2023,5,FY2023
20230205,2023-02-05,Sunday,February,2,Q1,2023,5,FY2023
20230206,2023-02-06,Monday,February,2,Q1,2023,6,FY2023
20230207,2023-02-07,Tuesday,February,2,Q1,2023,6,FY2023
20230208,2023-02-08,Wednesday,February,2,Q1,2023,6,FY2023
20230209,2023-02-09,Thursday,February,2,Q1,2023,6,FY2023
20230210,2023-02-10,Friday,February,2,Q1,2023,6,FY2023
20230211,2023-02-11,Saturday,February,2,Q1,2023,6,FY2023
20230212,2023-02-12,Sunday,February,2,Q1,2023,6,FY2023
20230213,2023-02-13,Monday,February,2,Q1,2023,7,FY2023
20230214,2023-02-14,Tuesday,February,2,Q1,2023,7,FY2023
20230215,2023-02-15,Wednesday,February,2,Q1,2023,7,FY2023
20230216,2023-02-16,Thursday,February,2,Q1,2023,7,FY2023
20230217,2023-02-17,Friday,February,2,Q1,2023,7,FY2023
20230218,2023-02-18,Saturday,February,2,Q1,2023,7,FY2023
20230219,2023-02-19,Sunday,February,2,Q1,2023,7,FY2023
20230220,2023-02-20,Monday,February,2,Q1,2023,8,FY2023
20230221,2023-02-21,Tuesday,February,2,Q1,2023,8,FY2023
20230222,2023-02-22,Wednesday,February,2,Q1,2023,8,FY2023
20230223,2023-02-23,Thursday,February,2,Q1,2023,8,FY2023
20230224,2023-02-24,Friday,February,2,Q1,2023,8,FY2023
20230225,2023-02-25,Saturday,February,2,Q1,2023,8,FY2023
20230226,2023-02-26,Sunday,February,2,Q1,2023,8,FY2023
20230227,2023-02-27,Monday,February,2,Q1,2023,9,FY2023
20230228,2023-02-28,Tuesday,February,2,Q1,2023,9,FY2023
20230301,2023-03-01,Wednesday,March,3,Q1,2023,9,FY2023
20230302,2023-03-02,Thursday,March,3,Q1,2023,9,FY2023
20230303,2023-03-03,Friday,March,3,Q1,2023,9,FY2023
20230304,2023-03-04,Saturday,March,3,Q1,2023,9,FY2023
20230305,2023-03-05,Sunday,March,3,Q1,2023,9,FY2023
20230306,2023-03-06,Monday,March,3,Q1,2023,10,FY2023
20230307,2023-03-07,Tuesday,March,3,Q1,2023,10,FY2023
20230308,2023-03-08,Wednesday,March,3,Q1,2023,10,FY2023
20230309,2023-03-09,Thursday,March,3,Q1,2023,10,FY2023
20230310,2023-03-10,Friday,March,3,Q1,2023,10,FY2023
20230311,2023-03-11,Saturday,March,3,Q1,2023,10,FY2023
20230312,2023-03-12,Sunday,March,3,Q1,2023,10,FY2023
20230313,2023-03-13,Monday,March,3,Q1,2023,11,FY2023
20230314,2023-03-14,Tuesday,March,3,Q1,2023,11,FY2023
20230315,2023-03-15,Wednesday,March,3,Q1,2023,11,FY2023
20230316,2023-03-16,Thursday,March,3,Q1,2023,11,FY2023
20230317,2023-03-17,Friday,March,3,Q1,2023,11,FY2023
20230318,2023-03-18,Saturday,March,3,Q1,2023,11,FY2023
20230319,2023-03-19,Sunday,March,3,Q1,2023,11,FY2023
20230320,2023-03-20,Monday,March,3,Q1,2023,12,FY2023
20230321,2023-03-21,Tuesday,March,3,Q1,2023,12,FY2023
20230322,2023-03-22,Wednesday,March,3,Q1,2023,12,FY2023
20230323,2023-03-23,Thursday,March,3,Q1,2023,12,FY2023
20230324,2023-03-24,Friday,March,3,Q1,2023,12,FY2023
20230325,2023-03-25,Saturday,March,3,Q1,2023,12,FY2023
20230326,2023-03-26,Sunday,March,3,Q1,2023,12,FY2023
20230327,2023-03-27,Monday,March,3,Q1,2023,13,FY2023
20230328,2023-03-28,Tuesday,March,3,Q1,2023,13,FY2023
20230329,2023-03-29,Wednesday,March,3,Q1,2023,13,FY2023
20230330,2023-03-30,Thursday,March,3,Q1,2023,13,FY2023
20230331,2023-03-31,Friday,March,3,Q1,2023,13,FY2023
20230401,2023-04-01,Saturday,April,4,Q2,2023,13,FY2023
20230402,2023-04-02,Sunday,April,4,Q2,2023,13,FY2023
20230403,2023-04-03,Monday,April,4,Q2,2023,14,FY2023
20230404,2023-04-04,Tuesday,April,4,Q2,2023,14,FY2023
20230405,2023-04-05,Wednesday,April,4,Q2,2023,14,FY2023
20230406,2023-04-06,Thursday,April,4,Q2,2023,14,FY2023
20230407,2023-04-07,Friday,April,4,Q2,2023,14,FY2023
20230408,2023-04-08,Saturday,April,4,Q2,2023,14,FY2023
20230409,2023-04-09,Sunday,April,4,Q2,2023,14,FY2023
20230410,2023-04-10,Monday,April,4,Q2,2023,15,FY2023
20230411,2023-04-11,Tuesday,April,4,Q2,2023,15,FY2023
20230412,2023-04-12,Wednesday,April,4,Q2,2023,15,FY2023
20230413,2023-04-13,Thursday,April,4,Q2,2023,15,FY2023
20230414,2023-04-14,Friday,April,4,Q2,2023,15,FY2023
20230415,2023-04-15,Saturday,April,4,Q2,2023,15,FY2023
20230416,2023-04-16,Sunday,April,4,Q2,2023,15,FY2023
20230417,2023-04-17,Monday,April,4,Q2,2023,16,FY2023
20230418,2023-04-18,Tuesday,April,4,Q2,2023,16,FY2023
20230419,2023-04-19,Wednesday,April,4,Q2,2023,16,FY2023
20230420,2023-04-20,Thursday,April,4,Q2,2023,16,FY2023
20230421,2023-04-21,Friday,April,4,Q2,2023,16,FY2023
20230422,2023-04-22,Saturday,April,4,Q2,2023,16,FY2023
20230423,2023-04-23,Sunday,April,4,Q2,2023,16,FY2023
20230424,2023-04-24,Monday,April,4,Q2,2023,17,FY2023
20230425,2023-04-25,Tuesday,April,4,Q2,2023,17,FY2023
20230426,2023-04-26,Wednesday,April,4,Q2,2023,17,FY2023
20230427,2023-04-27,Thursday,April,4,Q2,2023,17,FY2023
20230428,2023-04-28,Friday,April,4,Q2,2023,17,FY2023
20230429,2023-04-29,Saturday,April,4,Q2,2023,17,FY2023
20230430,2023-04-30,Sunday,April,4,Q2,2023,17,FY2023
20230501,2023-05-01,Monday,May,5,Q2,2023,18,FY2023
20230502,2023-05-02,Tuesday,May,5,Q2,2023,18,FY2023
20230503,2023-05-03,Wednesday,May,5,Q2,2023,18,FY2023
20230504,2023-05-04,Thursday,May,5,Q2,2023,18,FY2023
20230505,2023-05-05,Friday,May,5,Q2,2023,18,FY2023
20230506,2023-05-06,Saturday,May,5,Q2,2023,18,FY2023
20230507,2023-05-07,Sunday,May,5,Q2,2023,18,FY2023
20230508,2023-05-08,Monday,May,5,Q2,2023,19,FY2023
20230509,2023-05-09,Tuesday,May,5,Q2,2023,19,FY2023
20230510,2023-05-10,Wednesday,May,5,Q2,2023,19,FY2023
20230511,2023-05-11,Thursday,May,5,Q2,2023,19,FY2023
20230512,2023-05-12,Friday,May,5,Q2,2023,19,FY2023
20230513,2023-05-13,Saturday,May,5,Q2,2023,19,FY2023
20230514,2023-05-14,Sunday,May,5,Q2,2023,19,FY2023
20230515,2023-05-15,Monday,May,5,Q2,2023,20,FY2023
20230516,2023-05-16,Tuesday,May,5,Q2,2023,20,FY2023
20230517,2023-05-17,Wednesday,May,5,Q2,2023,20,FY2023
20230518,2023-05-18,Thursday,May,5,Q2,2023,20,FY2023
20230519,2023-05-19,Friday,May,5,Q2,2023,20,FY2023
20230520,2023-05-20,Saturday,May,5,Q2,2023,20,FY2023
20230521,2023-05-21,Sunday,May,5,Q2,2023,20,FY2023
20230522,2023-05-22,Monday,May,5,Q2,2023,21,FY2023
20230523,2023-05-23,Tuesday,May,5,Q2,2023,21,FY2023
20230524,2023-05-24,Wednesday,May,5,Q2,2023,21,FY2023
20230525,2023-05-25,Thursday,May,5,Q2,2023,21,FY2023
20230526,2023-05-26,Friday,May,5,Q2,2023,21,FY2023
20230527,2023-05-27,Saturday,May,5,Q2,2023,21,FY2023
20230528,2023-05-28,Sunday,May,5,Q2,2023,21,FY2023
20230529,2023-05-29,Monday,May,5,Q2,2023,22,FY2023
20230530,2023-05-30,Tuesday,May,5,Q2,2023,22,FY2023
20230531,2023-05-31,Wednesday,May,5,Q2,2023,22,FY2023
20230601,2023-06-01,Thursday,June,6,Q2,2023,22,FY2023
20230602,2023-06-02,Friday,June,6,Q2,2023,22,FY2023
20230603,2023-06-03,Saturday,June,6,Q2,2023,22,FY2023
20230604,2023-06-04,Sunday,June,6,Q2,2023,22,FY2023
20230605,2023-06-05,Monday,June,6,Q2,2023,23,FY2023
20230606,2023-06-06,Tuesday,June,6,Q2,2023,23,FY2023
20230607,2023-06-07,Wednesday,June,6,Q2,2023,23,FY2023
20230608,2023-06-08,Thursday,June,6,Q2,2023,23,FY2023
20230609,2023-06-09,Friday,June,6,Q2,2023,23,FY2023
20230610,2023-06-10,Saturday,June,6,Q2,2023,23,FY2023
20230611,2023-06-11,Sunday,June,6,Q2,2023,23,FY2023
20230612,2023-06-12,Monday,June,6,Q2,2023,24,FY2023
20230613,2023-06-13,Tuesday,June,6,Q2,2023,24,FY2023
20230614,2023-06-14,Wednesday,June,6,Q2,2023,24,FY2023
20230615,2023-06-15,Thursday,June,6,Q2,2023,24,FY2023
20230616,2023-06-16,Friday,June,6,Q2,2023,24,FY2023
20230617,2023-06-17,Saturday,June,6,Q2,2023,24,FY2023
20230618,2023-06-18,Sunday,June,6,Q2,2023,24,FY2023
20230619,2023-06-19,Monday,June,6,Q2,2023,25,FY2023
20230620,2023-06-20,Tuesday,June,6,Q2,2023,25,FY2023
20230621,2023-06-21,Wednesday,June,6,Q2,2023,25,FY2023
20230622,2023-06-22,Thursday,June,6,Q2,2023,25,FY2023
20230623,2023-06-23,Friday,June,6,Q2,2023,25,FY2023
20230624,2023-06-24,Saturday,June,6,Q2,2023,25,FY2023
20230625,2023-06-25,Sunday,June,6,Q2,2023,25,FY2023
20230626,2023-06-26,Monday,June,6,Q2,2023,26,FY2023
20230627,2023-06-27,Tuesday,June,6,Q2,2023,26,FY2023
20230628,2023-06-28,Wednesday,June,6,Q2,2023,26,FY2023
20230629,2023-06-29,Thursday,June,6,Q2,2023,26,FY2023
20230630,2023-06-30,Friday,June,6,Q2,2023,26,FY2023
20230701,2023-07-01,Saturday,July,7,Q3,2023,26,FY2023
20230702,2023-07-02,Sunday,July,7,Q3,2023,26,FY2023
20230703,2023-07-03,Monday,July,7,Q3,2023,27,FY2023
20230704,2023-07-04,Tuesday,July,7,Q3,2023,27,FY2023
20230705,2023-07-05,Wednesday,July,7,Q3,2023,27,FY2023
20230706,2023-07-06,Thursday,July,7,Q3,2023,27,FY2023
20230707,2023-07-07,Friday,July,7,Q3,2023,27,FY2023
20230708,2023-07-08,Saturday,July,7,Q3,2023,27,FY2023
20230709,2023-07-09,Sunday,July,7,Q3,2023,27,FY2023
20230710,2023-07-10,Monday,July,7,Q3,2023,28,FY2023
20230711,2023-07-11,Tuesday,July,7,Q3,2023,28,FY2023
20230712,2023-07-12,Wednesday,July,7,Q3,2023,28,FY2023
20230713,2023-07-13,Thursday,July,7,Q3,2023,28,FY2023
20230714,2023-07-14,Friday,July,7,Q3,2023,28,FY2023
20230715,2023-07-15,Saturday,July,7,Q3,2023,28,FY2023
20230716,2023-07-16,Sunday,July,7,Q3,2023,28,FY2023
20230717,2023-07-17,Monday,July,7,Q3,2023,29,FY2023
20230718,2023-07-18,Tuesday,July,7,Q3,2023,29,FY2023
20230719,2023-07-19,Wednesday,July,7,Q3,2023,29,FY2023
20230720,2023-07-20,Thursday,July,7,Q3,2023,29,FY2023
20230721,2023-07-21,Friday,July,7,Q3,2023,29,FY2023
20230722,2023-07-22,Saturday,July,7,Q3,2023,29,FY2023
20230723,2023-07-23,Sunday,July,7,Q3,2023,29,FY2023
20230724,2023-07-24,Monday,July,7,Q3,2023,30,FY2023
20230725,2023-07-25,Tuesday,July,7,Q3,2023,30,FY2023
20230726,2023-07-26,Wednesday,July,7,Q3,2023,30,FY2023
20230727,2023-07-27,Thursday,July,7,Q3,2023,30,FY2023
20230728,2023-07-28,Friday,July,7,Q3,2023,30,FY2023
20230729,2023-07-29,Saturday,July,7,Q3,2023,30,FY2023
20230730,2023-07-30,Sunday,July,7,Q3,2023,30,FY2023
20230731,2023-07-31,Monday,July,7,Q3,2023,31,FY2023
20230801,2023-08-01,Tuesday,August,8,Q3,2023,31,FY2023
20230802,2023-08-02,Wednesday,August,8,Q3,2023,31,FY2023
20230803,2023-08-03,Thursday,August,8,Q3,2023,31,FY2023
20230804,2023-08-04,Friday,August,8,Q3,2023,31,FY2023
20230805,2023-08-05,Saturday,August,8,Q3,2023,31,FY2023
20230806,2023-08-06,Sunday,August,8,Q3,2023,31,FY2023
20230807,2023-08-07,Monday,August,8,Q3,2023,32,FY2023
20230808,2023-08-08,Tuesday,August,8,Q3,2023,32,FY2023
20230809,2023-08-09,Wednesday,August,8,Q3,2023,32,FY2023
20230810,2023-08-10,Thursday,August,8,Q3,2023,32,FY2023
20230811,2023-08-11,Friday,August,8,Q3,2023,32,FY2023
20230812,2023-08-12,Saturday,August,8,Q3,2023,32,FY2023
20230813,2023-08-13,Sunday,August,8,Q3,2023,32,FY2023
20230814,2023-08-14,Monday,August,8,Q3,2023,33,FY2023
20230815,2023-08-15,Tuesday,August,8,Q3,2023,33,FY2023
20230816,2023-08-16,Wednesday,August,8,Q3,2023,33,FY2023
20230817,2023-08-17,Thursday,August,8,Q3,2023,33,FY2023
20230818,2023-08-18,Friday,August,8,Q3,2023,33,FY2023
20230819,2023-08-19,Saturday,August,8,Q3,2023,33,FY2023
20230820,2023-08-20,Sunday,August,8,Q3,2023,33,FY2023
20230821,2023-08-21,Monday,August,8,Q3,2023,34,FY2023
20230822,2023-08-22,Tuesday,August,8,Q3,2023,34,FY2023
20230823,2023-08-23,Wednesday,August,8,Q3,2023,34,FY2023
20230824,2023-08-24,Thursday,August,8,Q3,2023,34,FY2023
20230825,2023-08-25,Friday,August,8,Q3,2023,34,FY2023
20230826,2023-08-26,Saturday,August,8,Q3,2023,34,FY2023
20230827,2023-08-27,Sunday,August,8,Q3,2023,34,FY2023
20230828,2023-08-28,Monday,August,8,Q3,2023,35,FY2023
20230829,2023-08-29,Tuesday,August,8,Q3,2023,35,FY2023
20230830,2023-08-30,Wednesday,August,8,Q3,2023,35,FY2023
20230831,2023-08-31,Thursday,August,8,Q3,2023,35,FY2023
20230901,2023-09-01,Friday,September,9,Q3,2023,35,FY2023
20230902,2023-09-02,Saturday,September,9,Q3,2023,35,FY2023
20230903,2023-09-03,Sunday,September,9,Q3,2023,35,FY2023
20230904,2023-09-04,Monday,September,9,Q3,2023,36,FY2023
20230905,2023-09-05,Tuesday,September,9,Q3,2023,36,FY2023
20230906,2023-09-06,Wednesday,September,9,Q3,2023,36,FY2023
20230907,2023-09-07,Thursday,September,9,Q3,2023,36,FY2023
20230908,2023-09-08,Friday,September,9,Q3,2023,36,FY2023
20230909,2023-09-09,Saturday,September,9,Q3,2023,36,FY2023
20230910,2023-09-10,Sunday,September,9,Q3,2023,36,FY2023
20230911,2023-09-11,Monday,September,9,Q3,2023,37,FY2023
20230912,2023-09-12,Tuesday,September,9,Q3,2023,37,FY2023
20230913,2023-09-13,Wednesday,September,9,Q3,2023,37,FY2023
20230914,2023-09-14,Thursday,September,9,Q3,2023,37,FY2023
20230915,2023-09-15,Friday,September,9,Q3,2023,37,FY2023
20230916,2023-09-16,Saturday,September,9,Q3,2023,37,FY2023
20230917,2023-09-17,Sunday,September,9,Q3,2023,37,FY2023
20230918,2023-09-18,Monday,September,9,Q3,2023,38,FY2023
20230919,2023-09-19,Tuesday,September,9,Q3,2023,38,FY2023
20230920,2023-09-20,Wednesday,September,9,Q3,2023,38,FY2023
20230921,2023-09-21,Thursday,September,9,Q3,2023,38,FY2023
20230922,2023-09-22,Friday,September,9,Q3,2023,38,FY2023
20230923,2023-09-23,Saturday,September,9,Q3,2023,38,FY2023
20230924,2023-09-24,Sunday,September,9,Q3,2023,38,FY2023
20230925,2023-09-25,Monday,September,9,Q3,2023,39,FY2023
20230926,2023-09-26,Tuesday,September,9,Q3,2023,39,FY2023
20230927,2023-09-27,Wednesday,September,9,Q3,2023,39,FY2023
20230928,2023-09-28,Thursday,September,9,Q3,2023,39,FY2023
20230929,2023-09-29,Friday,September,9,Q3,2023,39,FY2023
20230930,2023-09-30,Saturday,September,9,Q3,2023,39,FY2023
20231001,2023-10-01,Sunday,October,10,Q4,2023,39,FY2023
20231002,2023-10-02,Monday,October,10,Q4,2023,40,FY2023
20231003,2023-10-03,Tuesday,October,10,Q4,2023,40,FY2023
20231004,2023-10-04,Wednesday,October,10,Q4,2023,40,FY2023
20231005,2023-10-05,Thursday,October,10,Q4,2023,40,FY2023
20231006,2023-10-06,Friday,October,10,Q4,2023,40,FY2023
20231007,2023-10-07,Saturday,October,10,Q4,2023,40,FY2023
20231008,2023-10-08,Sunday,October,10,Q4,2023,40,FY2023
20231009,2023-10-09,Monday,October,10,Q4,2023,41,FY2023
20231010,2023-10-10,Tuesday,October,10,Q4,2023,41,FY2023
20231011,2023-10-11,Wednesday,October,10,Q4,2023,41,FY2023
20231012,2023-10-12,Thursday,October,10,Q4,2023,41,FY2023
20231013,2023-10-13,Friday,October,10,Q4,2023,41,FY2023
20231014,2023-10-14,Saturday,October,10,Q4,2023,41,FY2023
20231015,2023-10-15,Sunday,October,10,Q4,2023,41,FY2023
20231016,2023-10-16,Monday,October,10,Q4,2023,42,FY2023
20231017,2023-10-17,Tuesday,October,10,Q4,2023,42,FY2023
20231018,2023-10-18,Wednesday,October,10,Q4,2023,42,FY2023
20231019,2023-10-19,Thursday,October,10,Q4,2023,42,FY2023
20231020,2023-10-20,Friday,October,10,Q4,2023,42,FY2023
20231021,2023-10-21,Saturday,October,10,Q4,2023,42,FY2023
20231022,2023-10-22,Sunday,October,10,Q4,2023,42,FY2023
20231023,2023-10-23,Monday,October,10,Q4,2023,43,FY2023
20231024,2023-10-24,Tuesday,October,10,Q4,2023,43,FY2023
20231025,2023-10-25,Wednesday,October,10,Q4,2023,43,FY2023
20231026,2023-10-26,Thursday,October,10,Q4,2023,43,FY2023
20231027,2023-10-27,Friday,October,10,Q4,2023,43,FY2023
20231028,2023-10-28,Saturday,October,10,Q4,2023,43,FY2023
20231029,2023-10-29,Sunday,October,10,Q4,2023,43,FY2023
20231030,2023-10-30,Monday,October,10,Q4,2023,44,FY2023
20231031,2023-10-31,Tuesday,October,10,Q4,2023,44,FY2023
20231101,2023-11-01,Wednesday,November,11,Q4,2023,44,FY2023
20231102,2023-11-02,Thursday,November,11,Q4,2023,44,FY2023
20231103,2023-11-03,Friday,November,11,Q4,2023,44,FY2023
20231104,2023-11-04,Saturday,November,11,Q4,2023,44,FY2023
20231105,2023-11-05,Sunday,November,11,Q4,2023,44,FY2023
20231106,2023-11-06,Monday,November,11,Q4,2023,45,FY2023
20231107,2023-11-07,Tuesday,November,11,Q4,2023,45,FY2023
20231108,2023-11-08,Wednesday,November,11,Q4,2023,45,FY2023
20231109,2023-11-09,Thursday,November,11,Q4,2023,45,FY2023
20231110,2023-11-10,Friday,November,11,Q4,2023,45,FY2023
20231111,2023-11-11,Saturday,November,11,Q4,2023,45,FY2023
20231112,2023-11-12,Sunday,November,11,Q4,2023,45,FY2023
20231113,2023-11-13,Monday,November,11,Q4,2023,46,FY2023
20231114,2023-11-14,Tuesday,November,11,Q4,2023,46,FY2023
20231115,2023-11-15,Wednesday,November,11,Q4,2023,46,FY2023
20231116,2023-11-16,Thursday,November,11,Q4,2023,46,FY2023
20231117,2023-11-17,Friday,November,11,Q4,2023,46,FY2023
20231118,2023-11-18,Saturday,November,11,Q4,2023,46,FY2023
20231119,2023-11-19,Sunday,November,11,Q4,2023,46,FY2023
20231120,2023-11-20,Monday,November,11,Q4,2023,47,FY2023
20231121,2023-11-21,Tuesday,November,11,Q4,2023,47,FY2023
20231122,2023-11-22,Wednesday,November,11,Q4,2023,47,FY2023
20231123,2023-11-23,Thursday,November,11,Q4,2023,47,FY2023
20231124,2023-11-24,Friday,November,11,Q4,2023,47,FY2023
20231125,2023-11-25,Saturday,November,11,Q4,2023,47,FY2023
20231126,2023-11-26,Sunday,November,11,Q4,2023,47,FY2023
20231127,2023-11-27,Monday,November,11,Q4,2023,48,FY2023
20231128,2023-11-28,Tuesday,November,11,Q4,2023,48,FY2023
20231129,2023-11-29,Wednesday,November,11,Q4,2023,48,FY2023
20231130,2023-11-30,Thursday,November,11,Q4,2023,48,FY2023
20231201,2023-12-01,Friday,December,12,Q4,2023,48,FY2023
20231202,2023-12-02,Saturday,December,12,Q4,2023,48,FY2023
20231203,2023-12-03,Sunday,December,12,Q4,2023,48,FY2023
20231204,2023-12-04,Monday,December,12,Q4,2023,49,FY2023
20231205,2023-12-05,Tuesday,December,12,Q4,2023,49,FY2023
20231206,2023-12-06,Wednesday,December,12,Q4,2023,49,FY2023
20231207,2023-12-07,Thursday,December,12,Q4,2023,49,FY2023
20231208,2023-12-08,Friday,December,12,Q4,2023,49,FY2023
20231209,2023-12-09,Saturday,December,12,Q4,2023,49,FY2023
20231210,2023-12-10,Sunday,December,12,Q4,2023,49,FY2023
20231211,2023-12-11,Monday,December,12,Q4,2023,50,FY2023
20231212,2023-12-12,Tuesday,December,12,Q4,2023,50,FY2023
20231213,2023-12-13,Wednesday,December,12,Q4,2023,50,FY2023
20231214,2023-12-14,Thursday,December,12,Q4,2023,50,FY2023
20231215,2023-12-15,Friday,December,12,Q4,2023,50,FY2023
20231216,2023-12-16,Saturday,December,12,Q4,2023,50,FY2023
20231217,2023-12-17,Sunday,December,12,Q4,2023,50,FY2023
20231218,2023-12-18,Monday,December,12,Q4,2023,51,FY2023
20231219,2023-12-19,Tuesday,December,12,Q4,2023,51,FY2023
20231220,2023-12-20,Wednesday,December,12,Q4,2023,51,FY2023
20231221,2023-12-21,Thursday,December,12,Q4,2023,51,FY2023
20231222,2023-12-22,Friday,December,12,Q4,2023,51,FY2023
20231223,2023-12-23,Saturday,December,12,Q4,2023,51,FY2023
20231224,2023-12-24,Sunday,December,12,Q4,2023,51,FY2023
20231225,2023-12-25,Monday,December,12,Q4,2023,52,FY2023
20231226,2023-12-26,Tuesday,December,12,Q4,2023,52,FY2023
20231227,2023-12-27,Wednesday,December,12,Q4,2023,52,FY2023
20231228,2023-12-28,Thursday,December,12,Q4,2023,52,FY2023
20231229,2023-12-29,Friday,December,12,Q4,2023,52,FY2023
20231230,2023-12-30,Saturday,December,12,Q4,2023,52,FY2023
20231231,2023-12-31,Sunday,December,12,Q4,2023,52,FY2023
20240101,2024-01-01,Monday,January,1,Q1,2024,1,FY2024
20240102,2024-01-02,Tuesday,January,1,Q1,2024,1,FY2024
20240103,2024-01-03,Wednesday,January,1,Q1,2024,1,FY2024
20240104,2024-01-04,Thursday,January,1,Q1,2024,1,FY2024
20240105,2024-01-05,Friday,January,1,Q1,2024,1,FY2024
20240106,2024-01-06,Saturday,January,1,Q1,2024,1,FY2024
20240107,2024-01-07,Sunday,January,1,Q1,2024,1,FY2024
20240108,2024-01-08,Monday,January,1,Q1,2024,2,FY2024
20240109,2024-01-09,Tuesday,January,1,Q1,2024,2,FY2024
20240110,2024-01-10,Wednesday,January,1,Q1,2024,2,FY2024
20240111,2024-01-11,Thursday,January,1,Q1,2024,2,FY2024
20240112,2024-01-12,Friday,January,1,Q1,2024,2,FY2024
20240113,2024-01-13,Saturday,January,1,Q1,2024,2,FY2024
20240114,2024-01-14,Sunday,January,1,Q1,2024,2,FY2024
20240115,2024-01-15,Monday,January,1,Q1,2024,3,FY2024
20240116,2024-01-16,Tuesday,January,1,Q1,2024,3,FY2024
20240117,2024-01-17,Wednesday,January,1,Q1,2024,3,FY2024
20240118,2024-01-18,Thursday,January,1,Q1,2024,3,FY2024
20240119,2024-01-19,Friday,January,1,Q1,2024,3,FY2024
20240120,2024-01-20,Saturday,January,1,Q1,2024,3,FY2024
20240121,2024-01-21,Sunday,January,1,Q1,2024,3,FY2024
20240122,2024-01-22,Monday,January,1,Q1,2024,4,FY2024
20240123,2024-01-23,Tuesday,January,1,Q1,2024,4,FY2024
20240124,2024-01-24,Wednesday,January,1,Q1,2024,4,FY2024
20240125,2024-01-25,Thursday,January,1,Q1,2024,4,FY2024
20240126,2024-01-26,Friday,January,1,Q1,2024,4,FY2024
20240127,2024-01-27,Saturday,January,1,Q1,2024,4,FY2024
20240128,2024-01-28,Sunday,January,1,Q1,2024,4,FY2024
20240129,2024-01-29,Monday,January,1,Q1,2024,5,FY2024
20240130,2024-01-30,Tuesday,January,1,Q1,2024,5,FY2024
20240131,2024-01-31,Wednesday,January,1,Q1,2024,5,FY2024
20240201,2024-02-01,Thursday,February,2,Q1,2024,5,FY2024
20240202,2024-02-02,Friday,February,2,Q1,2024,5,FY2024
20240203,2024-02-03,Saturday,February,2,Q1,2024,5,FY2024
20240204,2024-02-04,Sunday,February,2,Q1,2024,5,FY2024
20240205,2024-02-05,Monday,February,2,Q1,2024,6,FY2024
20240206,2024-02-06,Tuesday,February,2,Q1,2024,6,FY2024
20240207,2024-02-07,Wednesday,February,2,Q1,2024,6,FY2024
20240208,2024-02-08,Thursday,February,2,Q1,2024,6,FY2024
20240209,2024-02-09,Friday,February,2,Q1,2024,6,FY2024
20240210,2024-02-10,Saturday,February,2,Q1,2024,6,FY2024
20240211,2024-02-11,Sunday,February,2,Q1,2024,6,FY2024
20240212,2024-02-12,Monday,February,2,Q1,2024,7,FY2024
20240213,2024-02-13,Tuesday,February,2,Q1,2024,7,FY2024
20240214,2024-02-14,Wednesday,February,2,Q1,2024,7,FY2024
20240215,2024-02-15,Thursday,February,2,Q1,2024,7,FY2024
20240216,2024-02-16,Friday,February,2,Q1,2024,7,FY2024
20240217,2024-02-17,Saturday,February,2,Q1,2024,7,FY2024
20240218,2024-02-18,Sunday,February,2,Q1,2024,7,FY2024
20240219,2024-02-19,Monday,February,2,Q1,2024,8,FY2024
20240220,2024-02-20,Tuesday,February,2,Q1,2024,8,FY2024
20240221,2024-02-21,Wednesday,February,2,Q1,2024,8,FY2024
20240222,2024-02-22,Thursday,February,2,Q1,2024,8,FY2024
20240223,2024-02-23,Friday,February,2,Q1,2024,8,FY2024
20240224,2024-02-24,Saturday,February,2,Q1,2024,8,FY2024
20240225,2024-02-25,Sunday,February,2,Q1,2024,8,FY2024
20240226,2024-02-26,Monday,February,2,Q1,2024,9,FY2024
20240227,2024-02-27,Tuesday,February,2,Q1,2024,9,FY2024
20240228,2024-02-28,Wednesday,February,2,Q1,2024,9,FY2024
20240229,2024-02-29,Thursday,February,2,Q1,2024,9,FY2024
20240301,2024-03-01,Friday,March,3,Q1,2024,9,FY2024
20240302,2024-03-02,Saturday,March,3,Q1,2024,9,FY2024
20240303,2024-03-03,Sunday,March,3,Q1,2024,9,FY2024
20240304,2024-03-04,Monday,March,3,Q1,2024,10,FY2024
20240305,2024-03-05,Tuesday,March,3,Q1,2024,10,FY2024
20240306,2024-03-06,Wednesday,March,3,Q1,2024,10,FY2024
20240307,2024-03-07,Thursday,March,3,Q1,2024,10,FY2024
20240308,2024-03-08,Friday,March,3,Q1,2024,10,FY2024
20240309,2024-03-09,Saturday,March,3,Q1,2024,10,FY2024
20240310,2024-03-10,Sunday,March,3,Q1,2024,10,FY2024
20240311,2024-03-11,Monday,March,3,Q1,2024,11,FY2024
20240312,2024-03-12,Tuesday,March,3,Q1,2024,11,FY2024
20240313,2024-03-13,Wednesday,March,3,Q1,2024,11,FY2024
20240314,2024-03-14,Thursday,March,3,Q1,2024,11,FY2024
20240315,2024-03-15,Friday,March,3,Q1,2024,11,FY2024
20240316,2024-03-16,Saturday,March,3,Q1,2024,11,FY2024
20240317,2024-03-17,Sunday,March,3,Q1,2024,11,FY2024
20240318,2024-03-18,Monday,March,3,Q1,2024,12,FY2024
20240319,2024-03-19,Tuesday,March,3,Q1,2024,12,FY2024
20240320,2024-03-20,Wednesday,March,3,Q1,2024,12,FY2024
20240321,2024-03-21,Thursday,March,3,Q1,2024,12,FY2024
20240322,2024-03-22,Friday,March,3,Q1,2024,12,FY2024
20240323,2024-03-23,Saturday,March,3,Q1,2024,12,FY2024
20240324,2024-03-24,Sunday,March,3,Q1,2024,12,FY2024
20240325,2024-03-25,Monday,March,3,Q1,2024,13,FY2024
20240326,2024-03-26,Tuesday,March,3,Q1,2024,13,FY2024
20240327,2024-03-27,Wednesday,March,3,Q1,2024,13,FY2024
20240328,2024-03-28,Thursday,March,3,Q1,2024,13,FY2024
20240329,2024-03-29,Friday,March,3,Q1,2024,13,FY2024
20240330,2024-03-30,Saturday,March,3,Q1,2024,13,FY2024
20240331,2024-03-31,Sunday,March,3,Q1,2024,13,FY2024
20240401,2024-04-01,Monday,April,4,Q2,2024,14,FY2024
20240402,2024-04-02,Tuesday,April,4,Q2,2024,14,FY2024
20240403,2024-04-03,Wednesday,April,4,Q2,2024,14,FY2024
20240404,2024-04-04,Thursday,April,4,Q2,2024,14,FY2024
20240405,2024-04-05,Friday,April,4,Q2,2024,14,FY2024
20240406,2024-04-06,Saturday,April,4,Q2,2024,14,FY2024
20240407,2024-04-07,Sunday,April,4,Q2,2024,14,FY2024
20240408,2024-04-08,Monday,April,4,Q2,2024,15,FY2024
20240409,2024-04-09,Tuesday,April,4,Q2,2024,15,FY2024
20240410,2024-04-10,Wednesday,April,4,Q2,2024,15,FY2024
20240411,2024-04-11,Thursday,April,4,Q2,2024,15,FY2024
20240412,2024-04-12,Friday,April,4,Q2,2024,15,FY2024
20240413,2024-04-13,Saturday,April,4,Q2,2024,15,FY2024
20240414,2024-04-14,Sunday,April,4,Q2,2024,15,FY2024
20240415,2024-04-15,Monday,April,4,Q2,2024,16,FY2024
20240416,2024-04-16,Tuesday,April,4,Q2,2024,16,FY2024
20240417,2024-04-17,Wednesday,April,4,Q2,2024,16,FY2024
20240418,2024-04-18,Thursday,April,4,Q2,2024,16,FY2024
20240419,2024-04-19,Friday,April,4,Q2,2024,16,FY2024
20240420,2024-04-20,Saturday,April,4,Q2,2024,16,FY2024
20240421,2024-04-21,Sunday,April,4,Q2,2024,16,FY2024
20240422,2024-04-22,Monday,April,4,Q2,2024,17,FY2024
20240423,2024-04-23,Tuesday,April,4,Q2,2024,17,FY2024
20240424,2024-04-24,Wednesday,April,4,Q2,2024,17,FY2024
20240425,2024-04-25,Thursday,April,4,Q2,2024,17,FY2024
20240426,2024-04-26,Friday,April,4,Q2,2024,17,FY2024
20240427,2024-04-27,Saturday,April,4,Q2,2024,17,FY2024
20240428,2024-04-28,Sunday,April,4,Q2,2024,17,FY2024
20240429,2024-04-29,Monday,April,4,Q2,2024,18,FY2024
20240430,2024-04-30,Tuesday,April,4,Q2,2024,18,FY2024
20240501,2024-05-01,Wednesday,May,5,Q2,2024,18,FY2024
20240502,2024-05-02,Thursday,May,5,Q2,2024,18,FY2024
20240503,2024-05-03,Friday,May,5,Q2,2024,18,FY2024
20240504,2024-05-04,Saturday,May,5,Q2,2024,18,FY2024
20240505,2024-05-05,Sunday,May,5,Q2,2024,18,FY2024
20240506,2024-05-06,Monday,May,5,Q2,2024,19,FY2024
20240507,2024-05-07,Tuesday,May,5,Q2,2024,19,FY2024
20240508,2024-05-08,Wednesday,May,5,Q2,2024,19,FY2024
20240509,2024-05-09,Thursday,May,5,Q2,2024,19,FY2024
20240510,2024-05-10,Friday,May,5,Q2,2024,19,FY2024
20240511,2024-05-11,Saturday,May,5,Q2,2024,19,FY2024
20240512,2024-05-12,Sunday,May,5,Q2,2024,19,FY2024
20240513,2024-05-13,Monday,May,5,Q2,2024,20,FY2024
20240514,2024-05-14,Tuesday,May,5,Q2,2024,20,FY2024
20240515,2024-05-15,Wednesday,May,5,Q2,2024,20,FY2024
20240516,2024-05-16,Thursday,May,5,Q2,2024,20,FY2024
20240517,2024-05-17,Friday,May,5,Q2,2024,20,FY2024
20240518,2024-05-18,Saturday,May,5,Q2,2024,20,FY2024
20240519,2024-05-19,Sunday,May,5,Q2,2024,20,FY2024
20240520,2024-05-20,Monday,May,5,Q2,2024,21,FY2024
20240521,2024-05-21,Tuesday,May,5,Q2,2024,21,FY2024
20240522,2024-05-22,Wednesday,May,5,Q2,2024,21,FY2024
20240523,2024-05-23,Thursday,May,5,Q2,2024,21,FY2024
20240524,2024-05-24,Friday,May,5,Q2,2024,21,FY2024
20240525,2024-05-25,Saturday,May,5,Q2,2024,21,FY2024
20240526,2024-05-26,Sunday,May,5,Q2,2024,21,FY2024
20240527,2024-05-27,Monday,May,5,Q2,2024,22,FY2024
20240528,2024-05-28,Tuesday,May,5,Q2,2024,22,FY2024
20240529,2024-05-29,Wednesday,May,5,Q2,2024,22,FY2024
20240530,2024-05-30,Thursday,May,5,Q2,2024,22,FY2024
20240531,2024-05-31,Friday,May,5,Q2,2024,22,FY2024
20240601,2024-06-01,Saturday,June,6,Q2,2024,22,FY2024
20240602,2024-06-02,Sunday,June,6,Q2,2024,22,FY2024
20240603,2024-06-03,Monday,June,6,Q2,2024,23,FY2024
20240604,2024-06-04,Tuesday,June,6,Q2,2024,23,FY2024
20240605,2024-06-05,Wednesday,June,6,Q2,2024,23,FY2024
20240606,2024-06-06,Thursday,June,6,Q2,2024,23,FY2024
20240607,2024-06-07,Friday,June,6,Q2,2024,23,FY2024
20240608,2024-06-08,Saturday,June,6,Q2,2024,23,FY2024
20240609,2024-06-09,Sunday,June,6,Q2,2024,23,FY2024
20240610,2024-06-10,Monday,June,6,Q2,2024,24,FY2024
20240611,2024-06-11,Tuesday,June,6,Q2,2024,24,FY2024
20240612,2024-06-12,Wednesday,June,6,Q2,2024,24,FY2024
20240613,2024-06-13,Thursday,June,6,Q2,2024,24,FY2024
20240614,2024-06-14,Friday,June,6,Q2,2024,24,FY2024
20240615,2024-06-15,Saturday,June,6,Q2,2024,24,FY2024
20240616,2024-06-16,Sunday,June,6,Q2,2024,24,FY2024
20240617,2024-06-17,Monday,June,6,Q2,2024,25,FY2024
20240618,2024-06-18,Tuesday,June,6,Q2,2024,25,FY2024
20240619,2024-06-19,Wednesday,June,6,Q2,2024,25,FY2024
20240620,2024-06-20,Thursday,June,6,Q2,2024,25,FY2024
20240621,2024-06-21,Friday,June,6,Q2,2024,25,FY2024
20240622,2024-06-22,Saturday,June,6,Q2,2024,25,FY2024
20240623,2024-06-23,Sunday,June,6,Q2,2024,25,FY2024
20240624,2024-06-24,Monday,June,6,Q2,2024,26,FY2024
20240625,2024-06-25,Tuesday,June,6,Q2,2024,26,FY2024
20240626,2024-06-26,Wednesday,June,6,Q2,2024,26,FY2024
20240627,2024-06-27,Thursday,June,6,Q2,2024,26,FY2024
20240628,2024-06-28,Friday,June,6,Q2,2024,26,FY2024
20240629,2024-06-29,Saturday,June,6,Q2,2024,26,FY2024
20240630,2024-06-30,Sunday,June,6,Q2,2024,26,FY2024
20240701,2024-07-01,Monday,July,7,Q3,2024,27,FY2024
20240702,2024-07-02,Tuesday,July,7,Q3,2024,27,FY2024
20240703,2024-07-03,Wednesday,July,7,Q3,2024,27,FY2024
20240704,2024-07-04,Thursday,July,7,Q3,2024,27,FY2024
20240705,2024-07-05,Friday,July,7,Q3,2024,27,FY2024
20240706,2024-07-06,Saturday,July,7,Q3,2024,27,FY2024
20240707,2024-07-07,Sunday,July,7,Q3,2024,27,FY2024
20240708,2024-07-08,Monday,July,7,Q3,2024,28,FY2024
20240709,2024-07-09,Tuesday,July,7,Q3,2024,28,FY2024
20240710,2024-07-10,Wednesday,July,7,Q3,2024,28,FY2024
20240711,2024-07-11,Thursday,July,7,Q3,2024,28,FY2024
20240712,2024-07-12,Friday,July,7,Q3,2024,28,FY2024
20240713,2024-07-13,Saturday,July,7,Q3,2024,28,FY2024
20240714,2024-07-14,Sunday,July,7,Q3,2024,28,FY2024
20240715,2024-07-15,Monday,July,7,Q3,2024,29,FY2024
20240716,2024-07-16,Tuesday,July,7,Q3,2024,29,FY2024
20240717,2024-07-17,Wednesday,July,7,Q3,2024,29,FY2024
20240718,2024-07-18,Thursday,July,7,Q3,2024,29,FY2024
20240719,2024-07-19,Friday,July,7,Q3,2024,29,FY2024
20240720,2024-07-20,Saturday,July,7,Q3,2024,29,FY2024
20240721,2024-07-21,Sunday,July,7,Q3,2024,29,FY2024
20240722,2024-07-22,Monday,July,7,Q3,2024,30,FY2024
20240723,2024-07-23,Tuesday,July,7,Q3,2024,30,FY2024
20240724,2024-07-24,Wednesday,July,7,Q3,2024,30,FY2024
20240725,2024-07-25,Thursday,July,7,Q3,2024,30,FY2024
20240726,2024-07-26,Friday,July,7,Q3,2024,30,FY2024
20240727,2024-07-27,Saturday,July,7,Q3,2024,30,FY2024
20240728,2024-07-28,Sunday,July,7,Q3,2024,30,FY2024
20240729,2024-07-29,Monday,July,7,Q3,2024,31,FY2024
20240730,2024-07-30,Tuesday,July,7,Q3,2024,31,FY2024
20240731,2024-07-31,Wednesday,July,7,Q3,2024,31,FY2024
20240801,2024-08-01,Thursday,August,8,Q3,2024,31,FY2024
20240802,2024-08-02,Friday,August,8,Q3,2024,31,FY2024
20240803,2024-08-03,Saturday,August,8,Q3,2024,31,FY2024
20240804,2024-08-04,Sunday,August,8,Q3,2024,31,FY2024
20240805,2024-08-05,Monday,August,8,Q3,2024,32,FY2024
20240806,2024-08-06,Tuesday,August,8,Q3,2024,32,FY2024
20240807,2024-08-07,Wednesday,August,8,Q3,2024,32,FY2024
20240808,2024-08-08,Thursday,August,8,Q3,2024,32,FY2024
20240809,2024-08-09,Friday,August,8,Q3,2024,32,FY2024
20240810,2024-08-10,Saturday,August,8,Q3,2024,32,FY2024
20240811,2024-08-11,Sunday,August,8,Q3,2024,32,FY2024
20240812,2024-08-12,Monday,August,8,Q3,2024,33,FY2024
20240813,2024-08-13,Tuesday,August,8,Q3,2024,33,FY2024
20240814,2024-08-14,Wednesday,August,8,Q3,2024,33,FY2024
20240815,2024-08-15,Thursday,August,8,Q3,2024,33,FY2024
20240816,2024-08-16,Friday,August,8,Q3,2024,33,FY2024
20240817,2024-08-17,Saturday,August,8,Q3,2024,33,FY2024
20240818,2024-08-18,Sunday,August,8,Q3,2024,33,FY2024
20240819,2024-08-19,Monday,August,8,Q3,2024,34,FY2024
20240820,2024-08-20,Tuesday,August,8,Q3,2024,34,FY2024
20240821,2024-08-21,Wednesday,August,8,Q3,2024,34,FY2024
20240822,2024-08-22,Thursday,August,8,Q3,2024,34,FY2024
20240823,2024-08-23,Friday,August,8,Q3,2024,34,FY2024
20240824,2024-08-24,Saturday,August,8,Q3,2024,34,FY2024
20240825,2024-08-25,Sunday,August,8,Q3,2024,34,FY2024
20240826,2024-08-26,Monday,August,8,Q3,2024,35,FY2024
20240827,2024-08-27,Tuesday,August,8,Q3,2024,35,FY2024
20240828,2024-08-28,Wednesday,August,8,Q3,2024,35,FY2024
20240829,2024-08-29,Thursday,August,8,Q3,2024,35,FY2024
20240830,2024-08-30,Friday,August,8,Q3,2024,35,FY2024
20240831,2024-08-31,Saturday,August,8,Q3,2024,35,FY2024
20240901,2024-09-01,Sunday,September,9,Q3,2024,35,FY2024
20240902,2024-09-02,Monday,September,9,Q3,2024,36,FY2024
20240903,2024-09-03,Tuesday,September,9,Q3,2024,36,FY2024
20240904,2024-09-04,Wednesday,September,9,Q3,2024,36,FY2024
20240905,2024-09-05,Thursday,September,9,Q3,2024,36,FY2024
20240906,2024-09-06,Friday,September,9,Q3,2024,36,FY2024
20240907,2024-09-07,Saturday,September,9,Q3,2024,36,FY2024
20240908,2024-09-08,Sunday,September,9,Q3,2024,36,FY2024
20240909,2024-09-09,Monday,September,9,Q3,2024,37,FY2024
20240910,2024-09-10,Tuesday,September,9,Q3,2024,37,FY2024
20240911,2024-09-11,Wednesday,September,9,Q3,2024,37,FY2024
20240912,2024-09-12,Thursday,September,9,Q3,2024,37,FY2024
20240913,2024-09-13,Friday,September,9,Q3,2024,37,FY2024
20240914,2024-09-14,Saturday,September,9,Q3,2024,37,FY2024
20240915,2024-09-15,Sunday,September,9,Q3,2024,37,FY2024
20240916,2024-09-16,Monday,September,9,Q3,2024,38,FY2024
20240917,2024-09-17,Tuesday,September,9,Q3,2024,38,FY2024
20240918,2024-09-18,Wednesday,September,9,Q3,2024,38,FY2024
20240919,2024-09-19,Thursday,September,9,Q3,2024,38,FY2024
20240920,2024-09-20,Friday,September,9,Q3,2024,38,FY2024
20240921,2024-09-21,Saturday,September,9,Q3,2024,38,FY2024
20240922,2024-09-22,Sunday,September,9,Q3,2024,38,FY2024
20240923,2024-09-23,Monday,September,9,Q3,2024,39,FY2024
20240924,2024-09-24,Tuesday,September,9,Q3,2024,39,FY2024
20240925,2024-09-25,Wednesday,September,9,Q3,2024,39,FY2024
20240926,2024-09-26,Thursday,September,9,Q3,2024,39,FY2024
20240927,2024-09-27,Friday,September,9,Q3,2024,39,FY2024
20240928,2024-09-28,Saturday,September,9,Q3,2024,39,FY2024
20240929,2024-09-29,Sunday,September,9,Q3,2024,39,FY2024
20240930,2024-09-30,Monday,September,9,Q3,2024,40,FY2024
20241001,2024-10-01,Tuesday,October,10,Q4,2024,40,FY2024
20241002,2024-10-02,Wednesday,October,10,Q4,2024,40,FY2024
20241003,2024-10-03,Thursday,October,10,Q4,2024,40,FY2024
20241004,2024-10-04,Friday,October,10,Q4,2024,40,FY2024
20241005,2024-10-05,Saturday,October,10,Q4,2024,40,FY2024
20241006,2024-10-06,Sunday,October,10,Q4,2024,40,FY2024
20241007,2024-10-07,Monday,October,10,Q4,2024,41,FY2024
20241008,2024-10-08,Tuesday,October,10,Q4,2024,41,FY2024
20241009,2024-10-09,Wednesday,October,10,Q4,2024,41,FY2024
20241010,2024-10-10,Thursday,October,10,Q4,2024,41,FY2024
20241011,2024-10-11,Friday,October,10,Q4,2024,41,FY2024
20241012,2024-10-12,Saturday,October,10,Q4,2024,41,FY2024
20241013,2024-10-13,Sunday,October,10,Q4,2024,41,FY2024
20241014,2024-10-14,Monday,October,10,Q4,2024,42,FY2024
20241015,2024-10-15,Tuesday,October,10,Q4,2024,42,FY2024
20241016,2024-10-16,Wednesday,October,10,Q4,2024,42,FY2024
20241017,2024-10-17,Thursday,October,10,Q4,2024,42,FY2024
20241018,2024-10-18,Friday,October,10,Q4,2024,42,FY2024
20241019,2024-10-19,Saturday,October,10,Q4,2024,42,FY2024
20241020,2024-10-20,Sunday,October,10,Q4,2024,42,FY2024
20241021,2024-10-21,Monday,October,10,Q4,2024,43,FY2024
20241022,2024-10-22,Tuesday,October,10,Q4,2024,43,FY2024
20241023,2024-10-23,Wednesday,October,10,Q4,2024,43,FY2024
20241024,2024-10-24,Thursday,October,10,Q4,2024,43,FY2024
20241025,2024-10-25,Friday,October,10,Q4,2024,43,FY2024
20241026,2024-10-26,Saturday,October,10,Q4,2024,43,FY2024
20241027,2024-10-27,Sunday,October,10,Q4,2024,43,FY2024
20241028,2024-10-28,Monday,October,10,Q4,2024,44,FY2024
20241029,2024-10-29,Tuesday,October,10,Q4,2024,44,FY2024
20241030,2024-10-30,Wednesday,October,10,Q4,2024,44,FY2024
20241031,2024-10-31,Thursday,October,10,Q4,2024,44,FY2024
20241101,2024-11-01,Friday,November,11,Q4,2024,44,FY2024
20241102,2024-11-02,Saturday,November,11,Q4,2024,44,FY2024
20241103,2024-11-03,Sunday,November,11,Q4,2024,44,FY2024
20241104,2024-11-04,Monday,November,11,Q4,2024,45,FY2024
20241105,2024-11-05,Tuesday,November,11,Q4,2024,45,FY2024
20241106,2024-11-06,Wednesday,November,11,Q4,2024,45,FY2024
20241107,2024-11-07,Thursday,November,11,Q4,2024,45,FY2024
20241108,2024-11-08,Friday,November,11,Q4,2024,45,FY2024
20241109,2024-11-09,Saturday,November,11,Q4,2024,45,FY2024
20241110,2024-11-10,Sunday,November,11,Q4,2024,45,FY2024
20241111,2024-11-11,Monday,November,11,Q4,2024,46,FY2024
20241112,2024-11-12,Tuesday,November,11,Q4,2024,46,FY2024
20241113,2024-11-13,Wednesday,November,11,Q4,2024,46,FY2024
20241114,2024-11-14,Thursday,November,11,Q4,2024,46,FY2024
20241115,2024-11-15,Friday,November,11,Q4,2024,46,FY2024
20241116,2024-11-16,Saturday,November,11,Q4,2024,46,FY2024
20241117,2024-11-17,Sunday,November,11,Q4,2024,46,FY2024
20241118,2024-11-18,Monday,November,11,Q4,2024,47,FY2024
20241119,2024-11-19,Tuesday,November,11,Q4,2024,47,FY2024
20241120,2024-11-20,Wednesday,November,11,Q4,2024,47,FY2024
20241121,2024-11-21,Thursday,November,11,Q4,2024,47,FY2024
20241122,2024-11-22,Friday,November,11,Q4,2024,47,FY2024
20241123,2024-11-23,Saturday,November,11,Q4,2024,47,FY2024
20241124,2024-11-24,Sunday,November,11,Q4,2024,47,FY2024
20241125,2024-11-25,Monday,November,11,Q4,2024,48,FY2024
20241126,2024-11-26,Tuesday,November,11,Q4,2024,48,FY2024
20241127,2024-11-27,Wednesday,November,11,Q4,2024,48,FY2024
20241128,2024-11-28,Thursday,November,11,Q4,2024,48,FY2024
20241129,2024-11-29,Friday,November,11,Q4,2024,48,FY2024
20241130,2024-11-30,Saturday,November,11,Q4,2024,48,FY2024
20241201,2024-12-01,Sunday,December,12,Q4,2024,48,FY2024
20241202,2024-12-02,Monday,December,12,Q4,2024,49,FY2024
20241203,2024-12-03,Tuesday,December,12,Q4,2024,49,FY2024
20241204,2024-12-04,Wednesday,December,12,Q4,2024,49,FY2024
20241205,2024-12-05,Thursday,December,12,Q4,2024,49,FY2024
20241206,2024-12-06,Friday,December,12,Q4,2024,49,FY2024
20241207,2024-12-07,Saturday,December,12,Q4,2024,49,FY2024
20241208,2024-12-08,Sunday,December,12,Q4,2024,49,FY2024
20241209,2024-12-09,Monday,December,12,Q4,2024,50,FY2024
20241210,2024-12-10,Tuesday,December,12,Q4,2024,50,FY2024
20241211,2024-12-11,Wednesday,December,12,Q4,2024,50,FY2024
20241212,2024-12-12,Thursday,December,12,Q4,2024,50,FY2024
20241213,2024-12-13,Friday,December,12,Q4,2024,50,FY2024
20241214,2024-12-14,Saturday,December,12,Q4,2024,50,FY2024
20241215,2024-12-15,Sunday,December,12,Q4,2024,50,FY2024
20241216,2024-12-16,Monday,December,12,Q4,2024,51,FY2024
20241217,2024-12-17,Tuesday,December,12,Q4,2024,51,FY2024
20241218,2024-12-18,Wednesday,December,12,Q4,2024,51,FY2024
20241219,2024-12-19,Thursday,December,12,Q4,2024,51,FY2024
20241220,2024-12-20,Friday,December,12,Q4,2024,51,FY2024
20241221,2024-12-21,Saturday,December,12,Q4,2024,51,FY2024
20241222,2024-12-22,Sunday,December,12,Q4,2024,51,FY2024
20241223,2024-12-23,Monday,December,12,Q4,2024,52,FY2024
20241224,2024-12-24,Tuesday,December,12,Q4,2024,52,FY2024
20241225,2024-12-25,Wednesday,December,12,Q4,2024,52,FY2024
20241226,2024-12-26,Thursday,December,12,Q4,2024,52,FY2024
20241227,2024-12-27,Friday,December,12,Q4,2024,52,FY2024
20241228,2024-12-28,Saturday,December,12,Q4,2024,52,FY2024
20241229,2024-12-29,Sunday,December,12,Q4,2024,52,FY2024
20241230,2024-12-30,Monday,December,12,Q4,2024,1,FY2024
20241231,2024-12-31,Tuesday,December,12,Q4,2024,1,FY2024
20250101,2025-01-01,Wednesday,January,1,Q1,2025,1,FY2025
20250102,2025-01-02,Thursday,January,1,Q1,2025,1,FY2025
20250103,2025-01-03,Friday,January,1,Q1,2025,1,FY2025
20250104,2025-01-04,Saturday,January,1,Q1,2025,1,FY2025
20250105,2025-01-05,Sunday,January,1,Q1,2025,1,FY2025
20250106,2025-01-06,Monday,January,1,Q1,2025,2,FY2025
20250107,2025-01-07,Tuesday,January,1,Q1,2025,2,FY2025
20250108,2025-01-08,Wednesday,January,1,Q1,2025,2,FY2025
20250109,2025-01-09,Thursday,January,1,Q1,2025,2,FY2025
20250110,2025-01-10,Friday,January,1,Q1,2025,2,FY2025
20250111,2025-01-11,Saturday,January,1,Q1,2025,2,FY2025
20250112,2025-01-12,Sunday,January,1,Q1,2025,2,FY2025
20250113,2025-01-13,Monday,January,1,Q1,2025,3,FY2025
20250114,2025-01-14,Tuesday,January,1,Q1,2025,3,FY2025
20250115,2025-01-15,Wednesday,January,1,Q1,2025,3,FY2025
20250116,2025-01-16,Thursday,January,1,Q1,2025,3,FY2025
20250117,2025-01-17,Friday,January,1,Q1,2025,3,FY2025
20250118,2025-01-18,Saturday,January,1,Q1,2025,3,FY2025
20250119,2025-01-19,Sunday,January,1,Q1,2025,3,FY2025
20250120,2025-01-20,Monday,January,1,Q1,2025,4,FY2025
20250121,2025-01-21,Tuesday,January,1,Q1,2025,4,FY2025
20250122,2025-01-22,Wednesday,January,1,Q1,2025,4,FY2025
20250123,2025-01-23,Thursday,January,1,Q1,2025,4,FY2025
20250124,2025-01-24,Friday,January,1,Q1,2025,4,FY2025
20250125,2025-01-25,Saturday,January,1,Q1,2025,4,FY2025
20250126,2025-01-26,Sunday,January,1,Q1,2025,4,FY2025
20250127,2025-01-27,Monday,January,1,Q1,2025,5,FY2025
20250128,2025-01-28,Tuesday,January,1,Q1,2025,5,FY2025
20250129,2025-01-29,Wednesday,January,1,Q1,2025,5,FY2025
20250130,2025-01-30,Thursday,January,1,Q1,2025,5,FY2025
20250131,2025-01-31,Friday,January,1,Q1,2025,5,FY2025
20250201,2025-02-01,Saturday,February,2,Q1,2025,5,FY2025
20250202,2025-02-02,Sunday,February,2,Q1,2025,5,FY2025
20250203,2025-02-03,Monday,February,2,Q1,2025,6,FY2025
20250204,2025-02-04,Tuesday,February,2,Q1,2025,6,FY2025
20250205,2025-02-05,Wednesday,February,2,Q1,2025,6,FY2025
20250206,2025-02-06,Thursday,February,2,Q1,2025,6,FY2025
20250207,2025-02-07,Friday,February,2,Q1,2025,6,FY2025
20250208,2025-02-08,Saturday,February,2,Q1,2025,6,FY2025
20250209,2025-02-09,Sunday,February,2,Q1,2025,6,FY2025
20250210,2025-02-10,Monday,February,2,Q1,2025,7,FY2025
20250211,2025-02-11,Tuesday,February,2,Q1,2025,7,FY2025
20250212,2025-02-12,Wednesday,February,2,Q1,2025,7,FY2025
20250213,2025-02-13,Thursday,February,2,Q1,2025,7,FY2025
20250214,2025-02-14,Friday,February,2,Q1,2025,7,FY2025
20250215,2025-02-15,Saturday,February,2,Q1,2025,7,FY2025
20250216,2025-02-16,Sunday,February,2,Q1,2025,7,FY2025
20250217,2025-02-17,Monday,February,2,Q1,2025,8,FY2025
20250218,2025-02-18,Tuesday,February,2,Q1,2025,8,FY2025
20250219,2025-02-19,Wednesday,February,2,Q1,2025,8,FY2025
20250220,2025-02-20,Thursday,February,2,Q1,2025,8,FY2025
20250221,2025-02-21,Friday,February,2,Q1,2025,8,FY2025
20250222,2025-02-22,Saturday,February,2,Q1,2025,8,FY2025
20250223,2025-02-23,Sunday,February,2,Q1,2025,8,FY2025
20250224,2025-02-24,Monday,February,2,Q1,2025,9,FY2025
20250225,2025-02-25,Tuesday,February,2,Q1,2025,9,FY2025
20250226,2025-02-26,Wednesday,February,2,Q1,2025,9,FY2025
20250227,2025-02-27,Thursday,February,2,Q1,2025,9,FY2025
20250228,2025-02-28,Friday,February,2,Q1,2025,9,FY2025
20250301,2025-03-01,Saturday,March,3,Q1,2025,9,FY2025
20250302,2025-03-02,Sunday,March,3,Q1,2025,9,FY2025
20250303,2025-03-03,Monday,March,3,Q1,2025,10,FY2025
20250304,2025-03-04,Tuesday,March,3,Q1,2025,10,FY2025
20250305,2025-03-05,Wednesday,March,3,Q1,2025,10,FY2025
20250306,2025-03-06,Thursday,March,3,Q1,2025,10,FY2025
20250307,2025-03-07,Friday,March,3,Q1,2025,10,FY2025
20250308,2025-03-08,Saturday,March,3,Q1,2025,10,FY2025
20250309,2025-03-09,Sunday,March,3,Q1,2025,10,FY2025
20250310,2025-03-10,Monday,March,3,Q1,2025,11,FY2025
20250311,2025-03-11,Tuesday,March,3,Q1,2025,11,FY2025
20250312,2025-03-12,Wednesday,March,3,Q1,2025,11,FY2025
20250313,2025-03-13,Thursday,March,3,Q1,2025,11,FY2025
20250314,2025-03-14,Friday,March,3,Q1,2025,11,FY2025
20250315,2025-03-15,Saturday,March,3,Q1,2025,11,FY2025
20250316,2025-03-16,Sunday,March,3,Q1,2025,11,FY2025
20250317,2025-03-17,Monday,March,3,Q1,2025,12,FY2025
20250318,2025-03-18,Tuesday,March,3,Q1,2025,12,FY2025
20250319,2025-03-19,Wednesday,March,3,Q1,2025,12,FY2025
20250320,2025-03-20,Thursday,March,3,Q1,2025,12,FY2025
20250321,2025-03-21,Friday,March,3,Q1,2025,12,FY2025
20250322,2025-03-22,Saturday,March,3,Q1,2025,12,FY2025
20250323,2025-03-23,Sunday,March,3,Q1,2025,12,FY2025
20250324,2025-03-24,Monday,March,3,Q1,2025,13,FY2025
20250325,2025-03-25,Tuesday,March,3,Q1,2025,13,FY2025
20250326,2025-03-26,Wednesday,March,3,Q1,2025,13,FY2025
20250327,2025-03-27,Thursday,March,3,Q1,2025,13,FY2025
20250328,2025-03-28,Friday,March,3,Q1,2025,13,FY2025
20250329,2025-03-29,Saturday,March,3,Q1,2025,13,FY2025
20250330,2025-03-30,Sunday,March,3,Q1,2025,13,FY2025
20250331,2025-03-31,Monday,March,3,Q1,2025,14,FY2025
20250401,2025-04-01,Tuesday,April,4,Q2,2025,14,FY2025
20250402,2025-04-02,Wednesday,April,4,Q2,2025,14,FY2025
20250403,2025-04-03,Thursday,April,4,Q2,2025,14,FY2025
20250404,2025-04-04,Friday,April,4,Q2,2025,14,FY2025
20250405,2025-04-05,Saturday,April,4,Q2,2025,14,FY2025
20250406,2025-04-06,Sunday,April,4,Q2,2025,14,FY2025
20250407,2025-04-07,Monday,April,4,Q2,2025,15,FY2025
20250408,2025-04-08,Tuesday,April,4,Q2,2025,15,FY2025
20250409,2025-04-09,Wednesday,April,4,Q2,2025,15,FY2025
20250410,2025-04-10,Thursday,April,4,Q2,2025,15,FY2025
20250411,2025-04-11,Friday,April,4,Q2,2025,15,FY2025
20250412,2025-04-12,Saturday,April,4,Q2,2025,15,FY2025
20250413,2025-04-13,Sunday,April,4,Q2,2025,15,FY2025
20250414,2025-04-14,Monday,April,4,Q2,2025,16,FY2025
20250415,2025-04-15,Tuesday,April,4,Q2,2025,16,FY2025
20250416,2025-04-16,Wednesday,April,4,Q2,2025,16,FY2025
20250417,2025-04-17,Thursday,April,4,Q2,2025,16,FY2025
20250418,2025-04-18,Friday,April,4,Q2,2025,16,FY2025
20250419,2025-04-19,Saturday,April,4,Q2,2025,16,FY2025
20250420,2025-04-20,Sunday,April,4,Q2,2025,16,FY2025
20250421,2025-04-21,Monday,April,4,Q2,2025,17,FY2025
20250422,2025-04-22,Tuesday,April,4,Q2,2025,17,FY2025
20250423,2025-04-23,Wednesday,April,4,Q2,2025,17,FY2025
20250424,2025-04-24,Thursday,April,4,Q2,2025,17,FY2025
20250425,2025-04-25,Friday,April,4,Q2,2025,17,FY2025
20250426,2025-04-26,Saturday,April,4,Q2,2025,17,FY2025
20250427,2025-04-27,Sunday,April,4,Q2,2025,17,FY2025
20250428,2025-04-28,Monday,April,4,Q2,2025,18,FY2025
20250429,2025-04-29,Tuesday,April,4,Q2,2025,18,FY2025
20250430,2025-04-30,Wednesday,April,4,Q2,2025,18,FY2025
20250501,2025-05-01,Thursday,May,5,Q2,2025,18,FY2025
20250502,2025-05-02,Friday,May,5,Q2,2025,18,FY2025
20250503,2025-05-03,Saturday,May,5,Q2,2025,18,FY2025
20250504,2025-05-04,Sunday,May,5,Q2,2025,18,FY2025
20250505,2025-05-05,Monday,May,5,Q2,2025,19,FY2025
20250506,2025-05-06,Tuesday,May,5,Q2,2025,19,FY2025
20250507,2025-05-07,Wednesday,May,5,Q2,2025,19,FY2025
20250508,2025-05-08,Thursday,May,5,Q2,2025,19,FY2025
20250509,2025-05-09,Friday,May,5,Q2,2025,19,FY2025
20250510,2025-05-10,Saturday,May,5,Q2,2025,19,FY2025
20250511,2025-05-11,Sunday,May,5,Q2,2025,19,FY2025
20250512,2025-05-12,Monday,May,5,Q2,2025,20,FY2025
20250513,2025-05-13,Tuesday,May,5,Q2,2025,20,FY2025
20250514,2025-05-14,Wednesday,May,5,Q2,2025,20,FY2025
20250515,2025-05-15,Thursday,May,5,Q2,2025,20,FY2025
20250516,2025-05-16,Friday,May,5,Q2,2025,20,FY2025
20250517,2025-05-17,Saturday,May,5,Q2,2025,20,FY2025
20250518,2025-05-18,Sunday,May,5,Q2,2025,20,FY2025
20250519,2025-05-19,Monday,May,5,Q2,2025,21,FY2025
20250520,2025-05-20,Tuesday,May,5,Q2,2025,21,FY2025
20250521,2025-05-21,Wednesday,May,5,Q2,2025,21,FY2025
20250522,2025-05-22,Thursday,May,5,Q2,2025,21,FY2025
20250523,2025-05-23,Friday,May,5,Q2,2025,21,FY2025
20250524,2025-05-24,Saturday,May,5,Q2,2025,21,FY2025
20250525,2025-05-25,Sunday,May,5,Q2,2025,21,FY2025
20250526,2025-05-26,Monday,May,5,Q2,2025,22,FY2025
20250527,2025-05-27,Tuesday,May,5,Q2,2025,22,FY2025
20250528,2025-05-28,Wednesday,May,5,Q2,2025,22,FY2025
20250529,2025-05-29,Thursday,May,5,Q2,2025,22,FY2025
20250530,2025-05-30,Friday,May,5,Q2,2025,22,FY2025
20250531,2025-05-31,Saturday,May,5,Q2,2025,22,FY2025
20250601,2025-06-01,Sunday,June,6,Q2,2025,22,FY2025
20250602,2025-06-02,Monday,June,6,Q2,2025,23,FY2025
20250603,2025-06-03,Tuesday,June,6,Q2,2025,23,FY2025
20250604,2025-06-04,Wednesday,June,6,Q2,2025,23,FY2025
20250605,2025-06-05,Thursday,June,6,Q2,2025,23,FY2025
20250606,2025-06-06,Friday,June,6,Q2,2025,23,FY2025
20250607,2025-06-07,Saturday,June,6,Q2,2025,23,FY2025
20250608,2025-06-08,Sunday,June,6,Q2,2025,23,FY2025
20250609,2025-06-09,Monday,June,6,Q2,2025,24,FY2025
20250610,2025-06-10,Tuesday,June,6,Q2,2025,24,FY2025
20250611,2025-06-11,Wednesday,June,6,Q2,2025,24,FY2025
20250612,2025-06-12,Thursday,June,6,Q2,2025,24,FY2025
20250613,2025-06-13,Friday,June,6,Q2,2025,24,FY2025
20250614,2025-06-14,Saturday,June,6,Q2,2025,24,FY2025
20250615,2025-06-15,Sunday,June,6,Q2,2025,24,FY2025
20250616,2025-06-16,Monday,June,6,Q2,2025,25,FY2025
20250617,2025-06-17,Tuesday,June,6,Q2,2025,25,FY2025
20250618,2025-06-18,Wednesday,June,6,Q2,2025,25,FY2025
20250619,2025-06-19,Thursday,June,6,Q2,2025,25,FY2025
20250620,2025-06-20,Friday,June,6,Q2,2025,25,FY2025
20250621,2025-06-21,Saturday,June,6,Q2,2025,25,FY2025
20250622,2025-06-22,Sunday,June,6,Q2,2025,25,FY2025
20250623,2025-06-23,Monday,June,6,Q2,2025,26,FY2025
20250624,2025-06-24,Tuesday,June,6,Q2,2025,26,FY2025
20250625,2025-06-25,Wednesday,June,6,Q2,2025,26,FY2025
20250626,2025-06-26,Thursday,June,6,Q2,2025,26,FY2025
20250627,2025-06-27,Friday,June,6,Q2,2025,26,FY2025
20250628,2025-06-28,Saturday,June,6,Q2,2025,26,FY2025
20250629,2025-06-29,Sunday,June,6,Q2,2025,26,FY2025
20250630,2025-06-30,Monday,June,6,Q2,2025,27,FY2025
20250701,2025-07-01,Tuesday,July,7,Q3,2025,27,FY2025
20250702,2025-07-02,Wednesday,July,7,Q3,2025,27,FY2025
20250703,2025-07-03,Thursday,July,7,Q3,2025,27,FY2025
20250704,2025-07-04,Friday,July,7,Q3,2025,27,FY2025
20250705,2025-07-05,Saturday,July,7,Q3,2025,27,FY2025
20250706,2025-07-06,Sunday,July,7,Q3,2025,27,FY2025
20250707,2025-07-07,Monday,July,7,Q3,2025,28,FY2025
20250708,2025-07-08,Tuesday,July,7,Q3,2025,28,FY2025
20250709,2025-07-09,Wednesday,July,7,Q3,2025,28,FY2025
20250710,2025-07-10,Thursday,July,7,Q3,2025,28,FY2025
20250711,2025-07-11,Friday,July,7,Q3,2025,28,FY2025
20250712,2025-07-12,Saturday,July,7,Q3,2025,28,FY2025
20250713,2025-07-13,Sunday,July,7,Q3,2025,28,FY2025
20250714,2025-07-14,Monday,July,7,Q3,2025,29,FY2025
20250715,2025-07-15,Tuesday,July,7,Q3,2025,29,FY2025
20250716,2025-07-16,Wednesday,July,7,Q3,2025,29,FY2025
20250717,2025-07-17,Thursday,July,7,Q3,2025,29,FY2025
20250718,2025-07-18,Friday,July,7,Q3,2025,29,FY2025
20250719,2025-07-19,Saturday,July,7,Q3,2025,29,FY2025
20250720,2025-07-20,Sunday,July,7,Q3,2025,29,FY2025
20250721,2025-07-21,Monday,July,7,Q3,2025,30,FY2025
20250722,2025-07-22,Tuesday,July,7,Q3,2025,30,FY2025
20250723,2025-07-23,Wednesday,July,7,Q3,2025,30,FY2025
20250724,2025-07-24,Thursday,July,7,Q3,2025,30,FY2025
20250725,2025-07-25,Friday,July,7,Q3,2025,30,FY2025
20250726,2025-07-26,Saturday,July,7,Q3,2025,30,FY2025
20250727,2025-07-27,Sunday,July,7,Q3,2025,30,FY2025
20250728,2025-07-28,Monday,July,7,Q3,2025,31,FY2025
20250729,2025-07-29,Tuesday,July,7,Q3,2025,31,FY2025
20250730,2025-07-30,Wednesday,July,7,Q3,2025,31,FY2025
20250731,2025-07-31,Thursday,July,7,Q3,2025,31,FY2025
20250801,2025-08-01,Friday,August,8,Q3,2025,31,FY2025
20250802,2025-08-02,Saturday,August,8,Q3,2025,31,FY2025
20250803,2025-08-03,Sunday,August,8,Q3,2025,31,FY2025
20250804,2025-08-04,Monday,August,8,Q3,2025,32,FY2025
20250805,2025-08-05,Tuesday,August,8,Q3,2025,32,FY2025
20250806,2025-08-06,Wednesday,August,8,Q3,2025,32,FY2025
20250807,2025-08-07,Thursday,August,8,Q3,2025,32,FY2025
20250808,2025-08-08,Friday,August,8,Q3,2025,32,FY2025
20250809,2025-08-09,Saturday,August,8,Q3,2025,32,FY2025
20250810,2025-08-10,Sunday,August,8,Q3,2025,32,FY2025
20250811,2025-08-11,Monday,August,8,Q3,2025,33,FY2025
20250812,2025-08-12,Tuesday,August,8,Q3,2025,33,FY2025
20250813,2025-08-13,Wednesday,August,8,Q3,2025,33,FY2025
20250814,2025-08-14,Thursday,August,8,Q3,2025,33,FY2025
20250815,2025-08-15,Friday,August,8,Q3,2025,33,FY2025
20250816,2025-08-16,Saturday,August,8,Q3,2025,33,FY2025
20250817,2025-08-17,Sunday,August,8,Q3,2025,33,FY2025
20250818,2025-08-18,Monday,August,8,Q3,2025,34,FY2025
20250819,2025-08-19,Tuesday,August,8,Q3,2025,34,FY2025
20250820,2025-08-20,Wednesday,August,8,Q3,2025,34,FY2025
20250821,2025-08-21,Thursday,August,8,Q3,2025,34,FY2025
20250822,2025-08-22,Friday,August,8,Q3,2025,34,FY2025
20250823,2025-08-23,Saturday,August,8,Q3,2025,34,FY2025
20250824,2025-08-24,Sunday,August,8,Q3,2025,34,FY2025
20250825,2025-08-25,Monday,August,8,Q3,2025,35,FY2025
20250826,2025-08-26,Tuesday,August,8,Q3,2025,35,FY2025
20250827,2025-08-27,Wednesday,August,8,Q3,2025,35,FY2025
20250828,2025-08-28,Thursday,August,8,Q3,2025,35,FY2025
20250829,2025-08-29,Friday,August,8,Q3,2025,35,FY2025
20250830,2025-08-30,Saturday,August,8,Q3,2025,35,FY2025
20250831,2025-08-31,Sunday,August,8,Q3,2025,35,FY2025
20250901,2025-09-01,Monday,September,9,Q3,2025,36,FY2025
20250902,2025-09-02,Tuesday,September,9,Q3,2025,36,FY2025
20250903,2025-09-03,Wednesday,September,9,Q3,2025,36,FY2025
20250904,2025-09-04,Thursday,September,9,Q3,2025,36,FY2025
20250905,2025-09-05,Friday,September,9,Q3,2025,36,FY2025
20250906,2025-09-06,Saturday,September,9,Q3,2025,36,FY2025
20250907,2025-09-07,Sunday,September,9,Q3,2025,36,FY2025
20250908,2025-09-08,Monday,September,9,Q3,2025,37,FY2025
20250909,2025-09-09,Tuesday,September,9,Q3,2025,37,FY2025
20250910,2025-09-10,Wednesday,September,9,Q3,2025,37,FY2025
20250911,2025-09-11,Thursday,September,9,Q3,2025,37,FY2025
20250912,2025-09-12,Friday,September,9,Q3,2025,37,FY2025
20250913,2025-09-13,Saturday,September,9,Q3,2025,37,FY2025
20250914,2025-09-14,Sunday,September,9,Q3,2025,37,FY2025
20250915,2025-09-15,Monday,September,9,Q3,2025,38,FY2025
20250916,2025-09-16,Tuesday,September,9,Q3,2025,38,FY2025
20250917,2025-09-17,Wednesday,September,9,Q3,2025,38,FY2025
20250918,2025-09-18,Thursday,September,9,Q3,2025,38,FY2025
20250919,2025-09-19,Friday,September,9,Q3,2025,38,FY2025
20250920,2025-09-20,Saturday,September,9,Q3,2025,38,FY2025
20250921,2025-09-21,Sunday,September,9,Q3,2025,38,FY2025
20250922,2025-09-22,Monday,September,9,Q3,2025,39,FY2025
20250923,2025-09-23,Tuesday,September,9,Q3,2025,39,FY2025
20250924,2025-09-24,Wednesday,September,9,Q3,2025,39,FY2025
20250925,2025-09-25,Thursday,September,9,Q3,2025,39,FY2025
20250926,2025-09-26,Friday,September,9,Q3,2025,39,FY2025
20250927,2025-09-27,Saturday,September,9,Q3,2025,39,FY2025
20250928,2025-09-28,Sunday,September,9,Q3,2025,39,FY2025
20250929,2025-09-29,Monday,September,9,Q3,2025,40,FY2025
20250930,2025-09-30,Tuesday,September,9,Q3,2025,40,FY2025
20251001,2025-10-01,Wednesday,October,10,Q4,2025,40,FY2025
20251002,2025-10-02,Thursday,October,10,Q4,2025,40,FY2025
20251003,2025-10-03,Friday,October,10,Q4,2025,40,FY2025
20251004,2025-10-04,Saturday,October,10,Q4,2025,40,FY2025
20251005,2025-10-05,Sunday,October,10,Q4,2025,40,FY2025
20251006,2025-10-06,Monday,October,10,Q4,2025,41,FY2025
20251007,2025-10-07,Tuesday,October,10,Q4,2025,41,FY2025
20251008,2025-10-08,Wednesday,October,10,Q4,2025,41,FY2025
20251009,2025-10-09,Thursday,October,10,Q4,2025,41,FY2025
20251010,2025-10-10,Friday,October,10,Q4,2025,41,FY2025
20251011,2025-10-11,Saturday,October,10,Q4,2025,41,FY2025
20251012,2025-10-12,Sunday,October,10,Q4,2025,41,FY2025
20251013,2025-10-13,Monday,October,10,Q4,2025,42,FY2025
20251014,2025-10-14,Tuesday,October,10,Q4,2025,42,FY2025
20251015,2025-10-15,Wednesday,October,10,Q4,2025,42,FY2025
20251016,2025-10-16,Thursday,October,10,Q4,2025,42,FY2025
20251017,2025-10-17,Friday,October,10,Q4,2025,42,FY2025
20251018,2025-10-18,Saturday,October,10,Q4,2025,42,FY2025
20251019,2025-10-19,Sunday,October,10,Q4,2025,42,FY2025
20251020,2025-10-20,Monday,October,10,Q4,2025,43,FY2025
20251021,2025-10-21,Tuesday,October,10,Q4,2025,43,FY2025
20251022,2025-10-22,Wednesday,October,10,Q4,2025,43,FY2025
20251023,2025-10-23,Thursday,October,10,Q4,2025,43,FY2025
20251024,2025-10-24,Friday,October,10,Q4,2025,43,FY2025
20251025,2025-10-25,Saturday,October,10,Q4,2025,43,FY2025
20251026,2025-10-26,Sunday,October,10,Q4,2025,43,FY2025
20251027,2025-10-27,Monday,October,10,Q4,2025,44,FY2025
20251028,2025-10-28,Tuesday,October,10,Q4,2025,44,FY2025
20251029,2025-10-29,Wednesday,October,10,Q4,2025,44,FY2025
20251030,2025-10-30,Thursday,October,10,Q4,2025,44,FY2025
20251031,2025-10-31,Friday,October,10,Q4,2025,44,FY2025
20251101,2025-11-01,Saturday,November,11,Q4,2025,44,FY2025
20251102,2025-11-02,Sunday,November,11,Q4,2025,44,FY2025
20251103,2025-11-03,Monday,November,11,Q4,2025,45,FY2025
20251104,2025-11-04,Tuesday,November,11,Q4,2025,45,FY2025
20251105,2025-11-05,Wednesday,November,11,Q4,2025,45,FY2025
20251106,2025-11-06,Thursday,November,11,Q4,2025,45,FY2025
20251107,2025-11-07,Friday,November,11,Q4,2025,45,FY2025
20251108,2025-11-08,Saturday,November,11,Q4,2025,45,FY2025
20251109,2025-11-09,Sunday,November,11,Q4,2025,45,FY2025
20251110,2025-11-10,Monday,November,11,Q4,2025,46,FY2025
20251111,2025-11-11,Tuesday,November,11,Q4,2025,46,FY2025
20251112,2025-11-12,Wednesday,November,11,Q4,2025,46,FY2025
20251113,2025-11-13,Thursday,November,11,Q4,2025,46,FY2025
20251114,2025-11-14,Friday,November,11,Q4,2025,46,FY2025
20251115,2025-11-15,Saturday,November,11,Q4,2025,46,FY2025
20251116,2025-11-16,Sunday,November,11,Q4,2025,46,FY2025
20251117,2025-11-17,Monday,November,11,Q4,2025,47,FY2025
20251118,2025-11-18,Tuesday,November,11,Q4,2025,47,FY2025
20251119,2025-11-19,Wednesday,November,11,Q4,2025,47,FY2025
20251120,2025-11-20,Thursday,November,11,Q4,2025,47,FY2025
20251121,2025-11-21,Friday,November,11,Q4,2025,47,FY2025
20251122,2025-11-22,Saturday,November,11,Q4,2025,47,FY2025
20251123,2025-11-23,Sunday,November,11,Q4,2025,47,FY2025
20251124,2025-11-24,Monday,November,11,Q4,2025,48,FY2025
20251125,2025-11-25,Tuesday,November,11,Q4,2025,48,FY2025
20251126,2025-11-26,Wednesday,November,11,Q4,2025,48,FY2025
20251127,2025-11-27,Thursday,November,11,Q4,2025,48,FY2025
20251128,2025-11-28,Friday,November,11,Q4,2025,48,FY2025
20251129,2025-11-29,Saturday,November,11,Q4,2025,48,FY2025
20251130,2025-11-30,Sunday,November,11,Q4,2025,48,FY2025
20251201,2025-12-01,Monday,December,12,Q4,2025,49,FY2025
20251202,2025-12-02,Tuesday,December,12,Q4,2025,49,FY2025
20251203,2025-12-03,Wednesday,December,12,Q4,2025,49,FY2025
20251204,2025-12-04,Thursday,December,12,Q4,2025,49,FY2025
20251205,2025-12-05,Friday,December,12,Q4,2025,49,FY2025
20251206,2025-12-06,Saturday,December,12,Q4,2025,49,FY2025
20251207,2025-12-07,Sunday,December,12,Q4,2025,49,FY2025
20251208,2025-12-08,Monday,December,12,Q4,2025,50,FY2025
20251209,2025-12-09,Tuesday,December,12,Q4,2025,50,FY2025
20251210,2025-12-10,Wednesday,December,12,Q4,2025,50,FY2025
20251211,2025-12-11,Thursday,December,12,Q4,2025,50,FY2025
20251212,2025-12-12,Friday,December,12,Q4,2025,50,FY2025
20251213,2025-12-13,Saturday,December,12,Q4,2025,50,FY2025
20251214,2025-12-14,Sunday,December,12,Q4,2025,50,FY2025
20251215,2025-12-15,Monday,December,12,Q4,2025,51,FY2025
20251216,2025-12-16,Tuesday,December,12,Q4,2025,51,FY2025
20251217,2025-12-17,Wednesday,December,12,Q4,2025,51,FY2025
20251218,2025-12-18,Thursday,December,12,Q4,2025,51,FY2025
20251219,2025-12-19,Friday,December,12,Q4,2025,51,FY2025
20251220,2025-12-20,Saturday,December,12,Q4,2025,51,FY2025
20251221,2025-12-21,Sunday,December,12,Q4,2025,51,FY2025
20251222,2025-12-22,Monday,December,12,Q4,2025,52,FY2025
20251223,2025-12-23,Tuesday,December,12,Q4,2025,52,FY2025
20251224,2025-12-24,Wednesday,December,12,Q4,2025,52,FY2025
20251225,2025-12-25,Thursday,December,12,Q4,2025,52,FY2025
20251226,2025-12-26,Friday,December,12,Q4,2025,52,FY2025
20251227,2025-12-27,Saturday,December,12,Q4,2025,52,FY2025
20251228,2025-12-28,Sunday,December,12,Q4,2025,52,FY2025
20251229,2025-12-29,Monday,December,12,Q4,2025,1,FY2025
20251230,2025-12-30,Tuesday,December,12,Q4,2025,1,FY2025
20251231,2025-12-31,Wednesday,December,12,Q4,2025,1,FY2025
20260101,2026-01-01,Thursday,January,1,Q1,2026,1,FY2026
20260102,2026-01-02,Friday,January,1,Q1,2026,1,FY2026
20260103,2026-01-03,Saturday,January,1,Q1,2026,1,FY2026
20260104,2026-01-04,Sunday,January,1,Q1,2026,1,FY2026
20260105,2026-01-05,Monday,January,1,Q1,2026,2,FY2026
20260106,2026-01-06,Tuesday,January,1,Q1,2026,2,FY2026
20260107,2026-01-07,Wednesday,January,1,Q1,2026,2,FY2026
20260108,2026-01-08,Thursday,January,1,Q1,2026,2,FY2026
20260109,2026-01-09,Friday,January,1,Q1,2026,2,FY2026
20260110,2026-01-10,Saturday,January,1,Q1,2026,2,FY2026
20260111,2026-01-11,Sunday,January,1,Q1,2026,2,FY2026
20260112,2026-01-12,Monday,January,1,Q1,2026,3,FY2026
20260113,2026-01-13,Tuesday,January,1,Q1,2026,3,FY2026
20260114,2026-01-14,Wednesday,January,1,Q1,2026,3,FY2026
20260115,2026-01-15,Thursday,January,1,Q1,2026,3,FY2026
20260116,2026-01-16,Friday,January,1,Q1,2026,3,FY2026
20260117,2026-01-17,Saturday,January,1,Q1,2026,3,FY2026
20260118,2026-01-18,Sunday,January,1,Q1,2026,3,FY2026
20260119,2026-01-19,Monday,January,1,Q1,2026,4,FY2026
20260120,2026-01-20,Tuesday,January,1,Q1,2026,4,FY2026
20260121,2026-01-21,Wednesday,January,1,Q1,2026,4,FY2026
20260122,2026-01-22,Thursday,January,1,Q1,2026,4,FY2026
20260123,2026-01-23,Friday,January,1,Q1,2026,4,FY2026
20260124,2026-01-24,Saturday,January,1,Q1,2026,4,FY2026
20260125,2026-01-25,Sunday,January,1,Q1,2026,4,FY2026
20260126,2026-01-26,Monday,January,1,Q1,2026,5,FY2026
20260127,2026-01-27,Tuesday,January,1,Q1,2026,5,FY2026
20260128,2026-01-28,Wednesday,January,1,Q1,2026,5,FY2026
20260129,2026-01-29,Thursday,January,1,Q1,2026,5,FY2026
20260130,2026-01-30,Friday,January,1,Q1,2026,5,FY2026
20260131,2026-01-31,Saturday,January,1,Q1,2026,5,FY2026
20260201,2026-02-01,Sunday,February,2,Q1,2026,5,FY2026
20260202,2026-02-02,Monday,February,2,Q1,2026,6,FY2026
20260203,2026-02-03,Tuesday,February,2,Q1,2026,6,FY2026
20260204,2026-02-04,Wednesday,February,2,Q1,2026,6,FY2026
20260205,2026-02-05,Thursday,February,2,Q1,2026,6,FY2026
20260206,2026-02-06,Friday,February,2,Q1,2026,6,FY2026
20260207,2026-02-07,Saturday,February,2,Q1,2026,6,FY2026
20260208,2026-02-08,Sunday,February,2,Q1,2026,6,FY2026
20260209,2026-02-09,Monday,February,2,Q1,2026,7,FY2026
20260210,2026-02-10,Tuesday,February,2,Q1,2026,7,FY2026
20260211,2026-02-11,Wednesday,February,2,Q1,2026,7,FY2026
20260212,2026-02-12,Thursday,February,2,Q1,2026,7,FY2026
20260213,2026-02-13,Friday,February,2,Q1,2026,7,FY2026
20260214,2026-02-14,Saturday,February,2,Q1,2026,7,FY2026
20260215,2026-02-15,Sunday,February,2,Q1,2026,7,FY2026
20260216,2026-02-16,Monday,February,2,Q1,2026,8,FY2026
20260217,2026-02-17,Tuesday,February,2,Q1,2026,8,FY2026
20260218,2026-02-18,Wednesday,February,2,Q1,2026,8,FY2026
20260219,2026-02-19,Thursday,February,2,Q1,2026,8,FY2026
20260220,2026-02-20,Friday,February,2,Q1,2026,8,FY2026
20260221,2026-02-21,Saturday,February,2,Q1,2026,8,FY2026
20260222,2026-02-22,Sunday,February,2,Q1,2026,8,FY2026
20260223,2026-02-23,Monday,February,2,Q1,2026,9,FY2026
20260224,2026-02-24,Tuesday,February,2,Q1,2026,9,FY2026
20260225,2026-02-25,Wednesday,February,2,Q1,2026,9,FY2026
20260226,2026-02-26,Thursday,February,2,Q1,2026,9,FY2026
20260227,2026-02-27,Friday,February,2,Q1,2026,9,FY2026
20260228,2026-02-28,Saturday,February,2,Q1,2026,9,FY2026
20260301,2026-03-01,Sunday,March,3,Q1,2026,9,FY2026
20260302,2026-03-02,Monday,March,3,Q1,2026,10,FY2026
20260303,2026-03-03,Tuesday,March,3,Q1,2026,10,FY2026
20260304,2026-03-04,Wednesday,March,3,Q1,2026,10,FY2026
20260305,2026-03-05,Thursday,March,3,Q1,2026,10,FY2026
20260306,2026-03-06,Friday,March,3,Q1,2026,10,FY2026
20260307,2026-03-07,Saturday,March,3,Q1,2026,10,FY2026
20260308,2026-03-08,Sunday,March,3,Q1,2026,10,FY2026
20260309,2026-03-09,Monday,March,3,Q1,2026,11,FY2026
20260310,2026-03-10,Tuesday,March,3,Q1,2026,11,FY2026
20260311,2026-03-11,Wednesday,March,3,Q1,2026,11,FY2026
20260312,2026-03-12,Thursday,March,3,Q1,2026,11,FY2026
20260313,2026-03-13,Friday,March,3,Q1,2026,11,FY2026
20260314,2026-03-14,Saturday,March,3,Q1,2026,11,FY2026
20260315,2026-03-15,Sunday,March,3,Q1,2026,11,FY2026
20260316,2026-03-16,Monday,March,3,Q1,2026,12,FY2026
20260317,2026-03-17,Tuesday,March,3,Q1,2026,12,FY2026
20260318,2026-03-18,Wednesday,March,3,Q1,2026,12,FY2026
20260319,2026-03-19,Thursday,March,3,Q1,2026,12,FY2026
20260320,2026-03-20,Friday,March,3,Q1,2026,12,FY2026
20260321,2026-03-21,Saturday,March,3,Q1,2026,12,FY2026
20260322,2026-03-22,Sunday,March,3,Q1,2026,12,FY2026
20260323,2026-03-23,Monday,March,3,Q1,2026,13,FY2026
20260324,2026-03-24,Tuesday,March,3,Q1,2026,13,FY2026
20260325,2026-03-25,Wednesday,March,3,Q1,2026,13,FY2026
20260326,2026-03-26,Thursday,March,3,Q1,2026,13,FY2026
20260327,2026-03-27,Friday,March,3,Q1,2026,13,FY2026
20260328,2026-03-28,Saturday,March,3,Q1,2026,13,FY2026
20260329,2026-03-29,Sunday,March,3,Q1,2026,13,FY2026
20260330,2026-03-30,Monday,March,3,Q1,2026,14,FY2026
20260331,2026-03-31,Tuesday,March,3,Q1,2026,14,FY2026
20260401,2026-04-01,Wednesday,April,4,Q2,2026,14,FY2026
20260402,2026-04-02,Thursday,April,4,Q2,2026,14,FY2026
20260403,2026-04-03,Friday,April,4,Q2,2026,14,FY2026
20260404,2026-04-04,Saturday,April,4,Q2,2026,14,FY2026
20260405,2026-04-05,Sunday,April,4,Q2,2026,14,FY2026
20260406,2026-04-06,Monday,April,4,Q2,2026,15,FY2026
20260407,2026-04-07,Tuesday,April,4,Q2,2026,15,FY2026
20260408,2026-04-08,Wednesday,April,4,Q2,2026,15,FY2026
20260409,2026-04-09,Thursday,April,4,Q2,2026,15,FY2026
20260410,2026-04-10,Friday,April,4,Q2,2026,15,FY2026
20260411,2026-04-11,Saturday,April,4,Q2,2026,15,FY2026
20260412,2026-04-12,Sunday,April,4,Q2,2026,15,FY2026
20260413,2026-04-13,Monday,April,4,Q2,2026,16,FY2026
20260414,2026-04-14,Tuesday,April,4,Q2,2026,16,FY2026
20260415,2026-04-15,Wednesday,April,4,Q2,2026,16,FY2026
20260416,2026-04-16,Thursday,April,4,Q2,2026,16,FY2026
20260417,2026-04-17,Friday,April,4,Q2,2026,16,FY2026
20260418,2026-04-18,Saturday,April,4,Q2,2026,16,FY2026
20260419,2026-04-19,Sunday,April,4,Q2,2026,16,FY2026
20260420,2026-04-20,Monday,April,4,Q2,2026,17,FY2026
20260421,2026-04-21,Tuesday,April,4,Q2,2026,17,FY2026
20260422,2026-04-22,Wednesday,April,4,Q2,2026,17,FY2026
20260423,2026-04-23,Thursday,April,4,Q2,2026,17,FY2026
20260424,2026-04-24,Friday,April,4,Q2,2026,17,FY2026
20260425,2026-04-25,Saturday,April,4,Q2,2026,17,FY2026
20260426,2026-04-26,Sunday,April,4,Q2,2026,17,FY2026
20260427,2026-04-27,Monday,April,4,Q2,2026,18,FY2026
20260428,2026-04-28,Tuesday,April,4,Q2,2026,18,FY2026
20260429,2026-04-29,Wednesday,April,4,Q2,2026,18,FY2026
20260430,2026-04-30,Thursday,April,4,Q2,2026,18,FY2026
20260501,2026-05-01,Friday,May,5,Q2,2026,18,FY2026
20260502,2026-05-02,Saturday,May,5,Q2,2026,18,FY2026
20260503,2026-05-03,Sunday,May,5,Q2,2026,18,FY2026
20260504,2026-05-04,Monday,May,5,Q2,2026,19,FY2026
20260505,2026-05-05,Tuesday,May,5,Q2,2026,19,FY2026
20260506,2026-05-06,Wednesday,May,5,Q2,2026,19,FY2026
20260507,2026-05-07,Thursday,May,5,Q2,2026,19,FY2026
20260508,2026-05-08,Friday,May,5,Q2,2026,19,FY2026
20260509,2026-05-09,Saturday,May,5,Q2,2026,19,FY2026
20260510,2026-05-10,Sunday,May,5,Q2,2026,19,FY2026
20260511,2026-05-11,Monday,May,5,Q2,2026,20,FY2026
20260512,2026-05-12,Tuesday,May,5,Q2,2026,20,FY2026
20260513,2026-05-13,Wednesday,May,5,Q2,2026,20,FY2026
20260514,2026-05-14,Thursday,May,5,Q2,2026,20,FY2026
20260515,2026-05-15,Friday,May,5,Q2,2026,20,FY2026
20260516,2026-05-16,Saturday,May,5,Q2,2026,20,FY2026
20260517,2026-05-17,Sunday,May,5,Q2,2026,20,FY2026
20260518,2026-05-18,Monday,May,5,Q2,2026,21,FY2026
20260519,2026-05-19,Tuesday,May,5,Q2,2026,21,FY2026
20260520,2026-05-20,Wednesday,May,5,Q2,2026,21,FY2026
20260521,2026-05-21,Thursday,May,5,Q2,2026,21,FY2026
20260522,2026-05-22,Friday,May,5,Q2,2026,21,FY2026
20260523,2026-05-23,Saturday,May,5,Q2,2026,21,FY2026
20260524,2026-05-24,Sunday,May,5,Q2,2026,21,FY2026
20260525,2026-05-25,Monday,May,5,Q2,2026,22,FY2026
20260526,2026-05-26,Tuesday,May,5,Q2,2026,22,FY2026
20260527,2026-05-27,Wednesday,May,5,Q2,2026,22,FY2026
20260528,2026-05-28,Thursday,May,5,Q2,2026,22,FY2026
20260529,2026-05-29,Friday,May,5,Q2,2026,22,FY2026
20260530,2026-05-30,Saturday,May,5,Q2,2026,22,FY2026
20260531,2026-05-31,Sunday,May,5,Q2,2026,22,FY2026
20260601,2026-06-01,Monday,June,6,Q2,2026,23,FY2026
20260602,2026-06-02,Tuesday,June,6,Q2,2026,23,FY2026
20260603,2026-06-03,Wednesday,June,6,Q2,2026,23,FY2026
20260604,2026-06-04,Thursday,June,6,Q2,2026,23,FY2026
20260605,2026-06-05,Friday,June,6,Q2,2026,23,FY2026
20260606,2026-06-06,Saturday,June,6,Q2,2026,23,FY2026
20260607,2026-06-07,Sunday,June,6,Q2,2026,23,FY2026
20260608,2026-06-08,Monday,June,6,Q2,2026,24,FY2026
20260609,2026-06-09,Tuesday,June,6,Q2,2026,24,FY2026
20260610,2026-06-10,Wednesday,June,6,Q2,2026,24,FY2026
20260611,2026-06-11,Thursday,June,6,Q2,2026,24,FY2026
20260612,2026-06-12,Friday,June,6,Q2,2026,24,FY2026
20260613,2026-06-13,Saturday,June,6,Q2,2026,24,FY2026
20260614,2026-06-14,Sunday,June,6,Q2,2026,24,FY2026
20260615,2026-06-15,Monday,June,6,Q2,2026,25,FY2026
20260616,2026-06-16,Tuesday,June,6,Q2,2026,25,FY2026
20260617,2026-06-17,Wednesday,June,6,Q2,2026,25,FY2026
20260618,2026-06-18,Thursday,June,6,Q2,2026,25,FY2026
20260619,2026-06-19,Friday,June,6,Q2,2026,25,FY2026
20260620,2026-06-20,Saturday,June,6,Q2,2026,25,FY2026
20260621,2026-06-21,Sunday,June,6,Q2,2026,25,FY2026
20260622,2026-06-22,Monday,June,6,Q2,2026,26,FY2026
20260623,2026-06-23,Tuesday,June,6,Q2,2026,26,FY2026
20260624,2026-06-24,Wednesday,June,6,Q2,2026,26,FY2026
20260625,2026-06-25,Thursday,June,6,Q2,2026,26,FY2026
20260626,2026-06-26,Friday,June,6,Q2,2026,26,FY2026
20260627,2026-06-27,Saturday,June,6,Q2,2026,26,FY2026
20260628,2026-06-28,Sunday,June,6,Q2,2026,26,FY2026
20260629,2026-06-29,Monday,June,6,Q2,2026,27,FY2026
20260630,2026-06-30,Tuesday,June,6,Q2,2026,27,FY2026
20260701,2026-07-01,Wednesday,July,7,Q3,2026,27,FY2026
20260702,2026-07-02,Thursday,July,7,Q3,2026,27,FY2026
20260703,2026-07-03,Friday,July,7,Q3,2026,27,FY2026
20260704,2026-07-04,Saturday,July,7,Q3,2026,27,FY2026
20260705,2026-07-05,Sunday,July,7,Q3,2026,27,FY2026
20260706,2026-07-06,Monday,July,7,Q3,2026,28,FY2026
20260707,2026-07-07,Tuesday,July,7,Q3,2026,28,FY2026
20260708,2026-07-08,Wednesday,July,7,Q3,2026,28,FY2026
20260709,2026-07-09,Thursday,July,7,Q3,2026,28,FY2026
20260710,2026-07-10,Friday,July,7,Q3,2026,28,FY2026
20260711,2026-07-11,Saturday,July,7,Q3,2026,28,FY2026
20260712,2026-07-12,Sunday,July,7,Q3,2026,28,FY2026
20260713,2026-07-13,Monday,July,7,Q3,2026,29,FY2026
20260714,2026-07-14,Tuesday,July,7,Q3,2026,29,FY2026
20260715,2026-07-15,Wednesday,July,7,Q3,2026,29,FY2026
20260716,2026-07-16,Thursday,July,7,Q3,2026,29,FY2026
20260717,2026-07-17,Friday,July,7,Q3,2026,29,FY2026
20260718,2026-07-18,Saturday,July,7,Q3,2026,29,FY2026
20260719,2026-07-19,Sunday,July,7,Q3,2026,29,FY2026
20260720,2026-07-20,Monday,July,7,Q3,2026,30,FY2026
20260721,2026-07-21,Tuesday,July,7,Q3,2026,30,FY2026
20260722,2026-07-22,Wednesday,July,7,Q3,2026,30,FY2026
20260723,2026-07-23,Thursday,July,7,Q3,2026,30,FY2026
20260724,2026-07-24,Friday,July,7,Q3,2026,30,FY2026
20260725,2026-07-25,Saturday,July,7,Q3,2026,30,FY2026
20260726,2026-07-26,Sunday,July,7,Q3,2026,30,FY2026
20260727,2026-07-27,Monday,July,7,Q3,2026,31,FY2026
20260728,2026-07-28,Tuesday,July,7,Q3,2026,31,FY2026
20260729,2026-07-29,Wednesday,July,7,Q3,2026,31,FY2026
20260730,2026-07-30,Thursday,July,7,Q3,2026,31,FY2026
20260731,2026-07-31,Friday,July,7,Q3,2026,31,FY2026
20260801,2026-08-01,Saturday,August,8,Q3,2026,31,FY2026
20260802,2026-08-02,Sunday,August,8,Q3,2026,31,FY2026
20260803,2026-08-03,Monday,August,8,Q3,2026,32,FY2026
20260804,2026-08-04,Tuesday,August,8,Q3,2026,32,FY2026
20260805,2026-08-05,Wednesday,August,8,Q3,2026,32,FY2026
20260806,2026-08-06,Thursday,August,8,Q3,2026,32,FY2026
20260807,2026-08-07,Friday,August,8,Q3,2026,32,FY2026
20260808,2026-08-08,Saturday,August,8,Q3,2026,32,FY2026
20260809,2026-08-09,Sunday,August,8,Q3,2026,32,FY2026
20260810,2026-08-10,Monday,August,8,Q3,2026,33,FY2026
20260811,2026-08-11,Tuesday,August,8,Q3,2026,33,FY2026
20260812,2026-08-12,Wednesday,August,8,Q3,2026,33,FY2026
20260813,2026-08-13,Thursday,August,8,Q3,2026,33,FY2026
20260814,2026-08-14,Friday,August,8,Q3,2026,33,FY2026
20260815,2026-08-15,Saturday,August,8,Q3,2026,33,FY2026
20260816,2026-08-16,Sunday,August,8,Q3,2026,33,FY2026
20260817,2026-08-17,Monday,August,8,Q3,2026,34,FY2026
20260818,2026-08-18,Tuesday,August,8,Q3,2026,34,FY2026
20260819,2026-08-19,Wednesday,August,8,Q3,2026,34,FY2026
20260820,2026-08-20,Thursday,August,8,Q3,2026,34,FY2026
20260821,2026-08-21,Friday,August,8,Q3,2026,34,FY2026
20260822,2026-08-22,Saturday,August,8,Q3,2026,34,FY2026
20260823,2026-08-23,Sunday,August,8,Q3,2026,34,FY2026
20260824,2026-08-24,Monday,August,8,Q3,2026,35,FY2026
20260825,2026-08-25,Tuesday,August,8,Q3,2026,35,FY2026
20260826,2026-08-26,Wednesday,August,8,Q3,2026,35,FY2026
20260827,2026-08-27,Thursday,August,8,Q3,2026,35,FY2026
20260828,2026-08-28,Friday,August,8,Q3,2026,35,FY2026
20260829,2026-08-29,Saturday,August,8,Q3,2026,35,FY2026
20260830,2026-08-30,Sunday,August,8,Q3,2026,35,FY2026
20260831,2026-08-31,Monday,August,8,Q3,2026,36,FY2026
20260901,2026-09-01,Tuesday,September,9,Q3,2026,36,FY2026
20260902,2026-09-02,Wednesday,September,9,Q3,2026,36,FY2026
20260903,2026-09-03,Thursday,September,9,Q3,2026,36,FY2026
20260904,2026-09-04,Friday,September,9,Q3,2026,36,FY2026
20260905,2026-09-05,Saturday,September,9,Q3,2026,36,FY2026
20260906,2026-09-06,Sunday,September,9,Q3,2026,36,FY2026
20260907,2026-09-07,Monday,September,9,Q3,2026,37,FY2026
20260908,2026-09-08,Tuesday,September,9,Q3,2026,37,FY2026
20260909,2026-09-09,Wednesday,September,9,Q3,2026,37,FY2026
20260910,2026-09-10,Thursday,September,9,Q3,2026,37,FY2026
20260911,2026-09-11,Friday,September,9,Q3,2026,37,FY2026
20260912,2026-09-12,Saturday,September,9,Q3,2026,37,FY2026
20260913,2026-09-13,Sunday,September,9,Q3,2026,37,FY2026
20260914,2026-09-14,Monday,September,9,Q3,2026,38,FY2026
20260915,2026-09-15,Tuesday,September,9,Q3,2026,38,FY2026
20260916,2026-09-16,Wednesday,September,9,Q3,2026,38,FY2026
20260917,2026-09-17,Thursday,September,9,Q3,2026,38,FY2026
20260918,2026-09-18,Friday,September,9,Q3,2026,38,FY2026
20260919,2026-09-19,Saturday,September,9,Q3,2026,38,FY2026
20260920,2026-09-20,Sunday,September,9,Q3,2026,38,FY2026
20260921,2026-09-21,Monday,September,9,Q3,2026,39,FY2026
20260922,2026-09-22,Tuesday,September,9,Q3,2026,39,FY2026
20260923,2026-09-23,Wednesday,September,9,Q3,2026,39,FY2026
20260924,2026-09-24,Thursday,September,9,Q3,2026,39,FY2026
20260925,2026-09-25,Friday,September,9,Q3,2026,39,FY2026
20260926,2026-09-26,Saturday,September,9,Q3,2026,39,FY2026
20260927,2026-09-27,Sunday,September,9,Q3,2026,39,FY2026
20260928,2026-09-28,Monday,September,9,Q3,2026,40,FY2026
20260929,2026-09-29,Tuesday,September,9,Q3,2026,40,FY2026
20260930,2026-09-30,Wednesday,September,9,Q3,2026,40,FY2026
20261001,2026-10-01,Thursday,October,10,Q4,2026,40,FY2026
20261002,2026-10-02,Friday,October,10,Q4,2026,40,FY2026
20261003,2026-10-03,Saturday,October,10,Q4,2026,40,FY2026
20261004,2026-10-04,Sunday,October,10,Q4,2026,40,FY2026
20261005,2026-10-05,Monday,October,10,Q4,2026,41,FY2026
20261006,2026-10-06,Tuesday,October,10,Q4,2026,41,FY2026
20261007,2026-10-07,Wednesday,October,10,Q4,2026,41,FY2026
20261008,2026-10-08,Thursday,October,10,Q4,2026,41,FY2026
20261009,2026-10-09,Friday,October,10,Q4,2026,41,FY2026
20261010,2026-10-10,Saturday,October,10,Q4,2026,41,FY2026
20261011,2026-10-11,Sunday,October,10,Q4,2026,41,FY2026
20261012,2026-10-12,Monday,October,10,Q4,2026,42,FY2026
20261013,2026-10-13,Tuesday,October,10,Q4,2026,42,FY2026
20261014,2026-10-14,Wednesday,October,10,Q4,2026,42,FY2026
20261015,2026-10-15,Thursday,October,10,Q4,2026,42,FY2026
20261016,2026-10-16,Friday,October,10,Q4,2026,42,FY2026
20261017,2026-10-17,Saturday,October,10,Q4,2026,42,FY2026
20261018,2026-10-18,Sunday,October,10,Q4,2026,42,FY2026
20261019,2026-10-19,Monday,October,10,Q4,2026,43,FY2026
20261020,2026-10-20,Tuesday,October,10,Q4,2026,43,FY2026
20261021,2026-10-21,Wednesday,October,10,Q4,2026,43,FY2026
20261022,2026-10-22,Thursday,October,10,Q4,2026,43,FY2026
20261023,2026-10-23,Friday,October,10,Q4,2026,43,FY2026
20261024,2026-10-24,Saturday,October,10,Q4,2026,43,FY2026
20261025,2026-10-25,Sunday,October,10,Q4,2026,43,FY2026
20261026,2026-10-26,Monday,October,10,Q4,2026,44,FY2026
20261027,2026-10-27,Tuesday,October,10,Q4,2026,44,FY2026
20261028,2026-10-28,Wednesday,October,10,Q4,2026,44,FY2026
20261029,2026-10-29,Thursday,October,10,Q4,2026,44,FY2026
20261030,2026-10-30,Friday,October,10,Q4,2026,44,FY2026
20261031,2026-10-31,Saturday,October,10,Q4,2026,44,FY2026
20261101,2026-11-01,Sunday,November,11,Q4,2026,44,FY2026
20261102,2026-11-02,Monday,November,11,Q4,2026,45,FY2026
20261103,2026-11-03,Tuesday,November,11,Q4,2026,45,FY2026
20261104,2026-11-04,Wednesday,November,11,Q4,2026,45,FY2026
20261105,2026-11-05,Thursday,November,11,Q4,2026,45,FY2026
20261106,2026-11-06,Friday,November,11,Q4,2026,45,FY2026
20261107,2026-11-07,Saturday,November,11,Q4,2026,45,FY2026
20261108,2026-11-08,Sunday,November,11,Q4,2026,45,FY2026
20261109,2026-11-09,Monday,November,11,Q4,2026,46,FY2026
20261110,2026-11-10,Tuesday,November,11,Q4,2026,46,FY2026
20261111,2026-11-11,Wednesday,November,11,Q4,2026,46,FY2026
20261112,2026-11-12,Thursday,November,11,Q4,2026,46,FY2026
20261113,2026-11-13,Friday,November,11,Q4,2026,46,FY2026
20261114,2026-11-14,Saturday,November,11,Q4,2026,46,FY2026
20261115,2026-11-15,Sunday,November,11,Q4,2026,46,FY2026
20261116,2026-11-16,Monday,November,11,Q4,2026,47,FY2026
20261117,2026-11-17,Tuesday,November,11,Q4,2026,47,FY2026
20261118,2026-11-18,Wednesday,November,11,Q4,2026,47,FY2026
20261119,2026-11-19,Thursday,November,11,Q4,2026,47,FY2026
20261120,2026-11-20,Friday,November,11,Q4,2026,47,FY2026
20261121,2026-11-21,Saturday,November,11,Q4,2026,47,FY2026
20261122,2026-11-22,Sunday,November,11,Q4,2026,47,FY2026
20261123,2026-11-23,Monday,November,11,Q4,2026,48,FY2026
20261124,2026-11-24,Tuesday,November,11,Q4,2026,48,FY2026
20261125,2026-11-25,Wednesday,November,11,Q4,2026,48,FY2026
20261126,2026-11-26,Thursday,November,11,Q4,2026,48,FY2026
20261127,2026-11-27,Friday,November,11,Q4,2026,48,FY2026
20261128,2026-11-28,Saturday,November,11,Q4,2026,48,FY2026
20261129,2026-11-29,Sunday,November,11,Q4,2026,48,FY2026
20261130,2026-11-30,Monday,November,11,Q4,2026,49,FY2026
20261201,2026-12-01,Tuesday,December,12,Q4,2026,49,FY2026
20261202,2026-12-02,Wednesday,December,12,Q4,2026,49,FY2026
20261203,2026-12-03,Thursday,December,12,Q4,2026,49,FY2026
20261204,2026-12-04,Friday,December,12,Q4,2026,49,FY2026
20261205,2026-12-05,Saturday,December,12,Q4,2026,49,FY2026
20261206,2026-12-06,Sunday,December,12,Q4,2026,49,FY2026
20261207,2026-12-07,Monday,December,12,Q4,2026,50,FY2026
20261208,2026-12-08,Tuesday,December,12,Q4,2026,50,FY2026
20261209,2026-12-09,Wednesday,December,12,Q4,2026,50,FY2026
20261210,2026-12-10,Thursday,December,12,Q4,2026,50,FY2026
20261211,2026-12-11,Friday,December,12,Q4,2026,50,FY2026
20261212,2026-12-12,Saturday,December,12,Q4,2026,50,FY2026
20261213,2026-12-13,Sunday,December,12,Q4,2026,50,FY2026
20261214,2026-12-14,Monday,December,12,Q4,2026,51,FY2026
20261215,2026-12-15,Tuesday,December,12,Q4,2026,51,FY2026
20261216,2026-12-16,Wednesday,December,12,Q4,2026,51,FY2026
20261217,2026-12-17,Thursday,December,12,Q4,2026,51,FY2026
20261218,2026-12-18,Friday,December,12,Q4,2026,51,FY2026
20261219,2026-12-19,Saturday,December,12,Q4,2026,51,FY2026
20261220,2026-12-20,Sunday,December,12,Q4,2026,51,FY2026
20261221,2026-12-21,Monday,December,12,Q4,2026,52,FY2026
20261222,2026-12-22,Tuesday,December,12,Q4,2026,52,FY2026
20261223,2026-12-23,Wednesday,December,12,Q4,2026,52,FY2026
20261224,2026-12-24,Thursday,December,12,Q4,2026,52,FY2026
20261225,2026-12-25,Friday,December,12,Q4,2026,52,FY2026
20261226,2026-12-26,Saturday,December,12,Q4,2026,52,FY2026
20261227,2026-12-27,Sunday,December,12,Q4,2026,52,FY2026
20261228,2026-12-28,Monday,December,12,Q4,2026,53,FY2026
20261229,2026-12-29,Tuesday,December,12,Q4,2026,53,FY2026
20261230,2026-12-30,Wednesday,December,12,Q4,2026,53,FY2026
20261231,2026-12-31,Thursday,December,12,Q4,2026,53,FY2026
20270101,2027-01-01,Friday,January,1,Q1,2027,53,FY2027
20270102,2027-01-02,Saturday,January,1,Q1,2027,53,FY2027
20270103,2027-01-03,Sunday,January,1,Q1,2027,53,FY2027
20270104,2027-01-04,Monday,January,1,Q1,2027,1,FY2027
20270105,2027-01-05,Tuesday,January,1,Q1,2027,1,FY2027
20270106,2027-01-06,Wednesday,January,1,Q1,2027,1,FY2027
20270107,2027-01-07,Thursday,January,1,Q1,2027,1,FY2027
20270108,2027-01-08,Friday,January,1,Q1,2027,1,FY2027
20270109,2027-01-09,Saturday,January,1,Q1,2027,1,FY2027
20270110,2027-01-10,Sunday,January,1,Q1,2027,1,FY2027
20270111,2027-01-11,Monday,January,1,Q1,2027,2,FY2027
20270112,2027-01-12,Tuesday,January,1,Q1,2027,2,FY2027
20270113,2027-01-13,Wednesday,January,1,Q1,2027,2,FY2027
20270114,2027-01-14,Thursday,January,1,Q1,2027,2,FY2027
20270115,2027-01-15,Friday,January,1,Q1,2027,2,FY2027
20270116,2027-01-16,Saturday,January,1,Q1,2027,2,FY2027
20270117,2027-01-17,Sunday,January,1,Q1,2027,2,FY2027
20270118,2027-01-18,Monday,January,1,Q1,2027,3,FY2027
20270119,2027-01-19,Tuesday,January,1,Q1,2027,3,FY2027
20270120,2027-01-20,Wednesday,January,1,Q1,2027,3,FY2027
20270121,2027-01-21,Thursday,January,1,Q1,2027,3,FY2027
20270122,2027-01-22,Friday,January,1,Q1,2027,3,FY2027
20270123,2027-01-23,Saturday,January,1,Q1,2027,3,FY2027
20270124,2027-01-24,Sunday,January,1,Q1,2027,3,FY2027
20270125,2027-01-25,Monday,January,1,Q1,2027,4,FY2027
20270126,2027-01-26,Tuesday,January,1,Q1,2027,4,FY2027
20270127,2027-01-27,Wednesday,January,1,Q1,2027,4,FY2027
20270128,2027-01-28,Thursday,January,1,Q1,2027,4,FY2027
20270129,2027-01-29,Friday,January,1,Q1,2027,4,FY2027
20270130,2027-01-30,Saturday,January,1,Q1,2027,4,FY2027
20270131,2027-01-31,Sunday,January,1,Q1,2027,4,FY2027
20270201,2027-02-01,Monday,February,2,Q1,2027,5,FY2027
20270202,2027-02-02,Tuesday,February,2,Q1,2027,5,FY2027
20270203,2027-02-03,Wednesday,February,2,Q1,2027,5,FY2027
20270204,2027-02-04,Thursday,February,2,Q1,2027,5,FY2027
20270205,2027-02-05,Friday,February,2,Q1,2027,5,FY2027
20270206,2027-02-06,Saturday,February,2,Q1,2027,5,FY2027
20270207,2027-02-07,Sunday,February,2,Q1,2027,5,FY2027
20270208,2027-02-08,Monday,February,2,Q1,2027,6,FY2027
20270209,2027-02-09,Tuesday,February,2,Q1,2027,6,FY2027
20270210,2027-02-10,Wednesday,February,2,Q1,2027,6,FY2027
20270211,2027-02-11,Thursday,February,2,Q1,2027,6,FY2027
20270212,2027-02-12,Friday,February,2,Q1,2027,6,FY2027
20270213,2027-02-13,Saturday,February,2,Q1,2027,6,FY2027
20270214,2027-02-14,Sunday,February,2,Q1,2027,6,FY2027
20270215,2027-02-15,Monday,February,2,Q1,2027,7,FY2027
20270216,2027-02-16,Tuesday,February,2,Q1,2027,7,FY2027
20270217,2027-02-17,Wednesday,February,2,Q1,2027,7,FY2027
20270218,2027-02-18,Thursday,February,2,Q1,2027,7,FY2027
20270219,2027-02-19,Friday,February,2,Q1,2027,7,FY2027
20270220,2027-02-20,Saturday,February,2,Q1,2027,7,FY2027
20270221,2027-02-21,Sunday,February,2,Q1,2027,7,FY2027
20270222,2027-02-22,Monday,February,2,Q1,2027,8,FY2027
20270223,2027-02-23,Tuesday,February,2,Q1,2027,8,FY2027
20270224,2027-02-24,Wednesday,February,2,Q1,2027,8,FY2027
20270225,2027-02-25,Thursday,February,2,Q1,2027,8,FY2027
20270226,2027-02-26,Friday,February,2,Q1,2027,8,FY2027
20270227,2027-02-27,Saturday,February,2,Q1,2027,8,FY2027
20270228,2027-02-28,Sunday,February,2,Q1,2027,8,FY2027
20270301,2027-03-01,Monday,March,3,Q1,2027,9,FY2027
20270302,2027-03-02,Tuesday,March,3,Q1,2027,9,FY2027
20270303,2027-03-03,Wednesday,March,3,Q1,2027,9,FY2027
20270304,2027-03-04,Thursday,March,3,Q1,2027,9,FY2027
20270305,2027-03-05,Friday,March,3,Q1,2027,9,FY2027
20270306,2027-03-06,Saturday,March,3,Q1,2027,9,FY2027
20270307,2027-03-07,Sunday,March,3,Q1,2027,9,FY2027
20270308,2027-03-08,Monday,March,3,Q1,2027,10,FY2027
20270309,2027-03-09,Tuesday,March,3,Q1,2027,10,FY2027
20270310,2027-03-10,Wednesday,March,3,Q1,2027,10,FY2027
20270311,2027-03-11,Thursday,March,3,Q1,2027,10,FY2027
20270312,2027-03-12,Friday,March,3,Q1,2027,10,FY2027
20270313,2027-03-13,Saturday,March,3,Q1,2027,10,FY2027
20270314,2027-03-14,Sunday,March,3,Q1,2027,10,FY2027
20270315,2027-03-15,Monday,March,3,Q1,2027,11,FY2027
20270316,2027-03-16,Tuesday,March,3,Q1,2027,11,FY2027
20270317,2027-03-17,Wednesday,March,3,Q1,2027,11,FY2027
20270318,2027-03-18,Thursday,March,3,Q1,2027,11,FY2027
20270319,2027-03-19,Friday,March,3,Q1,2027,11,FY2027
20270320,2027-03-20,Saturday,March,3,Q1,2027,11,FY2027
20270321,2027-03-21,Sunday,March,3,Q1,2027,11,FY2027
20270322,2027-03-22,Monday,March,3,Q1,2027,12,FY2027
20270323,2027-03-23,Tuesday,March,3,Q1,2027,12,FY2027
20270324,2027-03-24,Wednesday,March,3,Q1,2027,12,FY2027
20270325,2027-03-25,Thursday,March,3,Q1,2027,12,FY2027
20270326,2027-03-26,Friday,March,3,Q1,2027,12,FY2027
20270327,2027-03-27,Saturday,March,3,Q1,2027,12,FY2027
20270328,2027-03-28,Sunday,March,3,Q1,2027,12,FY2027
20270329,2027-03-29,Monday,March,3,Q1,2027,13,FY2027
20270330,2027-03-30,Tuesday,March,3,Q1,2027,13,FY2027
20270331,2027-03-31,Wednesday,March,3,Q1,2027,13,FY2027
20270401,2027-04-01,Thursday,April,4,Q2,2027,13,FY2027
20270402,2027-04-02,Friday,April,4,Q2,2027,13,FY2027
20270403,2027-04-03,Saturday,April,4,Q2,2027,13,FY2027
20270404,2027-04-04,Sunday,April,4,Q2,2027,13,FY2027
20270405,2027-04-05,Monday,April,4,Q2,2027,14,FY2027
20270406,2027-04-06,Tuesday,April,4,Q2,2027,14,FY2027
20270407,2027-04-07,Wednesday,April,4,Q2,2027,14,FY2027
20270408,2027-04-08,Thursday,April,4,Q2,2027,14,FY2027
20270409,2027-04-09,Friday,April,4,Q2,2027,14,FY2027
20270410,2027-04-10,Saturday,April,4,Q2,2027,14,FY2027
20270411,2027-04-11,Sunday,April,4,Q2,2027,14,FY2027
20270412,2027-04-12,Monday,April,4,Q2,2027,15,FY2027
20270413,2027-04-13,Tuesday,April,4,Q2,2027,15,FY2027
20270414,2027-04-14,Wednesday,April,4,Q2,2027,15,FY2027
20270415,2027-04-15,Thursday,April,4,Q2,2027,15,FY2027
20270416,2027-04-16,Friday,April,4,Q2,2027,15,FY2027
20270417,2027-04-17,Saturday,April,4,Q2,2027,15,FY2027
20270418,2027-04-18,Sunday,April,4,Q2,2027,15,FY2027
20270419,2027-04-19,Monday,April,4,Q2,2027,16,FY2027
20270420,2027-04-20,Tuesday,April,4,Q2,2027,16,FY2027
20270421,2027-04-21,Wednesday,April,4,Q2,2027,16,FY2027
20270422,2027-04-22,Thursday,April,4,Q2,2027,16,FY2027
20270423,2027-04-23,Friday,April,4,Q2,2027,16,FY2027
20270424,2027-04-24,Saturday,April,4,Q2,2027,16,FY2027
20270425,2027-04-25,Sunday,April,4,Q2,2027,16,FY2027
20270426,2027-04-26,Monday,April,4,Q2,2027,17,FY2027
20270427,2027-04-27,Tuesday,April,4,Q2,2027,17,FY2027
20270428,2027-04-28,Wednesday,April,4,Q2,2027,17,FY2027
20270429,2027-04-29,Thursday,April,4,Q2,2027,17,FY2027
20270430,2027-04-30,Friday,April,4,Q2,2027,17,FY2027
20270501,2027-05-01,Saturday,May,5,Q2,2027,17,FY2027
20270502,2027-05-02,Sunday,May,5,Q2,2027,17,FY2027
20270503,2027-05-03,Monday,May,5,Q2,2027,18,FY2027
20270504,2027-05-04,Tuesday,May,5,Q2,2027,18,FY2027
20270505,2027-05-05,Wednesday,May,5,Q2,2027,18,FY2027
20270506,2027-05-06,Thursday,May,5,Q2,2027,18,FY2027
20270507,2027-05-07,Friday,May,5,Q2,2027,18,FY2027
20270508,2027-05-08,Saturday,May,5,Q2,2027,18,FY2027
20270509,2027-05-09,Sunday,May,5,Q2,2027,18,FY2027
20270510,2027-05-10,Monday,May,5,Q2,2027,19,FY2027
20270511,2027-05-11,Tuesday,May,5,Q2,2027,19,FY2027
20270512,2027-05-12,Wednesday,May,5,Q2,2027,19,FY2027
20270513,2027-05-13,Thursday,May,5,Q2,2027,19,FY2027
20270514,2027-05-14,Friday,May,5,Q2,2027,19,FY2027
20270515,2027-05-15,Saturday,May,5,Q2,2027,19,FY2027
20270516,2027-05-16,Sunday,May,5,Q2,2027,19,FY2027
20270517,2027-05-17,Monday,May,5,Q2,2027,20,FY2027
20270518,2027-05-18,Tuesday,May,5,Q2,2027,20,FY2027
20270519,2027-05-19,Wednesday,May,5,Q2,2027,20,FY2027
20270520,2027-05-20,Thursday,May,5,Q2,2027,20,FY2027
20270521,2027-05-21,Friday,May,5,Q2,2027,20,FY2027
20270522,2027-05-22,Saturday,May,5,Q2,2027,20,FY2027
20270523,2027-05-23,Sunday,May,5,Q2,2027,20,FY2027
20270524,2027-05-24,Monday,May,5,Q2,2027,21,FY2027
20270525,2027-05-25,Tuesday,May,5,Q2,2027,21,FY2027
20270526,2027-05-26,Wednesday,May,5,Q2,2027,21,FY2027
20270527,2027-05-27,Thursday,May,5,Q2,2027,21,FY2027
20270528,2027-05-28,Friday,May,5,Q2,2027,21,FY2027
20270529,2027-05-29,Saturday,May,5,Q2,2027,21,FY2027
20270530,2027-05-30,Sunday,May,5,Q2,2027,21,FY2027
20270531,2027-05-31,Monday,May,5,Q2,2027,22,FY2027
20270601,2027-06-01,Tuesday,June,6,Q2,2027,22,FY2027
20270602,2027-06-02,Wednesday,June,6,Q2,2027,22,FY2027
20270603,2027-06-03,Thursday,June,6,Q2,2027,22,FY2027
20270604,2027-06-04,Friday,June,6,Q2,2027,22,FY2027
20270605,2027-06-05,Saturday,June,6,Q2,2027,22,FY2027
20270606,2027-06-06,Sunday,June,6,Q2,2027,22,FY2027
20270607,2027-06-07,Monday,June,6,Q2,2027,23,FY2027
20270608,2027-06-08,Tuesday,June,6,Q2,2027,23,FY2027
20270609,2027-06-09,Wednesday,June,6,Q2,2027,23,FY2027
20270610,2027-06-10,Thursday,June,6,Q2,2027,23,FY2027
20270611,2027-06-11,Friday,June,6,Q2,2027,23,FY2027
20270612,2027-06-12,Saturday,June,6,Q2,2027,23,FY2027
20270613,2027-06-13,Sunday,June,6,Q2,2027,23,FY2027
20270614,2027-06-14,Monday,June,6,Q2,2027,24,FY2027
20270615,2027-06-15,Tuesday,June,6,Q2,2027,24,FY2027
20270616,2027-06-16,Wednesday,June,6,Q2,2027,24,FY2027
20270617,2027-06-17,Thursday,June,6,Q2,2027,24,FY2027
20270618,2027-06-18,Friday,June,6,Q2,2027,24,FY2027
20270619,2027-06-19,Saturday,June,6,Q2,2027,24,FY2027
20270620,2027-06-20,Sunday,June,6,Q2,2027,24,FY2027
20270621,2027-06-21,Monday,June,6,Q2,2027,25,FY2027
20270622,2027-06-22,Tuesday,June,6,Q2,2027,25,FY2027
20270623,2027-06-23,Wednesday,June,6,Q2,2027,25,FY2027
20270624,2027-06-24,Thursday,June,6,Q2,2027,25,FY2027
20270625,2027-06-25,Friday,June,6,Q2,2027,25,FY2027
20270626,2027-06-26,Saturday,June,6,Q2,2027,25,FY2027
20270627,2027-06-27,Sunday,June,6,Q2,2027,25,FY2027
20270628,2027-06-28,Monday,June,6,Q2,2027,26,FY2027
20270629,2027-06-29,Tuesday,June,6,Q2,2027,26,FY2027
20270630,2027-06-30,Wednesday,June,6,Q2,2027,26,FY2027
20270701,2027-07-01,Thursday,July,7,Q3,2027,26,FY2027
20270702,2027-07-02,Friday,July,7,Q3,2027,26,FY2027
20270703,2027-07-03,Saturday,July,7,Q3,2027,26,FY2027
20270704,2027-07-04,Sunday,July,7,Q3,2027,26,FY2027
20270705,2027-07-05,Monday,July,7,Q3,2027,27,FY2027
20270706,2027-07-06,Tuesday,July,7,Q3,2027,27,FY2027
20270707,2027-07-07,Wednesday,July,7,Q3,2027,27,FY2027
20270708,2027-07-08,Thursday,July,7,Q3,2027,27,FY2027
20270709,2027-07-09,Friday,July,7,Q3,2027,27,FY2027
20270710,2027-07-10,Saturday,July,7,Q3,2027,27,FY2027
20270711,2027-07-11,Sunday,July,7,Q3,2027,27,FY2027
20270712,2027-07-12,Monday,July,7,Q3,2027,28,FY2027
20270713,2027-07-13,Tuesday,July,7,Q3,2027,28,FY2027
20270714,2027-07-14,Wednesday,July,7,Q3,2027,28,FY2027
20270715,2027-07-15,Thursday,July,7,Q3,2027,28,FY2027
20270716,2027-07-16,Friday,July,7,Q3,2027,28,FY2027
20270717,2027-07-17,Saturday,July,7,Q3,2027,28,FY2027
20270718,2027-07-18,Sunday,July,7,Q3,2027,28,FY2027
20270719,2027-07-19,Monday,July,7,Q3,2027,29,FY2027
20270720,2027-07-20,Tuesday,July,7,Q3,2027,29,FY2027
20270721,2027-07-21,Wednesday,July,7,Q3,2027,29,FY2027
20270722,2027-07-22,Thursday,July,7,Q3,2027,29,FY2027
20270723,2027-07-23,Friday,July,7,Q3,2027,29,FY2027
20270724,2027-07-24,Saturday,July,7,Q3,2027,29,FY2027
20270725,2027-07-25,Sunday,July,7,Q3,2027,29,FY2027
20270726,2027-07-26,Monday,July,7,Q3,2027,30,FY2027
20270727,2027-07-27,Tuesday,July,7,Q3,2027,30,FY2027
20270728,2027-07-28,Wednesday,July,7,Q3,2027,30,FY2027
20270729,2027-07-29,Thursday,July,7,Q3,2027,30,FY2027
20270730,2027-07-30,Friday,July,7,Q3,2027,30,FY2027
20270731,2027-07-31,Saturday,July,7,Q3,2027,30,FY2027
20270801,2027-08-01,Sunday,August,8,Q3,2027,30,FY2027
20270802,2027-08-02,Monday,August,8,Q3,2027,31,FY2027
20270803,2027-08-03,Tuesday,August,8,Q3,2027,31,FY2027
20270804,2027-08-04,Wednesday,August,8,Q3,2027,31,FY2027
20270805,2027-08-05,Thursday,August,8,Q3,2027,31,FY2027
20270806,2027-08-06,Friday,August,8,Q3,2027,31,FY2027
20270807,2027-08-07,Saturday,August,8,Q3,2027,31,FY2027
20270808,2027-08-08,Sunday,August,8,Q3,2027,31,FY2027
20270809,2027-08-09,Monday,August,8,Q3,2027,32,FY2027
20270810,2027-08-10,Tuesday,August,8,Q3,2027,32,FY2027
20270811,2027-08-11,Wednesday,August,8,Q3,2027,32,FY2027
20270812,2027-08-12,Thursday,August,8,Q3,2027,32,FY2027
20270813,2027-08-13,Friday,August,8,Q3,2027,32,FY2027
20270814,2027-08-14,Saturday,August,8,Q3,2027,32,FY2027
20270815,2027-08-15,Sunday,August,8,Q3,2027,32,FY2027
20270816,2027-08-16,Monday,August,8,Q3,2027,33,FY2027
20270817,2027-08-17,Tuesday,August,8,Q3,2027,33,FY2027
20270818,2027-08-18,Wednesday,August,8,Q3,2027,33,FY2027
20270819,2027-08-19,Thursday,August,8,Q3,2027,33,FY2027
20270820,2027-08-20,Friday,August,8,Q3,2027,33,FY2027
20270821,2027-08-21,Saturday,August,8,Q3,2027,33,FY2027
20270822,2027-08-22,Sunday,August,8,Q3,2027,33,FY2027
20270823,2027-08-23,Monday,August,8,Q3,2027,34,FY2027
20270824,2027-08-24,Tuesday,August,8,Q3,2027,34,FY2027
20270825,2027-08-25,Wednesday,August,8,Q3,2027,34,FY2027
20270826,2027-08-26,Thursday,August,8,Q3,2027,34,FY2027
20270827,2027-08-27,Friday,August,8,Q3,2027,34,FY2027
20270828,2027-08-28,Saturday,August,8,Q3,2027,34,FY2027
20270829,2027-08-29,Sunday,August,8,Q3,2027,34,FY2027
20270830,2027-08-30,Monday,August,8,Q3,2027,35,FY2027
20270831,2027-08-31,Tuesday,August,8,Q3,2027,35,FY2027
20270901,2027-09-01,Wednesday,September,9,Q3,2027,35,FY2027
20270902,2027-09-02,Thursday,September,9,Q3,2027,35,FY2027
20270903,2027-09-03,Friday,September,9,Q3,2027,35,FY2027
20270904,2027-09-04,Saturday,September,9,Q3,2027,35,FY2027
20270905,2027-09-05,Sunday,September,9,Q3,2027,35,FY2027
20270906,2027-09-06,Monday,September,9,Q3,2027,36,FY2027
20270907,2027-09-07,Tuesday,September,9,Q3,2027,36,FY2027
20270908,2027-09-08,Wednesday,September,9,Q3,2027,36,FY2027
20270909,2027-09-09,Thursday,September,9,Q3,2027,36,FY2027
20270910,2027-09-10,Friday,September,9,Q3,2027,36,FY2027
20270911,2027-09-11,Saturday,September,9,Q3,2027,36,FY2027
20270912,2027-09-12,Sunday,September,9,Q3,2027,36,FY2027
20270913,2027-09-13,Monday,September,9,Q3,2027,37,FY2027
20270914,2027-09-14,Tuesday,September,9,Q3,2027,37,FY2027
20270915,2027-09-15,Wednesday,September,9,Q3,2027,37,FY2027
20270916,2027-09-16,Thursday,September,9,Q3,2027,37,FY2027
20270917,2027-09-17,Friday,September,9,Q3,2027,37,FY2027
20270918,2027-09-18,Saturday,September,9,Q3,2027,37,FY2027
20270919,2027-09-19,Sunday,September,9,Q3,2027,37,FY2027
20270920,2027-09-20,Monday,September,9,Q3,2027,38,FY2027
20270921,2027-09-21,Tuesday,September,9,Q3,2027,38,FY2027
20270922,2027-09-22,Wednesday,September,9,Q3,2027,38,FY2027
20270923,2027-09-23,Thursday,September,9,Q3,2027,38,FY2027
20270924,2027-09-24,Friday,September,9,Q3,2027,38,FY2027
20270925,2027-09-25,Saturday,September,9,Q3,2027,38,FY2027
20270926,2027-09-26,Sunday,September,9,Q3,2027,38,FY2027
20270927,2027-09-27,Monday,September,9,Q3,2027,39,FY2027
20270928,2027-09-28,Tuesday,September,9,Q3,2027,39,FY2027
20270929,2027-09-29,Wednesday,September,9,Q3,2027,39,FY2027
20270930,2027-09-30,Thursday,September,9,Q3,2027,39,FY2027
20271001,2027-10-01,Friday,October,10,Q4,2027,39,FY2027
20271002,2027-10-02,Saturday,October,10,Q4,2027,39,FY2027
20271003,2027-10-03,Sunday,October,10,Q4,2027,39,FY2027
20271004,2027-10-04,Monday,October,10,Q4,2027,40,FY2027
20271005,2027-10-05,Tuesday,October,10,Q4,2027,40,FY2027
20271006,2027-10-06,Wednesday,October,10,Q4,2027,40,FY2027
20271007,2027-10-07,Thursday,October,10,Q4,2027,40,FY2027
20271008,2027-10-08,Friday,October,10,Q4,2027,40,FY2027
20271009,2027-10-09,Saturday,October,10,Q4,2027,40,FY2027
20271010,2027-10-10,Sunday,October,10,Q4,2027,40,FY2027
20271011,2027-10-11,Monday,October,10,Q4,2027,41,FY2027
20271012,2027-10-12,Tuesday,October,10,Q4,2027,41,FY2027
20271013,2027-10-13,Wednesday,October,10,Q4,2027,41,FY2027
20271014,2027-10-14,Thursday,October,10,Q4,2027,41,FY2027
20271015,2027-10-15,Friday,October,10,Q4,2027,41,FY2027
20271016,2027-10-16,Saturday,October,10,Q4,2027,41,FY2027
20271017,2027-10-17,Sunday,October,10,Q4,2027,41,FY2027
20271018,2027-10-18,Monday,October,10,Q4,2027,42,FY2027
20271019,2027-10-19,Tuesday,October,10,Q4,2027,42,FY2027
20271020,2027-10-20,Wednesday,October,10,Q4,2027,42,FY2027
20271021,2027-10-21,Thursday,October,10,Q4,2027,42,FY2027
20271022,2027-10-22,Friday,October,10,Q4,2027,42,FY2027
20271023,2027-10-23,Saturday,October,10,Q4,2027,42,FY2027
20271024,2027-10-24,Sunday,October,10,Q4,2027,42,FY2027
20271025,2027-10-25,Monday,October,10,Q4,2027,43,FY2027
20271026,2027-10-26,Tuesday,October,10,Q4,2027,43,FY2027
20271027,2027-10-27,Wednesday,October,10,Q4,2027,43,FY2027
20271028,2027-10-28,Thursday,October,10,Q4,2027,43,FY2027
20271029,2027-10-29,Friday,October,10,Q4,2027,43,FY2027
20271030,2027-10-30,Saturday,October,10,Q4,2027,43,FY2027
20271031,2027-10-31,Sunday,October,10,Q4,2027,43,FY2027
20271101,2027-11-01,Monday,November,11,Q4,2027,44,FY2027
20271102,2027-11-02,Tuesday,November,11,Q4,2027,44,FY2027
20271103,2027-11-03,Wednesday,November,11,Q4,2027,44,FY2027
20271104,2027-11-04,Thursday,November,11,Q4,2027,44,FY2027
20271105,2027-11-05,Friday,November,11,Q4,2027,44,FY2027
20271106,2027-11-06,Saturday,November,11,Q4,2027,44,FY2027
20271107,2027-11-07,Sunday,November,11,Q4,2027,44,FY2027
20271108,2027-11-08,Monday,November,11,Q4,2027,45,FY2027
20271109,2027-11-09,Tuesday,November,11,Q4,2027,45,FY2027
20271110,2027-11-10,Wednesday,November,11,Q4,2027,45,FY2027
20271111,2027-11-11,Thursday,November,11,Q4,2027,45,FY2027
20271112,2027-11-12,Friday,November,11,Q4,2027,45,FY2027
20271113,2027-11-13,Saturday,November,11,Q4,2027,45,FY2027
20271114,2027-11-14,Sunday,November,11,Q4,2027,45,FY2027
20271115,2027-11-15,Monday,November,11,Q4,2027,46,FY2027
20271116,2027-11-16,Tuesday,November,11,Q4,2027,46,FY2027
20271117,2027-11-17,Wednesday,November,11,Q4,2027,46,FY2027
20271118,2027-11-18,Thursday,November,11,Q4,2027,46,FY2027
20271119,2027-11-19,Friday,November,11,Q4,2027,46,FY2027
20271120,2027-11-20,Saturday,November,11,Q4,2027,46,FY2027
20271121,2027-11-21,Sunday,November,11,Q4,2027,46,FY2027
20271122,2027-11-22,Monday,November,11,Q4,2027,47,FY2027
20271123,2027-11-23,Tuesday,November,11,Q4,2027,47,FY2027
20271124,2027-11-24,Wednesday,November,11,Q4,2027,47,FY2027
20271125,2027-11-25,Thursday,November,11,Q4,2027,47,FY2027
20271126,2027-11-26,Friday,November,11,Q4,2027,47,FY2027
20271127,2027-11-27,Saturday,November,11,Q4,2027,47,FY2027
20271128,2027-11-28,Sunday,November,11,Q4,2027,47,FY2027
20271129,2027-11-29,Monday,November,11,Q4,2027,48,FY2027
20271130,2027-11-30,Tuesday,November,11,Q4,2027,48,FY2027
20271201,2027-12-01,Wednesday,December,12,Q4,2027,48,FY2027
20271202,2027-12-02,Thursday,December,12,Q4,2027,48,FY2027
20271203,2027-12-03,Friday,December,12,Q4,2027,48,FY2027
20271204,2027-12-04,Saturday,December,12,Q4,2027,48,FY2027
20271205,2027-12-05,Sunday,December,12,Q4,2027,48,FY2027
20271206,2027-12-06,Monday,December,12,Q4,2027,49,FY2027
20271207,2027-12-07,Tuesday,December,12,Q4,2027,49,FY2027
20271208,2027-12-08,Wednesday,December,12,Q4,2027,49,FY2027
20271209,2027-12-09,Thursday,December,12,Q4,2027,49,FY2027
20271210,2027-12-10,Friday,December,12,Q4,2027,49,FY2027
20271211,2027-12-11,Saturday,December,12,Q4,2027,49,FY2027
20271212,2027-12-12,Sunday,December,12,Q4,2027,49,FY2027
20271213,2027-12-13,Monday,December,12,Q4,2027,50,FY2027
20271214,2027-12-14,Tuesday,December,12,Q4,2027,50,FY2027
20271215,2027-12-15,Wednesday,December,12,Q4,2027,50,FY2027
20271216,2027-12-16,Thursday,December,12,Q4,2027,50,FY2027
20271217,2027-12-17,Friday,December,12,Q4,2027,50,FY2027
20271218,2027-12-18,Saturday,December,12,Q4,2027,50,FY2027
20271219,2027-12-19,Sunday,December,12,Q4,2027,50,FY2027
20271220,2027-12-20,Monday,December,12,Q4,2027,51,FY2027
20271221,2027-12-21,Tuesday,December,12,Q4,2027,51,FY2027
20271222,2027-12-22,Wednesday,December,12,Q4,2027,51,FY2027
20271223,2027-12-23,Thursday,December,12,Q4,2027,51,FY2027
20271224,2027-12-24,Friday,December,12,Q4,2027,51,FY2027
20271225,2027-12-25,Saturday,December,12,Q4,2027,51,FY2027
20271226,2027-12-26,Sunday,December,12,Q4,2027,51,FY2027
20271227,2027-12-27,Monday,December,12,Q4,2027,52,FY2027
20271228,2027-12-28,Tuesday,December,12,Q4,2027,52,FY2027
20271229,2027-12-29,Wednesday,December,12,Q4,2027,52,FY2027
20271230,2027-12-30,Thursday,December,12,Q4,2027,52,FY2027
20271231,2027-12-31,Friday,December,12,Q4,2027,52,FY2027
20280101,2028-01-01,Saturday,January,1,Q1,2028,52,FY2028
20280102,2028-01-02,Sunday,January,1,Q1,2028,52,FY2028
20280103,2028-01-03,Monday,January,1,Q1,2028,1,FY2028
20280104,2028-01-04,Tuesday,January,1,Q1,2028,1,FY2028
20280105,2028-01-05,Wednesday,January,1,Q1,2028,1,FY2028
20280106,2028-01-06,Thursday,January,1,Q1,2028,1,FY2028
20280107,2028-01-07,Friday,January,1,Q1,2028,1,FY2028
20280108,2028-01-08,Saturday,January,1,Q1,2028,1,FY2028
20280109,2028-01-09,Sunday,January,1,Q1,2028,1,FY2028
20280110,2028-01-10,Monday,January,1,Q1,2028,2,FY2028
20280111,2028-01-11,Tuesday,January,1,Q1,2028,2,FY2028
20280112,2028-01-12,Wednesday,January,1,Q1,2028,2,FY2028
20280113,2028-01-13,Thursday,January,1,Q1,2028,2,FY2028
20280114,2028-01-14,Friday,January,1,Q1,2028,2,FY2028
20280115,2028-01-15,Saturday,January,1,Q1,2028,2,FY2028
20280116,2028-01-16,Sunday,January,1,Q1,2028,2,FY2028
20280117,2028-01-17,Monday,January,1,Q1,2028,3,FY2028
20280118,2028-01-18,Tuesday,January,1,Q1,2028,3,FY2028
20280119,2028-01-19,Wednesday,January,1,Q1,2028,3,FY2028
20280120,2028-01-20,Thursday,January,1,Q1,2028,3,FY2028
20280121,2028-01-21,Friday,January,1,Q1,2028,3,FY2028
20280122,2028-01-22,Saturday,January,1,Q1,2028,3,FY2028
20280123,2028-01-23,Sunday,January,1,Q1,2028,3,FY2028
20280124,2028-01-24,Monday,January,1,Q1,2028,4,FY2028
20280125,2028-01-25,Tuesday,January,1,Q1,2028,4,FY2028
20280126,2028-01-26,Wednesday,January,1,Q1,2028,4,FY2028
20280127,2028-01-27,Thursday,January,1,Q1,2028,4,FY2028
20280128,2028-01-28,Friday,January,1,Q1,2028,4,FY2028
20280129,2028-01-29,Saturday,January,1,Q1,2028,4,FY2028
20280130,2028-01-30,Sunday,January,1,Q1,2028,4,FY2028
20280131,2028-01-31,Monday,January,1,Q1,2028,5,FY2028
20280201,2028-02-01,Tuesday,February,2,Q1,2028,5,FY2028
20280202,2028-02-02,Wednesday,February,2,Q1,2028,5,FY2028
20280203,2028-02-03,Thursday,February,2,Q1,2028,5,FY2028
20280204,2028-02-04,Friday,February,2,Q1,2028,5,FY2028
20280205,2028-02-05,Saturday,February,2,Q1,2028,5,FY2028
20280206,2028-02-06,Sunday,February,2,Q1,2028,5,FY2028
20280207,2028-02-07,Monday,February,2,Q1,2028,6,FY2028
20280208,2028-02-08,Tuesday,February,2,Q1,2028,6,FY2028
20280209,2028-02-09,Wednesday,February,2,Q1,2028,6,FY2028
20280210,2028-02-10,Thursday,February,2,Q1,2028,6,FY2028
20280211,2028-02-11,Friday,February,2,Q1,2028,6,FY2028
20280212,2028-02-12,Saturday,February,2,Q1,2028,6,FY2028
20280213,2028-02-13,Sunday,February,2,Q1,2028,6,FY2028
20280214,2028-02-14,Monday,February,2,Q1,2028,7,FY2028
20280215,2028-02-15,Tuesday,February,2,Q1,2028,7,FY2028
20280216,2028-02-16,Wednesday,February,2,Q1,2028,7,FY2028
20280217,2028-02-17,Thursday,February,2,Q1,2028,7,FY2028
20280218,2028-02-18,Friday,February,2,Q1,2028,7,FY2028
20280219,2028-02-19,Saturday,February,2,Q1,2028,7,FY2028
20280220,2028-02-20,Sunday,February,2,Q1,2028,7,FY2028
20280221,2028-02-21,Monday,February,2,Q1,2028,8,FY2028
20280222,2028-02-22,Tuesday,February,2,Q1,2028,8,FY2028
20280223,2028-02-23,Wednesday,February,2,Q1,2028,8,FY2028
20280224,2028-02-24,Thursday,February,2,Q1,2028,8,FY2028
20280225,2028-02-25,Friday,February,2,Q1,2028,8,FY2028
20280226,2028-02-26,Saturday,February,2,Q1,2028,8,FY2028
20280227,2028-02-27,Sunday,February,2,Q1,2028,8,FY2028
20280228,2028-02-28,Monday,February,2,Q1,2028,9,FY2028
20280229,2028-02-29,Tuesday,February,2,Q1,2028,9,FY2028
20280301,2028-03-01,Wednesday,March,3,Q1,2028,9,FY2028
20280302,2028-03-02,Thursday,March,3,Q1,2028,9,FY2028
20280303,2028-03-03,Friday,March,3,Q1,2028,9,FY2028
20280304,2028-03-04,Saturday,March,3,Q1,2028,9,FY2028
20280305,2028-03-05,Sunday,March,3,Q1,2028,9,FY2028
20280306,2028-03-06,Monday,March,3,Q1,2028,10,FY2028
20280307,2028-03-07,Tuesday,March,3,Q1,2028,10,FY2028
20280308,2028-03-08,Wednesday,March,3,Q1,2028,10,FY2028
20280309,2028-03-09,Thursday,March,3,Q1,2028,10,FY2028
20280310,2028-03-10,Friday,March,3,Q1,2028,10,FY2028
20280311,2028-03-11,Saturday,March,3,Q1,2028,10,FY2028
20280312,2028-03-12,Sunday,March,3,Q1,2028,10,FY2028
20280313,2028-03-13,Monday,March,3,Q1,2028,11,FY2028
20280314,2028-03-14,Tuesday,March,3,Q1,2028,11,FY2028
20280315,2028-03-15,Wednesday,March,3,Q1,2028,11,FY2028
20280316,2028-03-16,Thursday,March,3,Q1,2028,11,FY2028
20280317,2028-03-17,Friday,March,3,Q1,2028,11,FY2028
20280318,2028-03-18,Saturday,March,3,Q1,2028,11,FY2028
20280319,2028-03-19,Sunday,March,3,Q1,2028,11,FY2028
20280320,2028-03-20,Monday,March,3,Q1,2028,12,FY2028
20280321,2028-03-21,Tuesday,March,3,Q1,2028,12,FY2028
20280322,2028-03-22,Wednesday,March,3,Q1,2028,12,FY2028
20280323,2028-03-23,Thursday,March,3,Q1,2028,12,FY2028
20280324,2028-03-24,Friday,March,3,Q1,2028,12,FY2028
20280325,2028-03-25,Saturday,March,3,Q1,2028,12,FY2028
20280326,2028-03-26,Sunday,March,3,Q1,2028,12,FY2028
20280327,2028-03-27,Monday,March,3,Q1,2028,13,FY2028
20280328,2028-03-28,Tuesday,March,3,Q1,2028,13,FY2028
20280329,2028-03-29,Wednesday,March,3,Q1,2028,13,FY2028
20280330,2028-03-30,Thursday,March,3,Q1,2028,13,FY2028
20280331,2028-03-31,Friday,March,3,Q1,2028,13,FY2028
20280401,2028-04-01,Saturday,April,4,Q2,2028,13,FY2028
20280402,2028-04-02,Sunday,April,4,Q2,2028,13,FY2028
20280403,2028-04-03,Monday,April,4,Q2,2028,14,FY2028
20280404,2028-04-04,Tuesday,April,4,Q2,2028,14,FY2028
20280405,2028-04-05,Wednesday,April,4,Q2,2028,14,FY2028
20280406,2028-04-06,Thursday,April,4,Q2,2028,14,FY2028
20280407,2028-04-07,Friday,April,4,Q2,2028,14,FY2028
20280408,2028-04-08,Saturday,April,4,Q2,2028,14,FY2028
20280409,2028-04-09,Sunday,April,4,Q2,2028,14,FY2028
20280410,2028-04-10,Monday,April,4,Q2,2028,15,FY2028
20280411,2028-04-11,Tuesday,April,4,Q2,2028,15,FY2028
20280412,2028-04-12,Wednesday,April,4,Q2,2028,15,FY2028
20280413,2028-04-13,Thursday,April,4,Q2,2028,15,FY2028
20280414,2028-04-14,Friday,April,4,Q2,2028,15,FY2028
20280415,2028-04-15,Saturday,April,4,Q2,2028,15,FY2028
20280416,2028-04-16,Sunday,April,4,Q2,2028,15,FY2028
20280417,2028-04-17,Monday,April,4,Q2,2028,16,FY2028
20280418,2028-04-18,Tuesday,April,4,Q2,2028,16,FY2028
20280419,2028-04-19,Wednesday,April,4,Q2,2028,16,FY2028
20280420,2028-04-20,Thursday,April,4,Q2,2028,16,FY2028
20280421,2028-04-21,Friday,April,4,Q2,2028,16,FY2028
20280422,2028-04-22,Saturday,April,4,Q2,2028,16,FY2028
20280423,2028-04-23,Sunday,April,4,Q2,2028,16,FY2028
20280424,2028-04-24,Monday,April,4,Q2,2028,17,FY2028
20280425,2028-04-25,Tuesday,April,4,Q2,2028,17,FY2028
20280426,2028-04-26,Wednesday,April,4,Q2,2028,17,FY2028
20280427,2028-04-27,Thursday,April,4,Q2,2028,17,FY2028
20280428,2028-04-28,Friday,April,4,Q2,2028,17,FY2028
20280429,2028-04-29,Saturday,April,4,Q2,2028,17,FY2028
20280430,2028-04-30,Sunday,April,4,Q2,2028,17,FY2028
20280501,2028-05-01,Monday,May,5,Q2,2028,18,FY2028
20280502,2028-05-02,Tuesday,May,5,Q2,2028,18,FY2028
20280503,2028-05-03,Wednesday,May,5,Q2,2028,18,FY2028
20280504,2028-05-04,Thursday,May,5,Q2,2028,18,FY2028
20280505,2028-05-05,Friday,May,5,Q2,2028,18,FY2028
20280506,2028-05-06,Saturday,May,5,Q2,2028,18,FY2028
20280507,2028-05-07,Sunday,May,5,Q2,2028,18,FY2028
20280508,2028-05-08,Monday,May,5,Q2,2028,19,FY2028
20280509,2028-05-09,Tuesday,May,5,Q2,2028,19,FY2028
20280510,2028-05-10,Wednesday,May,5,Q2,2028,19,FY2028
20280511,2028-05-11,Thursday,May,5,Q2,2028,19,FY2028
20280512,2028-05-12,Friday,May,5,Q2,2028,19,FY2028
20280513,2028-05-13,Saturday,May,5,Q2,2028,19,FY2028
20280514,2028-05-14,Sunday,May,5,Q2,2028,19,FY2028
20280515,2028-05-15,Monday,May,5,Q2,2028,20,FY2028
20280516,2028-05-16,Tuesday,May,5,Q2,2028,20,FY2028
20280517,2028-05-17,Wednesday,May,5,Q2,2028,20,FY2028
20280518,2028-05-18,Thursday,May,5,Q2,2028,20,FY2028
20280519,2028-05-19,Friday,May,5,Q2,2028,20,FY2028
20280520,2028-05-20,Saturday,May,5,Q2,2028,20,FY2028
20280521,2028-05-21,Sunday,May,5,Q2,2028,20,FY2028
20280522,2028-05-22,Monday,May,5,Q2,2028,21,FY2028
20280523,2028-05-23,Tuesday,May,5,Q2,2028,21,FY2028
20280524,2028-05-24,Wednesday,May,5,Q2,2028,21,FY2028
20280525,2028-05-25,Thursday,May,5,Q2,2028,21,FY2028
20280526,2028-05-26,Friday,May,5,Q2,2028,21,FY2028
20280527,2028-05-27,Saturday,May,5,Q2,2028,21,FY2028
20280528,2028-05-28,Sunday,May,5,Q2,2028,21,FY2028
20280529,2028-05-29,Monday,May,5,Q2,2028,22,FY2028
20280530,2028-05-30,Tuesday,May,5,Q2,2028,22,FY2028
20280531,2028-05-31,Wednesday,May,5,Q2,2028,22,FY2028
20280601,2028-06-01,Thursday,June,6,Q2,2028,22,FY2028
20280602,2028-06-02,Friday,June,6,Q2,2028,22,FY2028
20280603,2028-06-03,Saturday,June,6,Q2,2028,22,FY2028
20280604,2028-06-04,Sunday,June,6,Q2,2028,22,FY2028
20280605,2028-06-05,Monday,June,6,Q2,2028,23,FY2028
20280606,2028-06-06,Tuesday,June,6,Q2,2028,23,FY2028
20280607,2028-06-07,Wednesday,June,6,Q2,2028,23,FY2028
20280608,2028-06-08,Thursday,June,6,Q2,2028,23,FY2028
20280609,2028-06-09,Friday,June,6,Q2,2028,23,FY2028
20280610,2028-06-10,Saturday,June,6,Q2,2028,23,FY2028
20280611,2028-06-11,Sunday,June,6,Q2,2028,23,FY2028
20280612,2028-06-12,Monday,June,6,Q2,2028,24,FY2028
20280613,2028-06-13,Tuesday,June,6,Q2,2028,24,FY2028
20280614,2028-06-14,Wednesday,June,6,Q2,2028,24,FY2028
20280615,2028-06-15,Thursday,June,6,Q2,2028,24,FY2028
20280616,2028-06-16,Friday,June,6,Q2,2028,24,FY2028
20280617,2028-06-17,Saturday,June,6,Q2,2028,24,FY2028
20280618,2028-06-18,Sunday,June,6,Q2,2028,24,FY2028
20280619,2028-06-19,Monday,June,6,Q2,2028,25,FY2028
20280620,2028-06-20,Tuesday,June,6,Q2,2028,25,FY2028
20280621,2028-06-21,Wednesday,June,6,Q2,2028,25,FY2028
20280622,2028-06-22,Thursday,June,6,Q2,2028,25,FY2028
20280623,2028-06-23,Friday,June,6,Q2,2028,25,FY2028
20280624,2028-06-24,Saturday,June,6,Q2,2028,25,FY2028
20280625,2028-06-25,Sunday,June,6,Q2,2028,25,FY2028
20280626,2028-06-26,Monday,June,6,Q2,2028,26,FY2028
20280627,2028-06-27,Tuesday,June,6,Q2,2028,26,FY2028
20280628,2028-06-28,Wednesday,June,6,Q2,2028,26,FY2028
20280629,2028-06-29,Thursday,June,6,Q2,2028,26,FY2028
20280630,2028-06-30,Friday,June,6,Q2,2028,26,FY2028
20280701,2028-07-01,Saturday,July,7,Q3,2028,26,FY2028
20280702,2028-07-02,Sunday,July,7,Q3,2028,26,FY2028
20280703,2028-07-03,Monday,July,7,Q3,2028,27,FY2028
20280704,2028-07-04,Tuesday,July,7,Q3,2028,27,FY2028
20280705,2028-07-05,Wednesday,July,7,Q3,2028,27,FY2028
20280706,2028-07-06,Thursday,July,7,Q3,2028,27,FY2028
20280707,2028-07-07,Friday,July,7,Q3,2028,27,FY2028
20280708,2028-07-08,Saturday,July,7,Q3,2028,27,FY2028
20280709,2028-07-09,Sunday,July,7,Q3,2028,27,FY2028
20280710,2028-07-10,Monday,July,7,Q3,2028,28,FY2028
20280711,2028-07-11,Tuesday,July,7,Q3,2028,28,FY2028
20280712,2028-07-12,Wednesday,July,7,Q3,2028,28,FY2028
20280713,2028-07-13,Thursday,July,7,Q3,2028,28,FY2028
20280714,2028-07-14,Friday,July,7,Q3,2028,28,FY2028
20280715,2028-07-15,Saturday,July,7,Q3,2028,28,FY2028
20280716,2028-07-16,Sunday,July,7,Q3,2028,28,FY2028
20280717,2028-07-17,Monday,July,7,Q3,2028,29,FY2028
20280718,2028-07-18,Tuesday,July,7,Q3,2028,29,FY2028
20280719,2028-07-19,Wednesday,July,7,Q3,2028,29,FY2028
20280720,2028-07-20,Thursday,July,7,Q3,2028,29,FY2028
20280721,2028-07-21,Friday,July,7,Q3,2028,29,FY2028
20280722,2028-07-22,Saturday,July,7,Q3,2028,29,FY2028
20280723,2028-07-23,Sunday,July,7,Q3,2028,29,FY2028
20280724,2028-07-24,Monday,July,7,Q3,2028,30,FY2028
20280725,2028-07-25,Tuesday,July,7,Q3,2028,30,FY2028
20280726,2028-07-26,Wednesday,July,7,Q3,2028,30,FY2028
20280727,2028-07-27,Thursday,July,7,Q3,2028,30,FY2028
20280728,2028-07-28,Friday,July,7,Q3,2028,30,FY2028
20280729,2028-07-29,Saturday,July,7,Q3,2028,30,FY2028
20280730,2028-07-30,Sunday,July,7,Q3,2028,30,FY2028
20280731,2028-07-31,Monday,July,7,Q3,2028,31,FY2028
20280801,2028-08-01,Tuesday,August,8,Q3,2028,31,FY2028
20280802,2028-08-02,Wednesday,August,8,Q3,2028,31,FY2028
20280803,2028-08-03,Thursday,August,8,Q3,2028,31,FY2028
20280804,2028-08-04,Friday,August,8,Q3,2028,31,FY2028
20280805,2028-08-05,Saturday,August,8,Q3,2028,31,FY2028
20280806,2028-08-06,Sunday,August,8,Q3,2028,31,FY2028
20280807,2028-08-07,Monday,August,8,Q3,2028,32,FY2028
20280808,2028-08-08,Tuesday,August,8,Q3,2028,32,FY2028
20280809,2028-08-09,Wednesday,August,8,Q3,2028,32,FY2028
20280810,2028-08-10,Thursday,August,8,Q3,2028,32,FY2028
20280811,2028-08-11,Friday,August,8,Q3,2028,32,FY2028
20280812,2028-08-12,Saturday,August,8,Q3,2028,32,FY2028
20280813,2028-08-13,Sunday,August,8,Q3,2028,32,FY2028
20280814,2028-08-14,Monday,August,8,Q3,2028,33,FY2028
20280815,2028-08-15,Tuesday,August,8,Q3,2028,33,FY2028
20280816,2028-08-16,Wednesday,August,8,Q3,2028,33,FY2028
20280817,2028-08-17,Thursday,August,8,Q3,2028,33,FY2028
20280818,2028-08-18,Friday,August,8,Q3,2028,33,FY2028
20280819,2028-08-19,Saturday,August,8,Q3,2028,33,FY2028
20280820,2028-08-20,Sunday,August,8,Q3,2028,33,FY2028
20280821,2028-08-21,Monday,August,8,Q3,2028,34,FY2028
20280822,2028-08-22,Tuesday,August,8,Q3,2028,34,FY2028
20280823,2028-08-23,Wednesday,August,8,Q3,2028,34,FY2028
20280824,2028-08-24,Thursday,August,8,Q3,2028,34,FY2028
20280825,2028-08-25,Friday,August,8,Q3,2028,34,FY2028
20280826,2028-08-26,Saturday,August,8,Q3,2028,34,FY2028
20280827,2028-08-27,Sunday,August,8,Q3,2028,34,FY2028
20280828,2028-08-28,Monday,August,8,Q3,2028,35,FY2028
20280829,2028-08-29,Tuesday,August,8,Q3,2028,35,FY2028
20280830,2028-08-30,Wednesday,August,8,Q3,2028,35,FY2028
20280831,2028-08-31,Thursday,August,8,Q3,2028,35,FY2028
20280901,2028-09-01,Friday,September,9,Q3,2028,35,FY2028
20280902,2028-09-02,Saturday,September,9,Q3,2028,35,FY2028
20280903,2028-09-03,Sunday,September,9,Q3,2028,35,FY2028
20280904,2028-09-04,Monday,September,9,Q3,2028,36,FY2028
20280905,2028-09-05,Tuesday,September,9,Q3,2028,36,FY2028
20280906,2028-09-06,Wednesday,September,9,Q3,2028,36,FY2028
20280907,2028-09-07,Thursday,September,9,Q3,2028,36,FY2028
20280908,2028-09-08,Friday,September,9,Q3,2028,36,FY2028
20280909,2028-09-09,Saturday,September,9,Q3,2028,36,FY2028
20280910,2028-09-10,Sunday,September,9,Q3,2028,36,FY2028
20280911,2028-09-11,Monday,September,9,Q3,2028,37,FY2028
20280912,2028-09-12,Tuesday,September,9,Q3,2028,37,FY2028
20280913,2028-09-13,Wednesday,September,9,Q3,2028,37,FY2028
20280914,2028-09-14,Thursday,September,9,Q3,2028,37,FY2028
20280915,2028-09-15,Friday,September,9,Q3,2028,37,FY2028
20280916,2028-09-16,Saturday,September,9,Q3,2028,37,FY2028
20280917,2028-09-17,Sunday,September,9,Q3,2028,37,FY2028
20280918,2028-09-18,Monday,September,9,Q3,2028,38,FY2028
20280919,2028-09-19,Tuesday,September,9,Q3,2028,38,FY2028
20280920,2028-09-20,Wednesday,September,9,Q3,2028,38,FY2028
20280921,2028-09-21,Thursday,September,9,Q3,2028,38,FY2028
20280922,2028-09-22,Friday,September,9,Q3,2028,38,FY2028
20280923,2028-09-23,Saturday,September,9,Q3,2028,38,FY2028
20280924,2028-09-24,Sunday,September,9,Q3,2028,38,FY2028
20280925,2028-09-25,Monday,September,9,Q3,2028,39,FY2028
20280926,2028-09-26,Tuesday,September,9,Q3,2028,39,FY2028
20280927,2028-09-27,Wednesday,September,9,Q3,2028,39,FY2028
20280928,2028-09-28,Thursday,September,9,Q3,2028,39,FY2028
20280929,2028-09-29,Friday,September,9,Q3,2028,39,FY2028
20280930,2028-09-30,Saturday,September,9,Q3,2028,39,FY2028
20281001,2028-10-01,Sunday,October,10,Q4,2028,39,FY2028
20281002,2028-10-02,Monday,October,10,Q4,2028,40,FY2028
20281003,2028-10-03,Tuesday,October,10,Q4,2028,40,FY2028
20281004,2028-10-04,Wednesday,October,10,Q4,2028,40,FY2028
20281005,2028-10-05,Thursday,October,10,Q4,2028,40,FY2028
20281006,2028-10-06,Friday,October,10,Q4,2028,40,FY2028
20281007,2028-10-07,Saturday,October,10,Q4,2028,40,FY2028
20281008,2028-10-08,Sunday,October,10,Q4,2028,40,FY2028
20281009,2028-10-09,Monday,October,10,Q4,2028,41,FY2028
20281010,2028-10-10,Tuesday,October,10,Q4,2028,41,FY2028
20281011,2028-10-11,Wednesday,October,10,Q4,2028,41,FY2028
20281012,2028-10-12,Thursday,October,10,Q4,2028,41,FY2028
20281013,2028-10-13,Friday,October,10,Q4,2028,41,FY2028
20281014,2028-10-14,Saturday,October,10,Q4,2028,41,FY2028
20281015,2028-10-15,Sunday,October,10,Q4,2028,41,FY2028
20281016,2028-10-16,Monday,October,10,Q4,2028,42,FY2028
20281017,2028-10-17,Tuesday,October,10,Q4,2028,42,FY2028
20281018,2028-10-18,Wednesday,October,10,Q4,2028,42,FY2028
20281019,2028-10-19,Thursday,October,10,Q4,2028,42,FY2028
20281020,2028-10-20,Friday,October,10,Q4,2028,42,FY2028
20281021,2028-10-21,Saturday,October,10,Q4,2028,42,FY2028
20281022,2028-10-22,Sunday,October,10,Q4,2028,42,FY2028
20281023,2028-10-23,Monday,October,10,Q4,2028,43,FY2028
20281024,2028-10-24,Tuesday,October,10,Q4,2028,43,FY2028
20281025,2028-10-25,Wednesday,October,10,Q4,2028,43,FY2028
20281026,2028-10-26,Thursday,October,10,Q4,2028,43,FY2028
20281027,2028-10-27,Friday,October,10,Q4,2028,43,FY2028
20281028,2028-10-28,Saturday,October,10,Q4,2028,43,FY2028
20281029,2028-10-29,Sunday,October,10,Q4,2028,43,FY2028
20281030,2028-10-30,Monday,October,10,Q4,2028,44,FY2028
20281031,2028-10-31,Tuesday,October,10,Q4,2028,44,FY2028
20281101,2028-11-01,Wednesday,November,11,Q4,2028,44,FY2028
20281102,2028-11-02,Thursday,November,11,Q4,2028,44,FY2028
20281103,2028-11-03,Friday,November,11,Q4,2028,44,FY2028
20281104,2028-11-04,Saturday,November,11,Q4,2028,44,FY2028
20281105,2028-11-05,Sunday,November,11,Q4,2028,44,FY2028
20281106,2028-11-06,Monday,November,11,Q4,2028,45,FY2028
20281107,2028-11-07,Tuesday,November,11,Q4,2028,45,FY2028
20281108,2028-11-08,Wednesday,November,11,Q4,2028,45,FY2028
20281109,2028-11-09,Thursday,November,11,Q4,2028,45,FY2028
20281110,2028-11-10,Friday,November,11,Q4,2028,45,FY2028
20281111,2028-11-11,Saturday,November,11,Q4,2028,45,FY2028
20281112,2028-11-12,Sunday,November,11,Q4,2028,45,FY2028
20281113,2028-11-13,Monday,November,11,Q4,2028,46,FY2028
20281114,2028-11-14,Tuesday,November,11,Q4,2028,46,FY2028
20281115,2028-11-15,Wednesday,November,11,Q4,2028,46,FY2028
20281116,2028-11-16,Thursday,November,11,Q4,2028,46,FY2028
20281117,2028-11-17,Friday,November,11,Q4,2028,46,FY2028
20281118,2028-11-18,Saturday,November,11,Q4,2028,46,FY2028
20281119,2028-11-19,Sunday,November,11,Q4,2028,46,FY2028
20281120,2028-11-20,Monday,November,11,Q4,2028,47,FY2028
20281121,2028-11-21,Tuesday,November,11,Q4,2028,47,FY2028
20281122,2028-11-22,Wednesday,November,11,Q4,2028,47,FY2028
20281123,2028-11-23,Thursday,November,11,Q4,2028,47,FY2028
20281124,2028-11-24,Friday,November,11,Q4,2028,47,FY2028
20281125,2028-11-25,Saturday,November,11,Q4,2028,47,FY2028
20281126,2028-11-26,Sunday,November,11,Q4,2028,47,FY2028
20281127,2028-11-27,Monday,November,11,Q4,2028,48,FY2028
20281128,2028-11-28,Tuesday,November,11,Q4,2028,48,FY2028
20281129,2028-11-29,Wednesday,November,11,Q4,2028,48,FY2028
20281130,2028-11-30,Thursday,November,11,Q4,2028,48,FY2028
20281201,2028-12-01,Friday,December,12,Q4,2028,48,FY2028
20281202,2028-12-02,Saturday,December,12,Q4,2028,48,FY2028
20281203,2028-12-03,Sunday,December,12,Q4,2028,48,FY2028
20281204,2028-12-04,Monday,December,12,Q4,2028,49,FY2028
20281205,2028-12-05,Tuesday,December,12,Q4,2028,49,FY2028
20281206,2028-12-06,Wednesday,December,12,Q4,2028,49,FY2028
20281207,2028-12-07,Thursday,December,12,Q4,2028,49,FY2028
20281208,2028-12-08,Friday,December,12,Q4,2028,49,FY2028
20281209,2028-12-09,Saturday,December,12,Q4,2028,49,FY2028
20281210,2028-12-10,Sunday,December,12,Q4,2028,49,FY2028
20281211,2028-12-11,Monday,December,12,Q4,2028,50,FY2028
20281212,2028-12-12,Tuesday,December,12,Q4,2028,50,FY2028
20281213,2028-12-13,Wednesday,December,12,Q4,2028,50,FY2028
20281214,2028-12-14,Thursday,December,12,Q4,2028,50,FY2028
20281215,2028-12-15,Friday,December,12,Q4,2028,50,FY2028
20281216,2028-12-16,Saturday,December,12,Q4,2028,50,FY2028
20281217,2028-12-17,Sunday,December,12,Q4,2028,50,FY2028
20281218,2028-12-18,Monday,December,12,Q4,2028,51,FY2028
20281219,2028-12-19,Tuesday,December,12,Q4,2028,51,FY2028
20281220,2028-12-20,Wednesday,December,12,Q4,2028,51,FY2028
20281221,2028-12-21,Thursday,December,12,Q4,2028,51,FY2028
20281222,2028-12-22,Friday,December,12,Q4,2028,51,FY2028
20281223,2028-12-23,Saturday,December,12,Q4,2028,51,FY2028
20281224,2028-12-24,Sunday,December,12,Q4,2028,51,FY2028
20281225,2028-12-25,Monday,December,12,Q4,2028,52,FY2028
20281226,2028-12-26,Tuesday,December,12,Q4,2028,52,FY2028
20281227,2028-12-27,Wednesday,December,12,Q4,2028,52,FY2028
20281228,2028-12-28,Thursday,December,12,Q4,2028,52,FY2028
20281229,2028-12-29,Friday,December,12,Q4,2028,52,FY2028
20281230,2028-12-30,Saturday,December,12,Q4,2028,52,FY2028
20281231,2028-12-31,Sunday,December,12,Q4,2028,52,FY2028
