Inventory_ID,Date_Key,Product_ID,Store_ID,Opening_Stock,Received,Sold,Closing_Stock,Reorder_Level,Expiry_Date,Batch_No
INVT000001,20240401,PRD013,ST048,190,62,28,224,25,2025-07-14,BAT000001
INVT000002,20231223,PRD217,ST003,65,23,27,61,25,2026-05-23,BAT000002
INVT000003,20230419,PRD288,ST013,416,139,53,502,25,2025-07-21,BAT000003
INVT000004,20260213,PRD004,ST049,462,40,89,413,40,2028-01-27,BAT000004
INVT000005,20260212,PRD080,ST014,440,86,13,513,20,2028-03-07,BAT000005
INVT000006,20240201,PRD184,ST023,359,67,103,323,20,2026-05-16,BAT000006
INVT000007,20240526,PRD194,ST006,332,75,106,301,50,2026-05-31,BAT000007
INVT000008,20250226,PRD036,ST003,388,58,98,348,30,2026-05-18,BAT000008
INVT000009,20250811,PRD052,ST025,192,116,81,227,30,2027-01-24,BAT000009
INVT000010,20270225,PRD182,ST014,393,68,89,372,20,2029-11-09,BAT000010
INVT000011,20241201,PRD274,ST047,175,41,59,157,40,2026-09-03,BAT000011
INVT000012,20250618,PRD167,ST050,447,14,29,432,20,2027-05-07,BAT000012
INVT000013,20270702,PRD138,ST005,158,145,112,191,30,2029-02-03,BAT000013
INVT000014,20280806,PRD203,ST042,284,36,33,287,25,2030-04-15,BAT000014
INVT000015,20251212,PRD300,ST028,348,102,46,404,25,2027-05-02,BAT000015
INVT000016,20280918,PRD253,ST006,436,12,110,338,20,2030-02-21,BAT000016
INVT000017,20241017,PRD217,ST039,82,98,48,132,50,2027-02-08,BAT000017
INVT000018,20281207,PRD129,ST036,490,2,87,405,20,2031-11-05,BAT000018
INVT000019,20251228,PRD175,ST008,200,111,20,291,40,2026-12-31,BAT000019
INVT000020,20251214,PRD257,ST049,141,129,116,154,20,2028-09-14,BAT000020
INVT000021,20260507,PRD260,ST039,151,39,47,143,25,2028-11-09,BAT000021
INVT000022,20281212,PRD001,ST039,215,125,2,338,20,2030-12-18,BAT000022
INVT000023,20260613,PRD123,ST004,173,145,10,308,20,2028-10-22,BAT000023
INVT000024,20231011,PRD273,ST050,114,32,84,62,40,2026-04-25,BAT000024
INVT000025,20241107,PRD136,ST034,496,108,27,577,50,2027-10-14,BAT000025
INVT000026,20250403,PRD160,ST026,393,95,56,432,50,2027-07-09,BAT000026
INVT000027,20240510,PRD127,ST015,82,86,2,166,50,2026-11-28,BAT000027
INVT000028,20250731,PRD113,ST001,86,15,29,72,20,2026-09-01,BAT000028
INVT000029,20260915,PRD037,ST033,171,71,85,157,40,2028-04-21,BAT000029
INVT000030,20240625,PRD293,ST037,292,62,100,254,40,2026-08-15,BAT000030
INVT000031,20250218,PRD049,ST007,387,110,45,452,40,2027-04-14,BAT000031
INVT000032,20280327,PRD028,ST044,384,25,7,402,40,2030-03-09,BAT000032
INVT000033,20240323,PRD128,ST013,147,137,57,227,25,2026-05-29,BAT000033
INVT000034,20250121,PRD143,ST030,177,19,56,140,50,2026-05-01,BAT000034
INVT000035,20230727,PRD277,ST001,97,60,21,136,40,2025-12-05,BAT000035
INVT000036,20280525,PRD110,ST026,80,42,48,74,20,2030-06-28,BAT000036
INVT000037,20251222,PRD233,ST019,266,142,84,324,40,2027-05-29,BAT000037
INVT000038,20250216,PRD152,ST014,79,148,94,133,50,2026-04-19,BAT000038
INVT000039,20260708,PRD030,ST004,349,122,64,407,50,2027-12-16,BAT000039
INVT000040,20230821,PRD261,ST006,485,47,8,524,50,2024-10-28,BAT000040
INVT000041,20250821,PRD207,ST008,341,63,74,330,50,2026-09-30,BAT000041
INVT000042,20231202,PRD215,ST043,348,144,66,426,30,2025-08-25,BAT000042
INVT000043,20250416,PRD161,ST016,185,101,16,270,30,2027-07-28,BAT000043
INVT000044,20260719,PRD038,ST001,284,144,12,416,20,2029-01-19,BAT000044
INVT000045,20250523,PRD260,ST017,117,89,112,94,20,2027-01-28,BAT000045
INVT000046,20270222,PRD146,ST011,274,139,90,323,30,2029-11-09,BAT000046
INVT000047,20281206,PRD005,ST043,468,141,38,571,20,2030-04-22,BAT000047
INVT000048,20251219,PRD060,ST007,430,141,19,552,30,2027-10-03,BAT000048
INVT000049,20250512,PRD176,ST014,401,67,64,404,40,2027-01-24,BAT000049
INVT000050,20230728,PRD048,ST041,266,70,5,331,20,2025-07-03,BAT000050
INVT000051,20240619,PRD135,ST011,429,113,70,472,40,2027-01-14,BAT000051
INVT000052,20230209,PRD058,ST005,403,38,69,372,20,2025-02-21,BAT000052
INVT000053,20240829,PRD221,ST009,71,78,46,103,20,2026-08-30,BAT000053
INVT000054,20250510,PRD128,ST043,102,90,99,93,50,2027-06-30,BAT000054
INVT000055,20240925,PRD122,ST011,459,45,112,392,40,2025-10-20,BAT000055
INVT000056,20250104,PRD171,ST027,460,63,34,489,25,2027-12-23,BAT000056
INVT000057,20240318,PRD196,ST003,489,120,28,581,25,2026-07-02,BAT000057
INVT000058,20261203,PRD157,ST015,164,6,84,86,25,2029-01-14,BAT000058
INVT000059,20260906,PRD143,ST005,445,71,44,472,50,2028-10-19,BAT000059
INVT000060,20260918,PRD015,ST008,499,66,22,543,50,2028-06-15,BAT000060
INVT000061,20230606,PRD056,ST039,272,88,93,267,30,2025-08-25,BAT000061
INVT000062,20280925,PRD060,ST025,345,48,32,361,20,2031-09-20,BAT000062
INVT000063,20271122,PRD001,ST034,462,137,87,512,25,2029-11-28,BAT000063
INVT000064,20271102,PRD036,ST043,219,80,84,215,20,2029-09-04,BAT000064
INVT000065,20280908,PRD159,ST043,259,83,51,291,30,2031-03-29,BAT000065
INVT000066,20240605,PRD099,ST027,390,97,86,401,25,2027-02-25,BAT000066
INVT000067,20260517,PRD208,ST036,476,0,38,438,30,2027-12-18,BAT000067
INVT000068,20271027,PRD297,ST039,385,82,59,408,40,2030-01-21,BAT000068
INVT000069,20250525,PRD262,ST031,456,43,84,415,20,2027-03-11,BAT000069
INVT000070,20281012,PRD172,ST006,469,60,86,443,30,2030-05-30,BAT000070
INVT000071,20250326,PRD076,ST002,73,62,60,75,50,2026-06-08,BAT000071
INVT000072,20280209,PRD213,ST041,344,49,91,302,40,2030-06-29,BAT000072
INVT000073,20270625,PRD125,ST010,385,1,114,272,20,2029-09-02,BAT000073
INVT000074,20250615,PRD091,ST045,315,118,6,427,50,2027-02-25,BAT000074
INVT000075,20240512,PRD234,ST009,460,118,85,493,50,2026-12-05,BAT000075
INVT000076,20260723,PRD227,ST040,467,129,54,542,50,2028-10-21,BAT000076
INVT000077,20241013,PRD244,ST029,182,63,107,138,30,2027-03-30,BAT000077
INVT000078,20280607,PRD123,ST018,275,19,91,203,30,2030-02-02,BAT000078
INVT000079,20260117,PRD172,ST021,326,20,17,329,25,2027-09-10,BAT000079
INVT000080,20270418,PRD079,ST046,159,16,53,122,40,2029-03-21,BAT000080
INVT000081,20280323,PRD213,ST004,155,107,49,213,50,2031-03-05,BAT000081
INVT000082,20230322,PRD295,ST025,294,1,120,175,30,2025-01-20,BAT000082
INVT000083,20270517,PRD215,ST035,432,139,102,469,50,2028-12-27,BAT000083
INVT000084,20280622,PRD113,ST018,273,124,3,394,40,2030-06-01,BAT000084
INVT000085,20270715,PRD085,ST030,115,136,3,248,40,2030-03-12,BAT000085
INVT000086,20230422,PRD043,ST042,269,34,110,193,40,2024-10-24,BAT000086
INVT000087,20230725,PRD134,ST025,217,54,58,213,30,2025-07-04,BAT000087
INVT000088,20270402,PRD143,ST049,475,107,32,550,20,2029-07-26,BAT000088
INVT000089,20230321,PRD277,ST004,229,57,83,203,20,2026-01-16,BAT000089
INVT000090,20230614,PRD016,ST016,152,5,79,78,25,2025-02-12,BAT000090
INVT000091,20240601,PRD243,ST043,108,144,27,225,40,2027-05-18,BAT000091
INVT000092,20251115,PRD189,ST011,360,29,99,290,25,2027-09-29,BAT000092
INVT000093,20240318,PRD297,ST002,209,147,86,270,40,2026-04-28,BAT000093
INVT000094,20250323,PRD039,ST038,403,62,13,452,30,2028-02-21,BAT000094
INVT000095,20240510,PRD290,ST003,227,136,54,309,30,2025-07-19,BAT000095
INVT000096,20280903,PRD175,ST001,484,107,105,486,40,2029-12-20,BAT000096
INVT000097,20271111,PRD186,ST041,474,117,90,501,25,2030-01-29,BAT000097
INVT000098,20241222,PRD268,ST042,188,137,99,226,40,2027-04-12,BAT000098
INVT000099,20271120,PRD138,ST021,486,62,106,442,20,2029-08-31,BAT000099
INVT000100,20280121,PRD125,ST049,287,145,78,354,40,2029-12-30,BAT000100
INVT000101,20230428,PRD254,ST021,143,124,27,240,30,2025-01-16,BAT000101
INVT000102,20261026,PRD144,ST039,409,70,71,408,20,2029-04-07,BAT000102
INVT000103,20250221,PRD044,ST016,418,104,62,460,50,2026-10-25,BAT000103
INVT000104,20280504,PRD252,ST029,455,4,11,448,30,2029-12-16,BAT000104
INVT000105,20270715,PRD125,ST020,389,148,47,490,40,2030-01-31,BAT000105
INVT000106,20281214,PRD177,ST028,431,140,42,529,30,2031-12-03,BAT000106
INVT000107,20280202,PRD139,ST020,178,59,15,222,25,2029-12-21,BAT000107
INVT000108,20240504,PRD275,ST049,403,47,24,426,25,2026-09-11,BAT000108
INVT000109,20260206,PRD269,ST039,194,25,106,113,25,2027-12-06,BAT000109
INVT000110,20250720,PRD185,ST012,204,3,90,117,50,2026-11-26,BAT000110
INVT000111,20260128,PRD024,ST004,333,74,89,318,25,2028-11-11,BAT000111
INVT000112,20280703,PRD053,ST001,343,72,60,355,40,2030-09-27,BAT000112
INVT000113,20261027,PRD095,ST004,179,122,14,287,20,2028-12-10,BAT000113
INVT000114,20280707,PRD038,ST037,372,13,19,366,25,2031-02-03,BAT000114
INVT000115,20260529,PRD044,ST016,110,142,97,155,40,2029-02-07,BAT000115
INVT000116,20250713,PRD268,ST025,280,113,38,355,50,2027-09-25,BAT000116
INVT000117,20260604,PRD292,ST040,80,25,97,8,25,2029-03-05,BAT000117
INVT000118,20250514,PRD136,ST043,91,40,30,101,25,2027-11-30,BAT000118
INVT000119,20231104,PRD081,ST001,259,115,88,286,50,2026-02-27,BAT000119
INVT000120,20260407,PRD017,ST015,197,72,89,180,40,2027-06-18,BAT000120
INVT000121,20250814,PRD136,ST041,351,50,54,347,20,2028-02-22,BAT000121
INVT000122,20250709,PRD077,ST018,473,36,9,500,20,2026-12-25,BAT000122
INVT000123,20260613,PRD292,ST019,274,31,59,246,30,2029-05-29,BAT000123
INVT000124,20270707,PRD140,ST033,326,126,56,396,20,2030-03-10,BAT000124
INVT000125,20230613,PRD222,ST048,215,64,3,276,20,2025-02-01,BAT000125
INVT000126,20230326,PRD138,ST037,70,44,60,54,50,2026-01-21,BAT000126
INVT000127,20271217,PRD143,ST012,349,111,81,379,40,2029-03-19,BAT000127
INVT000128,20280409,PRD179,ST027,220,82,85,217,20,2029-09-20,BAT000128
INVT000129,20260912,PRD211,ST045,303,73,84,292,40,2029-03-28,BAT000129
INVT000130,20230531,PRD233,ST006,211,64,41,234,20,2025-07-17,BAT000130
INVT000131,20281008,PRD001,ST043,495,138,59,574,40,2029-12-02,BAT000131
INVT000132,20250207,PRD266,ST024,368,127,80,415,40,2026-03-31,BAT000132
INVT000133,20250413,PRD137,ST036,117,73,56,134,40,2026-08-15,BAT000133
INVT000134,20230429,PRD123,ST046,131,79,70,140,20,2025-11-14,BAT000134
INVT000135,20270730,PRD048,ST015,480,29,59,450,20,2030-05-23,BAT000135
INVT000136,20240922,PRD256,ST046,199,130,90,239,30,2026-11-21,BAT000136
INVT000137,20280530,PRD242,ST016,283,141,18,406,40,2029-12-11,BAT000137
INVT000138,20280912,PRD070,ST005,191,106,43,254,50,2030-06-12,BAT000138
INVT000139,20230111,PRD145,ST047,202,150,74,278,40,2024-06-11,BAT000139
INVT000140,20280104,PRD276,ST031,226,85,70,241,50,2030-01-24,BAT000140
INVT000141,20280209,PRD165,ST013,407,61,73,395,40,2029-10-05,BAT000141
INVT000142,20270810,PRD023,ST021,431,121,90,462,40,2029-09-08,BAT000142
INVT000143,20240915,PRD254,ST003,114,128,75,167,30,2025-12-26,BAT000143
INVT000144,20271209,PRD052,ST034,283,3,92,194,25,2030-01-31,BAT000144
INVT000145,20240924,PRD039,ST031,450,67,43,474,50,2027-09-03,BAT000145
INVT000146,20270617,PRD042,ST022,486,136,48,574,30,2030-03-19,BAT000146
INVT000147,20280621,PRD278,ST003,366,17,30,353,30,2030-02-08,BAT000147
INVT000148,20240106,PRD223,ST007,439,25,56,408,25,2026-12-16,BAT000148
INVT000149,20260511,PRD015,ST003,216,14,37,193,30,2028-05-28,BAT000149
INVT000150,20271031,PRD075,ST016,321,105,72,354,25,2029-04-22,BAT000150
INVT000151,20241218,PRD041,ST040,495,97,79,513,25,2027-05-11,BAT000151
INVT000152,20240809,PRD119,ST030,376,65,58,383,30,2027-06-22,BAT000152
INVT000153,20230208,PRD239,ST019,396,139,20,515,20,2025-05-05,BAT000153
INVT000154,20261116,PRD154,ST041,267,64,58,273,30,2028-06-06,BAT000154
INVT000155,20270425,PRD248,ST007,171,97,73,195,30,2029-12-03,BAT000155
INVT000156,20260426,PRD152,ST002,474,101,35,540,20,2028-11-25,BAT000156
INVT000157,20230720,PRD255,ST019,447,58,77,428,30,2025-02-28,BAT000157
INVT000158,20250217,PRD129,ST044,436,35,80,391,20,2027-11-21,BAT000158
INVT000159,20230611,PRD159,ST029,67,148,46,169,25,2024-09-10,BAT000159
INVT000160,20260423,PRD168,ST048,262,44,25,281,25,2028-10-26,BAT000160
INVT000161,20270207,PRD272,ST033,189,42,32,199,40,2028-12-05,BAT000161
INVT000162,20261019,PRD059,ST030,88,36,96,28,25,2029-09-10,BAT000162
INVT000163,20270616,PRD286,ST024,96,101,1,196,30,2029-12-16,BAT000163
INVT000164,20240521,PRD233,ST024,394,67,74,387,40,2027-03-05,BAT000164
INVT000165,20270302,PRD056,ST044,169,120,3,286,50,2029-09-26,BAT000165
INVT000166,20260905,PRD114,ST042,82,118,116,84,30,2029-06-30,BAT000166
INVT000167,20270731,PRD060,ST009,73,9,38,44,40,2028-11-25,BAT000167
INVT000168,20240203,PRD121,ST035,119,99,58,160,30,2026-12-20,BAT000168
INVT000169,20270913,PRD080,ST027,385,25,106,304,40,2030-06-04,BAT000169
INVT000170,20270730,PRD144,ST003,403,94,27,470,40,2029-10-27,BAT000170
INVT000171,20250825,PRD186,ST007,401,94,69,426,30,2026-10-26,BAT000171
INVT000172,20270619,PRD142,ST013,112,116,11,217,25,2030-04-06,BAT000172
INVT000173,20230329,PRD026,ST022,174,32,100,106,50,2024-10-24,BAT000173
INVT000174,20231009,PRD284,ST014,350,55,104,301,25,2025-09-09,BAT000174
INVT000175,20240827,PRD002,ST018,489,37,16,510,50,2026-05-10,BAT000175
INVT000176,20241215,PRD057,ST043,493,6,16,483,20,2026-12-16,BAT000176
INVT000177,20250901,PRD166,ST002,139,67,6,200,25,2027-11-06,BAT000177
INVT000178,20281124,PRD059,ST048,82,121,57,146,30,2031-05-03,BAT000178
INVT000179,20240322,PRD232,ST033,163,11,93,81,50,2026-01-24,BAT000179
INVT000180,20280220,PRD016,ST004,295,102,54,343,20,2030-07-06,BAT000180
INVT000181,20271222,PRD038,ST006,214,37,8,243,25,2029-09-28,BAT000181
INVT000182,20260824,PRD196,ST039,321,75,58,338,50,2029-05-04,BAT000182
INVT000183,20271029,PRD051,ST045,108,141,92,157,25,2030-01-11,BAT000183
INVT000184,20280124,PRD117,ST027,223,116,51,288,40,2029-04-30,BAT000184
INVT000185,20260704,PRD219,ST021,390,65,47,408,25,2029-06-06,BAT000185
INVT000186,20280426,PRD035,ST006,475,21,11,485,40,2029-08-02,BAT000186
INVT000187,20270307,PRD067,ST036,80,150,71,159,50,2029-02-06,BAT000187
INVT000188,20240515,PRD211,ST023,497,108,111,494,20,2026-03-05,BAT000188
INVT000189,20260703,PRD181,ST007,345,129,27,447,25,2029-05-05,BAT000189
INVT000190,20280529,PRD115,ST007,229,142,47,324,20,2030-03-10,BAT000190
INVT000191,20250715,PRD220,ST036,442,142,3,581,50,2028-05-18,BAT000191
INVT000192,20251231,PRD015,ST012,189,79,117,151,30,2027-12-25,BAT000192
INVT000193,20230126,PRD093,ST010,339,102,8,433,25,2025-11-04,BAT000193
INVT000194,20230506,PRD047,ST048,321,55,48,328,40,2025-08-12,BAT000194
INVT000195,20261028,PRD081,ST024,209,83,99,193,50,2029-06-29,BAT000195
INVT000196,20231214,PRD027,ST010,130,12,86,56,20,2025-09-17,BAT000196
INVT000197,20271220,PRD218,ST032,360,113,53,420,30,2029-07-27,BAT000197
INVT000198,20280929,PRD059,ST023,270,28,36,262,50,2031-02-09,BAT000198
INVT000199,20281128,PRD158,ST003,162,101,76,187,20,2029-12-05,BAT000199
INVT000200,20250417,PRD155,ST014,442,35,97,380,30,2027-02-07,BAT000200
INVT000201,20260905,PRD062,ST001,304,110,22,392,25,2028-09-28,BAT000201
INVT000202,20281221,PRD118,ST033,336,90,9,417,40,2030-02-02,BAT000202
INVT000203,20271122,PRD010,ST030,89,80,73,96,40,2030-07-01,BAT000203
INVT000204,20270715,PRD214,ST019,108,103,2,209,30,2029-01-05,BAT000204
INVT000205,20280228,PRD186,ST006,273,27,31,269,40,2030-10-23,BAT000205
INVT000206,20270629,PRD269,ST006,252,79,95,236,30,2029-02-09,BAT000206
INVT000207,20260926,PRD087,ST005,311,29,67,273,50,2028-04-11,BAT000207
INVT000208,20261202,PRD180,ST047,469,37,30,476,20,2028-04-29,BAT000208
INVT000209,20251114,PRD102,ST012,358,39,97,300,20,2027-05-14,BAT000209
INVT000210,20280716,PRD238,ST049,338,148,57,429,50,2031-05-05,BAT000210
INVT000211,20260816,PRD162,ST010,275,17,60,232,40,2029-05-23,BAT000211
INVT000212,20260525,PRD141,ST038,78,90,64,104,20,2028-04-06,BAT000212
INVT000213,20280306,PRD232,ST003,79,94,106,67,30,2029-05-23,BAT000213
INVT000214,20240105,PRD260,ST025,286,148,70,364,20,2026-04-09,BAT000214
INVT000215,20250210,PRD165,ST039,293,128,19,402,20,2027-05-17,BAT000215
INVT000216,20240228,PRD176,ST046,93,129,82,140,25,2025-04-08,BAT000216
INVT000217,20251011,PRD225,ST029,318,133,78,373,25,2027-10-18,BAT000217
INVT000218,20270308,PRD145,ST025,259,86,86,259,50,2028-04-29,BAT000218
INVT000219,20261002,PRD034,ST022,98,142,86,154,40,2028-07-18,BAT000219
INVT000220,20251029,PRD077,ST022,91,149,84,156,25,2027-10-22,BAT000220
INVT000221,20260624,PRD201,ST009,354,21,39,336,50,2028-07-13,BAT000221
INVT000222,20260907,PRD066,ST043,409,134,11,532,40,2029-02-08,BAT000222
INVT000223,20270122,PRD010,ST024,208,46,27,227,30,2029-06-02,BAT000223
INVT000224,20250225,PRD116,ST009,129,19,37,111,20,2027-07-29,BAT000224
INVT000225,20281126,PRD020,ST043,222,33,76,179,40,2030-05-02,BAT000225
INVT000226,20241026,PRD093,ST045,444,42,92,394,40,2025-12-09,BAT000226
INVT000227,20270810,PRD187,ST044,418,60,56,422,50,2029-05-27,BAT000227
INVT000228,20280113,PRD120,ST035,172,79,103,148,40,2029-07-29,BAT000228
INVT000229,20270215,PRD293,ST029,286,72,99,259,40,2029-07-13,BAT000229
INVT000230,20281130,PRD215,ST011,468,51,102,417,50,2030-04-20,BAT000230
INVT000231,20251021,PRD027,ST042,296,95,70,321,20,2028-10-18,BAT000231
INVT000232,20281014,PRD064,ST019,92,41,34,99,40,2031-03-23,BAT000232
INVT000233,20240826,PRD224,ST006,163,115,113,165,30,2025-09-22,BAT000233
INVT000234,20270827,PRD028,ST026,307,95,30,372,40,2028-11-17,BAT000234
INVT000235,20270316,PRD115,ST002,213,25,107,131,30,2028-08-11,BAT000235
INVT000236,20240717,PRD020,ST019,474,120,89,505,25,2027-07-09,BAT000236
INVT000237,20280405,PRD230,ST040,52,20,2,70,30,2029-11-11,BAT000237
INVT000238,20240904,PRD281,ST047,361,135,54,442,20,2026-06-26,BAT000238
INVT000239,20250831,PRD155,ST008,74,61,53,82,50,2027-12-12,BAT000239
INVT000240,20230915,PRD057,ST032,355,137,2,490,50,2026-04-25,BAT000240
INVT000241,20250917,PRD074,ST019,269,0,78,191,30,2027-05-21,BAT000241
INVT000242,20270903,PRD096,ST043,392,21,67,346,30,2028-11-10,BAT000242
INVT000243,20281124,PRD279,ST033,452,129,70,511,20,2030-12-28,BAT000243
INVT000244,20280409,PRD023,ST041,248,95,32,311,20,2030-04-09,BAT000244
INVT000245,20231004,PRD177,ST016,425,26,98,353,50,2025-09-08,BAT000245
INVT000246,20240630,PRD023,ST023,329,86,104,311,25,2027-06-01,BAT000246
INVT000247,20280318,PRD246,ST041,143,34,8,169,40,2029-04-24,BAT000247
INVT000248,20260416,PRD104,ST003,455,51,113,393,20,2028-03-04,BAT000248
INVT000249,20260624,PRD264,ST026,467,139,60,546,30,2027-07-31,BAT000249
INVT000250,20250221,PRD147,ST023,491,12,110,393,30,2026-11-27,BAT000250
INVT000251,20240524,PRD189,ST028,254,112,114,252,40,2026-05-06,BAT000251
INVT000252,20250204,PRD255,ST045,304,94,118,280,50,2026-11-04,BAT000252
INVT000253,20231205,PRD218,ST006,270,46,69,247,30,2025-10-28,BAT000253
INVT000254,20240225,PRD041,ST021,388,75,39,424,40,2026-11-03,BAT000254
INVT000255,20271012,PRD086,ST045,277,89,57,309,20,2029-10-07,BAT000255
INVT000256,20271117,PRD141,ST041,455,14,9,460,40,2029-11-23,BAT000256
INVT000257,20281002,PRD082,ST002,123,112,4,231,25,2029-12-09,BAT000257
INVT000258,20250824,PRD188,ST024,246,145,4,387,50,2027-01-28,BAT000258
INVT000259,20280117,PRD190,ST024,277,19,73,223,25,2030-07-12,BAT000259
INVT000260,20270212,PRD204,ST021,382,71,31,422,20,2028-03-09,BAT000260
INVT000261,20250201,PRD256,ST034,248,143,15,376,30,2026-10-25,BAT000261
INVT000262,20280102,PRD110,ST040,196,125,25,296,20,2029-05-19,BAT000262
INVT000263,20231031,PRD232,ST012,415,113,11,517,30,2026-09-13,BAT000263
INVT000264,20261124,PRD034,ST036,327,74,114,287,30,2028-05-03,BAT000264
INVT000265,20241214,PRD186,ST033,164,31,25,170,25,2026-08-13,BAT000265
INVT000266,20280716,PRD014,ST024,333,146,47,432,40,2031-01-31,BAT000266
INVT000267,20240615,PRD045,ST005,208,101,91,218,40,2026-12-05,BAT000267
INVT000268,20270810,PRD210,ST037,87,32,40,79,20,2029-11-12,BAT000268
INVT000269,20280323,PRD265,ST023,115,141,81,175,50,2029-09-25,BAT000269
INVT000270,20240612,PRD222,ST033,494,14,106,402,20,2026-11-24,BAT000270
INVT000271,20240918,PRD156,ST011,132,82,119,95,25,2026-09-07,BAT000271
INVT000272,20281026,PRD146,ST006,178,50,81,147,50,2030-08-03,BAT000272
INVT000273,20240527,PRD156,ST040,323,23,64,282,25,2027-01-23,BAT000273
INVT000274,20240923,PRD088,ST043,369,86,107,348,50,2025-11-04,BAT000274
INVT000275,20230427,PRD042,ST003,378,147,33,492,25,2025-12-02,BAT000275
INVT000276,20270903,PRD016,ST032,371,139,37,473,30,2030-01-09,BAT000276
INVT000277,20250930,PRD208,ST020,282,18,88,212,20,2027-03-10,BAT000277
INVT000278,20271206,PRD213,ST031,287,52,43,296,50,2029-05-01,BAT000278
INVT000279,20260704,PRD164,ST047,490,88,51,527,25,2028-07-17,BAT000279
INVT000280,20281010,PRD288,ST007,213,61,59,215,20,2030-07-10,BAT000280
INVT000281,20280116,PRD127,ST010,99,12,37,74,40,2030-10-07,BAT000281
INVT000282,20270909,PRD128,ST011,466,83,119,430,50,2029-07-25,BAT000282
INVT000283,20250216,PRD082,ST032,313,119,63,369,30,2027-07-10,BAT000283
INVT000284,20230405,PRD047,ST026,308,117,30,395,25,2025-11-22,BAT000284
INVT000285,20261216,PRD025,ST004,194,126,76,244,40,2028-10-03,BAT000285
INVT000286,20230203,PRD056,ST028,118,67,93,92,30,2025-03-21,BAT000286
INVT000287,20270207,PRD024,ST026,76,145,71,150,25,2029-02-12,BAT000287
INVT000288,20260328,PRD038,ST025,308,115,97,326,50,2028-01-08,BAT000288
INVT000289,20240501,PRD066,ST007,251,95,101,245,30,2026-11-23,BAT000289
INVT000290,20270206,PRD074,ST013,358,130,51,437,50,2028-03-18,BAT000290
INVT000291,20230705,PRD020,ST009,415,85,102,398,40,2025-12-17,BAT000291
INVT000292,20280215,PRD077,ST039,313,35,41,307,50,2030-01-06,BAT000292
INVT000293,20241027,PRD202,ST040,428,76,75,429,30,2027-03-30,BAT000293
INVT000294,20280918,PRD273,ST032,412,144,38,518,40,2029-10-05,BAT000294
INVT000295,20270217,PRD170,ST044,106,106,74,138,30,2030-01-21,BAT000295
INVT000296,20230420,PRD243,ST017,385,148,73,460,25,2024-06-10,BAT000296
INVT000297,20280521,PRD088,ST034,372,97,18,451,25,2029-06-22,BAT000297
INVT000298,20240326,PRD098,ST002,275,80,53,302,25,2026-05-22,BAT000298
INVT000299,20250415,PRD211,ST033,446,120,111,455,20,2028-04-06,BAT000299
INVT000300,20240719,PRD266,ST014,337,83,84,336,40,2027-01-08,BAT000300
INVT000301,20270324,PRD161,ST012,285,136,43,378,50,2029-03-20,BAT000301
INVT000302,20251218,PRD248,ST013,176,71,71,176,30,2027-08-05,BAT000302
INVT000303,20260504,PRD148,ST046,156,125,40,241,40,2028-04-25,BAT000303
INVT000304,20260125,PRD148,ST008,343,139,48,434,40,2028-01-13,BAT000304
INVT000305,20240822,PRD149,ST003,197,20,44,173,40,2027-06-24,BAT000305
INVT000306,20251116,PRD246,ST014,153,137,34,256,50,2028-10-28,BAT000306
INVT000307,20260117,PRD071,ST007,365,150,30,485,25,2027-03-09,BAT000307
INVT000308,20281215,PRD116,ST041,169,13,12,170,40,2030-11-18,BAT000308
INVT000309,20280418,PRD052,ST044,444,35,0,479,50,2029-09-26,BAT000309
INVT000310,20270725,PRD244,ST031,383,51,96,338,30,2029-06-17,BAT000310
INVT000311,20260315,PRD031,ST050,95,146,29,212,50,2027-04-22,BAT000311
INVT000312,20241218,PRD214,ST012,68,101,100,69,40,2026-06-26,BAT000312
INVT000313,20260331,PRD020,ST001,202,145,77,270,20,2028-03-08,BAT000313
INVT000314,20260311,PRD233,ST042,328,134,63,399,25,2028-08-08,BAT000314
INVT000315,20280401,PRD140,ST013,464,28,42,450,25,2030-07-14,BAT000315
INVT000316,20251119,PRD096,ST001,427,86,101,412,30,2028-06-22,BAT000316
INVT000317,20250302,PRD090,ST040,488,103,105,486,40,2027-08-11,BAT000317
INVT000318,20260905,PRD045,ST026,392,24,23,393,25,2029-01-05,BAT000318
INVT000319,20260818,PRD128,ST001,183,98,30,251,40,2028-05-17,BAT000319
INVT000320,20260912,PRD155,ST038,420,146,1,565,30,2029-07-12,BAT000320
INVT000321,20270112,PRD121,ST004,391,30,59,362,30,2028-06-23,BAT000321
INVT000322,20270719,PRD258,ST046,444,79,88,435,20,2030-05-03,BAT000322
INVT000323,20260423,PRD189,ST040,163,56,17,202,40,2027-09-26,BAT000323
INVT000324,20280207,PRD192,ST027,409,140,116,433,40,2030-08-10,BAT000324
INVT000325,20250613,PRD127,ST044,436,20,67,389,40,2027-12-05,BAT000325
INVT000326,20270121,PRD040,ST037,107,15,106,16,50,2029-06-21,BAT000326
INVT000327,20250408,PRD294,ST035,126,42,41,127,50,2027-07-04,BAT000327
INVT000328,20240421,PRD106,ST046,348,125,11,462,50,2026-07-21,BAT000328
INVT000329,20230816,PRD233,ST009,312,106,58,360,50,2024-10-13,BAT000329
INVT000330,20280308,PRD158,ST047,61,101,32,130,20,2029-10-17,BAT000330
INVT000331,20231027,PRD024,ST028,226,16,69,173,20,2025-01-04,BAT000331
INVT000332,20280417,PRD017,ST019,259,46,98,207,25,2031-02-02,BAT000332
INVT000333,20270918,PRD192,ST025,279,96,48,327,20,2030-08-17,BAT000333
INVT000334,20240628,PRD179,ST008,141,137,50,228,50,2025-11-05,BAT000334
INVT000335,20250701,PRD002,ST049,61,76,59,78,50,2027-09-08,BAT000335
INVT000336,20281218,PRD195,ST015,176,117,44,249,25,2030-09-26,BAT000336
INVT000337,20250211,PRD058,ST003,464,107,78,493,20,2026-10-15,BAT000337
INVT000338,20250424,PRD035,ST007,354,8,57,305,50,2028-03-12,BAT000338
INVT000339,20230719,PRD126,ST048,72,102,56,118,25,2026-01-21,BAT000339
INVT000340,20250608,PRD029,ST009,307,74,29,352,50,2027-04-30,BAT000340
INVT000341,20260806,PRD122,ST020,498,36,84,450,50,2028-03-19,BAT000341
INVT000342,20270821,PRD154,ST018,81,142,75,148,25,2030-05-23,BAT000342
INVT000343,20271016,PRD285,ST032,74,88,120,42,40,2030-04-05,BAT000343
INVT000344,20260729,PRD214,ST027,126,76,48,154,25,2029-01-29,BAT000344
INVT000345,20280423,PRD124,ST015,203,36,103,136,40,2029-06-21,BAT000345
INVT000346,20270818,PRD214,ST036,321,34,49,306,25,2029-05-05,BAT000346
INVT000347,20250412,PRD170,ST042,90,115,108,97,30,2026-07-15,BAT000347
INVT000348,20250219,PRD027,ST018,243,10,111,142,20,2026-08-30,BAT000348
INVT000349,20250607,PRD246,ST014,495,85,38,542,20,2027-01-09,BAT000349
INVT000350,20250217,PRD061,ST048,436,122,117,441,25,2028-01-30,BAT000350
INVT000351,20250417,PRD204,ST016,332,82,99,315,30,2027-05-11,BAT000351
INVT000352,20280324,PRD274,ST042,233,78,33,278,30,2030-08-31,BAT000352
INVT000353,20280729,PRD239,ST007,461,120,97,484,30,2030-02-22,BAT000353
INVT000354,20270227,PRD161,ST027,73,144,110,107,25,2028-07-25,BAT000354
INVT000355,20230308,PRD134,ST036,349,148,92,405,40,2025-01-03,BAT000355
INVT000356,20240916,PRD101,ST022,167,97,72,192,25,2027-02-09,BAT000356
INVT000357,20261014,PRD132,ST049,470,125,92,503,40,2029-01-27,BAT000357
INVT000358,20241120,PRD181,ST011,121,139,62,198,25,2027-05-29,BAT000358
INVT000359,20230829,PRD269,ST003,479,19,120,378,20,2024-09-03,BAT000359
INVT000360,20270817,PRD071,ST041,168,17,90,95,25,2028-08-25,BAT000360
INVT000361,20250614,PRD259,ST030,241,15,79,177,50,2027-10-21,BAT000361
INVT000362,20280621,PRD009,ST001,322,141,52,411,20,2029-07-08,BAT000362
INVT000363,20281208,PRD141,ST035,196,4,64,136,40,2030-06-09,BAT000363
INVT000364,20240314,PRD050,ST034,126,61,24,163,50,2026-09-04,BAT000364
INVT000365,20251030,PRD182,ST018,457,101,10,548,30,2027-12-19,BAT000365
INVT000366,20280224,PRD290,ST016,406,57,38,425,20,2030-12-24,BAT000366
INVT000367,20230510,PRD048,ST026,244,96,70,270,40,2024-07-05,BAT000367
INVT000368,20230208,PRD088,ST006,305,111,82,334,30,2025-09-09,BAT000368
INVT000369,20240126,PRD271,ST003,167,54,115,106,50,2026-05-26,BAT000369
INVT000370,20260115,PRD024,ST005,400,71,115,356,50,2028-08-14,BAT000370
INVT000371,20230515,PRD092,ST021,58,53,75,36,25,2026-05-13,BAT000371
INVT000372,20270620,PRD040,ST020,133,144,30,247,50,2029-07-22,BAT000372
INVT000373,20260920,PRD197,ST049,428,35,101,362,20,2029-02-13,BAT000373
INVT000374,20261117,PRD028,ST007,273,59,107,225,20,2028-10-30,BAT000374
INVT000375,20270613,PRD168,ST002,374,69,100,343,40,2029-10-27,BAT000375
INVT000376,20250723,PRD183,ST036,242,110,23,329,50,2028-05-29,BAT000376
INVT000377,20270406,PRD044,ST050,366,75,102,339,25,2030-04-05,BAT000377
INVT000378,20231029,PRD043,ST018,128,97,91,134,25,2025-11-30,BAT000378
INVT000379,20260721,PRD185,ST007,96,1,39,58,40,2028-07-23,BAT000379
INVT000380,20260109,PRD053,ST009,94,47,55,86,40,2028-08-01,BAT000380
INVT000381,20280929,PRD209,ST007,63,22,45,40,50,2030-01-02,BAT000381
INVT000382,20260821,PRD198,ST001,199,105,49,255,20,2029-03-15,BAT000382
INVT000383,20250921,PRD293,ST034,136,97,21,212,25,2027-06-23,BAT000383
INVT000384,20260518,PRD138,ST032,124,16,21,119,40,2028-02-24,BAT000384
INVT000385,20270921,PRD154,ST031,450,19,46,423,30,2029-05-30,BAT000385
INVT000386,20280723,PRD101,ST030,104,34,38,100,20,2030-09-01,BAT000386
INVT000387,20260922,PRD195,ST022,275,85,55,305,50,2028-02-08,BAT000387
INVT000388,20260515,PRD165,ST039,405,51,61,395,30,2027-11-12,BAT000388
INVT000389,20270620,PRD164,ST019,426,125,73,478,25,2029-05-18,BAT000389
INVT000390,20270321,PRD144,ST026,236,29,119,146,50,2028-10-10,BAT000390
INVT000391,20250106,PRD282,ST002,422,118,120,420,25,2027-03-30,BAT000391
INVT000392,20260408,PRD036,ST027,394,127,17,504,30,2027-12-11,BAT000392
INVT000393,20251031,PRD079,ST046,266,96,9,353,40,2028-07-04,BAT000393
INVT000394,20280516,PRD299,ST026,323,129,118,334,40,2030-11-23,BAT000394
INVT000395,20230531,PRD185,ST045,465,137,76,526,20,2024-09-18,BAT000395
INVT000396,20251013,PRD182,ST011,381,11,72,320,40,2027-09-17,BAT000396
INVT000397,20271030,PRD055,ST001,100,66,28,138,50,2030-04-13,BAT000397
INVT000398,20250624,PRD229,ST024,250,118,98,270,50,2028-05-31,BAT000398
INVT000399,20280811,PRD078,ST023,62,123,13,172,30,2030-10-10,BAT000399
INVT000400,20231218,PRD060,ST047,122,89,39,172,30,2026-03-28,BAT000400
INVT000401,20250427,PRD267,ST031,228,121,12,337,40,2028-04-09,BAT000401
INVT000402,20280128,PRD164,ST005,203,11,103,111,20,2029-02-19,BAT000402
INVT000403,20261106,PRD056,ST044,459,42,119,382,25,2029-04-17,BAT000403
INVT000404,20241215,PRD283,ST011,219,143,54,308,40,2026-08-09,BAT000404
INVT000405,20270718,PRD095,ST012,377,110,50,437,20,2030-04-06,BAT000405
INVT000406,20250319,PRD231,ST038,269,99,0,368,25,2026-10-15,BAT000406
INVT000407,20260214,PRD033,ST037,102,137,23,216,30,2028-01-13,BAT000407
INVT000408,20250318,PRD235,ST008,184,125,67,242,30,2027-11-19,BAT000408
INVT000409,20270511,PRD201,ST038,108,89,45,152,40,2030-02-01,BAT000409
INVT000410,20241207,PRD153,ST040,352,21,86,287,25,2026-10-23,BAT000410
INVT000411,20240427,PRD123,ST020,109,46,47,108,25,2026-10-02,BAT000411
INVT000412,20270511,PRD215,ST039,120,147,49,218,40,2028-11-16,BAT000412
INVT000413,20280616,PRD276,ST045,380,44,71,353,25,2030-10-30,BAT000413
INVT000414,20260329,PRD072,ST012,211,115,79,247,20,2028-03-30,BAT000414
INVT000415,20230209,PRD249,ST009,149,98,71,176,50,2025-12-08,BAT000415
INVT000416,20280720,PRD210,ST044,301,106,90,317,40,2030-12-02,BAT000416
INVT000417,20241116,PRD043,ST037,65,56,37,84,20,2026-08-24,BAT000417
INVT000418,20250709,PRD276,ST019,136,117,72,181,40,2028-01-22,BAT000418
INVT000419,20280923,PRD058,ST037,108,68,99,77,50,2030-10-03,BAT000419
INVT000420,20230620,PRD226,ST035,161,108,13,256,25,2025-04-19,BAT000420
INVT000421,20230513,PRD231,ST017,228,22,56,194,20,2025-01-09,BAT000421
INVT000422,20250509,PRD180,ST046,362,109,21,450,50,2026-09-28,BAT000422
INVT000423,20250426,PRD106,ST004,341,89,68,362,30,2027-12-28,BAT000423
INVT000424,20241120,PRD166,ST046,199,74,73,200,30,2027-04-30,BAT000424
INVT000425,20240126,PRD070,ST049,452,105,117,440,20,2025-11-04,BAT000425
INVT000426,20240603,PRD068,ST016,124,82,106,100,25,2027-04-26,BAT000426
INVT000427,20270528,PRD251,ST010,345,68,80,333,40,2029-06-15,BAT000427
INVT000428,20280126,PRD039,ST041,456,23,51,428,50,2029-11-05,BAT000428
INVT000429,20270220,PRD233,ST032,217,148,0,365,20,2029-06-03,BAT000429
INVT000430,20270107,PRD033,ST035,253,55,54,254,25,2029-05-27,BAT000430
INVT000431,20260104,PRD166,ST019,222,140,73,289,25,2028-08-05,BAT000431
INVT000432,20280610,PRD176,ST044,440,12,5,447,20,2031-03-13,BAT000432
INVT000433,20280226,PRD009,ST008,489,40,56,473,40,2029-02-25,BAT000433
INVT000434,20271019,PRD104,ST045,117,77,20,174,30,2029-01-21,BAT000434
INVT000435,20270116,PRD129,ST006,240,42,6,276,40,2029-10-17,BAT000435
INVT000436,20260605,PRD120,ST028,385,23,90,318,20,2027-06-06,BAT000436
INVT000437,20250524,PRD245,ST005,117,57,66,108,40,2026-06-02,BAT000437
INVT000438,20230203,PRD176,ST008,490,108,88,510,25,2025-06-06,BAT000438
INVT000439,20231018,PRD118,ST025,95,26,13,108,30,2025-10-28,BAT000439
INVT000440,20260510,PRD071,ST025,446,34,82,398,25,2027-07-19,BAT000440
INVT000441,20281212,PRD289,ST001,362,42,56,348,30,2030-07-18,BAT000441
INVT000442,20240912,PRD211,ST040,401,113,110,404,25,2025-12-09,BAT000442
INVT000443,20240216,PRD072,ST049,113,150,93,170,40,2026-02-09,BAT000443
INVT000444,20271025,PRD162,ST009,176,70,82,164,20,2029-07-05,BAT000444
INVT000445,20260313,PRD014,ST043,498,77,26,549,50,2028-11-23,BAT000445
INVT000446,20280918,PRD097,ST048,250,75,82,243,20,2030-05-21,BAT000446
INVT000447,20280720,PRD198,ST008,173,127,81,219,50,2029-09-30,BAT000447
INVT000448,20281203,PRD007,ST024,212,33,49,196,50,2031-02-06,BAT000448
INVT000449,20270205,PRD280,ST044,138,120,98,160,20,2028-02-22,BAT000449
INVT000450,20231004,PRD008,ST017,160,10,118,52,20,2025-11-14,BAT000450
INVT000451,20280906,PRD147,ST041,414,128,98,444,40,2030-11-13,BAT000451
INVT000452,20270706,PRD043,ST041,324,137,78,383,25,2029-04-15,BAT000452
INVT000453,20231209,PRD159,ST006,311,52,103,260,25,2026-06-10,BAT000453
INVT000454,20260831,PRD201,ST038,374,16,39,351,40,2028-05-01,BAT000454
INVT000455,20230826,PRD126,ST006,272,29,58,243,50,2026-05-10,BAT000455
INVT000456,20230814,PRD159,ST043,429,44,15,458,20,2026-08-07,BAT000456
INVT000457,20240716,PRD006,ST011,304,88,66,326,50,2026-04-07,BAT000457
INVT000458,20241114,PRD191,ST009,433,68,93,408,20,2025-12-14,BAT000458
INVT000459,20261004,PRD220,ST018,318,16,33,301,50,2029-07-07,BAT000459
INVT000460,20231112,PRD255,ST030,311,92,7,396,40,2026-06-14,BAT000460
INVT000461,20241114,PRD189,ST011,180,26,114,92,50,2027-10-05,BAT000461
INVT000462,20240417,PRD117,ST048,310,0,5,305,20,2025-12-23,BAT000462
INVT000463,20230708,PRD242,ST024,246,38,22,262,20,2026-01-24,BAT000463
INVT000464,20270914,PRD115,ST021,177,106,117,166,30,2029-06-17,BAT000464
INVT000465,20231116,PRD293,ST024,111,128,86,153,20,2025-05-17,BAT000465
INVT000466,20250703,PRD265,ST003,255,17,112,160,40,2027-04-18,BAT000466
INVT000467,20260626,PRD168,ST006,333,116,1,448,30,2028-01-17,BAT000467
INVT000468,20260409,PRD289,ST020,428,62,59,431,30,2028-12-04,BAT000468
INVT000469,20280713,PRD101,ST047,329,62,19,372,20,2030-09-05,BAT000469
INVT000470,20230408,PRD120,ST035,227,2,42,187,20,2026-02-09,BAT000470
INVT000471,20270322,PRD158,ST007,155,135,30,260,40,2029-08-06,BAT000471
INVT000472,20230903,PRD073,ST046,193,23,5,211,25,2026-02-16,BAT000472
INVT000473,20270819,PRD191,ST030,432,21,74,379,20,2030-01-17,BAT000473
INVT000474,20240630,PRD202,ST005,353,145,7,491,40,2027-05-09,BAT000474
INVT000475,20240619,PRD122,ST019,183,80,118,145,40,2027-06-06,BAT000475
INVT000476,20260829,PRD163,ST029,189,59,9,239,25,2028-01-15,BAT000476
INVT000477,20240322,PRD080,ST007,134,115,59,190,30,2026-05-12,BAT000477
INVT000478,20240509,PRD275,ST023,444,53,57,440,30,2026-08-26,BAT000478
INVT000479,20251221,PRD062,ST006,130,77,105,102,50,2027-01-31,BAT000479
INVT000480,20250530,PRD168,ST010,96,63,45,114,40,2027-11-06,BAT000480
INVT000481,20230720,PRD154,ST017,469,44,3,510,40,2025-10-25,BAT000481
INVT000482,20251020,PRD049,ST030,102,35,15,122,20,2026-12-22,BAT000482
INVT000483,20250629,PRD067,ST013,471,102,47,526,20,2028-02-15,BAT000483
INVT000484,20251126,PRD039,ST002,83,50,115,18,40,2027-04-06,BAT000484
INVT000485,20240112,PRD170,ST008,71,118,6,183,25,2026-08-21,BAT000485
INVT000486,20271110,PRD203,ST032,65,97,87,75,40,2029-05-04,BAT000486
INVT000487,20261220,PRD110,ST012,190,71,57,204,25,2028-01-24,BAT000487
INVT000488,20251003,PRD152,ST032,260,140,61,339,20,2026-12-31,BAT000488
INVT000489,20260219,PRD197,ST009,264,51,82,233,50,2027-11-01,BAT000489
INVT000490,20230321,PRD196,ST046,233,122,69,286,40,2025-03-07,BAT000490
INVT000491,20280819,PRD165,ST025,188,46,3,231,30,2031-04-22,BAT000491
INVT000492,20250616,PRD016,ST050,193,14,103,104,40,2027-12-10,BAT000492
INVT000493,20270104,PRD300,ST015,131,25,31,125,25,2028-10-02,BAT000493
INVT000494,20281225,PRD029,ST049,162,147,108,201,40,2030-12-23,BAT000494
INVT000495,20241212,PRD091,ST016,353,81,103,331,30,2027-08-09,BAT000495
INVT000496,20230426,PRD181,ST037,338,36,72,302,25,2025-09-11,BAT000496
INVT000497,20260619,PRD090,ST032,69,23,7,85,25,2029-02-24,BAT000497
INVT000498,20250615,PRD011,ST034,294,0,42,252,50,2027-01-07,BAT000498
INVT000499,20240618,PRD175,ST046,140,82,7,215,20,2025-11-16,BAT000499
INVT000500,20240803,PRD057,ST034,490,93,9,574,30,2027-07-25,BAT000500
INVT000501,20270609,PRD052,ST022,204,82,17,269,25,2029-08-29,BAT000501
INVT000502,20280618,PRD163,ST012,412,143,88,467,50,2030-06-18,BAT000502
INVT000503,20250703,PRD090,ST025,207,75,16,266,25,2026-07-04,BAT000503
INVT000504,20270523,PRD291,ST003,143,81,117,107,50,2029-01-03,BAT000504
INVT000505,20240302,PRD255,ST010,219,19,30,208,30,2026-01-23,BAT000505
INVT000506,20241118,PRD046,ST046,393,85,57,421,20,2026-08-16,BAT000506
INVT000507,20250508,PRD128,ST045,84,89,32,141,20,2026-05-09,BAT000507
INVT000508,20230717,PRD198,ST029,425,107,21,511,40,2025-12-02,BAT000508
INVT000509,20270401,PRD180,ST035,242,25,106,161,40,2029-11-12,BAT000509
INVT000510,20250712,PRD084,ST029,87,8,37,58,20,2027-06-03,BAT000510
INVT000511,20251205,PRD054,ST005,225,43,113,155,40,2027-05-18,BAT000511
INVT000512,20231104,PRD281,ST006,223,123,90,256,20,2026-01-18,BAT000512
INVT000513,20241106,PRD223,ST011,77,25,42,60,25,2026-05-19,BAT000513
INVT000514,20270804,PRD284,ST047,423,138,33,528,30,2029-06-03,BAT000514
INVT000515,20250830,PRD050,ST004,251,146,70,327,40,2027-02-03,BAT000515
INVT000516,20230812,PRD185,ST001,268,22,37,253,50,2025-12-15,BAT000516
INVT000517,20250328,PRD050,ST002,155,43,81,117,30,2026-06-19,BAT000517
INVT000518,20280423,PRD060,ST020,451,101,60,492,40,2031-02-28,BAT000518
INVT000519,20251221,PRD047,ST042,328,99,23,404,30,2028-01-15,BAT000519
INVT000520,20270222,PRD096,ST029,72,67,56,83,40,2028-11-17,BAT000520
INVT000521,20250715,PRD138,ST037,81,38,96,23,20,2026-10-10,BAT000521
INVT000522,20261109,PRD278,ST027,437,150,29,558,50,2028-01-10,BAT000522
INVT000523,20270505,PRD268,ST027,324,121,73,372,25,2029-09-03,BAT000523
INVT000524,20260509,PRD041,ST026,487,8,64,431,50,2028-10-19,BAT000524
INVT000525,20240826,PRD062,ST049,279,44,21,302,25,2026-03-11,BAT000525
INVT000526,20240531,PRD022,ST028,90,111,25,176,25,2027-01-30,BAT000526
INVT000527,20251122,PRD164,ST047,463,17,11,469,40,2028-06-13,BAT000527
INVT000528,20270616,PRD283,ST021,488,70,66,492,40,2028-06-27,BAT000528
INVT000529,20281110,PRD215,ST008,262,38,18,282,50,2031-07-05,BAT000529
INVT000530,20240215,PRD055,ST037,449,25,100,374,30,2026-08-16,BAT000530
INVT000531,20261109,PRD211,ST017,246,124,73,297,50,2029-03-07,BAT000531
INVT000532,20230603,PRD089,ST018,256,36,79,213,50,2026-04-30,BAT000532
INVT000533,20270704,PRD020,ST026,500,84,88,496,25,2028-08-22,BAT000533
INVT000534,20280430,PRD138,ST024,60,86,104,42,30,2030-03-14,BAT000534
INVT000535,20260222,PRD252,ST045,400,25,111,314,25,2027-07-09,BAT000535
INVT000536,20260515,PRD227,ST050,472,82,34,520,40,2029-01-23,BAT000536
INVT000537,20240101,PRD097,ST029,158,104,94,168,40,2026-06-12,BAT000537
INVT000538,20270312,PRD029,ST033,455,40,8,487,30,2030-03-07,BAT000538
INVT000539,20280906,PRD207,ST009,449,134,112,471,50,2029-10-05,BAT000539
INVT000540,20241212,PRD099,ST013,478,14,31,461,20,2027-03-24,BAT000540
INVT000541,20230727,PRD185,ST046,151,70,47,174,40,2025-12-25,BAT000541
INVT000542,20270614,PRD064,ST044,65,61,47,79,40,2030-02-11,BAT000542
INVT000543,20280102,PRD091,ST031,350,141,44,447,30,2029-06-17,BAT000543
INVT000544,20251125,PRD047,ST019,64,98,6,156,25,2028-07-02,BAT000544
INVT000545,20250527,PRD114,ST042,165,52,34,183,40,2027-11-03,BAT000545
INVT000546,20230324,PRD005,ST031,117,44,76,85,20,2024-11-07,BAT000546
INVT000547,20251030,PRD157,ST046,413,70,54,429,40,2027-10-22,BAT000547
INVT000548,20280224,PRD130,ST014,288,77,86,279,50,2030-11-23,BAT000548
INVT000549,20270615,PRD300,ST007,53,130,84,99,30,2030-01-09,BAT000549
INVT000550,20260303,PRD153,ST044,105,123,8,220,30,2027-12-11,BAT000550
INVT000551,20260824,PRD142,ST017,385,76,24,437,25,2029-02-03,BAT000551
INVT000552,20250911,PRD030,ST039,256,81,87,250,25,2026-10-07,BAT000552
INVT000553,20280730,PRD152,ST017,264,103,49,318,20,2031-03-19,BAT000553
INVT000554,20250216,PRD176,ST047,415,56,87,384,50,2027-12-01,BAT000554
INVT000555,20280502,PRD184,ST033,203,43,107,139,50,2029-11-03,BAT000555
INVT000556,20260418,PRD050,ST031,115,66,92,89,50,2027-10-22,BAT000556
INVT000557,20261006,PRD046,ST015,231,57,95,193,30,2028-12-09,BAT000557
INVT000558,20260919,PRD191,ST017,349,75,59,365,20,2029-01-12,BAT000558
INVT000559,20230808,PRD299,ST038,367,18,60,325,25,2026-01-01,BAT000559
INVT000560,20240505,PRD196,ST034,202,105,6,301,25,2025-09-22,BAT000560
INVT000561,20250331,PRD176,ST027,341,117,18,440,30,2026-10-01,BAT000561
INVT000562,20231128,PRD250,ST022,373,45,40,378,20,2024-12-01,BAT000562
INVT000563,20280126,PRD141,ST014,439,43,73,409,25,2030-06-10,BAT000563
INVT000564,20231227,PRD067,ST040,272,109,51,330,40,2026-04-28,BAT000564
INVT000565,20270420,PRD003,ST003,323,51,93,281,30,2028-05-03,BAT000565
INVT000566,20260812,PRD272,ST013,59,1,40,20,25,2028-03-30,BAT000566
INVT000567,20261111,PRD160,ST009,102,98,64,136,50,2028-09-19,BAT000567
INVT000568,20241115,PRD034,ST003,202,74,58,218,50,2027-07-18,BAT000568
INVT000569,20281116,PRD173,ST028,401,34,43,392,40,2030-11-18,BAT000569
INVT000570,20250210,PRD085,ST026,59,58,28,89,25,2026-09-14,BAT000570
INVT000571,20230331,PRD259,ST011,113,93,91,115,20,2025-04-18,BAT000571
INVT000572,20251113,PRD274,ST040,74,12,84,2,20,2028-09-12,BAT000572
INVT000573,20230322,PRD025,ST045,109,106,56,159,40,2024-07-25,BAT000573
INVT000574,20251101,PRD243,ST045,128,52,88,92,20,2027-09-05,BAT000574
INVT000575,20270920,PRD052,ST043,316,69,79,306,50,2030-09-06,BAT000575
INVT000576,20240715,PRD215,ST007,311,30,36,305,20,2025-10-31,BAT000576
INVT000577,20280731,PRD102,ST039,152,67,106,113,50,2030-02-22,BAT000577
INVT000578,20270106,PRD210,ST019,132,10,70,72,40,2028-08-05,BAT000578
INVT000579,20280522,PRD170,ST016,51,3,42,12,20,2029-09-12,BAT000579
INVT000580,20280716,PRD077,ST006,449,130,9,570,20,2030-04-04,BAT000580
INVT000581,20250804,PRD234,ST019,185,118,6,297,20,2027-01-29,BAT000581
INVT000582,20230611,PRD149,ST024,460,80,54,486,20,2024-09-15,BAT000582
INVT000583,20230707,PRD005,ST009,389,43,42,390,30,2025-09-27,BAT000583
INVT000584,20260103,PRD048,ST024,467,87,23,531,20,2028-02-17,BAT000584
INVT000585,20270628,PRD234,ST018,477,98,88,487,40,2029-09-01,BAT000585
INVT000586,20241114,PRD058,ST009,406,15,120,301,25,2026-02-28,BAT000586
INVT000587,20270901,PRD248,ST037,397,112,23,486,50,2029-09-23,BAT000587
INVT000588,20270108,PRD015,ST044,500,33,61,472,40,2028-05-02,BAT000588
INVT000589,20270812,PRD226,ST003,82,66,83,65,30,2028-08-23,BAT000589
INVT000590,20281119,PRD296,ST047,339,57,85,311,30,2031-05-04,BAT000590
INVT000591,20281112,PRD049,ST028,388,63,61,390,30,2031-09-22,BAT000591
INVT000592,20270426,PRD077,ST036,363,13,1,375,25,2029-09-24,BAT000592
INVT000593,20280406,PRD254,ST011,88,125,41,172,25,2030-03-10,BAT000593
INVT000594,20260213,PRD026,ST033,164,140,82,222,40,2028-03-31,BAT000594
INVT000595,20250820,PRD041,ST030,277,146,57,366,20,2028-01-12,BAT000595
INVT000596,20280106,PRD162,ST008,304,4,13,295,40,2030-03-03,BAT000596
INVT000597,20230527,PRD286,ST036,50,23,38,35,50,2025-12-22,BAT000597
INVT000598,20250427,PRD234,ST022,236,13,104,145,25,2027-08-05,BAT000598
INVT000599,20260921,PRD287,ST050,367,121,91,397,30,2028-12-27,BAT000599
INVT000600,20240412,PRD050,ST049,387,56,0,443,30,2026-04-10,BAT000600
INVT000601,20260410,PRD281,ST034,241,27,5,263,25,2028-08-26,BAT000601
INVT000602,20240729,PRD210,ST007,180,50,24,206,20,2026-09-04,BAT000602
INVT000603,20250602,PRD235,ST013,416,86,13,489,40,2026-07-19,BAT000603
INVT000604,20240519,PRD231,ST030,387,150,64,473,25,2026-10-11,BAT000604
INVT000605,20230118,PRD272,ST048,74,141,119,96,40,2025-09-08,BAT000605
INVT000606,20280601,PRD261,ST050,140,148,22,266,25,2029-09-15,BAT000606
INVT000607,20270506,PRD165,ST033,246,107,77,276,25,2029-02-09,BAT000607
INVT000608,20270618,PRD176,ST019,281,34,17,298,40,2030-02-23,BAT000608
INVT000609,20280929,PRD154,ST045,330,80,91,319,50,2031-07-08,BAT000609
INVT000610,20250609,PRD103,ST014,369,74,87,356,30,2028-04-27,BAT000610
INVT000611,20240627,PRD092,ST033,327,82,90,319,20,2026-06-22,BAT000611
INVT000612,20280521,PRD299,ST037,391,106,86,411,50,2030-03-09,BAT000612
INVT000613,20270927,PRD007,ST034,104,6,48,62,25,2028-11-19,BAT000613
INVT000614,20230820,PRD103,ST018,434,41,36,439,30,2025-01-15,BAT000614
INVT000615,20230912,PRD152,ST014,435,138,4,569,30,2025-12-18,BAT000615
INVT000616,20240224,PRD288,ST015,430,143,49,524,25,2026-07-31,BAT000616
INVT000617,20260324,PRD025,ST025,248,106,100,254,30,2028-10-09,BAT000617
INVT000618,20230809,PRD007,ST048,178,51,79,150,40,2025-03-26,BAT000618
INVT000619,20270215,PRD280,ST048,358,50,99,309,25,2028-12-12,BAT000619
INVT000620,20280113,PRD091,ST044,88,47,22,113,50,2029-05-14,BAT000620
INVT000621,20270326,PRD021,ST028,192,142,33,301,25,2028-09-05,BAT000621
INVT000622,20251110,PRD003,ST022,288,39,5,322,25,2027-10-06,BAT000622
INVT000623,20230728,PRD155,ST032,454,146,70,530,30,2024-10-09,BAT000623
INVT000624,20260725,PRD270,ST015,144,133,8,269,50,2028-01-04,BAT000624
INVT000625,20270831,PRD279,ST035,256,23,44,235,25,2029-04-05,BAT000625
INVT000626,20260921,PRD170,ST024,200,55,96,159,50,2029-03-17,BAT000626
INVT000627,20280429,PRD288,ST049,382,2,14,370,30,2030-07-29,BAT000627
INVT000628,20250911,PRD125,ST003,399,82,48,433,20,2027-10-11,BAT000628
INVT000629,20251116,PRD277,ST047,194,6,116,84,50,2027-12-04,BAT000629
INVT000630,20281007,PRD261,ST029,299,11,37,273,25,2030-08-31,BAT000630
INVT000631,20281005,PRD043,ST007,135,137,68,204,20,2031-07-08,BAT000631
INVT000632,20230926,PRD108,ST043,372,54,110,316,40,2025-01-09,BAT000632
INVT000633,20250422,PRD276,ST045,499,111,82,528,20,2028-03-24,BAT000633
INVT000634,20240921,PRD013,ST030,417,84,4,497,20,2025-12-05,BAT000634
INVT000635,20230811,PRD092,ST017,335,18,73,280,25,2025-05-01,BAT000635
INVT000636,20270728,PRD199,ST029,372,103,55,420,30,2028-08-13,BAT000636
INVT000637,20270515,PRD061,ST035,53,16,5,64,20,2029-05-15,BAT000637
INVT000638,20280821,PRD055,ST019,452,77,77,452,20,2030-06-05,BAT000638
INVT000639,20271128,PRD196,ST026,470,7,60,417,25,2030-05-27,BAT000639
INVT000640,20250619,PRD070,ST048,250,139,37,352,25,2027-04-20,BAT000640
INVT000641,20270309,PRD006,ST036,497,142,18,621,20,2028-04-19,BAT000641
INVT000642,20230121,PRD294,ST039,251,137,70,318,20,2024-11-28,BAT000642
INVT000643,20250510,PRD177,ST014,261,131,18,374,25,2026-11-14,BAT000643
INVT000644,20250623,PRD130,ST013,108,46,85,69,50,2026-08-17,BAT000644
INVT000645,20280304,PRD282,ST005,198,17,32,183,20,2029-09-22,BAT000645
INVT000646,20280618,PRD170,ST023,115,60,12,163,30,2031-03-14,BAT000646
INVT000647,20231013,PRD100,ST021,298,115,42,371,50,2026-08-18,BAT000647
INVT000648,20260606,PRD300,ST010,339,145,46,438,30,2028-08-17,BAT000648
INVT000649,20241121,PRD003,ST021,176,56,91,141,40,2026-08-31,BAT000649
INVT000650,20270112,PRD069,ST044,425,84,112,397,40,2029-04-29,BAT000650
INVT000651,20271230,PRD184,ST050,206,124,70,260,20,2029-06-26,BAT000651
INVT000652,20231202,PRD144,ST009,325,50,33,342,20,2025-02-16,BAT000652
INVT000653,20230318,PRD260,ST041,65,148,74,139,40,2025-11-11,BAT000653
INVT000654,20250521,PRD019,ST036,183,139,114,208,50,2027-09-16,BAT000654
INVT000655,20240831,PRD188,ST026,164,150,93,221,30,2026-01-15,BAT000655
INVT000656,20280318,PRD257,ST033,96,101,46,151,50,2029-03-28,BAT000656
INVT000657,20250905,PRD085,ST049,313,35,57,291,25,2027-03-07,BAT000657
INVT000658,20240821,PRD248,ST023,70,56,97,29,40,2026-04-15,BAT000658
INVT000659,20230915,PRD136,ST024,169,10,85,94,25,2026-02-26,BAT000659
INVT000660,20270119,PRD199,ST031,282,11,5,288,30,2028-05-03,BAT000660
INVT000661,20281105,PRD141,ST048,184,148,69,263,50,2030-05-02,BAT000661
INVT000662,20270323,PRD194,ST024,350,19,66,303,30,2029-04-11,BAT000662
INVT000663,20250701,PRD265,ST026,230,88,62,256,40,2028-03-10,BAT000663
INVT000664,20230128,PRD257,ST009,275,42,29,288,20,2025-07-07,BAT000664
INVT000665,20260224,PRD109,ST010,145,40,46,139,50,2027-06-25,BAT000665
INVT000666,20250801,PRD213,ST022,418,29,61,386,40,2027-12-04,BAT000666
INVT000667,20250513,PRD083,ST042,476,105,2,579,25,2026-06-26,BAT000667
INVT000668,20240607,PRD294,ST038,132,34,80,86,50,2025-07-17,BAT000668
INVT000669,20240824,PRD029,ST011,182,46,66,162,40,2027-04-29,BAT000669
INVT000670,20230318,PRD146,ST006,160,114,77,197,40,2025-07-23,BAT000670
INVT000671,20241129,PRD113,ST027,357,36,101,292,50,2026-06-03,BAT000671
INVT000672,20280923,PRD136,ST011,420,87,118,389,40,2031-05-26,BAT000672
INVT000673,20231009,PRD118,ST025,247,33,13,267,20,2025-05-03,BAT000673
INVT000674,20281111,PRD259,ST044,264,38,77,225,20,2030-05-11,BAT000674
INVT000675,20280503,PRD020,ST035,307,30,11,326,40,2031-03-09,BAT000675
INVT000676,20240617,PRD277,ST001,446,110,66,490,40,2026-07-01,BAT000676
INVT000677,20230627,PRD272,ST028,167,123,101,189,40,2025-06-19,BAT000677
INVT000678,20240205,PRD218,ST009,180,122,98,204,25,2025-04-30,BAT000678
INVT000679,20260306,PRD279,ST027,181,48,0,229,20,2028-10-17,BAT000679
INVT000680,20281110,PRD061,ST034,53,96,83,66,25,2031-10-15,BAT000680
INVT000681,20260717,PRD210,ST024,104,39,54,89,50,2028-04-01,BAT000681
INVT000682,20251206,PRD275,ST028,339,93,78,354,30,2028-11-01,BAT000682
INVT000683,20270616,PRD105,ST027,332,142,61,413,25,2029-06-29,BAT000683
INVT000684,20280604,PRD130,ST020,345,88,99,334,40,2029-10-23,BAT000684
INVT000685,20240502,PRD118,ST029,450,41,12,479,25,2026-10-04,BAT000685
INVT000686,20270629,PRD174,ST036,364,13,20,357,40,2030-04-10,BAT000686
INVT000687,20230122,PRD047,ST010,291,111,11,391,20,2024-10-17,BAT000687
INVT000688,20250627,PRD190,ST006,361,9,92,278,40,2027-08-11,BAT000688
INVT000689,20281104,PRD147,ST046,355,14,99,270,25,2031-08-21,BAT000689
INVT000690,20280717,PRD225,ST001,153,132,36,249,25,2029-08-20,BAT000690
INVT000691,20280922,PRD265,ST045,168,43,86,125,20,2030-09-25,BAT000691
INVT000692,20250906,PRD001,ST011,94,70,99,65,40,2027-09-02,BAT000692
INVT000693,20270607,PRD208,ST038,152,132,1,283,20,2028-09-06,BAT000693
INVT000694,20260311,PRD287,ST038,228,88,104,212,30,2027-10-28,BAT000694
INVT000695,20250307,PRD233,ST026,344,1,33,312,25,2027-04-27,BAT000695
INVT000696,20280904,PRD055,ST036,87,128,37,178,30,2030-01-01,BAT000696
INVT000697,20281003,PRD132,ST035,466,147,32,581,40,2030-10-24,BAT000697
INVT000698,20280603,PRD125,ST049,223,117,87,253,40,2031-01-24,BAT000698
INVT000699,20230423,PRD247,ST008,182,17,48,151,25,2026-03-16,BAT000699
INVT000700,20250730,PRD162,ST027,230,132,68,294,20,2028-07-16,BAT000700
INVT000701,20251214,PRD128,ST019,97,102,86,113,30,2027-03-01,BAT000701
INVT000702,20250101,PRD244,ST021,231,55,114,172,50,2026-10-03,BAT000702
INVT000703,20250118,PRD098,ST032,427,51,30,448,25,2026-10-16,BAT000703
INVT000704,20250426,PRD118,ST013,477,63,107,433,50,2027-04-25,BAT000704
INVT000705,20240930,PRD055,ST008,90,126,78,138,20,2027-04-07,BAT000705
INVT000706,20230623,PRD247,ST024,367,80,63,384,50,2025-03-30,BAT000706
INVT000707,20280703,PRD094,ST049,311,71,50,332,25,2031-02-13,BAT000707
INVT000708,20240609,PRD028,ST034,459,108,61,506,50,2025-07-12,BAT000708
INVT000709,20280820,PRD178,ST026,490,44,58,476,20,2031-08-05,BAT000709
INVT000710,20281023,PRD236,ST021,402,2,1,403,25,2030-11-15,BAT000710
INVT000711,20240217,PRD167,ST024,363,66,23,406,50,2025-11-12,BAT000711
INVT000712,20250829,PRD138,ST031,363,87,46,404,25,2028-01-21,BAT000712
INVT000713,20271003,PRD108,ST027,408,95,46,457,40,2029-07-15,BAT000713
INVT000714,20280121,PRD093,ST037,117,147,87,177,25,2029-05-02,BAT000714
INVT000715,20260110,PRD121,ST036,271,97,25,343,25,2027-06-12,BAT000715
INVT000716,20280421,PRD005,ST012,265,127,17,375,50,2030-10-19,BAT000716
INVT000717,20260717,PRD250,ST020,178,143,109,212,50,2027-09-03,BAT000717
INVT000718,20270620,PRD051,ST045,133,15,27,121,30,2029-10-19,BAT000718
INVT000719,20240130,PRD231,ST048,221,66,46,241,30,2026-08-25,BAT000719
INVT000720,20251121,PRD177,ST002,260,31,44,247,50,2027-06-12,BAT000720
INVT000721,20241215,PRD146,ST023,216,130,62,284,40,2026-03-05,BAT000721
INVT000722,20270410,PRD147,ST030,373,37,111,299,25,2030-01-24,BAT000722
INVT000723,20261013,PRD216,ST041,363,146,51,458,20,2028-01-02,BAT000723
INVT000724,20241025,PRD176,ST015,210,81,83,208,30,2027-10-22,BAT000724
INVT000725,20251231,PRD203,ST018,277,92,95,274,50,2028-06-16,BAT000725
INVT000726,20280119,PRD212,ST011,144,5,16,133,25,2030-11-26,BAT000726
INVT000727,20251027,PRD041,ST014,135,101,13,223,20,2026-12-31,BAT000727
INVT000728,20280422,PRD281,ST004,63,101,67,97,20,2029-08-06,BAT000728
INVT000729,20251211,PRD080,ST006,385,99,39,445,25,2027-08-21,BAT000729
INVT000730,20260309,PRD227,ST041,114,33,67,80,25,2027-04-07,BAT000730
INVT000731,20230524,PRD183,ST021,492,121,59,554,50,2025-02-25,BAT000731
INVT000732,20271228,PRD070,ST045,326,45,75,296,50,2030-04-08,BAT000732
INVT000733,20271117,PRD269,ST041,377,136,39,474,30,2030-03-24,BAT000733
INVT000734,20250719,PRD046,ST029,207,93,52,248,30,2026-12-25,BAT000734
INVT000735,20260528,PRD006,ST001,317,34,44,307,30,2028-09-19,BAT000735
INVT000736,20281231,PRD005,ST045,301,122,38,385,20,2031-03-16,BAT000736
INVT000737,20260414,PRD119,ST001,330,95,24,401,40,2028-11-08,BAT000737
INVT000738,20271126,PRD203,ST016,133,99,106,126,40,2029-07-08,BAT000738
INVT000739,20251213,PRD041,ST028,370,61,66,365,50,2028-11-22,BAT000739
INVT000740,20260118,PRD146,ST042,430,136,103,463,30,2028-03-15,BAT000740
INVT000741,20250209,PRD036,ST012,119,74,14,179,40,2027-11-03,BAT000741
INVT000742,20280129,PRD140,ST045,368,125,24,469,30,2029-02-16,BAT000742
INVT000743,20240915,PRD026,ST035,61,47,13,95,30,2026-06-17,BAT000743
INVT000744,20240527,PRD225,ST047,54,59,11,102,25,2025-06-11,BAT000744
INVT000745,20280714,PRD112,ST022,265,79,100,244,40,2030-07-29,BAT000745
INVT000746,20280314,PRD017,ST022,91,37,7,121,30,2030-04-19,BAT000746
INVT000747,20231020,PRD279,ST031,142,49,114,77,30,2025-11-13,BAT000747
INVT000748,20230221,PRD063,ST050,415,63,49,429,40,2024-10-31,BAT000748
INVT000749,20230518,PRD102,ST030,426,24,66,384,25,2025-09-13,BAT000749
INVT000750,20270513,PRD160,ST021,131,10,95,46,50,2029-10-27,BAT000750
INVT000751,20240515,PRD130,ST031,376,76,25,427,30,2025-07-07,BAT000751
INVT000752,20250611,PRD058,ST016,374,111,41,444,20,2026-11-29,BAT000752
INVT000753,20260204,PRD300,ST008,252,62,1,313,20,2028-09-21,BAT000753
INVT000754,20280430,PRD080,ST024,444,22,31,435,25,2030-09-23,BAT000754
INVT000755,20240110,PRD174,ST049,370,15,7,378,30,2026-10-31,BAT000755
INVT000756,20240922,PRD275,ST007,114,124,29,209,30,2027-04-16,BAT000756
INVT000757,20261123,PRD225,ST047,148,5,88,65,40,2028-11-23,BAT000757
INVT000758,20240705,PRD129,ST003,298,112,71,339,30,2027-01-11,BAT000758
INVT000759,20280630,PRD098,ST037,145,139,44,240,30,2030-10-22,BAT000759
INVT000760,20260201,PRD284,ST011,85,135,19,201,40,2027-11-30,BAT000760
INVT000761,20251214,PRD278,ST024,282,0,99,183,50,2028-01-06,BAT000761
INVT000762,20250129,PRD010,ST040,488,93,99,482,50,2026-09-30,BAT000762
INVT000763,20260806,PRD033,ST043,325,99,24,400,50,2029-07-05,BAT000763
INVT000764,20280730,PRD283,ST010,363,72,41,394,40,2031-05-17,BAT000764
INVT000765,20260812,PRD057,ST007,317,17,5,329,25,2028-02-10,BAT000765
INVT000766,20230509,PRD104,ST007,298,49,12,335,20,2025-12-13,BAT000766
INVT000767,20270511,PRD251,ST034,369,65,6,428,30,2028-12-22,BAT000767
INVT000768,20231018,PRD007,ST014,385,125,118,392,20,2026-02-08,BAT000768
INVT000769,20230906,PRD185,ST036,430,106,105,431,30,2026-08-31,BAT000769
INVT000770,20230827,PRD137,ST034,70,18,38,50,20,2025-04-04,BAT000770
INVT000771,20281028,PRD050,ST007,421,59,68,412,40,2030-05-10,BAT000771
INVT000772,20250302,PRD270,ST043,177,145,80,242,25,2027-09-24,BAT000772
INVT000773,20270828,PRD055,ST050,376,147,45,478,40,2030-08-16,BAT000773
INVT000774,20271016,PRD054,ST011,455,46,70,431,40,2030-03-15,BAT000774
INVT000775,20261014,PRD081,ST035,357,113,119,351,30,2028-08-31,BAT000775
INVT000776,20260822,PRD191,ST027,441,110,105,446,30,2029-05-06,BAT000776
INVT000777,20250912,PRD289,ST035,159,96,98,157,50,2027-05-30,BAT000777
INVT000778,20270114,PRD232,ST029,253,0,92,161,20,2028-10-31,BAT000778
INVT000779,20230308,PRD266,ST009,204,1,38,167,25,2024-10-12,BAT000779
INVT000780,20260713,PRD012,ST050,470,70,117,423,50,2028-12-17,BAT000780
INVT000781,20240925,PRD049,ST003,285,91,19,357,25,2026-06-23,BAT000781
INVT000782,20270212,PRD299,ST016,169,65,103,131,30,2028-05-16,BAT000782
INVT000783,20270626,PRD292,ST014,425,19,92,352,30,2029-11-01,BAT000783
INVT000784,20241209,PRD250,ST045,409,147,104,452,20,2027-08-10,BAT000784
INVT000785,20260515,PRD020,ST047,463,147,48,562,20,2027-07-11,BAT000785
INVT000786,20261001,PRD179,ST028,263,30,111,182,25,2029-07-30,BAT000786
INVT000787,20230216,PRD196,ST004,206,134,5,335,30,2025-08-21,BAT000787
INVT000788,20240904,PRD168,ST033,407,56,19,444,20,2027-07-25,BAT000788
INVT000789,20270529,PRD229,ST049,354,147,64,437,20,2029-01-10,BAT000789
INVT000790,20271105,PRD149,ST026,125,33,43,115,20,2030-03-06,BAT000790
INVT000791,20230721,PRD281,ST026,184,21,51,154,50,2025-10-07,BAT000791
INVT000792,20240618,PRD070,ST031,336,50,62,324,40,2027-04-16,BAT000792
INVT000793,20250314,PRD288,ST040,426,134,31,529,25,2026-05-26,BAT000793
INVT000794,20251226,PRD221,ST021,400,147,11,536,20,2028-11-12,BAT000794
INVT000795,20270822,PRD217,ST024,228,48,41,235,30,2030-04-21,BAT000795
INVT000796,20230410,PRD157,ST011,229,113,79,263,25,2025-07-04,BAT000796
INVT000797,20230703,PRD120,ST013,400,95,19,476,20,2024-10-25,BAT000797
INVT000798,20230812,PRD125,ST040,125,73,1,197,30,2026-07-22,BAT000798
INVT000799,20240331,PRD157,ST029,291,5,42,254,25,2026-10-02,BAT000799
INVT000800,20250517,PRD105,ST035,317,66,70,313,40,2028-02-13,BAT000800
INVT000801,20240801,PRD010,ST025,348,134,5,477,30,2026-01-22,BAT000801
INVT000802,20230904,PRD146,ST013,454,69,6,517,40,2026-07-05,BAT000802
INVT000803,20230204,PRD035,ST025,388,69,84,373,30,2024-05-24,BAT000803
INVT000804,20230320,PRD150,ST042,247,59,48,258,50,2026-03-15,BAT000804
INVT000805,20240212,PRD162,ST032,493,136,11,618,25,2025-09-02,BAT000805
INVT000806,20280812,PRD235,ST036,414,5,5,414,25,2031-02-05,BAT000806
INVT000807,20260602,PRD171,ST032,251,40,2,289,30,2029-05-02,BAT000807
INVT000808,20261212,PRD182,ST041,204,60,64,200,30,2028-02-13,BAT000808
INVT000809,20251121,PRD199,ST002,334,71,28,377,25,2027-11-05,BAT000809
INVT000810,20270529,PRD071,ST006,423,97,66,454,50,2030-02-27,BAT000810
INVT000811,20250720,PRD214,ST016,343,39,54,328,30,2028-03-30,BAT000811
INVT000812,20260910,PRD230,ST035,117,52,83,86,25,2029-04-26,BAT000812
INVT000813,20250408,PRD071,ST020,402,134,116,420,25,2027-06-22,BAT000813
INVT000814,20240817,PRD290,ST011,212,17,71,158,50,2025-12-16,BAT000814
INVT000815,20250124,PRD163,ST010,422,7,97,332,30,2027-03-23,BAT000815
INVT000816,20270812,PRD156,ST029,431,70,19,482,25,2028-11-28,BAT000816
INVT000817,20240622,PRD095,ST002,440,68,77,431,50,2027-03-11,BAT000817
INVT000818,20250803,PRD119,ST015,401,6,45,362,20,2028-07-07,BAT000818
INVT000819,20280506,PRD069,ST033,483,120,91,512,30,2029-11-10,BAT000819
INVT000820,20270507,PRD252,ST031,120,41,24,137,25,2028-06-08,BAT000820
INVT000821,20270801,PRD008,ST018,261,56,95,222,25,2029-02-25,BAT000821
INVT000822,20230928,PRD091,ST029,493,125,88,530,30,2026-01-08,BAT000822
INVT000823,20251007,PRD219,ST026,447,10,77,380,40,2027-08-23,BAT000823
INVT000824,20270603,PRD293,ST039,324,134,82,376,20,2029-11-17,BAT000824
INVT000825,20240323,PRD232,ST030,473,10,112,371,25,2026-09-05,BAT000825
INVT000826,20270609,PRD021,ST036,248,132,97,283,20,2028-12-19,BAT000826
INVT000827,20260407,PRD226,ST026,205,73,59,219,25,2028-06-12,BAT000827
INVT000828,20260420,PRD028,ST045,314,36,59,291,40,2027-07-21,BAT000828
INVT000829,20280812,PRD058,ST012,448,149,120,477,50,2029-12-28,BAT000829
INVT000830,20270530,PRD212,ST021,280,6,22,264,40,2030-01-23,BAT000830
INVT000831,20250407,PRD233,ST006,178,82,88,172,25,2026-08-11,BAT000831
INVT000832,20240109,PRD059,ST046,280,92,10,362,50,2027-01-02,BAT000832
INVT000833,20270423,PRD262,ST040,131,96,70,157,40,2028-06-05,BAT000833
INVT000834,20241130,PRD172,ST037,496,38,20,514,25,2026-06-01,BAT000834
INVT000835,20230730,PRD215,ST020,208,114,36,286,25,2024-11-26,BAT000835
INVT000836,20240622,PRD104,ST001,368,64,1,431,40,2026-11-13,BAT000836
INVT000837,20280804,PRD279,ST001,361,126,30,457,25,2031-03-29,BAT000837
INVT000838,20280502,PRD233,ST027,276,20,76,220,50,2029-05-08,BAT000838
INVT000839,20250929,PRD281,ST018,367,142,104,405,25,2026-11-18,BAT000839
INVT000840,20250127,PRD076,ST004,384,89,4,469,25,2026-03-01,BAT000840
INVT000841,20260507,PRD170,ST006,75,27,53,49,25,2027-10-19,BAT000841
INVT000842,20260310,PRD294,ST036,140,116,95,161,50,2028-03-12,BAT000842
INVT000843,20230527,PRD048,ST050,203,82,47,238,40,2024-08-03,BAT000843
INVT000844,20271017,PRD282,ST005,199,120,17,302,20,2030-09-27,BAT000844
INVT000845,20260129,PRD169,ST034,261,134,26,369,25,2028-10-16,BAT000845
INVT000846,20230827,PRD056,ST037,423,135,11,547,40,2026-08-01,BAT000846
INVT000847,20260322,PRD219,ST039,484,81,33,532,50,2028-10-30,BAT000847
INVT000848,20261220,PRD067,ST040,338,127,66,399,40,2029-05-07,BAT000848
INVT000849,20250106,PRD120,ST046,198,49,0,247,20,2026-01-30,BAT000849
INVT000850,20280319,PRD061,ST048,484,53,102,435,50,2030-05-17,BAT000850
INVT000851,20270823,PRD024,ST022,229,143,103,269,25,2028-09-02,BAT000851
INVT000852,20250404,PRD145,ST017,454,17,39,432,30,2027-09-04,BAT000852
INVT000853,20260819,PRD004,ST008,401,85,43,443,40,2029-03-23,BAT000853
INVT000854,20230430,PRD090,ST013,219,86,118,187,40,2025-08-27,BAT000854
INVT000855,20230526,PRD070,ST031,129,117,114,132,50,2025-05-03,BAT000855
INVT000856,20280309,PRD212,ST048,78,133,38,173,50,2031-02-01,BAT000856
INVT000857,20260716,PRD285,ST035,59,53,73,39,30,2028-07-12,BAT000857
INVT000858,20230929,PRD077,ST018,480,7,43,444,40,2026-07-01,BAT000858
INVT000859,20281228,PRD085,ST037,360,99,23,436,50,2030-04-26,BAT000859
INVT000860,20260616,PRD162,ST046,66,69,52,83,20,2028-11-05,BAT000860
INVT000861,20250831,PRD191,ST029,474,77,27,524,50,2027-07-06,BAT000861
INVT000862,20241217,PRD058,ST024,451,9,99,361,25,2026-03-21,BAT000862
INVT000863,20271223,PRD260,ST002,459,123,115,467,50,2029-05-28,BAT000863
INVT000864,20250218,PRD175,ST031,425,134,39,520,30,2026-07-14,BAT000864
INVT000865,20240207,PRD265,ST044,117,52,92,77,20,2026-05-22,BAT000865
INVT000866,20270507,PRD268,ST008,52,79,119,12,20,2030-04-09,BAT000866
INVT000867,20231223,PRD171,ST030,73,26,66,33,30,2025-01-14,BAT000867
INVT000868,20260702,PRD108,ST021,152,49,36,165,30,2028-12-28,BAT000868
INVT000869,20260731,PRD226,ST043,110,69,19,160,25,2028-05-06,BAT000869
INVT000870,20240413,PRD008,ST040,336,131,13,454,25,2026-10-20,BAT000870
INVT000871,20261205,PRD282,ST021,188,36,120,104,30,2029-07-14,BAT000871
INVT000872,20250929,PRD088,ST005,209,86,69,226,40,2026-11-19,BAT000872
INVT000873,20240616,PRD015,ST031,395,12,13,394,40,2025-08-10,BAT000873
INVT000874,20231219,PRD219,ST026,141,114,78,177,30,2025-11-02,BAT000874
INVT000875,20260923,PRD102,ST046,438,136,10,564,40,2029-04-26,BAT000875
INVT000876,20240623,PRD048,ST045,289,24,58,255,30,2027-05-24,BAT000876
INVT000877,20280321,PRD241,ST015,164,36,110,90,50,2029-12-10,BAT000877
INVT000878,20270128,PRD201,ST012,408,84,100,392,30,2029-05-06,BAT000878
INVT000879,20280619,PRD016,ST005,293,28,44,277,40,2030-10-04,BAT000879
INVT000880,20241130,PRD145,ST050,228,147,16,359,50,2026-03-15,BAT000880
INVT000881,20270720,PRD055,ST021,334,18,101,251,30,2030-01-15,BAT000881
INVT000882,20280303,PRD206,ST038,261,61,79,243,25,2030-09-15,BAT000882
INVT000883,20241013,PRD247,ST025,83,87,26,144,50,2026-12-28,BAT000883
INVT000884,20271119,PRD291,ST022,328,60,22,366,20,2030-11-16,BAT000884
INVT000885,20280616,PRD059,ST038,355,118,41,432,50,2029-09-23,BAT000885
INVT000886,20271229,PRD091,ST020,257,17,76,198,20,2030-11-29,BAT000886
INVT000887,20270402,PRD168,ST032,380,15,11,384,25,2028-08-21,BAT000887
INVT000888,20230101,PRD076,ST043,126,115,68,173,30,2025-02-03,BAT000888
INVT000889,20280106,PRD101,ST014,398,81,38,441,50,2030-12-01,BAT000889
INVT000890,20260601,PRD223,ST046,226,22,74,174,20,2029-02-16,BAT000890
INVT000891,20280921,PRD207,ST009,486,75,7,554,30,2031-04-06,BAT000891
INVT000892,20230806,PRD001,ST046,336,91,14,413,30,2024-09-05,BAT000892
INVT000893,20250821,PRD222,ST045,352,100,80,372,30,2028-08-18,BAT000893
INVT000894,20270417,PRD208,ST025,272,139,27,384,25,2029-08-15,BAT000894
INVT000895,20240723,PRD097,ST036,246,92,107,231,40,2025-12-27,BAT000895
INVT000896,20260327,PRD065,ST009,55,18,2,71,25,2028-08-06,BAT000896
INVT000897,20271124,PRD070,ST006,120,106,110,116,40,2030-11-05,BAT000897
INVT000898,20271010,PRD093,ST030,310,108,70,348,40,2029-11-06,BAT000898
INVT000899,20261226,PRD116,ST012,267,1,73,195,40,2028-08-24,BAT000899
INVT000900,20280817,PRD138,ST027,329,147,46,430,20,2029-09-24,BAT000900
INVT000901,20280602,PRD189,ST008,347,123,88,382,20,2029-10-25,BAT000901
INVT000902,20281126,PRD144,ST030,314,20,66,268,50,2030-02-24,BAT000902
INVT000903,20251001,PRD242,ST041,429,19,87,361,50,2028-05-16,BAT000903
INVT000904,20260703,PRD028,ST022,323,2,60,265,40,2028-12-08,BAT000904
INVT000905,20280405,PRD294,ST047,219,107,45,281,30,2030-01-26,BAT000905
INVT000906,20241117,PRD019,ST045,355,77,93,339,50,2026-08-10,BAT000906
INVT000907,20230909,PRD243,ST038,136,146,6,276,30,2026-06-09,BAT000907
INVT000908,20230422,PRD147,ST032,92,32,64,60,20,2025-01-30,BAT000908
INVT000909,20251029,PRD068,ST040,193,70,109,154,30,2026-11-12,BAT000909
INVT000910,20240401,PRD090,ST038,428,38,84,382,40,2026-04-14,BAT000910
INVT000911,20241219,PRD134,ST045,170,124,23,271,50,2026-01-21,BAT000911
INVT000912,20261105,PRD044,ST010,354,39,107,286,40,2028-12-31,BAT000912
INVT000913,20270419,PRD122,ST043,275,42,26,291,50,2029-04-06,BAT000913
INVT000914,20230811,PRD136,ST049,469,29,6,492,25,2025-11-28,BAT000914
INVT000915,20270622,PRD244,ST020,293,136,29,400,40,2030-05-21,BAT000915
INVT000916,20270517,PRD243,ST017,124,135,111,148,40,2028-05-28,BAT000916
INVT000917,20260328,PRD230,ST025,397,80,67,410,20,2027-07-05,BAT000917
INVT000918,20281216,PRD182,ST028,362,69,42,389,30,2030-09-15,BAT000918
INVT000919,20240207,PRD131,ST042,349,100,59,390,25,2026-12-26,BAT000919
INVT000920,20250309,PRD267,ST022,396,46,40,402,50,2026-03-19,BAT000920
INVT000921,20230204,PRD035,ST001,260,25,67,218,20,2026-01-05,BAT000921
INVT000922,20280101,PRD180,ST015,421,72,32,461,25,2029-02-03,BAT000922
INVT000923,20230408,PRD048,ST004,354,55,76,333,20,2026-04-02,BAT000923
INVT000924,20240506,PRD045,ST039,116,96,84,128,50,2025-11-11,BAT000924
INVT000925,20240330,PRD095,ST017,200,119,84,235,20,2027-01-13,BAT000925
INVT000926,20280201,PRD142,ST050,268,82,32,318,25,2029-04-16,BAT000926
INVT000927,20260209,PRD032,ST025,248,85,7,326,30,2027-11-07,BAT000927
INVT000928,20241229,PRD226,ST005,301,51,78,274,40,2026-06-29,BAT000928
INVT000929,20280708,PRD056,ST010,326,110,27,409,50,2031-04-27,BAT000929
INVT000930,20240311,PRD227,ST046,182,26,4,204,20,2025-05-22,BAT000930
INVT000931,20251023,PRD229,ST002,304,38,83,259,20,2026-11-30,BAT000931
INVT000932,20270519,PRD137,ST010,408,84,115,377,40,2029-12-27,BAT000932
INVT000933,20230116,PRD264,ST046,444,125,61,508,40,2025-03-04,BAT000933
INVT000934,20231015,PRD277,ST015,51,98,88,61,40,2025-02-15,BAT000934
INVT000935,20270110,PRD171,ST044,205,102,7,300,20,2029-01-18,BAT000935
INVT000936,20281229,PRD175,ST006,480,117,97,500,30,2031-10-23,BAT000936
INVT000937,20250411,PRD091,ST036,70,98,84,84,25,2027-02-11,BAT000937
INVT000938,20270517,PRD055,ST041,402,91,62,431,20,2030-02-22,BAT000938
INVT000939,20271129,PRD098,ST009,68,49,3,114,50,2029-07-30,BAT000939
INVT000940,20280626,PRD200,ST005,455,138,82,511,30,2030-11-19,BAT000940
INVT000941,20281227,PRD231,ST002,68,86,7,147,30,2030-02-08,BAT000941
INVT000942,20270719,PRD061,ST014,463,133,58,538,50,2028-12-17,BAT000942
INVT000943,20250812,PRD037,ST003,426,36,62,400,20,2027-12-07,BAT000943
INVT000944,20230707,PRD125,ST045,382,33,1,414,25,2026-04-14,BAT000944
INVT000945,20230724,PRD158,ST007,283,43,106,220,50,2024-09-26,BAT000945
INVT000946,20240311,PRD059,ST032,354,56,8,402,25,2026-05-21,BAT000946
INVT000947,20261013,PRD206,ST021,111,147,69,189,25,2028-09-06,BAT000947
INVT000948,20250523,PRD024,ST038,138,85,8,215,20,2027-02-27,BAT000948
INVT000949,20240801,PRD213,ST011,406,94,70,430,25,2026-10-24,BAT000949
INVT000950,20250924,PRD298,ST003,118,25,101,42,50,2027-10-14,BAT000950
INVT000951,20241008,PRD009,ST032,91,1,0,92,25,2026-01-07,BAT000951
INVT000952,20260308,PRD214,ST045,463,121,88,496,25,2027-10-05,BAT000952
INVT000953,20240809,PRD139,ST034,280,105,30,355,25,2027-04-26,BAT000953
INVT000954,20230604,PRD093,ST046,305,22,80,247,30,2025-05-25,BAT000954
INVT000955,20270912,PRD003,ST036,170,49,15,204,50,2028-12-17,BAT000955
INVT000956,20270122,PRD277,ST033,162,118,98,182,25,2028-10-31,BAT000956
INVT000957,20230806,PRD100,ST008,457,38,87,408,40,2025-12-27,BAT000957
INVT000958,20241223,PRD082,ST043,72,13,82,3,30,2026-10-10,BAT000958
INVT000959,20250508,PRD223,ST017,221,116,5,332,20,2026-06-30,BAT000959
INVT000960,20241221,PRD081,ST002,298,131,14,415,20,2026-08-18,BAT000960
INVT000961,20271227,PRD297,ST021,264,50,95,219,30,2029-08-18,BAT000961
INVT000962,20240327,PRD167,ST015,100,60,94,66,40,2025-10-17,BAT000962
INVT000963,20270319,PRD113,ST005,291,149,62,378,20,2029-06-07,BAT000963
INVT000964,20240816,PRD111,ST040,282,45,49,278,30,2026-01-02,BAT000964
INVT000965,20280218,PRD100,ST041,233,69,25,277,30,2029-06-27,BAT000965
INVT000966,20230512,PRD292,ST004,193,34,14,213,40,2025-08-23,BAT000966
INVT000967,20270910,PRD088,ST049,225,56,113,168,30,2030-05-20,BAT000967
INVT000968,20241004,PRD088,ST037,333,58,11,380,40,2027-03-22,BAT000968
INVT000969,20280626,PRD111,ST038,292,118,35,375,20,2030-09-07,BAT000969
INVT000970,20251007,PRD127,ST021,272,148,28,392,50,2027-03-08,BAT000970
INVT000971,20230121,PRD214,ST003,70,120,93,97,50,2024-02-24,BAT000971
INVT000972,20271010,PRD272,ST026,295,25,57,263,40,2029-06-12,BAT000972
INVT000973,20231207,PRD286,ST049,56,104,27,133,25,2025-12-08,BAT000973
INVT000974,20260426,PRD123,ST042,96,4,61,39,30,2027-10-08,BAT000974
INVT000975,20280225,PRD293,ST048,348,6,58,296,40,2029-07-15,BAT000975
INVT000976,20270719,PRD095,ST024,370,118,90,398,20,2030-04-21,BAT000976
INVT000977,20231017,PRD198,ST045,220,135,4,351,30,2025-12-26,BAT000977
INVT000978,20260110,PRD278,ST037,456,53,100,409,20,2028-10-06,BAT000978
INVT000979,20261007,PRD029,ST033,395,93,113,375,20,2028-01-28,BAT000979
INVT000980,20270418,PRD188,ST030,366,10,46,330,30,2028-10-13,BAT000980
INVT000981,20231002,PRD288,ST046,446,52,17,481,30,2025-06-02,BAT000981
INVT000982,20240410,PRD245,ST048,435,148,111,472,25,2025-11-26,BAT000982
INVT000983,20260805,PRD181,ST018,307,108,35,380,20,2027-10-08,BAT000983
INVT000984,20270308,PRD177,ST029,298,128,67,359,20,2029-07-01,BAT000984
INVT000985,20281218,PRD273,ST019,281,94,102,273,20,2030-06-28,BAT000985
INVT000986,20280219,PRD045,ST006,250,45,36,259,20,2029-06-09,BAT000986
INVT000987,20241105,PRD142,ST008,406,37,63,380,25,2026-06-02,BAT000987
INVT000988,20281102,PRD012,ST019,263,138,119,282,25,2031-03-02,BAT000988
INVT000989,20261121,PRD216,ST029,427,5,37,395,25,2028-01-24,BAT000989
INVT000990,20230401,PRD119,ST034,380,85,52,413,50,2025-03-17,BAT000990
INVT000991,20260829,PRD249,ST038,390,135,107,418,50,2028-11-26,BAT000991
INVT000992,20280219,PRD156,ST037,117,78,21,174,30,2029-10-08,BAT000992
INVT000993,20280606,PRD191,ST019,444,12,18,438,30,2030-03-24,BAT000993
INVT000994,20280211,PRD086,ST040,132,137,36,233,25,2029-08-08,BAT000994
INVT000995,20240920,PRD083,ST016,109,10,40,79,50,2026-01-27,BAT000995
INVT000996,20271211,PRD134,ST024,144,52,71,125,20,2030-10-22,BAT000996
INVT000997,20260722,PRD177,ST010,240,114,69,285,25,2029-01-18,BAT000997
INVT000998,20260520,PRD063,ST002,257,127,98,286,25,2028-08-31,BAT000998
INVT000999,20260804,PRD080,ST001,428,139,64,503,30,2029-05-27,BAT000999
INVT001000,20260425,PRD243,ST019,436,146,85,497,25,2028-11-23,BAT001000
INVT001001,20271216,PRD174,ST045,107,122,115,114,20,2029-05-06,BAT001001
INVT001002,20240423,PRD158,ST002,255,56,57,254,30,2025-07-26,BAT001002
INVT001003,20260829,PRD029,ST039,378,49,74,353,50,2028-04-12,BAT001003
INVT001004,20260212,PRD101,ST002,92,137,108,121,40,2029-01-05,BAT001004
INVT001005,20231224,PRD263,ST026,149,125,40,234,50,2026-09-03,BAT001005
INVT001006,20280926,PRD029,ST043,234,101,18,317,40,2030-10-09,BAT001006
INVT001007,20270501,PRD191,ST001,195,88,44,239,30,2029-07-30,BAT001007
INVT001008,20231225,PRD111,ST047,277,106,102,281,40,2025-10-15,BAT001008
INVT001009,20241101,PRD218,ST047,262,35,106,191,50,2027-07-06,BAT001009
INVT001010,20231219,PRD074,ST014,205,121,111,215,50,2025-11-26,BAT001010
INVT001011,20230928,PRD193,ST006,53,104,81,76,30,2025-11-25,BAT001011
INVT001012,20241217,PRD285,ST030,413,145,96,462,25,2026-07-09,BAT001012
INVT001013,20250131,PRD196,ST019,333,125,5,453,30,2027-09-22,BAT001013
INVT001014,20260529,PRD253,ST036,428,118,28,518,20,2027-05-31,BAT001014
INVT001015,20240922,PRD135,ST020,377,120,15,482,30,2026-11-23,BAT001015
INVT001016,20250104,PRD252,ST045,380,62,3,439,20,2026-10-14,BAT001016
INVT001017,20280712,PRD035,ST039,431,92,74,449,40,2031-02-11,BAT001017
INVT001018,20271122,PRD133,ST041,401,121,88,434,20,2029-12-08,BAT001018
INVT001019,20280930,PRD295,ST002,482,66,20,528,50,2029-11-28,BAT001019
INVT001020,20240821,PRD164,ST030,499,34,45,488,25,2025-10-14,BAT001020
INVT001021,20260121,PRD185,ST027,375,91,6,460,30,2027-11-15,BAT001021
INVT001022,20281209,PRD040,ST033,149,46,97,98,20,2031-08-14,BAT001022
INVT001023,20241115,PRD279,ST021,496,80,105,471,30,2026-08-19,BAT001023
INVT001024,20270124,PRD050,ST035,346,90,105,331,25,2028-02-06,BAT001024
INVT001025,20240714,PRD266,ST019,240,124,52,312,30,2025-12-27,BAT001025
INVT001026,20240224,PRD112,ST010,307,56,106,257,25,2026-09-18,BAT001026
INVT001027,20281123,PRD273,ST046,332,29,53,308,40,2030-02-09,BAT001027
INVT001028,20240422,PRD068,ST002,295,89,39,345,30,2025-09-11,BAT001028
INVT001029,20271216,PRD268,ST049,225,44,90,179,30,2029-01-13,BAT001029
INVT001030,20240430,PRD114,ST009,488,36,88,436,25,2026-03-10,BAT001030
INVT001031,20240528,PRD108,ST009,90,108,88,110,20,2025-08-15,BAT001031
INVT001032,20230319,PRD248,ST049,270,10,25,255,20,2024-04-20,BAT001032
INVT001033,20281004,PRD031,ST031,110,64,5,169,20,2030-08-08,BAT001033
INVT001034,20230212,PRD050,ST008,358,52,75,335,25,2024-08-19,BAT001034
INVT001035,20261210,PRD015,ST006,124,71,74,121,30,2028-12-04,BAT001035
INVT001036,20241019,PRD257,ST050,423,61,64,420,50,2025-12-27,BAT001036
INVT001037,20240210,PRD297,ST049,57,135,27,165,25,2025-11-24,BAT001037
INVT001038,20241204,PRD276,ST001,421,25,118,328,25,2027-05-04,BAT001038
INVT001039,20280428,PRD188,ST045,351,47,56,342,20,2029-10-30,BAT001039
INVT001040,20261224,PRD195,ST028,159,131,29,261,40,2028-04-17,BAT001040
INVT001041,20260711,PRD064,ST030,106,133,17,222,40,2028-07-14,BAT001041
INVT001042,20260326,PRD286,ST047,70,21,41,50,40,2027-07-22,BAT001042
INVT001043,20270426,PRD146,ST030,357,79,87,349,40,2028-12-12,BAT001043
INVT001044,20270727,PRD149,ST028,146,17,114,49,40,2030-06-21,BAT001044
INVT001045,20270214,PRD092,ST001,395,125,86,434,20,2029-03-25,BAT001045
INVT001046,20271130,PRD268,ST043,396,21,15,402,25,2030-01-07,BAT001046
INVT001047,20270629,PRD053,ST048,136,16,46,106,25,2029-06-09,BAT001047
INVT001048,20250331,PRD207,ST008,169,108,92,185,40,2027-01-10,BAT001048
INVT001049,20260123,PRD205,ST023,293,103,62,334,50,2027-11-04,BAT001049
INVT001050,20240826,PRD233,ST007,112,64,62,114,40,2026-04-19,BAT001050
INVT001051,20240705,PRD016,ST007,427,13,106,334,20,2026-11-27,BAT001051
INVT001052,20230420,PRD092,ST025,359,83,19,423,30,2026-01-15,BAT001052
INVT001053,20240130,PRD040,ST043,434,133,98,469,40,2026-05-21,BAT001053
INVT001054,20250407,PRD151,ST043,304,125,64,365,30,2027-10-14,BAT001054
INVT001055,20261108,PRD277,ST035,59,8,55,12,20,2028-12-04,BAT001055
INVT001056,20280118,PRD162,ST025,276,117,4,389,20,2029-07-17,BAT001056
INVT001057,20260526,PRD085,ST032,270,34,39,265,40,2028-10-06,BAT001057
INVT001058,20240324,PRD292,ST044,301,141,87,355,50,2026-10-30,BAT001058
INVT001059,20280408,PRD244,ST036,487,40,64,463,20,2030-05-13,BAT001059
INVT001060,20251214,PRD254,ST038,243,90,98,235,30,2027-11-07,BAT001060
INVT001061,20230909,PRD015,ST038,73,32,46,59,30,2026-04-28,BAT001061
INVT001062,20230421,PRD175,ST025,99,109,44,164,30,2025-06-15,BAT001062
INVT001063,20261209,PRD029,ST043,175,63,30,208,30,2029-08-06,BAT001063
INVT001064,20231214,PRD034,ST020,108,86,21,173,20,2026-06-17,BAT001064
INVT001065,20260828,PRD020,ST030,386,108,72,422,50,2028-11-01,BAT001065
INVT001066,20251228,PRD011,ST045,290,150,2,438,30,2028-01-18,BAT001066
INVT001067,20270518,PRD166,ST037,100,125,12,213,25,2029-04-26,BAT001067
INVT001068,20280727,PRD258,ST049,391,86,21,456,50,2030-05-29,BAT001068
INVT001069,20270128,PRD224,ST013,304,19,107,216,50,2028-09-03,BAT001069
INVT001070,20260323,PRD136,ST004,202,146,51,297,25,2028-12-21,BAT001070
INVT001071,20240112,PRD297,ST007,353,86,34,405,20,2026-08-14,BAT001071
INVT001072,20281215,PRD244,ST028,157,88,101,144,20,2031-10-13,BAT001072
INVT001073,20260521,PRD259,ST020,271,138,40,369,25,2028-07-18,BAT001073
INVT001074,20270706,PRD129,ST040,313,116,85,344,50,2029-01-05,BAT001074
INVT001075,20230318,PRD265,ST012,345,127,27,445,40,2024-12-16,BAT001075
INVT001076,20281222,PRD223,ST037,422,15,66,371,25,2030-12-30,BAT001076
INVT001077,20280309,PRD076,ST016,127,76,108,95,40,2030-05-03,BAT001077
INVT001078,20260729,PRD033,ST041,154,105,34,225,30,2029-05-20,BAT001078
INVT001079,20241019,PRD132,ST044,357,60,51,366,25,2026-02-12,BAT001079
INVT001080,20240906,PRD099,ST002,175,79,59,195,40,2027-04-02,BAT001080
INVT001081,20271122,PRD217,ST042,68,51,20,99,30,2029-04-09,BAT001081
INVT001082,20230430,PRD133,ST018,387,140,22,505,20,2025-09-08,BAT001082
INVT001083,20230323,PRD029,ST006,210,76,110,176,20,2025-05-12,BAT001083
INVT001084,20270128,PRD047,ST026,479,35,30,484,20,2029-09-03,BAT001084
INVT001085,20280811,PRD062,ST034,390,148,99,439,50,2030-04-25,BAT001085
INVT001086,20280726,PRD047,ST016,357,31,98,290,30,2030-06-28,BAT001086
INVT001087,20270517,PRD121,ST028,161,36,13,184,25,2028-12-21,BAT001087
INVT001088,20260129,PRD226,ST027,180,150,7,323,40,2028-07-28,BAT001088
INVT001089,20270315,PRD058,ST021,329,108,60,377,25,2028-12-23,BAT001089
INVT001090,20240816,PRD186,ST031,416,94,105,405,30,2025-09-06,BAT001090
INVT001091,20230523,PRD028,ST045,453,61,32,482,50,2025-06-19,BAT001091
INVT001092,20260620,PRD186,ST044,112,136,110,138,25,2028-09-15,BAT001092
INVT001093,20270511,PRD005,ST026,180,77,11,246,25,2029-03-10,BAT001093
INVT001094,20250511,PRD083,ST029,373,81,112,342,40,2026-06-14,BAT001094
INVT001095,20260127,PRD042,ST050,301,120,94,327,40,2028-01-02,BAT001095
INVT001096,20270927,PRD052,ST011,407,66,64,409,20,2029-09-21,BAT001096
INVT001097,20270920,PRD281,ST048,217,116,88,245,20,2028-11-11,BAT001097
INVT001098,20250122,PRD228,ST042,119,0,51,68,25,2027-10-27,BAT001098
INVT001099,20260605,PRD161,ST037,92,28,20,100,25,2028-11-14,BAT001099
INVT001100,20240616,PRD211,ST021,281,122,111,292,25,2026-03-09,BAT001100
INVT001101,20241211,PRD168,ST019,151,21,53,119,30,2026-06-15,BAT001101
INVT001102,20270531,PRD194,ST037,164,5,2,167,50,2030-03-23,BAT001102
INVT001103,20250725,PRD046,ST030,151,67,89,129,25,2026-09-13,BAT001103
INVT001104,20270701,PRD220,ST039,183,38,11,210,30,2028-12-21,BAT001104
INVT001105,20240425,PRD008,ST046,319,111,98,332,40,2027-03-15,BAT001105
INVT001106,20280717,PRD061,ST015,415,52,24,443,30,2030-05-07,BAT001106
INVT001107,20280717,PRD196,ST009,270,52,76,246,25,2030-05-02,BAT001107
INVT001108,20250214,PRD215,ST012,259,37,3,293,30,2026-11-09,BAT001108
INVT001109,20250822,PRD231,ST016,239,149,87,301,40,2026-11-17,BAT001109
INVT001110,20230212,PRD241,ST009,496,82,88,490,40,2026-01-15,BAT001110
INVT001111,20250519,PRD197,ST046,266,65,9,322,20,2027-12-10,BAT001111
INVT001112,20230829,PRD027,ST022,170,120,116,174,30,2026-05-10,BAT001112
INVT001113,20230706,PRD003,ST017,308,97,38,367,40,2026-05-23,BAT001113
INVT001114,20270228,PRD068,ST036,71,148,22,197,30,2028-08-19,BAT001114
INVT001115,20280825,PRD253,ST022,499,119,16,602,20,2030-07-15,BAT001115
INVT001116,20281212,PRD222,ST010,183,29,40,172,20,2030-04-21,BAT001116
INVT001117,20280806,PRD144,ST048,234,110,36,308,30,2031-04-25,BAT001117
INVT001118,20251216,PRD265,ST021,273,42,40,275,40,2027-05-19,BAT001118
INVT001119,20271208,PRD028,ST013,126,13,29,110,25,2029-01-12,BAT001119
INVT001120,20280410,PRD134,ST011,411,119,55,475,20,2030-08-29,BAT001120
INVT001121,20230617,PRD227,ST023,413,143,62,494,40,2025-11-02,BAT001121
INVT001122,20240405,PRD076,ST008,228,23,26,225,30,2025-10-06,BAT001122
INVT001123,20241120,PRD261,ST018,338,149,27,460,50,2025-11-24,BAT001123
INVT001124,20281124,PRD293,ST012,263,19,31,251,40,2031-10-18,BAT001124
INVT001125,20240122,PRD169,ST002,195,31,50,176,30,2026-09-17,BAT001125
INVT001126,20240310,PRD166,ST010,64,20,58,26,40,2026-06-17,BAT001126
INVT001127,20260108,PRD003,ST022,72,115,41,146,50,2027-05-20,BAT001127
INVT001128,20250515,PRD025,ST042,194,82,102,174,20,2026-07-26,BAT001128
INVT001129,20270412,PRD048,ST026,180,45,30,195,40,2028-07-11,BAT001129
INVT001130,20230326,PRD107,ST011,248,103,36,315,25,2024-07-26,BAT001130
INVT001131,20260507,PRD252,ST028,426,79,115,390,50,2027-09-18,BAT001131
INVT001132,20270110,PRD050,ST024,312,51,62,301,40,2029-02-10,BAT001132
INVT001133,20280505,PRD138,ST037,357,108,11,454,40,2030-05-17,BAT001133
INVT001134,20250202,PRD223,ST041,268,23,5,286,50,2027-01-17,BAT001134
INVT001135,20280313,PRD115,ST042,401,39,119,321,40,2030-09-03,BAT001135
INVT001136,20281119,PRD043,ST019,289,111,10,390,40,2030-09-22,BAT001136
INVT001137,20240831,PRD066,ST044,203,63,66,200,40,2026-06-29,BAT001137
INVT001138,20230715,PRD283,ST005,73,131,13,191,50,2025-09-22,BAT001138
INVT001139,20270819,PRD049,ST030,388,145,104,429,30,2029-08-16,BAT001139
INVT001140,20251109,PRD300,ST006,443,128,2,569,20,2028-09-16,BAT001140
INVT001141,20280310,PRD092,ST012,481,100,5,576,20,2030-05-10,BAT001141
INVT001142,20260504,PRD161,ST038,420,116,96,440,40,2029-01-31,BAT001142
INVT001143,20251221,PRD175,ST012,158,47,10,195,50,2027-09-12,BAT001143
INVT001144,20240311,PRD223,ST035,59,1,25,35,20,2025-03-24,BAT001144
INVT001145,20241204,PRD245,ST030,404,103,111,396,50,2027-04-16,BAT001145
INVT001146,20260525,PRD185,ST045,394,101,102,393,30,2027-08-22,BAT001146
INVT001147,20240527,PRD070,ST001,147,28,104,71,20,2027-05-09,BAT001147
INVT001148,20250209,PRD014,ST014,296,37,83,250,25,2027-05-01,BAT001148
INVT001149,20250220,PRD045,ST020,444,118,18,544,40,2027-04-28,BAT001149
INVT001150,20230331,PRD060,ST011,128,113,62,179,40,2024-04-19,BAT001150
INVT001151,20280116,PRD300,ST016,153,75,72,156,40,2029-03-08,BAT001151
INVT001152,20260929,PRD005,ST007,372,110,53,429,40,2029-05-13,BAT001152
INVT001153,20260406,PRD019,ST032,254,124,65,313,50,2028-12-22,BAT001153
INVT001154,20280621,PRD119,ST046,81,135,2,214,40,2031-02-01,BAT001154
INVT001155,20260717,PRD284,ST005,187,106,113,180,40,2027-11-13,BAT001155
INVT001156,20280719,PRD178,ST029,407,111,2,516,25,2030-05-09,BAT001156
INVT001157,20250226,PRD241,ST023,274,59,64,269,25,2027-10-20,BAT001157
INVT001158,20261021,PRD240,ST009,200,99,53,246,30,2029-02-15,BAT001158
INVT001159,20241025,PRD107,ST019,403,22,85,340,40,2026-03-06,BAT001159
INVT001160,20241210,PRD103,ST011,360,125,12,473,40,2027-04-29,BAT001160
INVT001161,20260528,PRD121,ST014,335,12,2,345,30,2028-02-19,BAT001161
INVT001162,20270102,PRD082,ST012,473,128,4,597,20,2028-12-12,BAT001162
INVT001163,20271030,PRD059,ST040,166,30,71,125,25,2030-03-11,BAT001163
INVT001164,20251122,PRD175,ST023,443,11,98,356,50,2027-08-22,BAT001164
INVT001165,20240911,PRD264,ST039,392,26,90,328,20,2026-12-03,BAT001165
INVT001166,20280216,PRD057,ST007,450,26,105,371,50,2029-03-29,BAT001166
INVT001167,20280908,PRD054,ST011,372,30,111,291,25,2030-09-13,BAT001167
INVT001168,20241005,PRD150,ST046,276,129,63,342,20,2026-03-11,BAT001168
INVT001169,20270129,PRD172,ST009,112,51,56,107,40,2028-02-04,BAT001169
INVT001170,20251001,PRD243,ST022,196,129,21,304,20,2027-06-30,BAT001170
INVT001171,20270306,PRD213,ST024,372,62,19,415,50,2029-05-10,BAT001171
INVT001172,20250723,PRD071,ST028,261,104,114,251,40,2028-01-02,BAT001172
INVT001173,20270121,PRD016,ST029,124,2,91,35,50,2028-04-01,BAT001173
INVT001174,20231214,PRD174,ST021,255,42,55,242,20,2026-01-19,BAT001174
INVT001175,20230601,PRD078,ST037,79,133,37,175,40,2025-07-16,BAT001175
INVT001176,20260531,PRD161,ST023,54,71,115,10,50,2029-02-14,BAT001176
INVT001177,20240824,PRD207,ST029,379,52,113,318,50,2027-05-25,BAT001177
INVT001178,20271217,PRD177,ST042,257,50,112,195,30,2029-03-12,BAT001178
INVT001179,20230601,PRD276,ST022,249,32,66,215,50,2025-03-17,BAT001179
INVT001180,20250525,PRD048,ST033,332,79,66,345,30,2028-03-05,BAT001180
INVT001181,20241017,PRD012,ST002,457,138,75,520,30,2026-06-21,BAT001181
INVT001182,20260529,PRD217,ST033,106,15,107,14,30,2028-02-18,BAT001182
INVT001183,20280909,PRD182,ST008,74,31,57,48,30,2031-04-18,BAT001183
INVT001184,20230122,PRD233,ST022,170,148,72,246,50,2025-09-22,BAT001184
INVT001185,20250815,PRD180,ST020,195,146,86,255,25,2027-09-05,BAT001185
INVT001186,20281029,PRD127,ST007,217,132,74,275,25,2030-11-02,BAT001186
INVT001187,20280204,PRD051,ST010,414,108,106,416,40,2029-04-27,BAT001187
INVT001188,20240113,PRD032,ST028,116,121,27,210,40,2025-04-01,BAT001188
INVT001189,20270221,PRD270,ST026,351,143,66,428,40,2028-11-17,BAT001189
INVT001190,20280805,PRD217,ST029,402,125,93,434,40,2030-01-18,BAT001190
INVT001191,20240814,PRD259,ST009,298,117,16,399,50,2027-02-06,BAT001191
INVT001192,20240428,PRD109,ST030,292,8,95,205,25,2026-11-21,BAT001192
INVT001193,20270221,PRD061,ST039,486,104,14,576,20,2029-03-05,BAT001193
INVT001194,20260401,PRD021,ST034,128,30,47,111,30,2028-04-18,BAT001194
INVT001195,20260527,PRD151,ST032,64,36,18,82,50,2028-07-31,BAT001195
INVT001196,20230719,PRD157,ST019,160,46,104,102,40,2024-07-20,BAT001196
INVT001197,20240516,PRD281,ST023,84,11,53,42,40,2026-12-23,BAT001197
INVT001198,20260622,PRD290,ST029,222,96,60,258,50,2027-11-04,BAT001198
INVT001199,20240721,PRD259,ST041,285,115,85,315,40,2025-12-20,BAT001199
INVT001200,20260825,PRD046,ST040,390,104,49,445,25,2028-10-02,BAT001200
INVT001201,20261020,PRD277,ST003,393,113,94,412,30,2029-08-11,BAT001201
INVT001202,20231229,PRD085,ST046,62,146,80,128,30,2026-07-25,BAT001202
INVT001203,20240522,PRD287,ST006,148,138,73,213,20,2026-12-26,BAT001203
INVT001204,20281107,PRD097,ST049,293,128,114,307,20,2030-03-10,BAT001204
INVT001205,20281218,PRD093,ST002,190,52,31,211,50,2031-03-17,BAT001205
INVT001206,20231213,PRD274,ST039,214,102,75,241,20,2026-04-29,BAT001206
INVT001207,20230406,PRD175,ST028,142,106,3,245,50,2025-02-23,BAT001207
INVT001208,20270414,PRD132,ST006,108,25,69,64,25,2029-01-30,BAT001208
INVT001209,20240812,PRD094,ST017,443,22,19,446,30,2026-10-03,BAT001209
INVT001210,20241124,PRD031,ST040,216,46,3,259,20,2026-09-25,BAT001210
INVT001211,20270517,PRD051,ST021,122,105,114,113,30,2029-02-04,BAT001211
INVT001212,20270319,PRD062,ST004,153,61,96,118,50,2029-11-08,BAT001212
INVT001213,20250826,PRD253,ST033,435,129,49,515,20,2027-05-28,BAT001213
INVT001214,20230906,PRD163,ST030,333,104,8,429,40,2024-10-04,BAT001214
INVT001215,20270728,PRD120,ST002,187,141,75,253,20,2029-04-05,BAT001215
INVT001216,20240529,PRD156,ST037,258,114,10,362,50,2025-12-23,BAT001216
INVT001217,20240806,PRD192,ST035,136,62,68,130,40,2027-02-25,BAT001217
INVT001218,20280125,PRD022,ST001,466,118,106,478,50,2029-11-16,BAT001218
INVT001219,20241116,PRD001,ST004,296,69,76,289,30,2027-10-13,BAT001219
INVT001220,20270407,PRD180,ST041,158,149,107,200,50,2029-01-19,BAT001220
INVT001221,20230706,PRD083,ST048,323,144,8,459,30,2024-10-04,BAT001221
INVT001222,20270608,PRD063,ST009,421,142,35,528,40,2029-01-08,BAT001222
INVT001223,20280829,PRD163,ST044,225,66,96,195,40,2030-06-04,BAT001223
INVT001224,20251004,PRD165,ST022,157,117,76,198,30,2026-10-20,BAT001224
INVT001225,20240701,PRD002,ST039,293,1,115,179,20,2027-05-20,BAT001225
INVT001226,20241211,PRD212,ST036,406,125,97,434,40,2027-06-15,BAT001226
INVT001227,20231129,PRD040,ST035,65,113,86,92,20,2025-11-24,BAT001227
INVT001228,20270322,PRD184,ST025,140,2,15,127,40,2029-04-04,BAT001228
INVT001229,20250301,PRD228,ST001,163,5,97,71,30,2028-01-26,BAT001229
INVT001230,20270105,PRD099,ST006,467,77,103,441,25,2028-08-31,BAT001230
INVT001231,20280715,PRD186,ST003,193,126,115,204,50,2030-02-14,BAT001231
INVT001232,20230130,PRD101,ST041,252,28,111,169,30,2025-09-03,BAT001232
INVT001233,20280811,PRD253,ST011,332,49,84,297,50,2031-06-30,BAT001233
INVT001234,20241219,PRD034,ST038,115,16,16,115,30,2027-07-25,BAT001234
INVT001235,20250722,PRD268,ST047,450,70,24,496,20,2028-06-30,BAT001235
INVT001236,20281222,PRD130,ST044,336,116,0,452,40,2031-10-09,BAT001236
INVT001237,20230801,PRD166,ST028,482,104,35,551,20,2026-06-27,BAT001237
INVT001238,20281023,PRD239,ST032,235,132,97,270,20,2030-06-09,BAT001238
INVT001239,20230712,PRD143,ST027,322,114,40,396,20,2025-08-16,BAT001239
INVT001240,20250308,PRD172,ST006,500,146,103,543,20,2026-10-25,BAT001240
INVT001241,20271002,PRD039,ST016,150,42,42,150,30,2028-12-04,BAT001241
INVT001242,20240201,PRD015,ST031,271,6,75,202,30,2025-10-14,BAT001242
INVT001243,20251009,PRD056,ST031,172,87,106,153,20,2027-09-15,BAT001243
INVT001244,20281029,PRD122,ST005,447,112,97,462,20,2031-07-31,BAT001244
INVT001245,20280103,PRD297,ST008,93,15,4,104,40,2029-11-18,BAT001245
INVT001246,20230924,PRD066,ST004,460,113,7,566,30,2026-06-10,BAT001246
INVT001247,20271104,PRD034,ST007,396,14,71,339,20,2029-08-31,BAT001247
INVT001248,20270412,PRD206,ST007,366,105,29,442,50,2030-02-15,BAT001248
INVT001249,20230213,PRD233,ST025,287,109,112,284,50,2025-11-08,BAT001249
INVT001250,20240219,PRD174,ST042,395,6,58,343,50,2026-01-20,BAT001250
INVT001251,20250227,PRD056,ST007,56,17,24,49,50,2026-07-06,BAT001251
INVT001252,20280915,PRD132,ST023,265,123,92,296,50,2030-12-14,BAT001252
INVT001253,20250131,PRD125,ST009,458,11,7,462,25,2026-12-16,BAT001253
INVT001254,20271121,PRD263,ST042,436,91,39,488,50,2030-05-28,BAT001254
INVT001255,20240819,PRD076,ST031,208,87,37,258,30,2025-08-27,BAT001255
INVT001256,20281021,PRD075,ST004,171,129,104,196,50,2029-12-15,BAT001256
INVT001257,20270925,PRD177,ST013,152,51,100,103,20,2029-09-08,BAT001257
INVT001258,20250214,PRD244,ST045,404,119,76,447,30,2027-09-29,BAT001258
INVT001259,20261006,PRD154,ST027,218,41,13,246,40,2027-11-18,BAT001259
INVT001260,20280724,PRD113,ST001,377,57,88,346,25,2030-11-13,BAT001260
INVT001261,20250523,PRD123,ST031,426,84,103,407,40,2026-12-19,BAT001261
INVT001262,20270628,PRD095,ST001,235,2,9,228,30,2028-07-27,BAT001262
INVT001263,20240416,PRD073,ST019,275,49,80,244,50,2026-04-19,BAT001263
INVT001264,20230629,PRD016,ST013,151,72,22,201,25,2025-03-23,BAT001264
INVT001265,20241214,PRD174,ST036,175,45,25,195,20,2026-06-12,BAT001265
INVT001266,20251208,PRD052,ST002,475,35,48,462,20,2027-11-19,BAT001266
INVT001267,20250511,PRD157,ST030,172,94,103,163,30,2028-03-17,BAT001267
INVT001268,20241202,PRD270,ST040,272,16,15,273,25,2026-04-14,BAT001268
INVT001269,20250215,PRD099,ST035,243,95,40,298,50,2027-04-30,BAT001269
INVT001270,20250928,PRD024,ST049,365,150,24,491,50,2027-07-26,BAT001270
INVT001271,20240831,PRD168,ST016,77,71,111,37,25,2027-02-02,BAT001271
INVT001272,20280625,PRD108,ST047,91,120,101,110,50,2029-08-30,BAT001272
INVT001273,20241116,PRD261,ST025,434,130,47,517,40,2027-05-01,BAT001273
INVT001274,20280316,PRD092,ST021,414,95,67,442,40,2030-08-04,BAT001274
INVT001275,20280424,PRD138,ST038,255,149,83,321,20,2029-11-22,BAT001275
INVT001276,20250618,PRD104,ST029,491,60,50,501,25,2027-04-27,BAT001276
INVT001277,20271007,PRD194,ST037,130,95,32,193,50,2028-12-31,BAT001277
INVT001278,20240704,PRD044,ST019,277,132,45,364,25,2027-02-21,BAT001278
INVT001279,20230618,PRD239,ST033,368,86,54,400,40,2025-10-08,BAT001279
INVT001280,20271107,PRD210,ST024,461,127,40,548,30,2029-12-02,BAT001280
INVT001281,20230412,PRD092,ST029,169,67,82,154,20,2025-04-13,BAT001281
INVT001282,20231204,PRD151,ST033,312,139,82,369,20,2025-09-12,BAT001282
INVT001283,20250721,PRD051,ST008,86,92,4,174,50,2027-02-11,BAT001283
INVT001284,20260929,PRD101,ST044,218,64,38,244,30,2028-04-11,BAT001284
INVT001285,20240718,PRD279,ST017,54,76,36,94,30,2026-09-04,BAT001285
INVT001286,20270720,PRD297,ST049,385,3,60,328,50,2028-12-18,BAT001286
INVT001287,20270617,PRD117,ST015,420,53,60,413,25,2029-11-26,BAT001287
INVT001288,20280403,PRD237,ST022,455,21,40,436,25,2030-06-16,BAT001288
INVT001289,20270907,PRD108,ST029,280,142,3,419,30,2029-01-26,BAT001289
INVT001290,20240609,PRD157,ST048,54,127,103,78,30,2026-05-22,BAT001290
INVT001291,20250712,PRD215,ST028,401,103,97,407,50,2027-05-14,BAT001291
INVT001292,20260828,PRD012,ST037,452,8,118,342,25,2028-02-01,BAT001292
INVT001293,20260914,PRD291,ST041,459,146,110,495,40,2028-10-08,BAT001293
INVT001294,20250416,PRD201,ST005,323,98,24,397,40,2026-08-05,BAT001294
INVT001295,20260908,PRD292,ST029,377,77,11,443,25,2027-12-23,BAT001295
INVT001296,20241228,PRD017,ST045,358,125,3,480,25,2026-07-19,BAT001296
INVT001297,20231012,PRD198,ST019,155,59,37,177,50,2024-12-21,BAT001297
INVT001298,20280206,PRD030,ST024,315,2,21,296,30,2030-04-01,BAT001298
INVT001299,20270521,PRD081,ST008,116,137,53,200,40,2028-07-29,BAT001299
INVT001300,20270513,PRD106,ST009,495,52,39,508,40,2030-05-08,BAT001300
INVT001301,20280428,PRD082,ST039,344,79,75,348,25,2030-09-24,BAT001301
INVT001302,20280223,PRD142,ST013,53,36,57,32,20,2030-04-06,BAT001302
INVT001303,20251008,PRD270,ST022,341,125,58,408,40,2028-05-19,BAT001303
INVT001304,20230610,PRD047,ST019,380,116,44,452,30,2025-07-14,BAT001304
INVT001305,20241218,PRD213,ST016,141,110,58,193,40,2027-10-23,BAT001305
INVT001306,20250121,PRD292,ST007,251,11,30,232,25,2026-10-28,BAT001306
INVT001307,20260410,PRD035,ST045,421,55,116,360,40,2028-06-04,BAT001307
INVT001308,20240511,PRD189,ST005,436,26,64,398,30,2026-07-04,BAT001308
INVT001309,20280122,PRD085,ST017,156,129,5,280,40,2029-02-17,BAT001309
INVT001310,20231027,PRD237,ST025,225,102,109,218,25,2025-12-06,BAT001310
INVT001311,20230604,PRD006,ST017,108,34,41,101,40,2025-10-12,BAT001311
INVT001312,20280304,PRD035,ST006,330,62,91,301,40,2029-07-25,BAT001312
INVT001313,20280412,PRD143,ST011,137,4,77,64,20,2029-10-10,BAT001313
INVT001314,20260419,PRD064,ST035,429,100,21,508,20,2029-03-06,BAT001314
INVT001315,20230215,PRD140,ST010,275,91,22,344,25,2024-03-21,BAT001315
INVT001316,20281220,PRD111,ST029,406,12,107,311,50,2031-10-07,BAT001316
INVT001317,20240226,PRD200,ST045,207,113,6,314,50,2025-03-01,BAT001317
INVT001318,20230719,PRD194,ST050,153,63,47,169,25,2025-02-07,BAT001318
INVT001319,20240110,PRD009,ST027,64,3,43,24,25,2026-12-06,BAT001319
INVT001320,20230916,PRD113,ST007,458,42,92,408,25,2024-10-30,BAT001320
INVT001321,20270830,PRD263,ST007,467,83,41,509,50,2030-06-01,BAT001321
INVT001322,20250215,PRD107,ST035,252,109,15,346,25,2026-09-21,BAT001322
INVT001323,20240309,PRD183,ST021,138,3,51,90,30,2025-03-21,BAT001323
INVT001324,20270514,PRD109,ST030,162,16,84,94,30,2030-03-09,BAT001324
INVT001325,20270220,PRD023,ST005,161,105,38,228,50,2029-07-15,BAT001325
INVT001326,20240222,PRD275,ST037,137,64,12,189,50,2026-01-19,BAT001326
INVT001327,20270511,PRD069,ST022,139,81,108,112,40,2028-07-18,BAT001327
INVT001328,20261004,PRD010,ST039,349,114,48,415,50,2029-07-20,BAT001328
INVT001329,20250810,PRD258,ST038,410,3,29,384,20,2028-05-02,BAT001329
INVT001330,20240523,PRD159,ST016,427,109,96,440,25,2027-02-16,BAT001330
INVT001331,20231122,PRD031,ST009,241,127,37,331,25,2025-04-25,BAT001331
INVT001332,20270320,PRD105,ST042,69,60,118,11,50,2029-06-16,BAT001332
INVT001333,20260908,PRD069,ST018,212,10,66,156,40,2029-07-02,BAT001333
INVT001334,20260327,PRD013,ST015,483,84,43,524,25,2027-10-23,BAT001334
INVT001335,20230810,PRD128,ST044,406,56,77,385,40,2026-01-24,BAT001335
INVT001336,20260810,PRD094,ST029,372,1,8,365,40,2027-10-20,BAT001336
INVT001337,20250227,PRD027,ST041,122,52,16,158,20,2026-08-23,BAT001337
INVT001338,20250417,PRD121,ST033,90,109,92,107,40,2027-03-01,BAT001338
INVT001339,20241103,PRD102,ST016,267,45,77,235,25,2026-09-09,BAT001339
INVT001340,20260314,PRD296,ST029,375,51,34,392,40,2027-06-03,BAT001340
INVT001341,20270112,PRD204,ST025,135,120,56,199,40,2029-06-12,BAT001341
INVT001342,20271111,PRD080,ST031,60,97,54,103,20,2029-09-13,BAT001342
INVT001343,20240917,PRD284,ST047,139,65,48,156,40,2026-07-27,BAT001343
INVT001344,20280201,PRD146,ST025,337,123,9,451,30,2029-06-19,BAT001344
INVT001345,20280406,PRD101,ST010,147,1,1,147,50,2030-04-24,BAT001345
INVT001346,20280705,PRD208,ST027,252,95,49,298,40,2030-05-16,BAT001346
INVT001347,20231019,PRD210,ST003,113,98,119,92,50,2025-04-02,BAT001347
INVT001348,20250306,PRD224,ST017,444,89,65,468,40,2027-12-16,BAT001348
INVT001349,20270217,PRD030,ST042,247,108,94,261,25,2028-10-22,BAT001349
INVT001350,20280510,PRD018,ST024,373,7,89,291,25,2030-02-01,BAT001350
INVT001351,20280209,PRD076,ST017,176,148,84,240,25,2029-02-20,BAT001351
INVT001352,20240423,PRD048,ST042,414,98,50,462,50,2025-07-14,BAT001352
INVT001353,20281024,PRD097,ST028,134,109,32,211,30,2031-03-20,BAT001353
INVT001354,20281223,PRD196,ST038,207,105,96,216,20,2030-04-13,BAT001354
INVT001355,20261111,PRD074,ST018,433,53,119,367,40,2029-10-26,BAT001355
INVT001356,20260615,PRD004,ST011,467,125,0,592,20,2027-08-25,BAT001356
INVT001357,20270908,PRD269,ST027,385,73,93,365,40,2029-02-28,BAT001357
INVT001358,20241223,PRD192,ST012,410,34,25,419,40,2026-06-27,BAT001358
INVT001359,20280820,PRD057,ST029,340,54,23,371,25,2029-10-19,BAT001359
INVT001360,20250118,PRD099,ST017,496,104,56,544,50,2026-05-09,BAT001360
INVT001361,20241111,PRD041,ST019,93,96,15,174,30,2026-01-15,BAT001361
INVT001362,20261102,PRD016,ST038,170,122,62,230,20,2027-11-11,BAT001362
INVT001363,20230908,PRD137,ST049,53,149,101,101,20,2024-12-15,BAT001363
INVT001364,20250514,PRD268,ST001,242,133,97,278,30,2027-09-23,BAT001364
INVT001365,20280422,PRD173,ST039,269,86,47,308,30,2030-03-10,BAT001365
INVT001366,20250908,PRD185,ST043,254,96,78,272,20,2027-09-07,BAT001366
INVT001367,20260914,PRD052,ST001,283,102,92,293,25,2027-10-10,BAT001367
INVT001368,20240518,PRD272,ST018,408,63,47,424,40,2027-02-10,BAT001368
INVT001369,20280430,PRD264,ST027,388,48,0,436,30,2029-05-17,BAT001369
INVT001370,20270115,PRD024,ST048,216,113,29,300,50,2029-05-25,BAT001370
INVT001371,20270628,PRD042,ST023,269,121,84,306,20,2029-07-26,BAT001371
INVT001372,20260418,PRD100,ST046,123,133,112,144,50,2028-09-15,BAT001372
INVT001373,20230511,PRD066,ST032,457,22,38,441,50,2025-08-31,BAT001373
INVT001374,20241119,PRD229,ST008,296,138,30,404,25,2026-06-23,BAT001374
INVT001375,20241129,PRD046,ST007,272,7,20,259,30,2026-12-26,BAT001375
INVT001376,20260222,PRD113,ST047,181,121,114,188,20,2029-01-03,BAT001376
INVT001377,20240710,PRD274,ST041,421,125,11,535,30,2026-02-24,BAT001377
INVT001378,20230922,PRD176,ST025,417,97,83,431,50,2025-12-12,BAT001378
INVT001379,20250813,PRD115,ST017,109,74,11,172,20,2026-11-12,BAT001379
INVT001380,20261025,PRD097,ST048,109,146,47,208,25,2028-09-09,BAT001380
INVT001381,20270407,PRD296,ST048,50,79,7,122,50,2029-10-06,BAT001381
INVT001382,20250216,PRD199,ST028,213,93,102,204,25,2027-08-02,BAT001382
INVT001383,20250628,PRD055,ST026,54,137,109,82,40,2027-05-17,BAT001383
INVT001384,20240815,PRD152,ST015,305,116,18,403,50,2026-06-01,BAT001384
INVT001385,20240820,PRD018,ST039,213,79,64,228,20,2026-05-27,BAT001385
INVT001386,20280513,PRD111,ST032,199,96,7,288,30,2029-10-16,BAT001386
INVT001387,20250512,PRD116,ST045,426,13,118,321,25,2027-09-23,BAT001387
INVT001388,20270524,PRD154,ST043,484,40,2,522,50,2029-06-28,BAT001388
INVT001389,20261014,PRD217,ST044,292,89,96,285,40,2028-11-17,BAT001389
INVT001390,20231022,PRD271,ST047,194,72,89,177,25,2026-10-08,BAT001390
INVT001391,20270601,PRD050,ST009,215,148,110,253,20,2030-05-27,BAT001391
INVT001392,20260530,PRD235,ST042,133,147,17,263,40,2029-05-11,BAT001392
INVT001393,20280530,PRD150,ST010,157,55,102,110,25,2031-03-27,BAT001393
INVT001394,20230207,PRD186,ST047,488,147,13,622,25,2025-02-26,BAT001394
INVT001395,20271016,PRD087,ST004,99,91,60,130,25,2028-12-07,BAT001395
INVT001396,20240425,PRD264,ST042,223,111,19,315,40,2025-12-31,BAT001396
INVT001397,20230520,PRD061,ST016,253,125,38,340,50,2024-11-11,BAT001397
INVT001398,20270318,PRD046,ST050,287,97,35,349,40,2029-03-28,BAT001398
INVT001399,20230217,PRD062,ST008,92,31,62,61,50,2024-10-04,BAT001399
INVT001400,20230405,PRD294,ST037,295,70,88,277,20,2025-12-02,BAT001400
INVT001401,20250111,PRD197,ST031,380,111,38,453,50,2026-05-19,BAT001401
INVT001402,20240212,PRD167,ST005,415,137,23,529,40,2027-01-29,BAT001402
INVT001403,20230322,PRD202,ST036,468,137,100,505,50,2025-08-03,BAT001403
INVT001404,20230919,PRD266,ST038,325,31,96,260,25,2026-07-24,BAT001404
INVT001405,20240425,PRD093,ST039,405,46,0,451,50,2026-07-26,BAT001405
INVT001406,20260711,PRD063,ST003,115,147,26,236,25,2027-10-08,BAT001406
INVT001407,20251117,PRD018,ST006,113,129,38,204,30,2028-05-27,BAT001407
INVT001408,20241203,PRD217,ST043,50,63,38,75,20,2027-05-18,BAT001408
INVT001409,20260416,PRD274,ST029,121,147,62,206,30,2028-10-02,BAT001409
INVT001410,20261213,PRD276,ST033,157,25,84,98,20,2028-08-11,BAT001410
INVT001411,20230531,PRD097,ST010,203,55,17,241,50,2025-12-16,BAT001411
INVT001412,20250603,PRD184,ST018,115,108,9,214,50,2027-02-19,BAT001412
INVT001413,20251203,PRD196,ST042,133,102,58,177,20,2027-08-20,BAT001413
INVT001414,20271009,PRD074,ST035,154,18,80,92,30,2030-07-18,BAT001414
INVT001415,20250228,PRD191,ST037,386,130,77,439,25,2027-05-03,BAT001415
INVT001416,20240920,PRD162,ST028,244,6,77,173,25,2025-12-08,BAT001416
INVT001417,20260111,PRD064,ST035,106,140,52,194,20,2027-12-14,BAT001417
INVT001418,20231231,PRD186,ST022,448,69,18,499,25,2025-10-06,BAT001418
INVT001419,20230210,PRD051,ST025,163,96,13,246,20,2024-08-07,BAT001419
INVT001420,20281126,PRD157,ST038,470,125,12,583,50,2030-11-18,BAT001420
INVT001421,20260301,PRD283,ST018,361,25,114,272,20,2027-08-22,BAT001421
INVT001422,20260726,PRD200,ST012,226,136,70,292,50,2028-09-10,BAT001422
INVT001423,20280507,PRD066,ST017,54,131,91,94,25,2031-03-11,BAT001423
INVT001424,20240601,PRD074,ST025,340,68,6,402,30,2027-05-26,BAT001424
INVT001425,20251017,PRD215,ST046,284,46,56,274,30,2028-02-08,BAT001425
INVT001426,20280819,PRD147,ST018,269,133,120,282,25,2030-06-27,BAT001426
INVT001427,20231223,PRD157,ST027,444,80,108,416,20,2026-10-02,BAT001427
INVT001428,20231122,PRD040,ST047,172,23,21,174,50,2025-01-18,BAT001428
INVT001429,20231213,PRD147,ST036,302,2,54,250,50,2025-04-30,BAT001429
INVT001430,20280518,PRD255,ST033,400,136,89,447,20,2030-07-07,BAT001430
INVT001431,20230226,PRD098,ST048,53,108,89,72,50,2025-02-13,BAT001431
INVT001432,20250927,PRD271,ST044,361,10,77,294,40,2027-03-18,BAT001432
INVT001433,20281114,PRD116,ST012,88,93,107,74,25,2031-04-24,BAT001433
INVT001434,20261218,PRD027,ST028,303,97,21,379,30,2028-04-11,BAT001434
INVT001435,20261016,PRD128,ST035,485,30,37,478,30,2029-02-21,BAT001435
INVT001436,20260417,PRD136,ST014,51,145,50,146,25,2028-02-23,BAT001436
INVT001437,20281012,PRD019,ST030,366,124,7,483,30,2029-10-18,BAT001437
INVT001438,20280229,PRD169,ST020,231,27,0,258,30,2029-09-06,BAT001438
INVT001439,20270705,PRD182,ST001,101,110,62,149,25,2028-09-28,BAT001439
INVT001440,20281207,PRD264,ST010,260,31,116,175,40,2029-12-14,BAT001440
INVT001441,20240929,PRD129,ST015,290,101,47,344,30,2026-10-07,BAT001441
INVT001442,20271021,PRD094,ST035,465,68,13,520,40,2030-08-23,BAT001442
INVT001443,20271205,PRD083,ST009,231,111,0,342,30,2030-11-30,BAT001443
INVT001444,20250323,PRD057,ST013,195,10,17,188,40,2027-05-28,BAT001444
INVT001445,20260918,PRD017,ST011,391,50,61,380,30,2028-01-17,BAT001445
INVT001446,20270921,PRD251,ST036,303,32,41,294,40,2030-02-15,BAT001446
INVT001447,20270512,PRD068,ST008,105,5,16,94,25,2029-04-28,BAT001447
INVT001448,20280810,PRD007,ST050,400,60,6,454,30,2030-10-23,BAT001448
INVT001449,20230202,PRD223,ST031,198,72,62,208,20,2025-04-16,BAT001449
INVT001450,20251011,PRD079,ST047,311,47,31,327,30,2027-02-05,BAT001450
INVT001451,20251215,PRD127,ST043,470,109,25,554,40,2028-12-07,BAT001451
INVT001452,20240227,PRD258,ST040,142,48,109,81,50,2026-12-02,BAT001452
INVT001453,20240901,PRD118,ST008,117,102,4,215,30,2026-03-16,BAT001453
INVT001454,20240821,PRD219,ST002,365,51,11,405,20,2026-09-14,BAT001454
INVT001455,20270727,PRD269,ST020,408,59,28,439,30,2029-10-05,BAT001455
INVT001456,20280516,PRD032,ST033,268,13,38,243,20,2030-02-15,BAT001456
INVT001457,20270129,PRD144,ST023,414,107,31,490,30,2028-03-17,BAT001457
INVT001458,20250114,PRD021,ST001,76,82,27,131,30,2027-05-12,BAT001458
INVT001459,20260221,PRD052,ST028,144,64,62,146,30,2028-01-29,BAT001459
INVT001460,20260531,PRD058,ST007,392,3,87,308,50,2027-10-11,BAT001460
INVT001461,20260918,PRD185,ST048,464,92,95,461,50,2029-03-12,BAT001461
INVT001462,20270303,PRD122,ST042,191,53,74,170,40,2028-05-30,BAT001462
INVT001463,20240311,PRD067,ST041,430,30,5,455,50,2027-01-10,BAT001463
INVT001464,20250219,PRD099,ST046,278,25,9,294,50,2027-11-14,BAT001464
INVT001465,20261105,PRD155,ST047,292,51,68,275,25,2027-12-19,BAT001465
INVT001466,20240607,PRD099,ST027,331,64,114,281,50,2026-05-28,BAT001466
INVT001467,20270208,PRD230,ST041,417,30,116,331,40,2028-04-17,BAT001467
INVT001468,20280531,PRD215,ST034,307,5,21,291,50,2030-03-07,BAT001468
INVT001469,20240612,PRD149,ST003,339,15,101,253,25,2026-07-24,BAT001469
INVT001470,20280720,PRD273,ST033,88,42,56,74,50,2030-08-17,BAT001470
INVT001471,20270518,PRD206,ST039,189,52,23,218,20,2028-10-27,BAT001471
INVT001472,20250611,PRD005,ST033,283,128,90,321,50,2027-03-03,BAT001472
INVT001473,20260527,PRD113,ST019,412,68,70,410,20,2027-11-18,BAT001473
INVT001474,20250706,PRD024,ST035,171,74,5,240,25,2027-04-16,BAT001474
INVT001475,20240628,PRD139,ST004,378,63,105,336,25,2026-12-27,BAT001475
INVT001476,20240420,PRD001,ST042,227,94,41,280,20,2027-04-12,BAT001476
INVT001477,20251217,PRD069,ST027,363,75,41,397,20,2028-09-17,BAT001477
INVT001478,20230212,PRD183,ST015,424,71,22,473,30,2024-02-28,BAT001478
INVT001479,20240311,PRD196,ST042,181,141,26,296,40,2025-10-22,BAT001479
INVT001480,20260821,PRD138,ST014,347,101,19,429,40,2028-04-14,BAT001480
INVT001481,20271113,PRD189,ST010,295,23,63,255,25,2030-02-25,BAT001481
INVT001482,20250127,PRD091,ST013,341,125,120,346,25,2027-11-21,BAT001482
INVT001483,20260301,PRD011,ST020,133,45,104,74,40,2029-02-01,BAT001483
INVT001484,20250208,PRD036,ST010,86,109,31,164,40,2027-11-30,BAT001484
INVT001485,20270707,PRD052,ST047,319,35,93,261,20,2030-03-15,BAT001485
INVT001486,20240213,PRD194,ST025,60,28,1,87,20,2025-06-27,BAT001486
INVT001487,20251014,PRD043,ST018,123,3,101,25,20,2027-01-30,BAT001487
INVT001488,20261018,PRD044,ST013,121,122,97,146,50,2029-01-14,BAT001488
INVT001489,20241030,PRD158,ST022,295,39,31,303,20,2027-05-09,BAT001489
INVT001490,20251231,PRD279,ST008,60,11,13,58,50,2027-10-30,BAT001490
INVT001491,20240225,PRD262,ST027,122,0,116,6,25,2025-03-20,BAT001491
INVT001492,20250717,PRD219,ST025,125,90,83,132,30,2027-03-05,BAT001492
INVT001493,20270425,PRD058,ST032,136,28,28,136,20,2029-02-06,BAT001493
INVT001494,20270103,PRD040,ST040,220,30,46,204,20,2028-02-16,BAT001494
INVT001495,20240910,PRD092,ST028,321,85,76,330,25,2027-08-06,BAT001495
INVT001496,20271008,PRD077,ST043,401,77,79,399,30,2029-09-28,BAT001496
INVT001497,20240301,PRD139,ST032,388,94,119,363,30,2027-02-27,BAT001497
INVT001498,20231109,PRD002,ST010,448,37,40,445,25,2025-12-12,BAT001498
INVT001499,20280104,PRD245,ST005,107,147,54,200,30,2029-05-31,BAT001499
INVT001500,20240106,PRD166,ST009,143,98,45,196,30,2026-05-26,BAT001500
INVT001501,20271003,PRD247,ST045,261,85,17,329,25,2029-10-29,BAT001501
INVT001502,20270911,PRD282,ST032,325,136,63,398,50,2030-03-13,BAT001502
INVT001503,20250731,PRD197,ST006,347,107,67,387,50,2028-07-10,BAT001503
INVT001504,20250617,PRD045,ST016,235,0,26,209,20,2027-06-23,BAT001504
INVT001505,20280425,PRD069,ST008,80,89,46,123,25,2030-02-20,BAT001505
INVT001506,20280229,PRD074,ST036,265,62,26,301,25,2029-04-26,BAT001506
INVT001507,20240718,PRD061,ST045,410,36,48,398,20,2027-06-30,BAT001507
INVT001508,20271006,PRD191,ST004,409,27,84,352,50,2028-12-19,BAT001508
INVT001509,20280507,PRD081,ST002,125,93,18,200,20,2030-01-12,BAT001509
INVT001510,20231112,PRD007,ST037,475,106,19,562,25,2026-03-07,BAT001510
INVT001511,20240727,PRD271,ST045,203,120,52,271,30,2026-10-24,BAT001511
INVT001512,20230224,PRD147,ST008,129,15,112,32,20,2025-11-03,BAT001512
INVT001513,20241211,PRD258,ST011,55,101,106,50,40,2027-11-07,BAT001513
INVT001514,20280204,PRD284,ST046,474,66,117,423,50,2030-07-01,BAT001514
INVT001515,20260607,PRD117,ST028,130,69,11,188,50,2028-06-27,BAT001515
INVT001516,20240527,PRD109,ST026,366,14,28,352,40,2025-12-01,BAT001516
INVT001517,20231113,PRD240,ST031,210,103,105,208,40,2025-04-29,BAT001517
INVT001518,20230812,PRD191,ST042,267,49,34,282,20,2024-11-25,BAT001518
INVT001519,20231115,PRD186,ST039,448,85,3,530,25,2025-08-29,BAT001519
INVT001520,20241028,PRD278,ST007,83,54,76,61,20,2026-09-09,BAT001520
INVT001521,20250207,PRD283,ST013,376,8,30,354,30,2026-05-05,BAT001521
INVT001522,20230703,PRD289,ST031,73,12,40,45,20,2025-05-14,BAT001522
INVT001523,20230204,PRD183,ST049,194,101,64,231,25,2024-12-22,BAT001523
INVT001524,20270520,PRD183,ST009,409,24,42,391,40,2029-10-16,BAT001524
INVT001525,20240218,PRD258,ST050,126,6,75,57,40,2026-06-20,BAT001525
INVT001526,20230603,PRD149,ST011,127,118,10,235,20,2025-01-25,BAT001526
INVT001527,20250602,PRD073,ST050,417,41,64,394,50,2028-02-15,BAT001527
INVT001528,20281113,PRD175,ST029,452,33,43,442,30,2030-11-16,BAT001528
INVT001529,20271031,PRD021,ST046,446,99,30,515,25,2030-07-17,BAT001529
INVT001530,20231104,PRD079,ST037,371,127,12,486,20,2025-03-29,BAT001530
INVT001531,20260621,PRD281,ST006,305,24,58,271,30,2027-12-11,BAT001531
INVT001532,20260425,PRD083,ST005,193,147,46,294,30,2027-07-25,BAT001532
INVT001533,20231019,PRD092,ST046,445,117,33,529,40,2025-07-07,BAT001533
INVT001534,20271216,PRD072,ST008,341,124,5,460,30,2029-10-04,BAT001534
INVT001535,20270701,PRD210,ST040,398,33,56,375,30,2029-12-06,BAT001535
INVT001536,20260708,PRD192,ST006,399,105,64,440,40,2028-04-02,BAT001536
INVT001537,20230624,PRD030,ST048,454,62,89,427,50,2024-07-01,BAT001537
INVT001538,20240925,PRD054,ST019,242,40,72,210,40,2025-12-08,BAT001538
INVT001539,20250702,PRD199,ST030,392,23,44,371,40,2027-10-24,BAT001539
INVT001540,20281231,PRD239,ST007,93,46,93,46,20,2031-02-10,BAT001540
INVT001541,20271110,PRD103,ST026,218,16,40,194,30,2030-07-20,BAT001541
INVT001542,20280614,PRD109,ST045,429,121,14,536,30,2030-09-22,BAT001542
INVT001543,20230606,PRD280,ST010,290,37,81,246,25,2025-04-28,BAT001543
INVT001544,20230509,PRD195,ST004,463,92,101,454,40,2025-09-04,BAT001544
INVT001545,20250524,PRD028,ST014,494,5,97,402,40,2027-02-24,BAT001545
INVT001546,20251029,PRD091,ST006,122,17,35,104,40,2027-01-20,BAT001546
INVT001547,20260506,PRD232,ST027,318,54,85,287,30,2027-11-10,BAT001547
INVT001548,20230809,PRD048,ST028,225,76,21,280,25,2025-07-31,BAT001548
INVT001549,20270913,PRD247,ST031,324,41,89,276,40,2029-09-10,BAT001549
INVT001550,20270513,PRD006,ST036,450,50,9,491,50,2030-02-02,BAT001550
INVT001551,20240815,PRD166,ST043,471,81,1,551,25,2026-11-27,BAT001551
INVT001552,20240827,PRD256,ST021,108,104,33,179,50,2025-08-30,BAT001552
INVT001553,20280120,PRD065,ST041,280,148,12,416,20,2029-08-30,BAT001553
INVT001554,20250207,PRD216,ST045,329,42,76,295,40,2026-09-16,BAT001554
INVT001555,20261126,PRD108,ST013,397,147,1,543,30,2028-12-02,BAT001555
INVT001556,20230308,PRD155,ST020,307,31,89,249,40,2025-12-31,BAT001556
INVT001557,20280211,PRD212,ST027,230,90,106,214,50,2030-04-22,BAT001557
INVT001558,20281112,PRD172,ST008,140,117,54,203,30,2030-05-12,BAT001558
INVT001559,20241028,PRD278,ST028,245,72,108,209,40,2027-08-08,BAT001559
INVT001560,20260306,PRD051,ST006,462,26,11,477,20,2028-11-26,BAT001560
INVT001561,20270812,PRD054,ST032,433,139,12,560,40,2030-01-08,BAT001561
INVT001562,20230514,PRD149,ST027,158,57,99,116,40,2025-11-28,BAT001562
INVT001563,20270410,PRD059,ST013,488,120,15,593,30,2029-07-28,BAT001563
INVT001564,20270819,PRD203,ST001,241,57,64,234,30,2029-05-19,BAT001564
INVT001565,20251219,PRD158,ST027,394,61,0,455,40,2027-01-21,BAT001565
INVT001566,20230305,PRD014,ST010,454,95,107,442,50,2025-11-08,BAT001566
INVT001567,20260724,PRD172,ST011,342,110,30,422,50,2028-08-27,BAT001567
INVT001568,20250228,PRD202,ST004,460,147,54,553,25,2027-12-11,BAT001568
INVT001569,20270519,PRD089,ST026,212,132,20,324,40,2029-01-09,BAT001569
INVT001570,20240212,PRD065,ST033,110,147,100,157,40,2026-11-15,BAT001570
INVT001571,20251201,PRD284,ST011,215,52,11,256,20,2026-12-27,BAT001571
INVT001572,20271127,PRD006,ST041,444,39,3,480,50,2030-11-20,BAT001572
INVT001573,20231119,PRD293,ST025,62,33,58,37,30,2025-05-28,BAT001573
INVT001574,20250908,PRD114,ST020,149,137,107,179,25,2027-09-30,BAT001574
INVT001575,20251202,PRD027,ST018,92,36,80,48,20,2028-09-15,BAT001575
INVT001576,20240228,PRD057,ST030,355,31,13,373,25,2025-12-13,BAT001576
INVT001577,20251209,PRD093,ST006,89,126,108,107,30,2027-07-09,BAT001577
INVT001578,20270520,PRD052,ST032,457,5,52,410,20,2029-09-29,BAT001578
INVT001579,20231109,PRD108,ST044,264,96,113,247,30,2026-08-18,BAT001579
INVT001580,20280121,PRD083,ST012,202,2,115,89,25,2030-11-26,BAT001580
INVT001581,20230509,PRD061,ST022,227,123,78,272,50,2025-11-18,BAT001581
INVT001582,20230121,PRD082,ST034,429,65,118,376,20,2024-08-05,BAT001582
INVT001583,20230502,PRD275,ST002,315,131,97,349,25,2024-12-08,BAT001583
INVT001584,20270203,PRD059,ST014,65,83,17,131,25,2028-04-28,BAT001584
INVT001585,20240602,PRD138,ST018,296,51,11,336,30,2027-05-28,BAT001585
INVT001586,20260420,PRD240,ST048,464,126,55,535,50,2028-06-02,BAT001586
INVT001587,20250301,PRD129,ST012,151,71,50,172,20,2027-10-19,BAT001587
INVT001588,20260630,PRD085,ST014,419,124,55,488,40,2028-09-05,BAT001588
INVT001589,20260117,PRD164,ST040,105,98,54,149,25,2028-08-19,BAT001589
INVT001590,20261216,PRD192,ST041,469,16,57,428,25,2028-01-19,BAT001590
INVT001591,20280925,PRD130,ST038,259,75,77,257,50,2030-09-20,BAT001591
INVT001592,20270620,PRD016,ST008,142,82,54,170,25,2029-06-20,BAT001592
INVT001593,20251001,PRD038,ST014,386,95,47,434,25,2027-08-18,BAT001593
INVT001594,20240515,PRD005,ST021,402,2,91,313,30,2025-12-19,BAT001594
INVT001595,20280321,PRD291,ST021,169,143,8,304,40,2030-01-05,BAT001595
INVT001596,20250519,PRD270,ST014,102,143,35,210,50,2028-04-05,BAT001596
INVT001597,20231103,PRD294,ST042,265,111,40,336,30,2025-05-23,BAT001597
INVT001598,20250318,PRD026,ST032,305,11,35,281,40,2026-07-18,BAT001598
INVT001599,20240523,PRD232,ST011,357,83,75,365,40,2026-01-20,BAT001599
INVT001600,20230329,PRD146,ST002,379,147,0,526,40,2025-01-13,BAT001600
INVT001601,20240620,PRD207,ST003,323,135,5,453,30,2027-04-11,BAT001601
INVT001602,20230308,PRD036,ST031,98,106,92,112,30,2024-12-13,BAT001602
INVT001603,20260723,PRD178,ST026,90,142,99,133,30,2028-12-09,BAT001603
INVT001604,20230712,PRD202,ST020,406,116,63,459,20,2025-07-28,BAT001604
INVT001605,20240225,PRD015,ST015,74,2,17,59,20,2026-01-20,BAT001605
INVT001606,20271120,PRD116,ST011,95,48,92,51,30,2030-05-23,BAT001606
INVT001607,20230121,PRD027,ST017,451,11,14,448,20,2024-11-27,BAT001607
INVT001608,20231104,PRD136,ST022,402,97,34,465,25,2025-03-24,BAT001608
INVT001609,20280302,PRD062,ST009,213,37,96,154,50,2030-04-29,BAT001609
INVT001610,20280105,PRD063,ST034,320,61,73,308,40,2030-11-12,BAT001610
INVT001611,20280630,PRD144,ST021,445,123,28,540,20,2030-03-27,BAT001611
INVT001612,20260428,PRD043,ST023,335,62,84,313,25,2029-04-08,BAT001612
INVT001613,20231116,PRD039,ST032,80,54,1,133,25,2026-03-09,BAT001613
INVT001614,20270427,PRD097,ST032,103,87,26,164,50,2029-10-18,BAT001614
INVT001615,20281006,PRD161,ST049,209,116,83,242,25,2031-03-06,BAT001615
INVT001616,20240308,PRD067,ST015,236,98,57,277,50,2026-08-15,BAT001616
INVT001617,20250411,PRD205,ST013,85,71,54,102,25,2028-03-13,BAT001617
INVT001618,20260612,PRD296,ST042,102,37,59,80,20,2027-10-02,BAT001618
INVT001619,20250912,PRD009,ST030,145,68,3,210,40,2028-07-20,BAT001619
INVT001620,20281214,PRD232,ST023,185,30,118,97,50,2030-03-10,BAT001620
INVT001621,20261222,PRD221,ST014,127,101,64,164,40,2029-05-25,BAT001621
INVT001622,20260928,PRD028,ST029,189,94,12,271,20,2029-07-23,BAT001622
INVT001623,20270416,PRD217,ST013,200,48,51,197,25,2029-12-14,BAT001623
INVT001624,20260204,PRD272,ST039,302,132,55,379,20,2029-01-01,BAT001624
INVT001625,20230724,PRD128,ST008,162,29,6,185,20,2026-03-04,BAT001625
INVT001626,20251226,PRD123,ST005,322,25,35,312,25,2028-09-21,BAT001626
INVT001627,20270716,PRD201,ST026,101,56,93,64,30,2029-12-04,BAT001627
INVT001628,20250422,PRD088,ST014,227,73,90,210,50,2027-02-10,BAT001628
INVT001629,20230113,PRD049,ST012,307,122,94,335,30,2025-12-17,BAT001629
INVT001630,20250904,PRD088,ST021,398,17,21,394,25,2027-08-10,BAT001630
INVT001631,20280208,PRD073,ST001,391,121,54,458,30,2029-02-28,BAT001631
INVT001632,20241228,PRD136,ST005,137,2,76,63,30,2027-04-27,BAT001632
INVT001633,20230105,PRD251,ST016,291,28,5,314,20,2025-08-07,BAT001633
INVT001634,20260405,PRD117,ST034,307,42,96,253,25,2027-07-10,BAT001634
INVT001635,20240214,PRD156,ST048,221,115,62,274,30,2026-08-25,BAT001635
INVT001636,20251120,PRD250,ST017,236,117,1,352,30,2027-09-24,BAT001636
INVT001637,20260928,PRD266,ST050,389,123,14,498,30,2029-08-30,BAT001637
INVT001638,20281028,PRD011,ST010,260,56,84,232,25,2030-10-28,BAT001638
INVT001639,20280801,PRD016,ST016,345,110,46,409,25,2029-10-31,BAT001639
INVT001640,20250304,PRD194,ST041,105,70,112,63,50,2027-06-07,BAT001640
INVT001641,20281128,PRD090,ST017,397,89,113,373,30,2031-01-02,BAT001641
INVT001642,20270906,PRD142,ST020,147,10,74,83,50,2030-08-24,BAT001642
INVT001643,20261107,PRD063,ST028,457,116,72,501,30,2028-08-28,BAT001643
INVT001644,20240327,PRD005,ST032,400,37,59,378,25,2026-09-13,BAT001644
INVT001645,20260401,PRD286,ST043,133,77,62,148,30,2027-06-06,BAT001645
INVT001646,20260422,PRD008,ST030,70,55,36,89,50,2027-08-26,BAT001646
INVT001647,20230806,PRD251,ST020,52,110,45,117,20,2024-09-25,BAT001647
INVT001648,20251026,PRD071,ST023,499,72,100,471,50,2028-09-06,BAT001648
INVT001649,20240927,PRD045,ST046,188,36,93,131,25,2026-12-13,BAT001649
INVT001650,20231127,PRD149,ST015,66,121,119,68,30,2025-08-07,BAT001650
INVT001651,20270502,PRD217,ST026,100,66,117,49,30,2030-01-02,BAT001651
INVT001652,20260626,PRD089,ST037,273,82,102,253,50,2027-11-15,BAT001652
INVT001653,20250328,PRD129,ST009,263,141,25,379,30,2027-02-03,BAT001653
INVT001654,20231217,PRD153,ST037,371,118,69,420,25,2026-01-04,BAT001654
INVT001655,20271125,PRD050,ST009,319,113,88,344,30,2030-04-23,BAT001655
INVT001656,20270104,PRD240,ST023,268,119,53,334,40,2029-04-20,BAT001656
INVT001657,20230424,PRD287,ST002,442,107,11,538,25,2026-01-12,BAT001657
INVT001658,20260523,PRD125,ST038,312,95,16,391,50,2028-11-29,BAT001658
INVT001659,20260416,PRD028,ST049,482,100,16,566,40,2029-03-02,BAT001659
INVT001660,20230125,PRD237,ST049,497,132,58,571,20,2024-04-20,BAT001660
INVT001661,20230813,PRD139,ST042,104,85,76,113,20,2025-06-05,BAT001661
INVT001662,20280526,PRD170,ST004,112,149,86,175,50,2029-07-19,BAT001662
INVT001663,20250419,PRD265,ST010,337,126,17,446,25,2028-03-10,BAT001663
INVT001664,20240925,PRD155,ST041,209,1,103,107,40,2027-06-25,BAT001664
INVT001665,20250402,PRD059,ST005,50,39,77,12,20,2027-09-16,BAT001665
INVT001666,20240201,PRD127,ST014,103,121,3,221,50,2026-04-30,BAT001666
INVT001667,20270520,PRD029,ST008,203,103,61,245,25,2029-01-14,BAT001667
INVT001668,20251202,PRD225,ST043,365,31,55,341,25,2028-09-13,BAT001668
INVT001669,20230330,PRD095,ST010,469,61,21,509,50,2026-03-15,BAT001669
INVT001670,20250331,PRD244,ST031,198,74,85,187,20,2027-11-23,BAT001670
INVT001671,20280712,PRD189,ST043,190,100,49,241,20,2030-10-30,BAT001671
INVT001672,20270904,PRD218,ST010,64,72,58,78,20,2030-04-03,BAT001672
INVT001673,20270515,PRD006,ST038,205,8,82,131,50,2029-08-12,BAT001673
INVT001674,20230624,PRD182,ST009,289,117,35,371,20,2024-12-02,BAT001674
INVT001675,20270105,PRD257,ST033,157,89,115,131,50,2029-02-07,BAT001675
INVT001676,20281002,PRD033,ST012,385,38,45,378,50,2030-09-14,BAT001676
INVT001677,20280226,PRD072,ST018,451,77,118,410,40,2029-05-05,BAT001677
INVT001678,20280604,PRD193,ST031,360,46,73,333,50,2031-04-09,BAT001678
INVT001679,20281122,PRD133,ST009,407,82,75,414,50,2030-11-13,BAT001679
INVT001680,20270712,PRD035,ST003,65,40,29,76,20,2030-05-23,BAT001680
INVT001681,20240311,PRD256,ST044,293,82,97,278,25,2025-11-08,BAT001681
INVT001682,20240307,PRD090,ST047,246,107,118,235,20,2025-05-09,BAT001682
INVT001683,20251022,PRD059,ST003,483,18,56,445,30,2028-07-04,BAT001683
INVT001684,20230501,PRD090,ST021,105,115,48,172,25,2026-02-11,BAT001684
INVT001685,20250329,PRD101,ST017,301,112,86,327,30,2026-11-14,BAT001685
INVT001686,20250404,PRD083,ST028,466,135,103,498,25,2026-07-01,BAT001686
INVT001687,20230410,PRD050,ST014,67,35,0,102,30,2025-05-31,BAT001687
INVT001688,20231022,PRD175,ST012,399,135,63,471,25,2025-05-21,BAT001688
INVT001689,20280424,PRD257,ST023,232,143,109,266,25,2029-07-01,BAT001689
INVT001690,20271203,PRD219,ST041,242,18,72,188,20,2029-04-11,BAT001690
INVT001691,20281019,PRD153,ST007,110,127,29,208,20,2031-06-26,BAT001691
INVT001692,20260917,PRD012,ST015,470,74,118,426,30,2028-10-20,BAT001692
INVT001693,20270105,PRD035,ST011,197,19,68,148,50,2028-09-08,BAT001693
INVT001694,20281021,PRD257,ST020,254,14,69,199,20,2031-06-09,BAT001694
INVT001695,20280413,PRD135,ST042,65,8,43,30,40,2030-01-05,BAT001695
INVT001696,20250401,PRD172,ST049,80,35,26,89,50,2027-03-04,BAT001696
INVT001697,20230913,PRD121,ST032,87,144,115,116,50,2026-09-01,BAT001697
INVT001698,20230525,PRD178,ST005,263,20,113,170,50,2025-09-26,BAT001698
INVT001699,20240614,PRD139,ST047,71,26,4,93,40,2026-11-15,BAT001699
INVT001700,20250711,PRD180,ST028,294,77,100,271,25,2026-08-01,BAT001700
INVT001701,20230815,PRD014,ST050,450,50,68,432,50,2025-09-06,BAT001701
INVT001702,20230316,PRD283,ST031,76,99,98,77,40,2026-02-25,BAT001702
INVT001703,20240527,PRD221,ST045,268,140,17,391,20,2026-08-18,BAT001703
INVT001704,20240428,PRD189,ST023,149,87,55,181,20,2025-12-27,BAT001704
INVT001705,20250808,PRD048,ST038,55,58,52,61,50,2028-03-11,BAT001705
INVT001706,20230707,PRD008,ST047,177,14,9,182,20,2024-11-12,BAT001706
INVT001707,20271202,PRD093,ST019,72,80,44,108,50,2030-10-02,BAT001707
INVT001708,20250927,PRD150,ST009,360,101,61,400,20,2028-07-30,BAT001708
INVT001709,20231111,PRD040,ST017,328,52,63,317,30,2025-06-23,BAT001709
INVT001710,20271222,PRD155,ST024,449,141,37,553,25,2030-06-13,BAT001710
INVT001711,20251231,PRD164,ST045,327,128,13,442,20,2027-12-20,BAT001711
INVT001712,20270810,PRD249,ST018,90,52,116,26,25,2030-01-24,BAT001712
INVT001713,20250802,PRD157,ST048,333,53,15,371,30,2026-12-25,BAT001713
INVT001714,20230527,PRD121,ST045,275,116,14,377,20,2025-10-18,BAT001714
INVT001715,20230519,PRD139,ST018,351,98,38,411,20,2024-07-18,BAT001715
INVT001716,20260217,PRD197,ST032,59,97,49,107,40,2027-04-03,BAT001716
INVT001717,20250708,PRD106,ST025,144,110,68,186,20,2028-05-14,BAT001717
INVT001718,20260603,PRD017,ST035,440,89,119,410,20,2029-02-15,BAT001718
INVT001719,20261009,PRD135,ST049,352,55,96,311,20,2028-09-22,BAT001719
INVT001720,20271113,PRD219,ST047,426,14,103,337,20,2030-06-01,BAT001720
INVT001721,20270509,PRD148,ST035,287,108,73,322,50,2029-10-21,BAT001721
INVT001722,20251201,PRD084,ST025,289,60,16,333,20,2027-09-14,BAT001722
INVT001723,20260128,PRD044,ST016,444,138,37,545,30,2028-09-03,BAT001723
INVT001724,20270605,PRD020,ST040,190,92,34,248,30,2030-04-03,BAT001724
INVT001725,20230220,PRD064,ST020,341,82,107,316,30,2024-08-21,BAT001725
INVT001726,20271223,PRD237,ST002,275,2,59,218,20,2029-12-24,BAT001726
INVT001727,20280520,PRD285,ST014,259,14,74,199,20,2030-02-27,BAT001727
INVT001728,20260710,PRD033,ST029,142,66,98,110,30,2028-03-31,BAT001728
INVT001729,20280720,PRD066,ST015,372,44,18,398,50,2031-05-22,BAT001729
INVT001730,20230723,PRD120,ST008,385,9,23,371,50,2025-10-15,BAT001730
INVT001731,20260723,PRD022,ST036,417,58,7,468,30,2028-04-11,BAT001731
INVT001732,20230308,PRD181,ST035,417,11,76,352,25,2025-02-28,BAT001732
INVT001733,20240323,PRD040,ST033,277,28,65,240,20,2025-11-20,BAT001733
INVT001734,20250415,PRD167,ST037,240,106,9,337,40,2027-01-29,BAT001734
INVT001735,20240809,PRD013,ST021,360,92,42,410,40,2027-06-07,BAT001735
INVT001736,20270315,PRD241,ST019,368,7,20,355,30,2028-04-28,BAT001736
INVT001737,20260406,PRD077,ST038,63,27,77,13,25,2028-02-20,BAT001737
INVT001738,20280923,PRD261,ST038,414,88,120,382,25,2030-10-15,BAT001738
INVT001739,20230514,PRD077,ST025,440,20,9,451,25,2025-12-12,BAT001739
INVT001740,20280824,PRD295,ST041,330,107,68,369,20,2031-02-15,BAT001740
INVT001741,20230730,PRD242,ST043,318,133,56,395,30,2025-04-30,BAT001741
INVT001742,20250309,PRD295,ST019,174,84,31,227,30,2026-10-31,BAT001742
INVT001743,20280211,PRD162,ST048,109,61,56,114,40,2030-02-15,BAT001743
INVT001744,20231123,PRD181,ST036,308,19,117,210,30,2026-09-22,BAT001744
INVT001745,20280606,PRD118,ST029,452,107,29,530,50,2029-10-12,BAT001745
INVT001746,20250930,PRD209,ST044,349,35,77,307,30,2027-07-20,BAT001746
INVT001747,20261031,PRD161,ST008,91,104,53,142,50,2028-03-30,BAT001747
INVT001748,20280717,PRD102,ST012,498,116,1,613,25,2029-11-17,BAT001748
INVT001749,20270911,PRD135,ST049,333,120,95,358,20,2029-01-17,BAT001749
INVT001750,20230520,PRD221,ST002,403,42,9,436,25,2025-10-28,BAT001750
INVT001751,20281208,PRD199,ST028,231,32,51,212,50,2030-08-12,BAT001751
INVT001752,20260416,PRD061,ST022,472,86,75,483,50,2029-01-06,BAT001752
INVT001753,20240317,PRD024,ST005,428,90,57,461,40,2026-12-22,BAT001753
INVT001754,20280117,PRD224,ST019,437,122,89,470,25,2029-07-22,BAT001754
INVT001755,20280917,PRD043,ST010,53,94,86,61,40,2030-10-10,BAT001755
INVT001756,20260805,PRD225,ST012,310,150,35,425,20,2028-03-29,BAT001756
INVT001757,20260502,PRD253,ST022,74,144,66,152,50,2028-12-15,BAT001757
INVT001758,20280912,PRD219,ST019,215,98,40,273,25,2030-02-05,BAT001758
INVT001759,20230621,PRD108,ST028,315,71,73,313,50,2025-05-07,BAT001759
INVT001760,20240212,PRD178,ST019,134,30,36,128,30,2026-06-24,BAT001760
INVT001761,20271203,PRD115,ST011,197,66,77,186,20,2029-07-27,BAT001761
INVT001762,20260215,PRD073,ST007,155,141,107,189,50,2027-08-06,BAT001762
INVT001763,20230423,PRD021,ST035,325,49,0,374,40,2024-05-18,BAT001763
INVT001764,20270222,PRD105,ST019,342,109,93,358,40,2029-08-08,BAT001764
INVT001765,20240531,PRD233,ST019,106,30,56,80,40,2026-10-18,BAT001765
INVT001766,20251213,PRD045,ST009,192,29,45,176,20,2027-07-28,BAT001766
INVT001767,20231101,PRD168,ST011,309,85,35,359,40,2026-08-07,BAT001767
INVT001768,20281001,PRD038,ST046,402,80,114,368,20,2030-12-18,BAT001768
INVT001769,20240216,PRD267,ST021,147,142,84,205,20,2026-11-26,BAT001769
INVT001770,20230202,PRD126,ST009,350,96,111,335,25,2025-12-22,BAT001770
INVT001771,20250312,PRD136,ST031,127,124,104,147,25,2027-08-02,BAT001771
INVT001772,20260303,PRD068,ST013,375,22,66,331,25,2027-03-06,BAT001772
INVT001773,20271114,PRD035,ST032,335,53,90,298,25,2028-12-22,BAT001773
INVT001774,20270909,PRD135,ST040,244,149,30,363,30,2030-01-16,BAT001774
INVT001775,20281212,PRD093,ST020,480,59,112,427,30,2031-10-27,BAT001775
INVT001776,20280609,PRD251,ST041,250,91,69,272,40,2030-04-07,BAT001776
INVT001777,20240131,PRD113,ST008,436,73,53,456,40,2025-12-29,BAT001777
INVT001778,20251010,PRD218,ST008,140,118,40,218,20,2027-09-30,BAT001778
INVT001779,20270619,PRD066,ST050,297,125,76,346,40,2030-05-22,BAT001779
INVT001780,20250819,PRD015,ST019,187,129,27,289,40,2026-10-20,BAT001780
INVT001781,20260816,PRD134,ST044,212,105,50,267,40,2028-10-24,BAT001781
INVT001782,20270621,PRD134,ST004,187,124,93,218,25,2029-06-02,BAT001782
INVT001783,20230706,PRD158,ST029,259,56,73,242,25,2026-01-04,BAT001783
INVT001784,20250424,PRD057,ST040,362,84,16,430,50,2027-10-28,BAT001784
INVT001785,20230323,PRD011,ST025,96,85,116,65,30,2025-10-09,BAT001785
INVT001786,20230917,PRD026,ST034,157,92,68,181,25,2025-02-23,BAT001786
INVT001787,20270609,PRD118,ST019,460,41,116,385,30,2029-05-13,BAT001787
INVT001788,20270821,PRD111,ST036,425,63,120,368,20,2028-09-25,BAT001788
INVT001789,20230324,PRD270,ST007,306,101,101,306,40,2024-05-05,BAT001789
INVT001790,20241004,PRD145,ST020,62,58,80,40,25,2025-11-07,BAT001790
INVT001791,20260120,PRD064,ST025,385,102,16,471,30,2027-04-16,BAT001791
INVT001792,20231110,PRD038,ST033,419,106,2,523,20,2026-05-17,BAT001792
INVT001793,20240913,PRD049,ST048,351,100,24,427,50,2026-07-29,BAT001793
INVT001794,20260818,PRD218,ST033,430,5,38,397,30,2028-11-29,BAT001794
INVT001795,20250410,PRD052,ST017,385,147,60,472,40,2027-02-02,BAT001795
INVT001796,20271026,PRD048,ST015,258,143,35,366,40,2029-08-12,BAT001796
INVT001797,20281224,PRD260,ST016,245,4,63,186,40,2031-01-09,BAT001797
INVT001798,20240319,PRD232,ST015,345,6,50,301,25,2026-06-19,BAT001798
INVT001799,20270223,PRD245,ST037,105,79,42,142,25,2029-11-29,BAT001799
INVT001800,20231209,PRD049,ST036,136,53,110,79,40,2026-08-07,BAT001800
INVT001801,20251020,PRD043,ST010,256,121,66,311,50,2027-06-15,BAT001801
INVT001802,20230830,PRD253,ST017,260,79,94,245,30,2025-01-30,BAT001802
INVT001803,20230530,PRD165,ST045,339,104,111,332,20,2025-02-27,BAT001803
INVT001804,20250506,PRD288,ST032,329,127,40,416,25,2027-03-31,BAT001804
INVT001805,20280304,PRD248,ST033,334,20,117,237,20,2030-05-13,BAT001805
INVT001806,20231114,PRD193,ST009,437,3,20,420,50,2025-03-17,BAT001806
INVT001807,20241111,PRD102,ST029,495,29,4,520,40,2027-04-02,BAT001807
INVT001808,20241130,PRD269,ST032,121,140,53,208,40,2025-12-09,BAT001808
INVT001809,20260430,PRD061,ST028,200,69,66,203,30,2029-01-18,BAT001809
INVT001810,20270303,PRD289,ST042,134,36,37,133,50,2030-02-01,BAT001810
INVT001811,20250417,PRD191,ST034,359,64,60,363,40,2026-11-18,BAT001811
INVT001812,20260914,PRD070,ST011,318,121,1,438,30,2028-11-13,BAT001812
INVT001813,20250104,PRD077,ST031,84,1,39,46,25,2026-07-27,BAT001813
INVT001814,20240120,PRD276,ST030,219,24,7,236,50,2026-05-13,BAT001814
INVT001815,20241002,PRD035,ST023,375,143,113,405,25,2026-09-20,BAT001815
INVT001816,20230227,PRD099,ST018,195,109,74,230,30,2025-03-09,BAT001816
INVT001817,20270710,PRD131,ST036,327,51,9,369,50,2028-12-12,BAT001817
INVT001818,20240226,PRD111,ST018,141,67,72,136,20,2025-07-04,BAT001818
INVT001819,20281109,PRD197,ST022,344,70,103,311,50,2031-09-24,BAT001819
INVT001820,20280423,PRD108,ST011,51,59,27,83,20,2031-01-12,BAT001820
INVT001821,20240823,PRD074,ST011,293,0,41,252,20,2025-10-15,BAT001821
INVT001822,20240715,PRD262,ST029,267,120,41,346,30,2026-12-09,BAT001822
INVT001823,20240425,PRD124,ST036,251,96,99,248,40,2027-04-18,BAT001823
INVT001824,20280427,PRD182,ST020,479,133,40,572,50,2029-07-16,BAT001824
INVT001825,20250526,PRD086,ST041,476,71,91,456,25,2027-08-16,BAT001825
INVT001826,20271214,PRD251,ST045,453,64,87,430,20,2030-07-07,BAT001826
INVT001827,20271119,PRD179,ST012,62,93,109,46,40,2030-10-05,BAT001827
INVT001828,20261118,PRD218,ST014,365,143,112,396,25,2028-12-13,BAT001828
INVT001829,20270313,PRD092,ST048,55,50,56,49,30,2029-09-01,BAT001829
INVT001830,20250309,PRD003,ST038,208,84,12,280,30,2026-11-23,BAT001830
INVT001831,20280821,PRD007,ST039,189,8,82,115,30,2031-06-09,BAT001831
INVT001832,20280514,PRD204,ST003,406,64,35,435,20,2030-12-20,BAT001832
INVT001833,20230505,PRD242,ST039,373,116,62,427,25,2025-08-31,BAT001833
INVT001834,20240301,PRD020,ST024,64,39,90,13,25,2025-07-13,BAT001834
INVT001835,20231206,PRD215,ST008,78,113,81,110,20,2025-10-22,BAT001835
INVT001836,20240204,PRD279,ST018,486,49,83,452,50,2025-02-20,BAT001836
INVT001837,20260924,PRD163,ST046,136,150,92,194,30,2029-03-05,BAT001837
INVT001838,20230228,PRD207,ST027,478,15,8,485,25,2025-07-25,BAT001838
INVT001839,20240827,PRD137,ST006,138,113,5,246,30,2027-05-12,BAT001839
INVT001840,20250324,PRD259,ST027,138,0,39,99,30,2027-10-19,BAT001840
INVT001841,20261207,PRD061,ST022,288,145,107,326,20,2029-07-08,BAT001841
INVT001842,20280311,PRD046,ST008,96,46,93,49,20,2029-09-17,BAT001842
INVT001843,20260724,PRD011,ST050,136,2,27,111,30,2028-11-06,BAT001843
INVT001844,20231129,PRD127,ST020,478,48,95,431,25,2025-10-11,BAT001844
INVT001845,20230807,PRD195,ST046,196,45,35,206,25,2026-03-07,BAT001845
INVT001846,20260716,PRD212,ST015,477,48,34,491,25,2028-01-13,BAT001846
INVT001847,20260423,PRD133,ST045,275,67,11,331,40,2028-04-20,BAT001847
INVT001848,20270129,PRD179,ST050,378,133,57,454,25,2028-03-06,BAT001848
INVT001849,20270429,PRD080,ST035,341,53,89,305,40,2029-04-18,BAT001849
INVT001850,20260328,PRD107,ST022,408,128,70,466,30,2027-06-28,BAT001850
INVT001851,20281003,PRD108,ST017,161,119,33,247,20,2030-01-29,BAT001851
INVT001852,20281018,PRD096,ST031,121,119,75,165,30,2030-11-03,BAT001852
INVT001853,20270328,PRD018,ST021,409,26,80,355,30,2028-04-04,BAT001853
INVT001854,20241012,PRD216,ST031,221,86,82,225,20,2026-04-21,BAT001854
INVT001855,20270106,PRD157,ST011,289,139,23,405,20,2029-03-30,BAT001855
INVT001856,20280213,PRD295,ST045,272,102,60,314,25,2029-10-28,BAT001856
INVT001857,20270309,PRD173,ST031,397,102,38,461,20,2028-11-02,BAT001857
INVT001858,20280907,PRD056,ST027,268,68,73,263,40,2031-05-07,BAT001858
INVT001859,20230427,PRD084,ST033,135,76,113,98,50,2026-04-10,BAT001859
INVT001860,20281116,PRD102,ST037,434,35,16,453,30,2030-01-10,BAT001860
INVT001861,20240106,PRD159,ST050,122,88,58,152,40,2025-06-23,BAT001861
INVT001862,20280301,PRD001,ST043,125,51,113,63,25,2030-01-03,BAT001862
INVT001863,20260613,PRD042,ST012,170,52,55,167,20,2028-02-18,BAT001863
INVT001864,20240923,PRD285,ST050,241,1,61,181,25,2026-09-10,BAT001864
INVT001865,20240214,PRD242,ST036,401,100,89,412,25,2026-06-11,BAT001865
INVT001866,20270322,PRD238,ST046,174,24,49,149,25,2029-02-09,BAT001866
INVT001867,20240630,PRD205,ST050,217,72,104,185,40,2027-03-03,BAT001867
INVT001868,20270602,PRD274,ST005,227,125,85,267,50,2028-06-28,BAT001868
INVT001869,20250627,PRD092,ST050,170,94,46,218,30,2027-11-22,BAT001869
INVT001870,20230107,PRD204,ST005,380,58,17,421,40,2024-07-17,BAT001870
INVT001871,20230701,PRD109,ST020,272,23,43,252,40,2026-04-30,BAT001871
INVT001872,20250106,PRD218,ST010,195,79,49,225,40,2026-02-10,BAT001872
INVT001873,20251205,PRD216,ST012,133,101,87,147,50,2027-03-23,BAT001873
INVT001874,20280319,PRD043,ST023,401,25,83,343,40,2029-03-31,BAT001874
INVT001875,20241020,PRD164,ST009,344,129,49,424,40,2025-10-31,BAT001875
INVT001876,20280614,PRD206,ST028,444,13,38,419,40,2030-03-05,BAT001876
INVT001877,20240419,PRD231,ST033,240,121,91,270,30,2026-10-18,BAT001877
INVT001878,20270203,PRD058,ST012,267,136,97,306,40,2029-12-24,BAT001878
INVT001879,20231124,PRD077,ST001,222,66,25,263,50,2026-08-14,BAT001879
INVT001880,20280207,PRD223,ST004,287,72,5,354,20,2030-06-22,BAT001880
INVT001881,20280229,PRD188,ST004,356,94,32,418,40,2030-02-08,BAT001881
INVT001882,20260428,PRD013,ST035,186,45,37,194,30,2028-06-28,BAT001882
INVT001883,20230313,PRD229,ST021,202,9,76,135,20,2025-03-12,BAT001883
INVT001884,20230530,PRD273,ST048,252,63,22,293,20,2025-11-27,BAT001884
INVT001885,20240123,PRD065,ST047,124,126,55,195,30,2026-01-10,BAT001885
INVT001886,20280220,PRD125,ST047,470,134,72,532,40,2029-04-01,BAT001886
INVT001887,20231110,PRD168,ST024,69,37,77,29,20,2025-12-05,BAT001887
INVT001888,20280930,PRD041,ST022,376,77,54,399,40,2029-10-22,BAT001888
INVT001889,20250123,PRD132,ST047,384,20,107,297,40,2026-05-22,BAT001889
INVT001890,20250223,PRD293,ST017,205,131,69,267,25,2028-02-03,BAT001890
INVT001891,20230720,PRD192,ST037,292,55,97,250,40,2025-04-26,BAT001891
INVT001892,20250130,PRD142,ST033,393,11,77,327,40,2026-08-03,BAT001892
INVT001893,20260313,PRD140,ST001,258,53,2,309,40,2029-01-13,BAT001893
INVT001894,20240615,PRD141,ST018,286,81,12,355,25,2026-01-31,BAT001894
INVT001895,20230316,PRD167,ST015,82,73,93,62,50,2025-06-29,BAT001895
INVT001896,20270920,PRD169,ST035,249,121,119,251,50,2028-10-01,BAT001896
INVT001897,20261105,PRD175,ST021,227,113,19,321,40,2029-03-29,BAT001897
INVT001898,20250512,PRD273,ST045,137,99,32,204,40,2026-06-14,BAT001898
INVT001899,20231118,PRD250,ST036,226,21,26,221,50,2025-11-30,BAT001899
INVT001900,20260530,PRD150,ST049,211,115,86,240,40,2027-06-29,BAT001900
INVT001901,20240930,PRD300,ST011,369,90,72,387,40,2026-11-29,BAT001901
INVT001902,20230406,PRD146,ST036,430,125,30,525,40,2025-10-07,BAT001902
INVT001903,20240623,PRD194,ST039,485,31,12,504,40,2026-02-01,BAT001903
INVT001904,20250515,PRD057,ST037,198,45,110,133,25,2027-06-29,BAT001904
INVT001905,20270801,PRD181,ST049,161,107,115,153,50,2029-05-12,BAT001905
INVT001906,20260801,PRD186,ST041,104,81,64,121,50,2029-01-27,BAT001906
INVT001907,20270526,PRD116,ST026,303,118,36,385,40,2028-11-01,BAT001907
INVT001908,20241228,PRD205,ST019,51,136,106,81,30,2027-04-17,BAT001908
INVT001909,20241206,PRD051,ST025,347,107,53,401,40,2026-06-17,BAT001909
INVT001910,20230429,PRD115,ST009,362,128,10,480,50,2025-12-03,BAT001910
INVT001911,20270802,PRD012,ST021,362,63,21,404,50,2030-05-03,BAT001911
INVT001912,20280416,PRD047,ST024,61,99,70,90,50,2029-10-30,BAT001912
INVT001913,20241023,PRD235,ST024,420,61,22,459,40,2027-10-22,BAT001913
INVT001914,20250329,PRD166,ST009,200,16,114,102,20,2026-10-26,BAT001914
INVT001915,20280303,PRD236,ST016,400,113,30,483,25,2030-06-18,BAT001915
INVT001916,20280810,PRD057,ST039,478,84,111,451,25,2030-04-17,BAT001916
INVT001917,20280308,PRD036,ST001,433,8,87,354,40,2030-08-22,BAT001917
INVT001918,20280409,PRD198,ST005,450,106,33,523,50,2029-08-10,BAT001918
INVT001919,20281227,PRD013,ST029,296,15,37,274,40,2030-02-05,BAT001919
INVT001920,20270128,PRD205,ST046,311,112,54,369,20,2028-05-13,BAT001920
INVT001921,20240820,PRD135,ST049,472,148,96,524,20,2026-02-09,BAT001921
INVT001922,20270210,PRD212,ST043,223,36,116,143,25,2029-06-18,BAT001922
INVT001923,20250510,PRD136,ST007,218,18,58,178,40,2027-01-15,BAT001923
INVT001924,20251130,PRD176,ST019,402,113,42,473,40,2028-11-15,BAT001924
INVT001925,20251122,PRD291,ST018,354,9,97,266,25,2027-04-22,BAT001925
INVT001926,20281107,PRD148,ST002,163,94,72,185,30,2031-11-07,BAT001926
INVT001927,20260407,PRD158,ST046,131,145,81,195,30,2028-08-05,BAT001927
INVT001928,20271207,PRD151,ST010,430,32,18,444,50,2029-10-01,BAT001928
INVT001929,20270423,PRD132,ST041,166,7,108,65,25,2029-12-10,BAT001929
INVT001930,20260525,PRD076,ST038,56,66,46,76,50,2028-11-04,BAT001930
INVT001931,20270721,PRD245,ST040,137,88,82,143,25,2030-03-13,BAT001931
INVT001932,20280814,PRD161,ST034,241,96,110,227,40,2031-06-08,BAT001932
INVT001933,20241123,PRD269,ST031,139,123,114,148,40,2025-12-07,BAT001933
INVT001934,20230923,PRD176,ST015,208,52,28,232,25,2025-07-03,BAT001934
INVT001935,20240504,PRD101,ST023,305,117,72,350,20,2026-10-22,BAT001935
INVT001936,20250724,PRD104,ST024,390,8,51,347,20,2027-06-26,BAT001936
INVT001937,20280909,PRD035,ST018,333,136,108,361,50,2029-11-29,BAT001937
INVT001938,20230818,PRD229,ST037,317,63,31,349,30,2025-02-20,BAT001938
INVT001939,20250930,PRD117,ST045,417,116,22,511,20,2028-06-14,BAT001939
INVT001940,20251224,PRD283,ST018,96,48,93,51,20,2027-05-08,BAT001940
INVT001941,20281110,PRD156,ST004,156,58,31,183,50,2031-06-28,BAT001941
INVT001942,20280508,PRD238,ST007,324,13,40,297,20,2029-11-25,BAT001942
INVT001943,20280513,PRD060,ST029,92,121,25,188,20,2030-11-19,BAT001943
INVT001944,20250530,PRD250,ST020,341,2,74,269,40,2026-09-21,BAT001944
INVT001945,20271219,PRD100,ST038,462,116,0,578,30,2030-02-07,BAT001945
INVT001946,20260113,PRD253,ST041,140,84,64,160,40,2028-06-22,BAT001946
INVT001947,20260308,PRD154,ST017,494,136,31,599,30,2027-12-14,BAT001947
INVT001948,20280822,PRD159,ST041,275,28,96,207,25,2031-01-03,BAT001948
INVT001949,20230127,PRD164,ST033,290,126,20,396,25,2024-04-03,BAT001949
INVT001950,20271105,PRD156,ST007,491,113,43,561,50,2029-05-10,BAT001950
INVT001951,20250303,PRD056,ST049,168,54,39,183,50,2027-01-09,BAT001951
INVT001952,20260803,PRD272,ST031,102,76,118,60,50,2028-03-05,BAT001952
INVT001953,20240925,PRD166,ST011,148,101,100,149,25,2026-03-05,BAT001953
INVT001954,20241005,PRD167,ST034,292,106,99,299,30,2026-05-27,BAT001954
INVT001955,20251212,PRD242,ST020,239,37,39,237,30,2027-12-09,BAT001955
INVT001956,20260715,PRD231,ST020,267,144,50,361,40,2027-07-20,BAT001956
INVT001957,20270714,PRD029,ST027,231,35,58,208,30,2028-08-01,BAT001957
INVT001958,20250408,PRD107,ST043,416,65,37,444,30,2026-05-02,BAT001958
INVT001959,20260811,PRD219,ST025,216,142,71,287,25,2028-03-18,BAT001959
INVT001960,20280822,PRD226,ST018,104,19,31,92,25,2030-07-21,BAT001960
INVT001961,20280518,PRD241,ST003,449,99,88,460,40,2030-01-28,BAT001961
INVT001962,20260221,PRD193,ST004,101,14,81,34,30,2027-11-30,BAT001962
INVT001963,20270222,PRD225,ST019,106,120,17,209,20,2029-01-19,BAT001963
INVT001964,20270822,PRD078,ST010,351,76,73,354,25,2030-03-19,BAT001964
INVT001965,20231227,PRD225,ST016,217,146,69,294,30,2026-07-19,BAT001965
INVT001966,20281215,PRD150,ST045,61,35,8,88,30,2030-12-19,BAT001966
INVT001967,20280101,PRD110,ST012,214,119,29,304,40,2030-01-05,BAT001967
INVT001968,20260926,PRD102,ST044,410,66,32,444,50,2027-10-19,BAT001968
INVT001969,20240728,PRD062,ST042,260,109,50,319,40,2025-09-15,BAT001969
INVT001970,20281204,PRD031,ST033,241,4,72,173,40,2030-01-05,BAT001970
INVT001971,20280827,PRD168,ST035,301,72,73,300,30,2031-06-07,BAT001971
INVT001972,20231002,PRD039,ST037,97,142,99,140,20,2026-03-29,BAT001972
INVT001973,20241010,PRD263,ST006,343,119,78,384,25,2025-12-23,BAT001973
INVT001974,20271101,PRD142,ST030,281,38,83,236,30,2029-01-13,BAT001974
INVT001975,20250114,PRD295,ST022,282,135,99,318,40,2026-02-04,BAT001975
INVT001976,20270703,PRD295,ST019,53,99,2,150,20,2029-02-17,BAT001976
INVT001977,20260813,PRD219,ST010,182,57,74,165,30,2029-02-08,BAT001977
INVT001978,20280218,PRD103,ST050,470,147,118,499,30,2030-09-30,BAT001978
INVT001979,20240917,PRD097,ST050,125,52,39,138,25,2025-12-29,BAT001979
INVT001980,20230418,PRD274,ST039,482,10,99,393,25,2025-10-22,BAT001980
INVT001981,20261128,PRD036,ST021,495,80,118,457,25,2029-10-01,BAT001981
INVT001982,20250505,PRD104,ST020,133,108,34,207,25,2026-12-13,BAT001982
INVT001983,20261226,PRD014,ST009,499,112,15,596,40,2028-01-21,BAT001983
INVT001984,20271224,PRD107,ST025,75,114,56,133,40,2029-07-14,BAT001984
INVT001985,20250422,PRD195,ST038,467,31,11,487,25,2027-09-22,BAT001985
INVT001986,20281016,PRD063,ST011,437,53,15,475,40,2031-06-27,BAT001986
INVT001987,20270107,PRD163,ST027,147,53,11,189,50,2029-01-09,BAT001987
INVT001988,20280511,PRD131,ST033,107,116,2,221,20,2030-06-04,BAT001988
INVT001989,20270917,PRD205,ST007,231,92,39,284,20,2029-12-04,BAT001989
INVT001990,20260516,PRD118,ST045,93,99,112,80,40,2027-06-01,BAT001990
INVT001991,20260130,PRD166,ST003,122,63,22,163,50,2027-02-08,BAT001991
INVT001992,20240608,PRD266,ST010,121,120,97,144,20,2025-08-09,BAT001992
INVT001993,20250509,PRD151,ST024,366,106,105,367,25,2027-07-12,BAT001993
INVT001994,20241207,PRD090,ST034,127,46,46,127,20,2026-05-22,BAT001994
INVT001995,20230503,PRD255,ST014,206,103,80,229,30,2025-01-28,BAT001995
INVT001996,20260808,PRD015,ST002,219,7,113,113,40,2027-09-12,BAT001996
INVT001997,20240814,PRD209,ST003,326,96,97,325,50,2027-02-02,BAT001997
INVT001998,20241126,PRD081,ST007,57,89,114,32,25,2026-02-28,BAT001998
INVT001999,20270916,PRD034,ST008,293,118,53,358,50,2029-12-09,BAT001999
INVT002000,20240704,PRD001,ST020,293,120,115,298,30,2025-11-12,BAT002000
INVT002001,20260815,PRD277,ST024,364,24,61,327,40,2029-03-21,BAT002001
INVT002002,20250314,PRD065,ST015,313,33,103,243,25,2026-10-30,BAT002002
INVT002003,20231203,PRD049,ST046,256,72,113,215,50,2025-03-19,BAT002003
INVT002004,20251020,PRD116,ST017,144,77,42,179,40,2028-09-03,BAT002004
INVT002005,20281030,PRD265,ST037,186,33,41,178,40,2030-11-17,BAT002005
INVT002006,20240817,PRD297,ST048,485,8,95,398,40,2027-05-26,BAT002006
INVT002007,20230716,PRD102,ST012,57,36,81,12,20,2025-03-15,BAT002007
INVT002008,20241025,PRD204,ST021,55,146,61,140,40,2026-10-12,BAT002008
INVT002009,20250208,PRD296,ST026,281,54,58,277,50,2026-11-04,BAT002009
INVT002010,20271207,PRD061,ST048,193,131,118,206,30,2029-11-16,BAT002010
INVT002011,20250202,PRD131,ST022,463,124,98,489,50,2027-05-15,BAT002011
INVT002012,20240131,PRD176,ST049,315,67,8,374,30,2026-04-11,BAT002012
INVT002013,20230415,PRD279,ST009,98,58,58,98,20,2024-08-15,BAT002013
INVT002014,20260426,PRD065,ST023,207,115,55,267,50,2027-07-19,BAT002014
INVT002015,20280829,PRD094,ST026,469,130,24,575,25,2031-07-26,BAT002015
INVT002016,20250627,PRD009,ST013,425,90,67,448,50,2026-11-29,BAT002016
INVT002017,20281213,PRD269,ST004,459,136,46,549,50,2030-08-05,BAT002017
INVT002018,20281214,PRD086,ST024,131,25,87,69,25,2031-09-25,BAT002018
INVT002019,20250715,PRD078,ST035,362,108,109,361,25,2027-04-26,BAT002019
INVT002020,20230720,PRD206,ST019,249,133,53,329,40,2025-11-10,BAT002020
INVT002021,20260811,PRD070,ST047,203,0,9,194,30,2029-08-05,BAT002021
INVT002022,20260630,PRD107,ST047,363,17,7,373,40,2027-11-20,BAT002022
INVT002023,20240811,PRD247,ST011,441,62,50,453,25,2027-06-03,BAT002023
INVT002024,20270913,PRD201,ST038,149,63,106,106,30,2028-11-23,BAT002024
INVT002025,20250715,PRD142,ST009,255,31,92,194,50,2028-06-02,BAT002025
INVT002026,20240913,PRD106,ST029,122,70,97,95,30,2025-09-24,BAT002026
INVT002027,20240425,PRD267,ST020,318,26,98,246,50,2026-08-20,BAT002027
INVT002028,20250809,PRD225,ST020,470,31,69,432,50,2027-11-17,BAT002028
INVT002029,20240921,PRD037,ST049,418,87,112,393,30,2025-11-01,BAT002029
INVT002030,20270412,PRD131,ST008,370,119,54,435,50,2028-09-30,BAT002030
INVT002031,20280618,PRD150,ST015,317,26,11,332,50,2031-02-21,BAT002031
INVT002032,20270125,PRD124,ST043,303,110,53,360,20,2029-11-08,BAT002032
INVT002033,20240306,PRD144,ST047,425,70,115,380,30,2026-12-21,BAT002033
INVT002034,20280911,PRD169,ST027,391,64,45,410,20,2029-09-24,BAT002034
INVT002035,20240219,PRD249,ST016,349,126,28,447,50,2026-05-08,BAT002035
INVT002036,20251224,PRD054,ST050,473,124,71,526,50,2028-07-25,BAT002036
INVT002037,20270320,PRD266,ST043,245,10,77,178,20,2029-11-13,BAT002037
INVT002038,20240208,PRD295,ST007,110,61,46,125,50,2026-12-27,BAT002038
INVT002039,20270924,PRD202,ST046,431,10,44,397,40,2030-01-07,BAT002039
INVT002040,20281111,PRD020,ST026,466,110,85,491,20,2030-06-20,BAT002040
INVT002041,20250110,PRD013,ST041,218,25,37,206,40,2026-02-08,BAT002041
INVT002042,20280214,PRD130,ST023,469,88,45,512,25,2029-11-23,BAT002042
INVT002043,20280101,PRD025,ST021,284,67,98,253,25,2029-08-02,BAT002043
INVT002044,20260811,PRD206,ST049,228,44,108,164,40,2027-11-10,BAT002044
INVT002045,20260929,PRD181,ST040,325,58,40,343,30,2028-01-10,BAT002045
INVT002046,20240106,PRD208,ST021,368,127,81,414,25,2026-01-31,BAT002046
INVT002047,20250408,PRD136,ST046,298,89,43,344,40,2027-04-13,BAT002047
INVT002048,20241014,PRD087,ST021,58,28,24,62,50,2026-08-27,BAT002048
INVT002049,20280904,PRD287,ST019,437,143,68,512,25,2030-10-16,BAT002049
INVT002050,20231108,PRD102,ST006,96,103,109,90,30,2025-04-05,BAT002050
INVT002051,20261025,PRD273,ST023,253,34,117,170,40,2028-02-08,BAT002051
INVT002052,20260418,PRD292,ST006,215,57,56,216,20,2027-12-25,BAT002052
INVT002053,20240926,PRD141,ST002,303,57,106,254,25,2026-06-04,BAT002053
INVT002054,20250714,PRD226,ST042,465,55,18,502,20,2027-05-13,BAT002054
INVT002055,20250925,PRD011,ST040,297,112,53,356,50,2028-04-11,BAT002055
INVT002056,20250226,PRD212,ST012,484,132,74,542,40,2027-11-30,BAT002056
INVT002057,20270505,PRD134,ST046,457,93,102,448,30,2029-07-19,BAT002057
INVT002058,20270225,PRD187,ST016,213,138,45,306,20,2030-02-03,BAT002058
INVT002059,20240704,PRD165,ST045,176,137,74,239,25,2025-10-10,BAT002059
INVT002060,20280909,PRD244,ST035,210,26,103,133,50,2030-04-30,BAT002060
INVT002061,20261127,PRD284,ST015,288,68,73,283,20,2029-03-12,BAT002061
INVT002062,20271129,PRD255,ST038,273,16,21,268,20,2030-06-24,BAT002062
INVT002063,20280111,PRD287,ST042,79,88,61,106,25,2029-03-16,BAT002063
INVT002064,20261222,PRD034,ST047,191,145,32,304,20,2029-12-21,BAT002064
INVT002065,20280703,PRD221,ST046,441,34,50,425,25,2031-05-11,BAT002065
INVT002066,20280126,PRD159,ST035,406,77,42,441,25,2030-08-31,BAT002066
INVT002067,20280911,PRD209,ST010,442,138,87,493,50,2030-07-30,BAT002067
INVT002068,20230128,PRD028,ST046,436,91,75,452,20,2024-04-09,BAT002068
INVT002069,20230918,PRD272,ST027,423,41,93,371,25,2025-05-29,BAT002069
INVT002070,20250104,PRD093,ST002,382,126,93,415,20,2026-12-09,BAT002070
INVT002071,20231231,PRD049,ST026,343,99,103,339,40,2026-01-24,BAT002071
INVT002072,20280427,PRD071,ST022,143,24,39,128,30,2029-10-25,BAT002072
INVT002073,20271029,PRD130,ST032,96,47,33,110,40,2029-05-21,BAT002073
INVT002074,20250717,PRD180,ST042,374,20,43,351,40,2026-10-21,BAT002074
INVT002075,20281115,PRD132,ST002,500,15,71,444,20,2031-10-15,BAT002075
INVT002076,20270309,PRD049,ST011,50,135,1,184,20,2029-02-05,BAT002076
INVT002077,20270425,PRD157,ST002,459,145,72,532,30,2028-07-04,BAT002077
INVT002078,20241207,PRD097,ST041,367,127,23,471,50,2026-07-18,BAT002078
INVT002079,20261115,PRD050,ST044,129,95,73,151,25,2029-02-08,BAT002079
INVT002080,20241228,PRD260,ST010,466,113,3,576,50,2026-02-05,BAT002080
INVT002081,20240507,PRD160,ST019,105,89,87,107,25,2027-01-01,BAT002081
INVT002082,20281024,PRD086,ST007,304,49,77,276,25,2031-07-13,BAT002082
INVT002083,20261013,PRD233,ST043,330,99,100,329,40,2028-02-09,BAT002083
INVT002084,20230926,PRD174,ST016,237,36,30,243,40,2025-04-05,BAT002084
INVT002085,20270714,PRD022,ST023,80,122,103,99,50,2028-10-22,BAT002085
INVT002086,20281030,PRD047,ST043,385,82,116,351,50,2031-05-29,BAT002086
INVT002087,20281218,PRD268,ST026,437,139,82,494,25,2030-10-03,BAT002087
INVT002088,20260805,PRD070,ST029,440,50,37,453,40,2028-09-21,BAT002088
INVT002089,20271118,PRD194,ST006,301,6,62,245,20,2029-10-12,BAT002089
INVT002090,20280605,PRD200,ST020,304,73,98,279,20,2030-11-27,BAT002090
INVT002091,20230620,PRD097,ST006,207,150,95,262,50,2025-12-26,BAT002091
INVT002092,20241211,PRD161,ST048,74,136,3,207,20,2026-10-17,BAT002092
INVT002093,20270426,PRD097,ST023,325,13,105,233,40,2029-09-27,BAT002093
INVT002094,20281116,PRD092,ST033,239,11,116,134,25,2030-02-25,BAT002094
INVT002095,20280216,PRD096,ST015,414,81,9,486,25,2030-07-07,BAT002095
INVT002096,20250426,PRD293,ST041,363,3,5,361,40,2026-11-22,BAT002096
INVT002097,20240421,PRD149,ST001,173,84,22,235,40,2025-12-10,BAT002097
INVT002098,20270303,PRD206,ST003,129,36,76,89,25,2029-11-28,BAT002098
INVT002099,20251123,PRD217,ST044,342,79,26,395,30,2028-01-16,BAT002099
INVT002100,20230211,PRD213,ST027,243,71,107,207,25,2025-06-24,BAT002100
INVT002101,20251104,PRD006,ST041,404,101,5,500,40,2027-03-15,BAT002101
INVT002102,20250702,PRD037,ST041,108,29,20,117,40,2026-09-08,BAT002102
INVT002103,20250121,PRD275,ST021,135,65,87,113,40,2026-11-08,BAT002103
INVT002104,20260319,PRD146,ST037,183,27,97,113,20,2028-04-26,BAT002104
INVT002105,20250407,PRD045,ST036,483,127,25,585,25,2027-09-19,BAT002105
INVT002106,20230527,PRD241,ST031,105,28,29,104,20,2025-06-27,BAT002106
INVT002107,20250125,PRD043,ST049,405,17,30,392,40,2027-10-17,BAT002107
INVT002108,20270228,PRD225,ST048,123,113,76,160,20,2030-01-06,BAT002108
INVT002109,20280824,PRD097,ST050,157,81,5,233,50,2029-09-07,BAT002109
INVT002110,20240917,PRD175,ST017,139,89,59,169,25,2027-07-08,BAT002110
INVT002111,20230820,PRD201,ST025,128,74,64,138,20,2025-04-06,BAT002111
INVT002112,20250123,PRD100,ST022,386,112,3,495,40,2026-04-04,BAT002112
INVT002113,20251003,PRD271,ST019,335,41,18,358,50,2027-08-24,BAT002113
INVT002114,20230821,PRD058,ST044,83,104,66,121,50,2024-09-06,BAT002114
INVT002115,20241126,PRD165,ST024,69,36,13,92,25,2025-12-02,BAT002115
INVT002116,20270411,PRD002,ST037,79,99,98,80,50,2028-08-10,BAT002116
INVT002117,20250708,PRD019,ST037,329,18,2,345,40,2028-02-13,BAT002117
INVT002118,20270501,PRD145,ST044,365,99,57,407,25,2030-03-30,BAT002118
INVT002119,20280702,PRD129,ST023,375,116,61,430,25,2030-10-10,BAT002119
INVT002120,20270115,PRD115,ST010,196,44,49,191,30,2028-06-27,BAT002120
INVT002121,20270216,PRD011,ST028,462,76,18,520,20,2029-05-31,BAT002121
INVT002122,20270808,PRD278,ST015,255,32,107,180,30,2029-03-08,BAT002122
INVT002123,20270721,PRD216,ST027,285,115,56,344,40,2029-11-06,BAT002123
INVT002124,20270129,PRD173,ST021,390,102,17,475,50,2028-08-26,BAT002124
INVT002125,20251004,PRD112,ST046,147,145,24,268,50,2027-10-11,BAT002125
INVT002126,20280312,PRD281,ST049,455,104,47,512,30,2029-10-16,BAT002126
INVT002127,20270529,PRD073,ST031,105,138,83,160,40,2029-03-31,BAT002127
INVT002128,20270816,PRD027,ST013,161,86,70,177,25,2030-06-21,BAT002128
INVT002129,20270424,PRD265,ST028,142,113,3,252,25,2029-05-23,BAT002129
INVT002130,20241206,PRD140,ST048,398,144,98,444,25,2027-09-23,BAT002130
INVT002131,20270705,PRD295,ST013,127,105,40,192,40,2029-03-12,BAT002131
INVT002132,20240618,PRD250,ST021,362,135,94,403,20,2027-05-11,BAT002132
INVT002133,20240202,PRD034,ST006,60,2,58,4,20,2026-01-06,BAT002133
INVT002134,20240104,PRD161,ST023,153,38,27,164,30,2025-03-11,BAT002134
INVT002135,20270126,PRD162,ST038,474,114,60,528,30,2030-01-15,BAT002135
INVT002136,20241218,PRD149,ST020,101,143,20,224,25,2026-06-03,BAT002136
INVT002137,20270828,PRD061,ST035,366,104,20,450,50,2030-03-15,BAT002137
INVT002138,20280407,PRD144,ST045,484,63,14,533,25,2030-07-06,BAT002138
INVT002139,20240202,PRD021,ST009,500,97,60,537,40,2026-06-04,BAT002139
INVT002140,20241129,PRD011,ST038,402,92,119,375,40,2027-07-20,BAT002140
INVT002141,20250114,PRD230,ST002,301,145,44,402,30,2026-04-11,BAT002141
INVT002142,20270224,PRD036,ST012,119,76,86,109,40,2028-07-26,BAT002142
INVT002143,20240330,PRD101,ST041,214,74,91,197,20,2026-03-28,BAT002143
INVT002144,20280719,PRD009,ST040,352,106,21,437,30,2030-04-03,BAT002144
INVT002145,20250225,PRD263,ST018,316,6,62,260,30,2026-08-14,BAT002145
INVT002146,20230802,PRD123,ST045,206,67,57,216,40,2025-07-12,BAT002146
INVT002147,20230615,PRD140,ST048,438,117,84,471,20,2025-05-20,BAT002147
INVT002148,20230509,PRD067,ST040,55,146,2,199,30,2025-06-01,BAT002148
INVT002149,20250328,PRD241,ST025,248,9,88,169,30,2028-03-10,BAT002149
INVT002150,20270317,PRD172,ST024,461,131,109,483,40,2029-05-06,BAT002150
INVT002151,20261102,PRD068,ST023,418,66,70,414,25,2029-03-16,BAT002151
INVT002152,20260227,PRD137,ST006,280,21,103,198,30,2028-08-01,BAT002152
INVT002153,20240409,PRD012,ST009,462,27,31,458,20,2025-10-07,BAT002153
INVT002154,20270310,PRD034,ST010,342,60,99,303,20,2028-05-25,BAT002154
INVT002155,20230209,PRD007,ST048,463,87,111,439,50,2024-04-21,BAT002155
INVT002156,20241001,PRD299,ST041,496,117,80,533,30,2027-08-12,BAT002156
INVT002157,20240309,PRD063,ST004,410,35,25,420,20,2025-09-15,BAT002157
INVT002158,20240111,PRD047,ST001,271,59,26,304,20,2025-04-01,BAT002158
INVT002159,20270504,PRD165,ST041,321,49,60,310,25,2030-04-28,BAT002159
INVT002160,20280721,PRD096,ST031,197,15,56,156,25,2030-12-22,BAT002160
INVT002161,20230126,PRD041,ST012,151,67,18,200,50,2025-09-06,BAT002161
INVT002162,20250214,PRD064,ST045,439,19,24,434,25,2027-01-09,BAT002162
INVT002163,20250721,PRD084,ST026,375,75,76,374,40,2027-12-21,BAT002163
INVT002164,20260315,PRD112,ST028,178,88,94,172,25,2028-09-08,BAT002164
INVT002165,20230129,PRD129,ST019,436,41,8,469,20,2024-04-02,BAT002165
INVT002166,20280716,PRD177,ST047,80,110,10,180,40,2029-07-28,BAT002166
INVT002167,20231228,PRD164,ST038,444,92,89,447,50,2026-11-21,BAT002167
INVT002168,20230927,PRD292,ST017,422,81,57,446,30,2026-01-30,BAT002168
INVT002169,20270226,PRD256,ST020,440,125,40,525,50,2028-09-07,BAT002169
INVT002170,20250723,PRD088,ST003,403,90,52,441,40,2027-11-07,BAT002170
INVT002171,20260821,PRD207,ST030,494,118,57,555,25,2028-01-13,BAT002171
INVT002172,20270429,PRD215,ST002,497,35,100,432,30,2029-05-23,BAT002172
INVT002173,20240903,PRD205,ST024,57,111,101,67,25,2026-02-04,BAT002173
INVT002174,20250123,PRD112,ST007,58,100,60,98,25,2026-10-27,BAT002174
INVT002175,20261013,PRD102,ST002,304,100,20,384,30,2029-04-27,BAT002175
INVT002176,20260211,PRD117,ST013,299,127,55,371,40,2027-07-24,BAT002176
INVT002177,20280619,PRD031,ST023,104,17,41,80,40,2031-03-03,BAT002177
INVT002178,20260331,PRD073,ST016,315,126,102,339,25,2028-05-30,BAT002178
INVT002179,20280702,PRD007,ST020,373,40,43,370,30,2031-06-02,BAT002179
INVT002180,20271024,PRD063,ST039,116,135,36,215,30,2029-11-09,BAT002180
INVT002181,20240608,PRD190,ST037,292,16,2,306,40,2026-06-21,BAT002181
INVT002182,20270905,PRD127,ST014,217,59,116,160,30,2030-06-15,BAT002182
INVT002183,20280504,PRD144,ST036,224,147,101,270,30,2031-04-19,BAT002183
INVT002184,20250307,PRD066,ST021,450,146,116,480,25,2028-03-01,BAT002184
INVT002185,20250828,PRD128,ST032,338,120,113,345,20,2027-07-14,BAT002185
INVT002186,20280923,PRD049,ST025,434,37,79,392,30,2029-12-15,BAT002186
INVT002187,20281207,PRD252,ST030,358,68,8,418,40,2031-01-09,BAT002187
INVT002188,20250302,PRD142,ST046,123,93,108,108,20,2027-06-30,BAT002188
INVT002189,20251007,PRD115,ST041,51,83,45,89,50,2028-02-13,BAT002189
INVT002190,20240821,PRD140,ST021,298,80,77,301,50,2026-03-13,BAT002190
INVT002191,20250209,PRD062,ST019,425,15,94,346,25,2027-07-30,BAT002191
INVT002192,20280826,PRD145,ST016,454,96,54,496,20,2030-06-27,BAT002192
INVT002193,20251205,PRD105,ST010,201,6,3,204,40,2027-02-23,BAT002193
INVT002194,20270218,PRD239,ST050,125,114,80,159,40,2029-09-08,BAT002194
INVT002195,20241004,PRD228,ST049,210,27,119,118,30,2027-01-13,BAT002195
INVT002196,20260204,PRD102,ST046,360,116,36,440,25,2028-09-26,BAT002196
INVT002197,20240610,PRD166,ST002,113,13,111,15,30,2026-12-27,BAT002197
INVT002198,20280508,PRD189,ST010,211,96,70,237,20,2031-02-10,BAT002198
INVT002199,20271114,PRD166,ST026,141,83,78,146,20,2030-09-03,BAT002199
INVT002200,20260304,PRD166,ST037,437,145,5,577,50,2027-04-30,BAT002200
INVT002201,20240624,PRD255,ST005,84,35,19,100,20,2026-12-11,BAT002201
INVT002202,20241031,PRD121,ST006,436,92,45,483,30,2026-01-22,BAT002202
INVT002203,20270818,PRD176,ST049,85,126,51,160,50,2028-10-19,BAT002203
INVT002204,20281119,PRD214,ST042,454,101,88,467,25,2031-06-03,BAT002204
INVT002205,20240102,PRD107,ST029,131,29,97,63,30,2025-08-21,BAT002205
INVT002206,20250907,PRD029,ST042,399,142,3,538,20,2028-06-26,BAT002206
INVT002207,20250712,PRD246,ST003,71,56,97,30,25,2026-12-15,BAT002207
INVT002208,20240717,PRD257,ST021,215,99,96,218,40,2025-08-05,BAT002208
INVT002209,20280920,PRD149,ST032,62,106,70,98,20,2029-10-31,BAT002209
INVT002210,20250330,PRD019,ST014,167,149,62,254,20,2027-03-22,BAT002210
INVT002211,20231127,PRD298,ST024,310,42,50,302,25,2025-04-30,BAT002211
INVT002212,20230131,PRD145,ST018,334,95,65,364,40,2024-07-12,BAT002212
INVT002213,20250405,PRD132,ST022,150,83,114,119,30,2027-05-12,BAT002213
INVT002214,20240503,PRD147,ST029,64,114,77,101,50,2026-06-22,BAT002214
INVT002215,20250418,PRD095,ST008,71,99,102,68,20,2026-11-14,BAT002215
INVT002216,20250330,PRD292,ST048,432,76,106,402,25,2027-11-27,BAT002216
INVT002217,20260527,PRD185,ST030,77,58,72,63,30,2028-01-04,BAT002217
INVT002218,20280924,PRD013,ST020,56,55,106,5,25,2030-08-31,BAT002218
INVT002219,20250425,PRD256,ST047,248,83,58,273,40,2028-01-01,BAT002219
INVT002220,20241107,PRD252,ST031,337,73,101,309,25,2026-01-25,BAT002220
INVT002221,20240315,PRD001,ST002,367,12,109,270,20,2025-12-20,BAT002221
INVT002222,20230101,PRD156,ST029,245,145,20,370,20,2024-02-24,BAT002222
INVT002223,20270216,PRD111,ST042,147,108,94,161,30,2028-05-03,BAT002223
INVT002224,20260220,PRD214,ST042,61,76,98,39,20,2027-06-22,BAT002224
INVT002225,20260522,PRD073,ST017,283,52,15,320,20,2028-09-20,BAT002225
INVT002226,20241216,PRD008,ST008,94,60,58,96,50,2027-11-27,BAT002226
INVT002227,20260123,PRD139,ST002,409,144,61,492,20,2028-12-31,BAT002227
INVT002228,20240919,PRD111,ST005,253,96,3,346,20,2027-02-10,BAT002228
INVT002229,20271107,PRD239,ST027,139,3,73,69,20,2030-09-09,BAT002229
INVT002230,20230916,PRD144,ST046,194,122,25,291,30,2024-10-09,BAT002230
INVT002231,20260118,PRD097,ST016,403,114,103,414,20,2028-11-13,BAT002231
INVT002232,20230630,PRD289,ST028,336,125,101,360,25,2024-08-16,BAT002232
INVT002233,20260319,PRD187,ST006,356,94,58,392,40,2028-09-26,BAT002233
INVT002234,20241102,PRD192,ST043,240,141,69,312,25,2026-09-26,BAT002234
INVT002235,20261121,PRD209,ST012,347,102,47,402,40,2028-11-10,BAT002235
INVT002236,20260412,PRD076,ST044,434,126,86,474,50,2028-06-02,BAT002236
INVT002237,20270115,PRD222,ST006,358,64,113,309,25,2028-12-20,BAT002237
INVT002238,20270109,PRD239,ST029,435,138,110,463,25,2028-02-21,BAT002238
INVT002239,20261107,PRD260,ST041,124,87,69,142,25,2029-06-16,BAT002239
INVT002240,20240725,PRD106,ST045,252,20,105,167,40,2025-11-16,BAT002240
INVT002241,20280815,PRD279,ST003,316,26,73,269,20,2030-05-02,BAT002241
INVT002242,20241105,PRD117,ST044,413,85,62,436,20,2026-10-04,BAT002242
INVT002243,20270310,PRD281,ST026,317,100,28,389,50,2029-03-03,BAT002243
INVT002244,20270730,PRD055,ST015,377,116,19,474,25,2028-07-29,BAT002244
INVT002245,20280828,PRD056,ST032,123,18,88,53,30,2030-05-02,BAT002245
INVT002246,20270722,PRD156,ST014,327,24,104,247,25,2028-08-14,BAT002246
INVT002247,20230308,PRD016,ST019,111,53,23,141,20,2024-05-14,BAT002247
INVT002248,20251104,PRD232,ST008,266,91,84,273,40,2026-11-14,BAT002248
INVT002249,20260514,PRD176,ST025,241,53,38,256,40,2029-02-06,BAT002249
INVT002250,20280513,PRD022,ST044,301,8,63,246,30,2030-05-07,BAT002250
INVT002251,20230508,PRD131,ST045,292,98,96,294,50,2024-08-15,BAT002251
INVT002252,20270928,PRD180,ST044,301,6,48,259,20,2030-02-08,BAT002252
INVT002253,20231222,PRD244,ST017,328,23,10,341,25,2026-09-28,BAT002253
INVT002254,20240121,PRD233,ST025,433,86,30,489,50,2026-05-15,BAT002254
INVT002255,20230521,PRD166,ST020,332,115,27,420,50,2025-07-14,BAT002255
INVT002256,20240124,PRD006,ST044,115,7,119,3,50,2026-04-23,BAT002256
INVT002257,20231011,PRD258,ST012,287,70,89,268,50,2025-11-11,BAT002257
INVT002258,20230719,PRD130,ST038,110,132,62,180,25,2025-10-23,BAT002258
INVT002259,20260416,PRD084,ST003,198,84,54,228,20,2029-03-19,BAT002259
INVT002260,20240926,PRD040,ST013,296,124,31,389,20,2026-10-27,BAT002260
INVT002261,20241224,PRD193,ST003,204,46,28,222,30,2027-11-23,BAT002261
INVT002262,20280713,PRD118,ST046,277,29,12,294,25,2029-12-02,BAT002262
INVT002263,20240624,PRD289,ST002,274,127,46,355,40,2025-07-15,BAT002263
INVT002264,20281121,PRD189,ST041,328,27,53,302,40,2029-12-25,BAT002264
INVT002265,20260216,PRD224,ST036,409,108,8,509,20,2027-05-16,BAT002265
INVT002266,20251212,PRD184,ST031,255,129,117,267,25,2027-05-01,BAT002266
INVT002267,20240510,PRD013,ST011,94,146,23,217,25,2026-08-09,BAT002267
INVT002268,20270310,PRD286,ST017,294,17,101,210,25,2029-10-26,BAT002268
INVT002269,20270820,PRD060,ST036,70,59,25,104,25,2029-06-22,BAT002269
INVT002270,20240629,PRD201,ST001,240,15,65,190,20,2025-10-22,BAT002270
INVT002271,20281118,PRD137,ST038,321,2,38,285,25,2030-10-11,BAT002271
INVT002272,20250925,PRD246,ST014,146,121,61,206,40,2027-05-02,BAT002272
INVT002273,20240210,PRD089,ST025,333,138,109,362,20,2025-07-08,BAT002273
INVT002274,20240604,PRD262,ST010,490,17,61,446,50,2025-08-17,BAT002274
INVT002275,20241105,PRD127,ST041,435,105,107,433,30,2026-06-23,BAT002275
INVT002276,20251211,PRD209,ST004,435,110,5,540,30,2028-01-19,BAT002276
INVT002277,20230424,PRD099,ST043,421,95,50,466,40,2026-01-03,BAT002277
INVT002278,20250709,PRD066,ST031,364,130,113,381,40,2028-04-30,BAT002278
INVT002279,20241006,PRD124,ST039,316,73,63,326,20,2026-12-23,BAT002279
INVT002280,20230507,PRD214,ST005,337,21,90,268,25,2026-02-21,BAT002280
INVT002281,20230613,PRD190,ST018,251,71,59,263,30,2025-04-18,BAT002281
INVT002282,20260901,PRD158,ST031,311,124,49,386,50,2029-08-12,BAT002282
INVT002283,20240716,PRD241,ST022,96,125,43,178,50,2026-12-27,BAT002283
INVT002284,20230915,PRD129,ST041,187,69,111,145,30,2026-05-15,BAT002284
INVT002285,20281004,PRD117,ST021,215,61,72,204,25,2030-09-25,BAT002285
INVT002286,20260608,PRD099,ST022,315,105,35,385,30,2029-02-09,BAT002286
INVT002287,20271003,PRD097,ST050,363,35,102,296,30,2029-04-14,BAT002287
INVT002288,20270120,PRD278,ST036,214,52,102,164,40,2029-09-06,BAT002288
INVT002289,20281031,PRD089,ST008,420,74,81,413,25,2030-05-29,BAT002289
INVT002290,20261013,PRD094,ST042,464,127,47,544,25,2028-11-17,BAT002290
INVT002291,20280606,PRD139,ST037,285,137,43,379,25,2030-02-21,BAT002291
INVT002292,20231023,PRD130,ST008,242,140,50,332,20,2024-12-29,BAT002292
INVT002293,20250212,PRD131,ST032,282,140,74,348,30,2027-07-20,BAT002293
INVT002294,20270919,PRD102,ST018,76,109,80,105,40,2030-05-20,BAT002294
INVT002295,20240318,PRD244,ST028,248,80,15,313,25,2025-09-19,BAT002295
INVT002296,20240518,PRD186,ST049,460,13,5,468,20,2026-02-26,BAT002296
INVT002297,20240316,PRD281,ST035,187,32,100,119,20,2027-02-17,BAT002297
INVT002298,20270930,PRD105,ST003,388,145,7,526,20,2029-01-21,BAT002298
INVT002299,20261014,PRD142,ST019,270,61,29,302,25,2029-07-08,BAT002299
INVT002300,20251228,PRD283,ST023,480,60,19,521,20,2028-07-16,BAT002300
INVT002301,20260721,PRD113,ST011,462,98,26,534,50,2029-04-12,BAT002301
INVT002302,20230313,PRD083,ST006,342,69,103,308,40,2024-07-17,BAT002302
INVT002303,20240127,PRD127,ST027,163,61,58,166,50,2025-07-14,BAT002303
INVT002304,20241211,PRD113,ST018,104,0,30,74,30,2027-03-01,BAT002304
INVT002305,20270503,PRD229,ST014,168,25,108,85,20,2029-06-24,BAT002305
INVT002306,20271225,PRD227,ST010,428,98,108,418,50,2030-01-17,BAT002306
INVT002307,20230405,PRD278,ST049,189,52,112,129,40,2025-06-25,BAT002307
INVT002308,20281116,PRD176,ST021,60,127,64,123,50,2030-12-18,BAT002308
INVT002309,20271217,PRD106,ST024,123,19,76,66,40,2029-06-06,BAT002309
INVT002310,20270713,PRD107,ST014,210,90,51,249,30,2029-03-23,BAT002310
INVT002311,20260405,PRD119,ST025,357,120,3,474,50,2027-12-10,BAT002311
INVT002312,20230922,PRD232,ST046,459,5,49,415,50,2025-09-09,BAT002312
INVT002313,20270112,PRD196,ST002,301,111,92,320,40,2029-03-21,BAT002313
INVT002314,20240102,PRD224,ST017,228,58,34,252,30,2025-09-24,BAT002314
INVT002315,20280514,PRD081,ST011,162,149,82,229,50,2031-01-17,BAT002315
INVT002316,20281214,PRD101,ST003,245,93,6,332,25,2030-03-16,BAT002316
INVT002317,20241012,PRD048,ST040,406,141,6,541,30,2026-01-01,BAT002317
INVT002318,20281121,PRD131,ST029,126,75,18,183,40,2030-09-02,BAT002318
INVT002319,20250131,PRD118,ST027,209,42,66,185,20,2026-09-25,BAT002319
INVT002320,20240113,PRD027,ST037,385,45,36,394,50,2026-05-08,BAT002320
INVT002321,20270930,PRD086,ST016,58,50,77,31,20,2028-12-06,BAT002321
INVT002322,20240220,PRD138,ST012,323,31,99,255,40,2026-09-08,BAT002322
INVT002323,20270220,PRD092,ST010,323,47,31,339,20,2029-01-18,BAT002323
INVT002324,20241204,PRD140,ST033,466,5,64,407,50,2026-01-31,BAT002324
INVT002325,20270602,PRD070,ST011,74,120,19,175,25,2029-02-03,BAT002325
INVT002326,20270213,PRD294,ST018,286,62,58,290,25,2030-02-09,BAT002326
INVT002327,20240326,PRD128,ST011,377,10,8,379,40,2025-08-12,BAT002327
INVT002328,20230103,PRD148,ST030,320,125,86,359,40,2025-07-19,BAT002328
INVT002329,20270713,PRD269,ST030,381,133,45,469,50,2030-02-23,BAT002329
INVT002330,20270718,PRD129,ST034,258,42,64,236,40,2028-11-23,BAT002330
INVT002331,20230530,PRD106,ST005,357,94,107,344,30,2024-09-24,BAT002331
INVT002332,20270817,PRD196,ST025,203,95,3,295,30,2029-12-27,BAT002332
INVT002333,20250324,PRD009,ST014,272,37,57,252,50,2026-08-14,BAT002333
INVT002334,20260521,PRD203,ST016,122,4,115,11,25,2028-08-12,BAT002334
INVT002335,20251101,PRD250,ST026,288,119,47,360,25,2028-02-18,BAT002335
INVT002336,20240618,PRD213,ST004,175,37,114,98,20,2026-04-16,BAT002336
INVT002337,20270313,PRD028,ST023,288,98,113,273,40,2028-05-30,BAT002337
INVT002338,20260419,PRD182,ST033,332,122,5,449,40,2027-06-27,BAT002338
INVT002339,20261214,PRD170,ST013,208,129,21,316,20,2028-03-26,BAT002339
INVT002340,20240820,PRD288,ST018,80,6,65,21,25,2027-05-27,BAT002340
INVT002341,20281104,PRD191,ST002,279,103,42,340,50,2031-02-18,BAT002341
INVT002342,20261122,PRD168,ST019,238,13,102,149,50,2029-07-13,BAT002342
INVT002343,20240520,PRD225,ST049,299,110,97,312,50,2025-06-26,BAT002343
INVT002344,20280903,PRD035,ST010,472,96,42,526,40,2031-06-15,BAT002344
INVT002345,20251230,PRD074,ST010,440,50,11,479,50,2028-01-27,BAT002345
INVT002346,20260203,PRD202,ST015,71,11,38,44,20,2027-06-19,BAT002346
INVT002347,20250307,PRD215,ST037,149,106,102,153,25,2027-05-18,BAT002347
INVT002348,20251111,PRD108,ST001,83,41,109,15,20,2027-08-09,BAT002348
INVT002349,20280530,PRD034,ST015,289,42,118,213,40,2029-09-23,BAT002349
INVT002350,20231124,PRD236,ST022,365,95,108,352,40,2025-08-14,BAT002350
INVT002351,20260916,PRD168,ST034,129,150,66,213,30,2029-05-16,BAT002351
INVT002352,20251001,PRD116,ST002,272,123,34,361,30,2028-03-05,BAT002352
INVT002353,20260516,PRD256,ST047,257,13,75,195,30,2028-02-03,BAT002353
INVT002354,20240312,PRD076,ST036,164,56,112,108,25,2026-06-30,BAT002354
INVT002355,20240919,PRD051,ST045,327,129,46,410,40,2026-11-02,BAT002355
INVT002356,20270914,PRD291,ST022,203,20,31,192,25,2030-06-13,BAT002356
INVT002357,20280524,PRD034,ST050,210,14,55,169,40,2030-08-09,BAT002357
INVT002358,20240922,PRD213,ST031,65,85,120,30,30,2026-01-21,BAT002358
INVT002359,20260615,PRD121,ST032,500,125,118,507,40,2029-02-06,BAT002359
INVT002360,20250526,PRD208,ST028,484,60,36,508,25,2028-02-10,BAT002360
INVT002361,20241106,PRD173,ST011,356,83,75,364,40,2026-01-29,BAT002361
INVT002362,20240217,PRD043,ST006,457,2,19,440,50,2026-04-30,BAT002362
INVT002363,20280710,PRD048,ST045,381,38,6,413,20,2030-11-04,BAT002363
INVT002364,20241228,PRD017,ST009,199,93,86,206,30,2027-11-10,BAT002364
INVT002365,20231225,PRD021,ST011,208,84,12,280,20,2026-08-12,BAT002365
INVT002366,20231204,PRD021,ST040,50,49,21,78,40,2026-04-19,BAT002366
INVT002367,20240316,PRD137,ST038,199,134,9,324,50,2026-01-01,BAT002367
INVT002368,20240721,PRD034,ST030,360,66,20,406,50,2025-10-27,BAT002368
INVT002369,20280726,PRD115,ST045,195,8,50,153,30,2031-06-06,BAT002369
INVT002370,20241028,PRD243,ST029,233,130,39,324,30,2027-08-28,BAT002370
INVT002371,20270701,PRD215,ST016,456,79,85,450,30,2029-01-31,BAT002371
INVT002372,20250912,PRD237,ST010,410,39,4,445,20,2026-11-11,BAT002372
INVT002373,20240427,PRD076,ST007,279,32,19,292,20,2026-02-10,BAT002373
INVT002374,20260924,PRD164,ST038,172,123,55,240,40,2028-01-27,BAT002374
INVT002375,20260524,PRD108,ST031,385,8,46,347,25,2028-06-27,BAT002375
INVT002376,20250223,PRD177,ST005,75,8,32,51,40,2026-09-02,BAT002376
INVT002377,20280731,PRD238,ST043,253,82,57,278,25,2030-06-30,BAT002377
INVT002378,20270926,PRD162,ST049,340,47,0,387,25,2029-06-08,BAT002378
INVT002379,20270831,PRD048,ST032,498,85,18,565,20,2029-01-20,BAT002379
INVT002380,20250910,PRD263,ST039,303,71,116,258,25,2027-03-13,BAT002380
INVT002381,20270908,PRD020,ST050,54,92,91,55,30,2030-05-29,BAT002381
INVT002382,20270308,PRD173,ST001,103,123,98,128,50,2028-09-29,BAT002382
INVT002383,20250514,PRD076,ST022,398,129,35,492,50,2027-06-18,BAT002383
INVT002384,20281205,PRD101,ST028,444,10,58,396,50,2031-06-18,BAT002384
INVT002385,20260403,PRD276,ST049,283,11,36,258,30,2027-04-21,BAT002385
INVT002386,20270727,PRD033,ST031,474,106,118,462,40,2030-04-10,BAT002386
INVT002387,20250803,PRD162,ST038,164,115,33,246,30,2028-05-31,BAT002387
INVT002388,20230608,PRD118,ST043,346,65,50,361,30,2024-06-11,BAT002388
INVT002389,20281213,PRD118,ST003,163,115,30,248,40,2029-12-15,BAT002389
INVT002390,20271028,PRD025,ST005,460,70,68,462,50,2029-12-27,BAT002390
INVT002391,20230308,PRD257,ST047,456,78,98,436,50,2026-01-15,BAT002391
INVT002392,20230729,PRD255,ST038,159,136,84,211,50,2025-05-18,BAT002392
INVT002393,20240419,PRD121,ST025,337,84,22,399,50,2027-02-19,BAT002393
INVT002394,20250331,PRD008,ST044,269,20,42,247,25,2027-08-04,BAT002394
INVT002395,20230326,PRD051,ST009,433,66,21,478,30,2026-02-10,BAT002395
INVT002396,20251119,PRD213,ST011,268,52,93,227,25,2027-11-24,BAT002396
INVT002397,20240204,PRD148,ST020,327,140,81,386,20,2025-04-22,BAT002397
INVT002398,20240929,PRD063,ST001,172,16,99,89,30,2026-03-31,BAT002398
INVT002399,20240409,PRD232,ST022,112,128,98,142,50,2026-07-29,BAT002399
INVT002400,20280923,PRD063,ST031,392,71,100,363,20,2030-09-22,BAT002400
INVT002401,20240112,PRD181,ST012,248,48,69,227,30,2025-01-29,BAT002401
INVT002402,20231220,PRD033,ST011,124,87,20,191,50,2026-11-25,BAT002402
INVT002403,20281230,PRD100,ST031,437,89,3,523,30,2031-02-01,BAT002403
INVT002404,20271107,PRD054,ST033,447,103,27,523,25,2029-05-19,BAT002404
INVT002405,20280603,PRD035,ST048,166,126,71,221,40,2030-07-04,BAT002405
INVT002406,20260812,PRD189,ST013,71,9,57,23,25,2027-08-15,BAT002406
INVT002407,20261226,PRD009,ST043,240,86,53,273,20,2028-11-12,BAT002407
INVT002408,20280313,PRD044,ST009,481,24,76,429,50,2030-10-08,BAT002408
INVT002409,20240422,PRD070,ST031,303,141,70,374,30,2025-08-22,BAT002409
INVT002410,20230514,PRD163,ST016,209,137,105,241,40,2025-03-09,BAT002410
INVT002411,20230609,PRD055,ST004,203,35,89,149,30,2025-07-01,BAT002411
INVT002412,20240918,PRD144,ST022,485,105,9,581,50,2026-09-25,BAT002412
INVT002413,20231104,PRD256,ST020,428,76,52,452,20,2024-11-29,BAT002413
INVT002414,20260313,PRD168,ST012,414,23,111,326,25,2028-08-31,BAT002414
INVT002415,20240215,PRD186,ST008,98,67,98,67,30,2026-01-05,BAT002415
INVT002416,20240521,PRD094,ST037,158,149,102,205,20,2026-01-13,BAT002416
INVT002417,20230721,PRD142,ST020,480,140,96,524,50,2024-10-09,BAT002417
INVT002418,20260502,PRD283,ST043,202,25,114,113,40,2027-06-12,BAT002418
INVT002419,20260701,PRD216,ST006,386,85,34,437,20,2027-11-18,BAT002419
INVT002420,20231009,PRD049,ST038,52,27,61,18,20,2026-01-31,BAT002420
INVT002421,20270119,PRD208,ST035,104,67,20,151,50,2029-08-15,BAT002421
INVT002422,20251011,PRD042,ST022,136,47,83,100,50,2028-09-27,BAT002422
INVT002423,20240301,PRD009,ST031,161,32,21,172,50,2025-10-31,BAT002423
INVT002424,20270729,PRD003,ST044,317,69,73,313,25,2029-12-14,BAT002424
INVT002425,20250901,PRD031,ST028,158,99,24,233,50,2027-06-27,BAT002425
INVT002426,20261111,PRD070,ST026,352,105,116,341,50,2028-08-31,BAT002426
INVT002427,20260108,PRD128,ST040,488,31,90,429,40,2027-09-26,BAT002427
INVT002428,20280731,PRD001,ST008,257,48,95,210,30,2031-07-08,BAT002428
INVT002429,20240609,PRD296,ST012,466,148,15,599,25,2025-10-22,BAT002429
INVT002430,20230614,PRD119,ST016,431,11,93,349,20,2026-05-14,BAT002430
INVT002431,20270605,PRD069,ST014,191,28,73,146,20,2030-04-02,BAT002431
INVT002432,20250510,PRD057,ST045,57,105,13,149,30,2026-12-07,BAT002432
INVT002433,20280106,PRD074,ST010,420,31,111,340,30,2029-12-03,BAT002433
INVT002434,20270811,PRD194,ST043,315,70,56,329,25,2030-05-22,BAT002434
INVT002435,20240820,PRD106,ST025,230,48,111,167,25,2027-01-03,BAT002435
INVT002436,20280625,PRD141,ST028,75,64,0,139,40,2030-10-12,BAT002436
INVT002437,20241011,PRD032,ST004,433,117,67,483,30,2026-05-07,BAT002437
INVT002438,20270821,PRD057,ST019,122,72,35,159,25,2029-10-30,BAT002438
INVT002439,20230226,PRD243,ST049,321,16,75,262,40,2025-02-16,BAT002439
INVT002440,20260526,PRD115,ST029,152,70,107,115,40,2028-06-28,BAT002440
INVT002441,20260109,PRD083,ST031,162,112,115,159,25,2027-01-26,BAT002441
INVT002442,20250818,PRD249,ST025,162,141,65,238,25,2026-12-08,BAT002442
INVT002443,20260101,PRD190,ST034,180,25,34,171,50,2027-11-14,BAT002443
INVT002444,20270712,PRD011,ST005,340,27,30,337,30,2029-03-26,BAT002444
INVT002445,20250927,PRD285,ST040,344,135,117,362,25,2028-06-30,BAT002445
INVT002446,20280728,PRD271,ST001,126,5,41,90,50,2030-09-30,BAT002446
INVT002447,20261029,PRD001,ST031,149,47,13,183,30,2029-01-06,BAT002447
INVT002448,20251025,PRD140,ST038,152,102,85,169,50,2028-05-25,BAT002448
INVT002449,20270101,PRD050,ST025,291,50,113,228,25,2028-11-28,BAT002449
INVT002450,20230707,PRD173,ST023,291,61,68,284,30,2025-11-22,BAT002450
INVT002451,20250721,PRD221,ST036,58,19,13,64,50,2026-12-08,BAT002451
INVT002452,20250805,PRD211,ST003,154,119,52,221,50,2026-10-18,BAT002452
INVT002453,20240225,PRD281,ST029,417,34,28,423,25,2025-10-05,BAT002453
INVT002454,20270228,PRD050,ST003,181,2,117,66,50,2029-04-21,BAT002454
INVT002455,20240507,PRD144,ST042,351,115,114,352,25,2025-08-10,BAT002455
INVT002456,20261027,PRD122,ST040,110,23,103,30,30,2029-06-30,BAT002456
INVT002457,20250914,PRD023,ST031,402,70,69,403,25,2028-07-18,BAT002457
INVT002458,20230127,PRD251,ST014,457,105,113,449,30,2024-05-08,BAT002458
INVT002459,20231230,PRD258,ST038,167,147,35,279,20,2026-03-11,BAT002459
INVT002460,20261130,PRD183,ST049,281,142,89,334,25,2027-12-27,BAT002460
INVT002461,20240204,PRD293,ST002,391,70,24,437,25,2025-07-13,BAT002461
INVT002462,20250817,PRD024,ST047,141,50,105,86,25,2027-03-07,BAT002462
INVT002463,20240627,PRD152,ST030,81,115,28,168,50,2025-11-11,BAT002463
INVT002464,20230509,PRD061,ST047,420,52,46,426,30,2026-04-11,BAT002464
INVT002465,20271104,PRD079,ST045,82,40,60,62,40,2028-11-10,BAT002465
INVT002466,20241202,PRD192,ST003,322,44,87,279,40,2026-03-23,BAT002466
INVT002467,20231214,PRD081,ST014,87,39,53,73,20,2026-03-03,BAT002467
INVT002468,20250728,PRD086,ST018,415,133,91,457,50,2028-06-20,BAT002468
INVT002469,20281214,PRD300,ST022,281,40,106,215,50,2031-06-12,BAT002469
INVT002470,20250602,PRD230,ST028,138,113,35,216,30,2027-02-23,BAT002470
INVT002471,20250527,PRD011,ST013,257,75,48,284,50,2027-09-15,BAT002471
INVT002472,20240108,PRD298,ST008,457,32,115,374,20,2025-08-30,BAT002472
INVT002473,20281225,PRD058,ST036,295,101,116,280,50,2031-12-24,BAT002473
INVT002474,20240707,PRD028,ST034,142,137,112,167,25,2025-11-13,BAT002474
INVT002475,20250912,PRD026,ST033,489,139,113,515,20,2027-05-17,BAT002475
INVT002476,20231209,PRD174,ST034,325,23,33,315,30,2025-11-13,BAT002476
INVT002477,20240711,PRD092,ST003,268,125,108,285,25,2025-12-01,BAT002477
INVT002478,20250622,PRD046,ST034,125,113,9,229,40,2028-04-01,BAT002478
INVT002479,20231125,PRD165,ST030,134,70,108,96,30,2024-12-24,BAT002479
INVT002480,20230516,PRD006,ST050,63,6,3,66,20,2025-04-10,BAT002480
INVT002481,20241106,PRD300,ST006,92,48,61,79,20,2027-01-29,BAT002481
INVT002482,20270302,PRD030,ST041,433,6,92,347,25,2029-02-25,BAT002482
INVT002483,20260705,PRD195,ST044,108,129,82,155,30,2028-04-29,BAT002483
INVT002484,20251204,PRD082,ST006,329,37,76,290,50,2028-06-08,BAT002484
INVT002485,20280506,PRD148,ST032,317,19,19,317,25,2030-02-25,BAT002485
INVT002486,20280815,PRD022,ST021,244,120,5,359,50,2030-11-03,BAT002486
INVT002487,20280329,PRD014,ST003,356,12,0,368,30,2029-12-05,BAT002487
INVT002488,20270328,PRD177,ST041,224,22,46,200,50,2029-01-02,BAT002488
INVT002489,20281211,PRD077,ST026,243,144,15,372,25,2031-02-06,BAT002489
INVT002490,20240903,PRD138,ST033,166,82,47,201,20,2026-09-12,BAT002490
INVT002491,20260624,PRD088,ST037,242,10,70,182,20,2029-03-25,BAT002491
INVT002492,20280408,PRD028,ST027,156,61,52,165,50,2030-12-27,BAT002492
INVT002493,20280228,PRD182,ST002,445,134,23,556,25,2029-05-04,BAT002493
INVT002494,20230906,PRD138,ST004,112,100,32,180,50,2025-01-10,BAT002494
INVT002495,20281207,PRD003,ST017,370,66,109,327,25,2031-06-20,BAT002495
INVT002496,20280424,PRD256,ST016,314,49,48,315,25,2030-10-17,BAT002496
INVT002497,20230920,PRD205,ST018,174,39,86,127,20,2025-02-10,BAT002497
INVT002498,20270627,PRD152,ST047,137,133,73,197,30,2029-08-17,BAT002498
INVT002499,20260503,PRD082,ST002,174,107,96,185,25,2028-05-14,BAT002499
INVT002500,20281204,PRD221,ST014,103,79,99,83,30,2030-02-26,BAT002500
INVT002501,20280307,PRD021,ST025,199,99,20,278,30,2030-03-24,BAT002501
INVT002502,20260405,PRD022,ST012,256,58,92,222,30,2028-03-18,BAT002502
INVT002503,20250204,PRD151,ST013,493,5,85,413,20,2027-05-31,BAT002503
INVT002504,20270326,PRD158,ST027,455,71,110,416,30,2029-09-01,BAT002504
INVT002505,20281212,PRD259,ST002,445,57,93,409,20,2030-12-24,BAT002505
INVT002506,20250915,PRD285,ST045,306,132,22,416,30,2027-08-20,BAT002506
INVT002507,20240703,PRD239,ST040,475,15,86,404,30,2025-08-10,BAT002507
INVT002508,20260401,PRD030,ST019,172,52,117,107,25,2027-10-31,BAT002508
INVT002509,20261225,PRD100,ST034,181,150,40,291,20,2029-02-01,BAT002509
INVT002510,20250627,PRD073,ST007,96,24,91,29,50,2027-10-05,BAT002510
INVT002511,20281125,PRD239,ST047,499,31,69,461,20,2031-08-08,BAT002511
INVT002512,20250324,PRD124,ST038,96,50,63,83,25,2026-08-08,BAT002512
INVT002513,20270717,PRD166,ST015,70,104,109,65,20,2028-10-02,BAT002513
INVT002514,20231210,PRD259,ST032,438,83,49,472,20,2026-03-26,BAT002514
INVT002515,20280812,PRD209,ST050,332,134,114,352,20,2029-08-22,BAT002515
INVT002516,20250127,PRD107,ST002,465,7,75,397,20,2027-01-04,BAT002516
INVT002517,20270827,PRD058,ST036,115,134,118,131,20,2029-05-03,BAT002517
INVT002518,20270326,PRD171,ST031,376,127,33,470,30,2029-11-25,BAT002518
INVT002519,20240505,PRD213,ST001,367,54,50,371,30,2027-01-19,BAT002519
INVT002520,20261117,PRD069,ST004,89,79,77,91,20,2028-03-22,BAT002520
INVT002521,20281124,PRD295,ST019,105,138,37,206,25,2030-07-18,BAT002521
INVT002522,20270615,PRD272,ST031,225,6,75,156,25,2029-08-05,BAT002522
INVT002523,20250308,PRD088,ST047,130,55,77,108,50,2027-08-07,BAT002523
INVT002524,20240828,PRD038,ST016,281,70,42,309,30,2026-10-30,BAT002524
INVT002525,20231111,PRD048,ST017,68,75,16,127,50,2026-05-12,BAT002525
INVT002526,20270727,PRD022,ST024,372,5,99,278,30,2029-03-26,BAT002526
INVT002527,20280709,PRD203,ST028,272,11,66,217,20,2029-11-05,BAT002527
INVT002528,20240611,PRD219,ST050,483,4,120,367,20,2025-12-25,BAT002528
INVT002529,20230815,PRD267,ST014,234,99,50,283,50,2024-11-12,BAT002529
INVT002530,20230422,PRD198,ST010,400,116,9,507,30,2024-11-24,BAT002530
INVT002531,20240214,PRD090,ST050,161,65,114,112,30,2026-02-12,BAT002531
INVT002532,20230802,PRD221,ST033,331,46,55,322,50,2024-11-20,BAT002532
INVT002533,20280611,PRD249,ST028,440,143,82,501,25,2031-03-09,BAT002533
INVT002534,20250513,PRD269,ST017,198,10,14,194,25,2027-03-20,BAT002534
INVT002535,20230121,PRD271,ST029,449,49,43,455,30,2024-09-20,BAT002535
INVT002536,20280507,PRD282,ST048,320,34,52,302,20,2029-12-10,BAT002536
INVT002537,20250815,PRD192,ST040,420,31,6,445,20,2028-06-28,BAT002537
INVT002538,20270226,PRD232,ST045,405,4,77,332,20,2029-07-29,BAT002538
INVT002539,20270217,PRD290,ST038,412,16,102,326,30,2028-12-05,BAT002539
INVT002540,20250114,PRD009,ST046,281,65,74,272,25,2027-03-02,BAT002540
INVT002541,20270920,PRD294,ST025,495,75,106,464,50,2030-07-08,BAT002541
INVT002542,20280212,PRD046,ST034,201,37,68,170,30,2030-09-27,BAT002542
INVT002543,20270423,PRD292,ST016,125,84,72,137,20,2029-02-17,BAT002543
INVT002544,20230329,PRD257,ST020,341,49,22,368,25,2024-07-16,BAT002544
INVT002545,20250127,PRD115,ST019,449,36,99,386,40,2027-03-16,BAT002545
INVT002546,20230813,PRD209,ST040,408,5,71,342,40,2025-01-17,BAT002546
INVT002547,20270619,PRD061,ST030,441,106,114,433,20,2030-04-06,BAT002547
INVT002548,20271216,PRD090,ST048,160,79,71,168,25,2030-05-31,BAT002548
INVT002549,20250621,PRD167,ST043,389,92,83,398,25,2027-12-05,BAT002549
INVT002550,20240721,PRD288,ST049,58,72,105,25,20,2026-07-08,BAT002550
INVT002551,20270728,PRD061,ST010,405,144,78,471,40,2029-07-11,BAT002551
INVT002552,20230503,PRD282,ST010,257,91,69,279,25,2025-07-20,BAT002552
INVT002553,20251225,PRD048,ST036,245,146,48,343,30,2028-02-14,BAT002553
INVT002554,20231026,PRD111,ST001,337,123,103,357,40,2025-02-02,BAT002554
INVT002555,20240819,PRD098,ST034,210,146,43,313,20,2026-05-03,BAT002555
INVT002556,20250225,PRD137,ST026,327,38,30,335,50,2027-01-09,BAT002556
INVT002557,20280915,PRD140,ST041,70,7,21,56,40,2030-05-02,BAT002557
INVT002558,20230105,PRD004,ST043,486,131,55,562,50,2025-02-08,BAT002558
INVT002559,20270514,PRD033,ST004,109,99,64,144,25,2028-07-28,BAT002559
INVT002560,20231129,PRD099,ST040,221,6,6,221,20,2025-12-17,BAT002560
INVT002561,20281201,PRD029,ST040,381,71,10,442,30,2031-09-06,BAT002561
INVT002562,20231027,PRD165,ST004,282,104,99,287,25,2026-08-01,BAT002562
INVT002563,20281107,PRD101,ST038,276,105,80,301,25,2029-12-28,BAT002563
INVT002564,20270217,PRD113,ST041,193,69,2,260,40,2029-05-13,BAT002564
INVT002565,20271219,PRD145,ST026,133,14,91,56,40,2029-05-10,BAT002565
INVT002566,20270710,PRD211,ST043,116,35,44,107,20,2030-01-28,BAT002566
INVT002567,20240113,PRD252,ST047,370,121,118,373,40,2025-03-01,BAT002567
INVT002568,20241021,PRD290,ST045,358,17,98,277,30,2025-11-13,BAT002568
INVT002569,20270616,PRD269,ST044,323,67,8,382,25,2029-01-04,BAT002569
INVT002570,20250410,PRD233,ST015,95,33,119,9,30,2027-04-11,BAT002570
INVT002571,20241202,PRD104,ST023,255,27,59,223,50,2026-02-21,BAT002571
INVT002572,20280316,PRD006,ST014,484,42,86,440,20,2029-06-04,BAT002572
INVT002573,20241031,PRD001,ST025,107,56,96,67,40,2026-07-01,BAT002573
INVT002574,20281003,PRD163,ST009,289,126,69,346,50,2030-09-21,BAT002574
INVT002575,20270321,PRD063,ST013,161,114,9,266,50,2029-01-17,BAT002575
INVT002576,20260611,PRD136,ST038,75,43,110,8,50,2028-05-06,BAT002576
INVT002577,20230715,PRD073,ST026,200,130,5,325,20,2025-09-28,BAT002577
INVT002578,20260202,PRD146,ST004,171,115,26,260,30,2027-05-17,BAT002578
INVT002579,20270620,PRD241,ST035,105,36,115,26,40,2029-11-12,BAT002579
INVT002580,20281003,PRD088,ST012,88,3,20,71,20,2031-02-18,BAT002580
INVT002581,20250117,PRD053,ST041,149,66,66,149,40,2026-07-11,BAT002581
INVT002582,20261025,PRD252,ST047,401,112,29,484,40,2028-06-18,BAT002582
INVT002583,20250922,PRD059,ST033,140,139,87,192,30,2027-11-14,BAT002583
INVT002584,20230430,PRD174,ST015,343,115,94,364,20,2025-09-15,BAT002584
INVT002585,20271022,PRD207,ST044,110,116,61,165,20,2029-12-07,BAT002585
INVT002586,20280726,PRD121,ST026,315,37,110,242,20,2030-08-03,BAT002586
INVT002587,20230110,PRD193,ST035,123,21,84,60,25,2024-07-12,BAT002587
INVT002588,20250706,PRD179,ST021,395,40,11,424,40,2028-05-31,BAT002588
INVT002589,20270208,PRD008,ST050,221,138,57,302,20,2030-01-11,BAT002589
INVT002590,20251221,PRD208,ST037,126,18,66,78,25,2027-03-05,BAT002590
INVT002591,20240722,PRD168,ST037,253,116,96,273,50,2025-08-31,BAT002591
INVT002592,20281228,PRD138,ST016,270,138,36,372,50,2030-01-13,BAT002592
INVT002593,20241010,PRD065,ST003,485,84,102,467,20,2027-06-21,BAT002593
INVT002594,20250730,PRD278,ST028,418,64,64,418,30,2028-05-23,BAT002594
INVT002595,20240616,PRD153,ST039,222,131,70,283,20,2027-04-09,BAT002595
INVT002596,20231211,PRD146,ST023,281,139,64,356,40,2025-01-15,BAT002596
INVT002597,20271213,PRD047,ST023,141,60,114,87,50,2030-01-27,BAT002597
INVT002598,20280108,PRD200,ST031,150,138,98,190,25,2029-02-02,BAT002598
INVT002599,20280126,PRD141,ST025,449,19,78,390,20,2030-10-29,BAT002599
INVT002600,20280304,PRD254,ST040,322,126,49,399,50,2029-08-04,BAT002600
INVT002601,20271123,PRD259,ST032,417,39,107,349,25,2029-10-15,BAT002601
INVT002602,20281015,PRD296,ST013,302,9,101,210,50,2030-09-05,BAT002602
INVT002603,20281117,PRD001,ST026,379,47,87,339,25,2030-11-29,BAT002603
INVT002604,20230801,PRD138,ST002,389,92,96,385,40,2025-08-25,BAT002604
INVT002605,20260921,PRD234,ST037,69,7,15,61,25,2028-07-03,BAT002605
INVT002606,20241221,PRD176,ST024,187,64,23,228,50,2027-01-27,BAT002606
INVT002607,20280301,PRD202,ST013,121,90,105,106,50,2029-12-27,BAT002607
INVT002608,20250130,PRD127,ST041,118,136,94,160,50,2026-11-01,BAT002608
INVT002609,20270523,PRD114,ST013,329,146,119,356,20,2029-05-05,BAT002609
INVT002610,20270717,PRD085,ST017,90,83,23,150,50,2029-06-26,BAT002610
INVT002611,20280602,PRD092,ST022,249,42,73,218,25,2030-07-20,BAT002611
INVT002612,20250626,PRD114,ST022,321,94,13,402,25,2027-11-24,BAT002612
INVT002613,20240311,PRD287,ST046,250,94,46,298,20,2027-01-01,BAT002613
INVT002614,20280628,PRD266,ST017,247,143,41,349,20,2031-03-14,BAT002614
INVT002615,20260805,PRD250,ST050,398,73,105,366,30,2028-03-21,BAT002615
INVT002616,20230201,PRD100,ST020,371,30,112,289,50,2025-09-13,BAT002616
INVT002617,20231102,PRD058,ST031,356,123,21,458,20,2025-05-23,BAT002617
INVT002618,20281106,PRD171,ST038,170,68,101,137,20,2030-02-02,BAT002618
INVT002619,20270131,PRD108,ST026,207,22,41,188,30,2029-05-09,BAT002619
INVT002620,20240316,PRD168,ST021,153,27,27,153,25,2026-03-25,BAT002620
INVT002621,20250528,PRD215,ST031,422,134,12,544,25,2027-08-07,BAT002621
INVT002622,20280107,PRD163,ST003,58,68,108,18,25,2030-12-20,BAT002622
INVT002623,20240322,PRD146,ST050,455,22,4,473,30,2025-09-19,BAT002623
INVT002624,20280214,PRD197,ST040,320,31,89,262,50,2030-08-03,BAT002624
INVT002625,20280420,PRD288,ST004,359,33,96,296,40,2029-04-26,BAT002625
INVT002626,20260117,PRD185,ST009,170,131,67,234,50,2028-01-08,BAT002626
INVT002627,20270706,PRD084,ST009,219,142,103,258,40,2029-09-04,BAT002627
INVT002628,20230828,PRD167,ST050,348,129,53,424,40,2026-03-01,BAT002628
INVT002629,20271217,PRD144,ST020,491,42,17,516,40,2030-12-09,BAT002629
INVT002630,20261015,PRD262,ST022,429,71,69,431,30,2029-06-08,BAT002630
INVT002631,20270925,PRD187,ST021,453,73,22,504,50,2029-02-02,BAT002631
INVT002632,20260601,PRD061,ST006,465,109,42,532,20,2027-10-18,BAT002632
INVT002633,20230126,PRD021,ST003,129,78,47,160,25,2025-09-17,BAT002633
INVT002634,20250808,PRD038,ST016,117,29,102,44,30,2027-06-28,BAT002634
INVT002635,20231011,PRD107,ST001,215,87,61,241,20,2026-03-28,BAT002635
INVT002636,20250415,PRD218,ST036,427,46,87,386,20,2027-01-30,BAT002636
INVT002637,20260527,PRD146,ST034,318,98,49,367,50,2029-02-19,BAT002637
INVT002638,20280702,PRD074,ST032,485,56,54,487,40,2031-04-15,BAT002638
INVT002639,20271212,PRD150,ST042,261,38,95,204,20,2029-04-22,BAT002639
INVT002640,20270209,PRD264,ST048,410,42,117,335,30,2028-11-29,BAT002640
INVT002641,20250506,PRD036,ST034,161,44,90,115,50,2026-08-22,BAT002641
INVT002642,20240701,PRD098,ST005,114,51,77,88,25,2027-04-22,BAT002642
INVT002643,20230130,PRD157,ST040,97,15,48,64,20,2024-05-01,BAT002643
INVT002644,20281029,PRD126,ST027,184,125,20,289,25,2031-05-18,BAT002644
INVT002645,20280312,PRD177,ST002,322,42,98,266,40,2030-04-29,BAT002645
INVT002646,20281025,PRD045,ST043,283,45,100,228,25,2030-10-18,BAT002646
INVT002647,20280520,PRD238,ST021,183,92,71,204,30,2030-09-27,BAT002647
INVT002648,20240709,PRD195,ST010,491,146,120,517,20,2026-06-07,BAT002648
INVT002649,20240806,PRD047,ST033,468,116,48,536,50,2026-04-09,BAT002649
INVT002650,20240223,PRD201,ST004,331,46,91,286,40,2025-06-25,BAT002650
INVT002651,20280404,PRD090,ST005,284,55,25,314,40,2029-11-12,BAT002651
INVT002652,20250201,PRD015,ST021,143,44,19,168,50,2027-09-04,BAT002652
INVT002653,20250526,PRD211,ST011,101,109,102,108,30,2028-03-29,BAT002653
INVT002654,20231105,PRD156,ST016,333,140,18,455,25,2025-04-23,BAT002654
INVT002655,20260824,PRD187,ST045,175,147,109,213,50,2028-03-19,BAT002655
INVT002656,20260804,PRD285,ST020,186,106,15,277,40,2029-05-25,BAT002656
INVT002657,20280311,PRD253,ST015,132,100,37,195,25,2029-03-31,BAT002657
INVT002658,20260924,PRD134,ST017,345,127,78,394,20,2028-03-26,BAT002658
INVT002659,20280105,PRD299,ST029,51,47,73,25,25,2030-03-30,BAT002659
INVT002660,20231014,PRD083,ST004,219,63,85,197,50,2026-02-04,BAT002660
INVT002661,20281128,PRD255,ST047,107,54,62,99,30,2030-04-18,BAT002661
INVT002662,20281026,PRD125,ST009,126,7,103,30,20,2030-03-12,BAT002662
INVT002663,20270201,PRD204,ST047,454,13,70,397,25,2028-07-27,BAT002663
INVT002664,20230604,PRD023,ST017,439,141,62,518,50,2026-05-06,BAT002664
INVT002665,20280322,PRD266,ST033,309,145,56,398,30,2031-02-20,BAT002665
INVT002666,20250512,PRD191,ST043,313,91,23,381,25,2028-02-23,BAT002666
INVT002667,20281231,PRD202,ST004,458,10,25,443,20,2030-10-11,BAT002667
INVT002668,20260522,PRD121,ST025,380,20,104,296,50,2028-12-29,BAT002668
INVT002669,20260806,PRD057,ST030,84,88,106,66,25,2028-03-08,BAT002669
INVT002670,20240119,PRD012,ST050,126,147,21,252,50,2026-01-09,BAT002670
INVT002671,20230409,PRD048,ST020,151,122,35,238,50,2024-10-22,BAT002671
INVT002672,20230821,PRD101,ST001,345,106,60,391,20,2025-03-23,BAT002672
INVT002673,20280809,PRD048,ST039,108,37,50,95,20,2031-05-19,BAT002673
INVT002674,20240910,PRD078,ST008,156,40,15,181,40,2026-11-03,BAT002674
INVT002675,20280326,PRD072,ST004,108,22,14,116,20,2030-04-21,BAT002675
INVT002676,20270708,PRD054,ST009,142,10,15,137,50,2028-08-08,BAT002676
INVT002677,20280103,PRD070,ST047,225,135,97,263,40,2029-09-13,BAT002677
INVT002678,20250321,PRD110,ST003,200,146,24,322,40,2027-04-14,BAT002678
INVT002679,20261013,PRD107,ST035,56,45,58,43,30,2029-03-29,BAT002679
INVT002680,20240229,PRD077,ST049,451,72,22,501,20,2025-05-31,BAT002680
INVT002681,20260311,PRD012,ST036,399,101,80,420,50,2027-08-01,BAT002681
INVT002682,20261012,PRD005,ST037,390,83,17,456,25,2029-06-13,BAT002682
INVT002683,20260320,PRD193,ST009,58,49,89,18,30,2028-03-12,BAT002683
INVT002684,20270408,PRD034,ST048,426,0,103,323,25,2030-02-18,BAT002684
INVT002685,20261115,PRD066,ST050,405,149,63,491,20,2028-02-22,BAT002685
INVT002686,20250726,PRD233,ST008,122,70,24,168,40,2027-07-28,BAT002686
INVT002687,20260830,PRD277,ST024,248,78,97,229,25,2028-04-03,BAT002687
INVT002688,20230421,PRD133,ST005,430,39,3,466,25,2025-08-26,BAT002688
INVT002689,20230809,PRD217,ST008,235,41,61,215,25,2026-03-01,BAT002689
INVT002690,20280719,PRD143,ST004,135,15,56,94,20,2030-10-03,BAT002690
INVT002691,20271012,PRD012,ST027,166,33,16,183,30,2030-04-07,BAT002691
INVT002692,20240314,PRD176,ST021,183,40,105,118,20,2025-10-27,BAT002692
INVT002693,20260315,PRD017,ST016,80,31,2,109,50,2028-03-20,BAT002693
INVT002694,20270720,PRD255,ST037,443,115,47,511,40,2029-05-30,BAT002694
INVT002695,20230923,PRD190,ST029,352,89,47,394,30,2025-12-01,BAT002695
INVT002696,20241207,PRD127,ST017,295,27,17,305,30,2027-03-24,BAT002696
INVT002697,20271114,PRD002,ST008,72,142,7,207,20,2030-04-23,BAT002697
INVT002698,20240517,PRD020,ST014,63,105,70,98,25,2025-08-27,BAT002698
INVT002699,20280115,PRD205,ST018,440,23,62,401,25,2030-03-23,BAT002699
INVT002700,20281015,PRD022,ST035,56,132,12,176,30,2031-01-16,BAT002700
INVT002701,20240315,PRD076,ST038,65,27,43,49,20,2026-07-02,BAT002701
INVT002702,20231212,PRD101,ST033,71,104,57,118,20,2025-08-20,BAT002702
INVT002703,20230809,PRD237,ST046,167,85,10,242,20,2025-05-29,BAT002703
INVT002704,20270119,PRD272,ST018,301,76,25,352,40,2028-07-16,BAT002704
INVT002705,20240412,PRD101,ST002,58,144,55,147,25,2026-04-04,BAT002705
INVT002706,20281217,PRD271,ST044,231,114,54,291,40,2031-08-19,BAT002706
INVT002707,20251105,PRD255,ST002,154,30,71,113,20,2027-10-12,BAT002707
INVT002708,20250325,PRD103,ST039,256,40,105,191,40,2026-12-10,BAT002708
INVT002709,20271127,PRD202,ST028,471,38,10,499,30,2030-07-18,BAT002709
INVT002710,20230920,PRD269,ST016,475,35,89,421,40,2024-10-08,BAT002710
INVT002711,20230512,PRD030,ST018,256,106,54,308,20,2025-03-25,BAT002711
INVT002712,20260915,PRD013,ST049,84,29,6,107,40,2029-05-09,BAT002712
INVT002713,20280612,PRD240,ST008,179,9,2,186,30,2031-02-01,BAT002713
INVT002714,20250824,PRD279,ST050,332,17,105,244,50,2028-08-09,BAT002714
INVT002715,20260109,PRD294,ST001,211,63,85,189,20,2027-11-29,BAT002715
INVT002716,20241206,PRD022,ST017,362,128,4,486,50,2026-10-06,BAT002716
INVT002717,20280728,PRD203,ST039,320,126,81,365,25,2031-05-22,BAT002717
INVT002718,20230924,PRD102,ST030,352,112,87,377,20,2025-11-21,BAT002718
INVT002719,20270415,PRD285,ST048,199,26,52,173,40,2028-07-24,BAT002719
INVT002720,20240831,PRD111,ST032,196,12,62,146,40,2027-04-07,BAT002720
INVT002721,20251226,PRD128,ST015,475,44,97,422,30,2028-03-17,BAT002721
INVT002722,20250119,PRD108,ST048,402,131,85,448,50,2027-09-20,BAT002722
INVT002723,20260330,PRD299,ST037,108,114,103,119,20,2027-06-06,BAT002723
INVT002724,20251217,PRD085,ST028,484,35,3,516,25,2028-04-08,BAT002724
INVT002725,20230728,PRD264,ST030,469,138,108,499,25,2024-11-12,BAT002725
INVT002726,20231231,PRD211,ST004,480,40,84,436,20,2026-10-06,BAT002726
INVT002727,20251128,PRD049,ST035,459,21,30,450,30,2028-10-28,BAT002727
INVT002728,20281002,PRD259,ST050,349,114,115,348,25,2030-01-24,BAT002728
INVT002729,20231209,PRD228,ST002,424,137,64,497,50,2025-09-30,BAT002729
INVT002730,20280912,PRD016,ST005,329,102,114,317,30,2030-07-20,BAT002730
INVT002731,20281231,PRD071,ST011,438,30,57,411,30,2031-06-18,BAT002731
INVT002732,20281002,PRD120,ST037,275,129,47,357,40,2029-10-13,BAT002732
INVT002733,20241207,PRD032,ST002,182,138,5,315,40,2027-04-06,BAT002733
INVT002734,20260804,PRD243,ST043,97,46,107,36,25,2028-08-27,BAT002734
INVT002735,20231215,PRD154,ST039,256,23,97,182,20,2025-05-24,BAT002735
INVT002736,20280923,PRD256,ST044,468,69,101,436,25,2031-05-30,BAT002736
INVT002737,20271001,PRD287,ST033,127,118,92,153,40,2030-05-15,BAT002737
INVT002738,20280508,PRD026,ST018,72,150,45,177,25,2031-05-08,BAT002738
INVT002739,20240427,PRD133,ST006,454,148,54,548,20,2026-04-25,BAT002739
INVT002740,20271016,PRD023,ST032,332,63,22,373,40,2029-08-01,BAT002740
INVT002741,20250707,PRD171,ST047,243,90,13,320,40,2028-02-21,BAT002741
INVT002742,20270619,PRD094,ST019,377,11,113,275,50,2029-08-23,BAT002742
INVT002743,20260305,PRD193,ST025,329,63,92,300,30,2028-11-20,BAT002743
INVT002744,20271025,PRD014,ST018,281,130,39,372,25,2028-12-29,BAT002744
INVT002745,20271224,PRD006,ST010,337,86,13,410,40,2029-05-17,BAT002745
INVT002746,20241016,PRD183,ST038,439,62,105,396,40,2026-07-24,BAT002746
INVT002747,20240527,PRD001,ST033,343,56,34,365,50,2026-07-10,BAT002747
INVT002748,20281221,PRD257,ST015,364,10,112,262,40,2030-05-10,BAT002748
INVT002749,20251124,PRD203,ST031,127,134,56,205,50,2028-07-05,BAT002749
INVT002750,20231007,PRD218,ST002,369,16,11,374,30,2024-12-20,BAT002750
INVT002751,20250528,PRD058,ST038,437,63,45,455,50,2028-03-13,BAT002751
INVT002752,20241030,PRD105,ST046,258,27,29,256,25,2027-02-28,BAT002752
INVT002753,20270728,PRD001,ST022,145,63,5,203,30,2029-06-20,BAT002753
INVT002754,20280924,PRD049,ST026,220,5,116,109,25,2030-09-27,BAT002754
INVT002755,20260214,PRD155,ST032,124,67,15,176,50,2027-05-24,BAT002755
INVT002756,20271023,PRD163,ST042,66,49,89,26,30,2029-07-29,BAT002756
INVT002757,20230426,PRD291,ST027,255,16,60,211,40,2024-06-30,BAT002757
INVT002758,20281013,PRD065,ST045,182,137,73,246,50,2031-07-20,BAT002758
INVT002759,20230621,PRD280,ST035,423,0,110,313,40,2025-10-05,BAT002759
INVT002760,20240818,PRD050,ST018,90,113,34,169,40,2027-01-29,BAT002760
INVT002761,20240304,PRD116,ST021,368,47,117,298,40,2026-12-05,BAT002761
INVT002762,20270323,PRD136,ST035,266,137,79,324,25,2030-03-07,BAT002762
INVT002763,20270610,PRD282,ST029,209,129,48,290,50,2029-04-24,BAT002763
INVT002764,20240105,PRD168,ST022,351,66,40,377,20,2025-04-27,BAT002764
INVT002765,20240523,PRD070,ST047,356,46,7,395,40,2026-05-27,BAT002765
INVT002766,20251006,PRD196,ST045,72,89,14,147,20,2028-02-03,BAT002766
INVT002767,20231118,PRD217,ST044,422,15,29,408,50,2026-05-21,BAT002767
INVT002768,20270606,PRD107,ST027,210,63,52,221,25,2028-09-15,BAT002768
INVT002769,20281009,PRD297,ST017,217,95,76,236,20,2030-11-01,BAT002769
INVT002770,20280611,PRD004,ST004,62,146,38,170,25,2030-04-12,BAT002770
INVT002771,20281212,PRD298,ST017,141,12,37,116,40,2030-12-31,BAT002771
INVT002772,20260127,PRD286,ST040,272,110,63,319,40,2027-03-19,BAT002772
INVT002773,20260831,PRD224,ST017,132,3,104,31,30,2028-07-18,BAT002773
INVT002774,20271002,PRD187,ST032,437,113,43,507,50,2028-10-30,BAT002774
INVT002775,20280120,PRD158,ST050,213,56,24,245,50,2030-10-04,BAT002775
INVT002776,20230429,PRD218,ST009,174,94,33,235,40,2025-05-23,BAT002776
INVT002777,20240619,PRD095,ST050,264,86,89,261,30,2025-08-13,BAT002777
INVT002778,20240320,PRD204,ST041,221,88,29,280,20,2025-03-29,BAT002778
INVT002779,20271009,PRD083,ST012,110,44,19,135,30,2029-04-11,BAT002779
INVT002780,20280126,PRD220,ST031,405,121,39,487,40,2029-06-11,BAT002780
INVT002781,20260718,PRD035,ST025,64,26,10,80,25,2028-04-30,BAT002781
INVT002782,20240214,PRD048,ST024,486,128,104,510,30,2026-08-13,BAT002782
INVT002783,20281018,PRD199,ST004,53,137,1,189,20,2031-02-15,BAT002783
INVT002784,20281015,PRD203,ST031,414,126,71,469,25,2030-05-03,BAT002784
INVT002785,20231121,PRD089,ST037,354,91,56,389,20,2025-08-26,BAT002785
INVT002786,20280102,PRD070,ST046,259,67,109,217,25,2030-10-16,BAT002786
INVT002787,20271007,PRD039,ST010,423,28,117,334,25,2028-11-29,BAT002787
INVT002788,20250415,PRD271,ST017,167,122,43,246,25,2027-06-29,BAT002788
INVT002789,20261117,PRD198,ST049,322,12,59,275,50,2028-11-09,BAT002789
INVT002790,20241122,PRD189,ST017,313,44,39,318,25,2026-03-28,BAT002790
INVT002791,20250810,PRD258,ST021,499,64,46,517,30,2026-09-27,BAT002791
INVT002792,20230509,PRD220,ST017,206,94,36,264,40,2025-04-19,BAT002792
INVT002793,20240819,PRD101,ST005,107,35,120,22,25,2026-01-23,BAT002793
INVT002794,20280107,PRD147,ST050,325,125,87,363,50,2029-04-02,BAT002794
INVT002795,20280121,PRD225,ST050,253,52,31,274,30,2030-11-11,BAT002795
INVT002796,20241112,PRD251,ST011,65,49,111,3,50,2027-05-17,BAT002796
INVT002797,20270404,PRD087,ST005,293,90,91,292,20,2030-02-02,BAT002797
INVT002798,20230906,PRD035,ST039,451,99,31,519,20,2025-05-24,BAT002798
INVT002799,20260909,PRD100,ST003,247,58,41,264,50,2029-02-05,BAT002799
INVT002800,20240816,PRD137,ST040,167,84,108,143,25,2026-06-24,BAT002800
INVT002801,20230218,PRD019,ST045,453,26,65,414,20,2025-03-29,BAT002801
INVT002802,20271210,PRD243,ST033,196,131,115,212,20,2030-02-17,BAT002802
INVT002803,20261115,PRD089,ST018,180,65,117,128,30,2028-08-08,BAT002803
INVT002804,20251208,PRD219,ST004,472,136,26,582,50,2027-12-13,BAT002804
INVT002805,20230928,PRD244,ST039,367,55,57,365,50,2025-01-14,BAT002805
INVT002806,20230305,PRD165,ST016,379,31,18,392,50,2025-06-14,BAT002806
INVT002807,20280819,PRD263,ST043,180,137,94,223,40,2031-05-18,BAT002807
INVT002808,20271010,PRD271,ST033,447,39,113,373,50,2028-12-10,BAT002808
INVT002809,20260607,PRD162,ST031,346,34,107,273,40,2027-09-22,BAT002809
INVT002810,20260128,PRD231,ST044,120,64,48,136,25,2027-03-06,BAT002810
INVT002811,20240102,PRD277,ST048,245,64,22,287,30,2025-05-16,BAT002811
INVT002812,20250414,PRD286,ST042,165,115,20,260,50,2026-12-11,BAT002812
INVT002813,20250902,PRD291,ST007,127,28,82,73,50,2028-01-26,BAT002813
INVT002814,20230504,PRD201,ST011,340,53,22,371,50,2025-10-12,BAT002814
INVT002815,20230722,PRD296,ST036,158,42,18,182,20,2024-09-04,BAT002815
INVT002816,20240424,PRD008,ST012,167,44,113,98,20,2025-05-10,BAT002816
INVT002817,20230916,PRD268,ST025,286,111,48,349,20,2024-10-31,BAT002817
INVT002818,20230503,PRD261,ST041,355,142,117,380,40,2025-06-01,BAT002818
INVT002819,20240513,PRD006,ST036,92,75,24,143,30,2026-06-09,BAT002819
INVT002820,20240116,PRD148,ST004,420,60,114,366,50,2025-11-07,BAT002820
INVT002821,20260731,PRD125,ST042,93,150,65,178,20,2028-12-06,BAT002821
INVT002822,20260205,PRD216,ST049,442,140,82,500,25,2027-08-23,BAT002822
INVT002823,20260713,PRD159,ST027,493,150,40,603,20,2027-08-17,BAT002823
INVT002824,20230115,PRD102,ST047,445,4,58,391,40,2024-07-19,BAT002824
INVT002825,20230115,PRD190,ST018,218,150,48,320,40,2024-03-31,BAT002825
INVT002826,20260919,PRD011,ST045,73,111,55,129,40,2028-11-24,BAT002826
INVT002827,20260105,PRD048,ST005,56,100,117,39,30,2027-11-07,BAT002827
INVT002828,20231221,PRD047,ST046,480,57,36,501,20,2026-03-22,BAT002828
INVT002829,20260819,PRD052,ST026,364,68,98,334,50,2028-12-11,BAT002829
INVT002830,20230621,PRD268,ST040,57,94,98,53,50,2025-01-05,BAT002830
INVT002831,20271027,PRD215,ST036,153,75,70,158,25,2029-11-16,BAT002831
INVT002832,20281228,PRD291,ST037,368,103,20,451,40,2031-09-10,BAT002832
INVT002833,20280224,PRD008,ST034,169,138,55,252,50,2030-09-14,BAT002833
INVT002834,20281031,PRD290,ST008,291,135,87,339,40,2031-07-22,BAT002834
INVT002835,20231025,PRD187,ST002,239,109,23,325,30,2026-01-31,BAT002835
INVT002836,20231114,PRD292,ST030,243,5,88,160,50,2025-07-13,BAT002836
INVT002837,20240602,PRD012,ST006,117,110,112,115,30,2026-09-10,BAT002837
INVT002838,20281108,PRD296,ST036,475,47,48,474,20,2030-09-13,BAT002838
INVT002839,20231119,PRD284,ST001,439,146,47,538,25,2025-01-31,BAT002839
INVT002840,20280303,PRD185,ST022,311,80,15,376,40,2030-07-14,BAT002840
INVT002841,20280215,PRD149,ST046,96,35,62,69,30,2030-03-15,BAT002841
INVT002842,20250127,PRD039,ST007,327,141,18,450,30,2026-05-01,BAT002842
INVT002843,20270708,PRD071,ST028,186,45,20,211,25,2030-03-16,BAT002843
INVT002844,20280509,PRD172,ST033,350,19,57,312,20,2031-05-03,BAT002844
INVT002845,20251218,PRD188,ST018,117,26,105,38,50,2027-12-07,BAT002845
INVT002846,20260417,PRD191,ST032,476,11,40,447,40,2028-09-15,BAT002846
INVT002847,20240601,PRD002,ST037,122,32,108,46,30,2026-10-22,BAT002847
INVT002848,20230101,PRD295,ST002,425,12,8,429,40,2024-08-12,BAT002848
INVT002849,20261102,PRD210,ST018,77,117,21,173,25,2028-03-20,BAT002849
INVT002850,20260214,PRD241,ST012,307,41,117,231,50,2028-10-31,BAT002850
INVT002851,20260905,PRD144,ST001,79,22,62,39,50,2029-07-03,BAT002851
INVT002852,20281017,PRD094,ST011,402,67,91,378,40,2030-06-20,BAT002852
INVT002853,20240105,PRD070,ST027,87,99,120,66,50,2026-01-21,BAT002853
INVT002854,20230126,PRD247,ST005,80,89,120,49,50,2025-11-12,BAT002854
INVT002855,20230830,PRD047,ST008,344,95,0,439,50,2025-02-27,BAT002855
INVT002856,20280314,PRD056,ST043,94,80,23,151,40,2029-06-04,BAT002856
INVT002857,20230628,PRD186,ST015,468,112,6,574,50,2024-11-13,BAT002857
INVT002858,20250328,PRD023,ST003,286,18,103,201,40,2027-11-25,BAT002858
INVT002859,20260709,PRD008,ST001,297,65,115,247,20,2028-12-06,BAT002859
INVT002860,20260703,PRD288,ST046,217,75,29,263,25,2029-02-03,BAT002860
INVT002861,20281107,PRD240,ST027,353,142,73,422,25,2031-01-03,BAT002861
INVT002862,20261112,PRD068,ST039,181,71,60,192,20,2029-01-08,BAT002862
INVT002863,20231227,PRD264,ST010,292,51,103,240,30,2026-06-30,BAT002863
INVT002864,20231205,PRD110,ST050,421,18,4,435,30,2025-11-09,BAT002864
INVT002865,20230705,PRD079,ST023,446,143,84,505,50,2025-08-20,BAT002865
INVT002866,20250627,PRD094,ST005,289,75,27,337,30,2027-09-18,BAT002866
INVT002867,20251114,PRD269,ST049,471,61,43,489,25,2028-01-18,BAT002867
INVT002868,20281210,PRD031,ST026,491,69,69,491,40,2030-01-18,BAT002868
INVT002869,20271025,PRD230,ST013,351,140,28,463,30,2029-08-26,BAT002869
INVT002870,20280823,PRD100,ST036,205,45,40,210,25,2030-09-18,BAT002870
INVT002871,20260505,PRD208,ST009,326,12,42,296,30,2027-06-28,BAT002871
INVT002872,20271230,PRD228,ST018,410,12,50,372,30,2030-04-02,BAT002872
INVT002873,20261006,PRD181,ST006,236,101,20,317,25,2029-05-06,BAT002873
INVT002874,20250118,PRD005,ST039,67,138,119,86,30,2026-12-16,BAT002874
INVT002875,20240314,PRD022,ST032,372,79,93,358,20,2027-01-25,BAT002875
INVT002876,20240221,PRD120,ST007,92,25,59,58,50,2026-03-24,BAT002876
INVT002877,20240124,PRD010,ST010,218,75,90,203,40,2026-12-22,BAT002877
INVT002878,20270513,PRD028,ST044,409,45,21,433,20,2029-07-01,BAT002878
INVT002879,20270228,PRD120,ST021,468,68,89,447,20,2030-01-26,BAT002879
INVT002880,20241226,PRD001,ST006,391,34,23,402,40,2026-11-12,BAT002880
INVT002881,20270103,PRD031,ST001,130,106,97,139,20,2028-03-23,BAT002881
INVT002882,20260801,PRD057,ST022,159,46,116,89,30,2029-06-01,BAT002882
INVT002883,20251129,PRD226,ST041,366,86,4,448,40,2027-09-14,BAT002883
INVT002884,20230629,PRD253,ST007,441,113,90,464,25,2024-11-07,BAT002884
INVT002885,20280314,PRD282,ST004,231,93,82,242,20,2029-11-05,BAT002885
INVT002886,20230927,PRD025,ST001,251,73,86,238,50,2025-05-05,BAT002886
INVT002887,20260530,PRD007,ST014,403,148,15,536,20,2028-03-09,BAT002887
INVT002888,20261127,PRD065,ST003,499,54,54,499,20,2029-04-28,BAT002888
INVT002889,20260310,PRD033,ST005,327,76,80,323,50,2027-06-14,BAT002889
INVT002890,20250625,PRD173,ST040,365,44,69,340,30,2027-06-14,BAT002890
INVT002891,20250924,PRD192,ST044,340,87,18,409,20,2027-09-29,BAT002891
INVT002892,20270508,PRD037,ST003,80,104,62,122,50,2029-12-19,BAT002892
INVT002893,20230223,PRD010,ST026,342,109,120,331,50,2024-04-23,BAT002893
INVT002894,20231029,PRD280,ST025,417,112,61,468,30,2024-12-12,BAT002894
INVT002895,20250916,PRD246,ST033,186,32,91,127,25,2028-07-25,BAT002895
INVT002896,20250304,PRD292,ST019,207,148,89,266,30,2026-10-20,BAT002896
INVT002897,20230326,PRD002,ST026,301,117,48,370,25,2025-03-02,BAT002897
INVT002898,20260905,PRD005,ST014,132,89,106,115,20,2027-11-18,BAT002898
INVT002899,20280713,PRD109,ST025,210,65,16,259,40,2030-01-17,BAT002899
INVT002900,20260316,PRD055,ST030,325,65,23,367,50,2027-05-17,BAT002900
INVT002901,20250204,PRD294,ST045,448,38,28,458,25,2026-12-16,BAT002901
INVT002902,20260917,PRD049,ST005,57,8,5,60,40,2029-08-10,BAT002902
INVT002903,20230710,PRD183,ST016,52,138,71,119,40,2025-12-13,BAT002903
INVT002904,20251103,PRD125,ST001,127,29,11,145,40,2027-12-10,BAT002904
INVT002905,20271224,PRD113,ST009,365,1,36,330,30,2030-04-04,BAT002905
INVT002906,20260930,PRD289,ST036,454,139,57,536,30,2029-05-01,BAT002906
INVT002907,20250201,PRD045,ST011,353,108,39,422,25,2027-03-12,BAT002907
INVT002908,20230710,PRD119,ST016,264,45,102,207,20,2026-06-19,BAT002908
INVT002909,20240802,PRD235,ST024,231,133,23,341,20,2026-04-20,BAT002909
INVT002910,20280307,PRD238,ST002,405,32,0,437,40,2029-07-02,BAT002910
INVT002911,20240108,PRD177,ST011,165,140,0,305,25,2025-07-19,BAT002911
INVT002912,20271103,PRD087,ST007,381,43,8,416,30,2030-04-23,BAT002912
INVT002913,20240524,PRD268,ST037,300,1,87,214,30,2026-12-24,BAT002913
INVT002914,20240122,PRD223,ST007,445,28,64,409,40,2025-08-25,BAT002914
INVT002915,20270302,PRD171,ST036,331,20,93,258,50,2029-01-15,BAT002915
INVT002916,20280314,PRD241,ST011,410,24,48,386,50,2030-08-25,BAT002916
INVT002917,20230702,PRD026,ST049,445,86,117,414,25,2025-11-03,BAT002917
INVT002918,20281231,PRD111,ST005,330,96,77,349,25,2031-06-04,BAT002918
INVT002919,20280518,PRD089,ST033,191,84,112,163,30,2029-07-11,BAT002919
INVT002920,20240129,PRD264,ST009,136,122,20,238,20,2025-03-24,BAT002920
INVT002921,20241228,PRD283,ST014,364,75,68,371,25,2027-09-29,BAT002921
INVT002922,20250725,PRD070,ST043,129,15,32,112,20,2027-05-05,BAT002922
INVT002923,20260215,PRD250,ST018,385,54,93,346,25,2028-08-05,BAT002923
INVT002924,20240325,PRD034,ST027,234,147,77,304,25,2027-03-12,BAT002924
INVT002925,20230211,PRD065,ST048,371,3,16,358,20,2025-11-21,BAT002925
INVT002926,20250501,PRD026,ST018,415,38,28,425,25,2026-09-11,BAT002926
INVT002927,20271203,PRD255,ST023,485,32,89,428,20,2029-08-08,BAT002927
INVT002928,20270308,PRD100,ST003,447,33,64,416,20,2029-05-08,BAT002928
INVT002929,20261006,PRD025,ST027,179,101,25,255,20,2029-09-03,BAT002929
INVT002930,20230824,PRD177,ST046,456,59,119,396,40,2025-12-03,BAT002930
INVT002931,20280226,PRD183,ST026,349,24,78,295,50,2029-10-12,BAT002931
INVT002932,20240624,PRD037,ST044,61,41,76,26,20,2026-08-23,BAT002932
INVT002933,20231031,PRD241,ST020,243,10,110,143,25,2026-06-18,BAT002933
INVT002934,20281214,PRD112,ST008,452,7,33,426,25,2031-06-21,BAT002934
INVT002935,20260204,PRD035,ST040,248,100,20,328,25,2028-09-07,BAT002935
INVT002936,20231129,PRD104,ST008,264,124,1,387,50,2025-01-24,BAT002936
INVT002937,20270211,PRD208,ST036,238,106,107,237,40,2029-05-27,BAT002937
INVT002938,20230616,PRD197,ST015,408,100,119,389,25,2024-09-09,BAT002938
INVT002939,20280928,PRD202,ST024,235,15,38,212,50,2030-07-18,BAT002939
INVT002940,20251109,PRD154,ST042,68,112,55,125,40,2027-05-29,BAT002940
INVT002941,20260608,PRD097,ST046,165,145,53,257,30,2027-06-16,BAT002941
INVT002942,20260523,PRD193,ST011,282,48,16,314,25,2028-06-20,BAT002942
INVT002943,20240705,PRD223,ST008,95,75,18,152,30,2026-02-11,BAT002943
INVT002944,20270811,PRD071,ST048,225,142,89,278,30,2029-05-09,BAT002944
INVT002945,20240911,PRD052,ST044,313,131,81,363,20,2027-03-11,BAT002945
INVT002946,20280712,PRD051,ST048,368,104,18,454,25,2030-05-26,BAT002946
INVT002947,20231213,PRD293,ST044,244,67,28,283,25,2026-07-08,BAT002947
INVT002948,20261019,PRD123,ST009,418,72,58,432,25,2028-10-27,BAT002948
INVT002949,20230824,PRD187,ST035,170,57,31,196,30,2025-03-18,BAT002949
INVT002950,20230523,PRD124,ST005,90,93,108,75,50,2025-10-15,BAT002950
INVT002951,20270720,PRD015,ST024,418,68,47,439,40,2029-08-22,BAT002951
INVT002952,20260105,PRD256,ST022,457,116,51,522,50,2029-01-03,BAT002952
INVT002953,20260103,PRD172,ST013,234,61,55,240,30,2028-08-02,BAT002953
INVT002954,20280418,PRD139,ST026,247,128,48,327,20,2030-07-03,BAT002954
INVT002955,20250504,PRD144,ST009,90,45,43,92,30,2027-05-17,BAT002955
INVT002956,20230401,PRD275,ST045,54,146,42,158,50,2025-02-07,BAT002956
INVT002957,20280911,PRD045,ST022,144,102,76,170,25,2030-08-07,BAT002957
INVT002958,20270301,PRD295,ST025,253,77,108,222,40,2028-09-02,BAT002958
INVT002959,20240407,PRD123,ST001,282,70,17,335,25,2026-04-18,BAT002959
INVT002960,20240501,PRD137,ST012,247,31,119,159,30,2025-06-23,BAT002960
INVT002961,20251220,PRD279,ST038,150,63,101,112,25,2028-02-18,BAT002961
INVT002962,20240421,PRD155,ST050,212,79,27,264,20,2026-07-28,BAT002962
INVT002963,20270818,PRD113,ST043,444,117,28,533,20,2030-07-15,BAT002963
INVT002964,20230316,PRD016,ST035,380,31,63,348,50,2025-03-14,BAT002964
INVT002965,20241115,PRD073,ST008,90,94,93,91,50,2027-02-15,BAT002965
INVT002966,20240114,PRD286,ST018,212,40,26,226,30,2026-11-17,BAT002966
INVT002967,20260218,PRD091,ST028,308,117,33,392,30,2029-01-14,BAT002967
INVT002968,20280802,PRD025,ST008,304,49,82,271,25,2031-05-27,BAT002968
INVT002969,20230414,PRD271,ST027,457,87,112,432,25,2024-11-26,BAT002969
INVT002970,20271227,PRD237,ST029,117,147,55,209,40,2030-11-24,BAT002970
INVT002971,20260819,PRD209,ST013,149,119,0,268,20,2028-05-30,BAT002971
INVT002972,20230911,PRD024,ST049,372,91,104,359,25,2025-12-03,BAT002972
INVT002973,20230915,PRD013,ST024,216,132,84,264,20,2024-10-21,BAT002973
INVT002974,20230414,PRD078,ST031,488,45,93,440,25,2024-06-19,BAT002974
INVT002975,20260620,PRD096,ST021,287,49,15,321,40,2027-07-17,BAT002975
INVT002976,20260518,PRD117,ST037,404,31,98,337,25,2028-06-28,BAT002976
INVT002977,20281207,PRD045,ST032,134,8,25,117,20,2030-06-27,BAT002977
INVT002978,20270329,PRD178,ST023,413,39,66,386,40,2028-09-24,BAT002978
INVT002979,20230420,PRD096,ST037,421,124,100,445,25,2025-04-06,BAT002979
INVT002980,20240607,PRD192,ST040,230,54,116,168,25,2025-11-05,BAT002980
INVT002981,20241123,PRD078,ST041,404,113,29,488,50,2026-06-05,BAT002981
INVT002982,20281108,PRD090,ST001,197,93,109,181,40,2031-10-16,BAT002982
INVT002983,20250628,PRD182,ST015,116,58,54,120,40,2026-09-25,BAT002983
INVT002984,20280908,PRD180,ST003,290,101,11,380,20,2031-03-26,BAT002984
INVT002985,20280224,PRD024,ST033,145,99,77,167,40,2029-06-26,BAT002985
INVT002986,20280902,PRD082,ST013,245,9,12,242,20,2031-01-18,BAT002986
INVT002987,20240525,PRD080,ST026,101,90,82,109,50,2026-01-07,BAT002987
INVT002988,20250119,PRD046,ST032,391,111,118,384,30,2027-07-19,BAT002988
INVT002989,20251123,PRD207,ST031,152,83,56,179,30,2027-04-06,BAT002989
INVT002990,20240817,PRD108,ST014,403,39,18,424,25,2027-08-16,BAT002990
INVT002991,20280913,PRD009,ST041,104,74,32,146,25,2030-09-02,BAT002991
INVT002992,20240923,PRD095,ST012,425,90,51,464,20,2026-10-14,BAT002992
INVT002993,20250119,PRD173,ST014,240,12,115,137,40,2026-09-24,BAT002993
INVT002994,20280515,PRD126,ST005,487,29,68,448,20,2030-02-17,BAT002994
INVT002995,20270614,PRD252,ST018,103,60,0,163,40,2030-04-29,BAT002995
INVT002996,20260715,PRD118,ST036,206,31,83,154,50,2028-06-10,BAT002996
INVT002997,20240831,PRD007,ST043,86,56,99,43,40,2026-02-25,BAT002997
INVT002998,20270702,PRD030,ST033,451,73,84,440,40,2029-02-20,BAT002998
INVT002999,20280423,PRD188,ST025,82,80,93,69,30,2030-08-23,BAT002999
INVT003000,20230704,PRD186,ST021,178,145,9,314,25,2026-04-05,BAT003000
INVT003001,20231003,PRD189,ST006,269,68,9,328,20,2026-05-04,BAT003001
INVT003002,20261102,PRD169,ST028,189,4,72,121,20,2029-06-14,BAT003002
INVT003003,20270320,PRD109,ST038,214,115,70,259,40,2029-03-20,BAT003003
INVT003004,20250127,PRD031,ST031,461,0,103,358,25,2026-02-14,BAT003004
INVT003005,20251104,PRD087,ST028,131,3,9,125,50,2028-09-01,BAT003005
INVT003006,20280725,PRD050,ST009,423,22,19,426,30,2029-10-08,BAT003006
INVT003007,20250406,PRD293,ST016,434,110,115,429,50,2027-05-24,BAT003007
INVT003008,20280310,PRD273,ST037,381,116,51,446,20,2030-10-10,BAT003008
INVT003009,20281113,PRD243,ST014,87,42,54,75,40,2031-03-23,BAT003009
INVT003010,20250805,PRD041,ST039,444,47,16,475,40,2028-06-02,BAT003010
INVT003011,20270514,PRD015,ST030,223,147,67,303,50,2030-02-08,BAT003011
INVT003012,20280430,PRD279,ST027,230,60,107,183,25,2031-02-05,BAT003012
INVT003013,20260618,PRD104,ST008,358,23,80,301,40,2028-05-19,BAT003013
INVT003014,20260618,PRD097,ST002,312,148,81,379,30,2027-12-21,BAT003014
INVT003015,20250813,PRD064,ST010,73,40,15,98,50,2026-10-22,BAT003015
INVT003016,20261212,PRD013,ST050,228,124,103,249,40,2028-09-15,BAT003016
INVT003017,20260304,PRD289,ST041,283,72,61,294,20,2029-03-01,BAT003017
INVT003018,20230724,PRD001,ST009,265,143,59,349,40,2025-06-01,BAT003018
INVT003019,20260620,PRD279,ST043,440,111,63,488,40,2028-04-19,BAT003019
INVT003020,20280109,PRD231,ST020,95,107,104,98,25,2030-02-06,BAT003020
INVT003021,20261124,PRD219,ST045,67,65,109,23,30,2027-12-27,BAT003021
INVT003022,20230405,PRD209,ST016,230,80,89,221,25,2025-07-29,BAT003022
INVT003023,20250326,PRD020,ST038,428,98,34,492,50,2027-06-05,BAT003023
INVT003024,20250202,PRD238,ST029,90,28,112,6,50,2027-11-29,BAT003024
INVT003025,20270106,PRD071,ST037,406,97,28,475,30,2028-08-03,BAT003025
INVT003026,20230722,PRD190,ST038,288,2,22,268,30,2025-07-14,BAT003026
INVT003027,20240327,PRD083,ST034,132,118,52,198,25,2026-06-06,BAT003027
INVT003028,20260512,PRD121,ST006,486,80,78,488,30,2028-10-30,BAT003028
INVT003029,20261005,PRD202,ST023,194,105,84,215,40,2028-06-14,BAT003029
INVT003030,20260507,PRD170,ST049,184,74,95,163,25,2028-03-16,BAT003030
INVT003031,20251120,PRD038,ST020,363,31,50,344,50,2028-07-29,BAT003031
INVT003032,20250928,PRD125,ST046,489,66,35,520,50,2028-01-02,BAT003032
INVT003033,20260313,PRD116,ST037,188,104,33,259,20,2028-09-01,BAT003033
INVT003034,20241202,PRD075,ST015,74,84,64,94,40,2026-04-12,BAT003034
INVT003035,20280507,PRD112,ST037,392,136,82,446,50,2030-12-24,BAT003035
INVT003036,20260109,PRD052,ST016,130,26,1,155,50,2028-04-09,BAT003036
INVT003037,20240612,PRD032,ST045,138,29,110,57,40,2025-07-26,BAT003037
INVT003038,20280515,PRD168,ST020,486,132,44,574,25,2030-03-04,BAT003038
INVT003039,20270818,PRD190,ST022,291,149,16,424,25,2028-09-24,BAT003039
INVT003040,20250928,PRD006,ST003,204,71,72,203,40,2027-08-05,BAT003040
INVT003041,20270412,PRD033,ST010,420,57,72,405,20,2028-05-09,BAT003041
INVT003042,20240802,PRD183,ST007,119,29,26,122,40,2026-07-09,BAT003042
INVT003043,20270531,PRD183,ST034,411,100,24,487,30,2030-01-16,BAT003043
INVT003044,20261013,PRD242,ST001,334,110,103,341,20,2029-05-22,BAT003044
INVT003045,20250613,PRD036,ST017,411,92,70,433,30,2026-12-23,BAT003045
INVT003046,20251128,PRD168,ST026,248,56,10,294,20,2027-07-14,BAT003046
INVT003047,20270228,PRD025,ST014,201,46,24,223,40,2028-08-07,BAT003047
INVT003048,20240709,PRD018,ST016,149,79,58,170,30,2026-01-12,BAT003048
INVT003049,20251221,PRD209,ST014,385,27,2,410,30,2027-08-15,BAT003049
INVT003050,20280121,PRD297,ST027,308,101,100,309,50,2029-02-17,BAT003050
INVT003051,20230514,PRD283,ST042,210,36,72,174,30,2025-06-07,BAT003051
INVT003052,20230725,PRD079,ST042,95,124,56,163,30,2024-09-27,BAT003052
INVT003053,20280322,PRD135,ST013,69,77,26,120,30,2029-05-20,BAT003053
INVT003054,20240927,PRD117,ST035,456,93,6,543,25,2026-03-11,BAT003054
INVT003055,20260222,PRD217,ST026,223,46,57,212,30,2027-08-04,BAT003055
INVT003056,20250325,PRD103,ST009,316,39,79,276,25,2026-04-03,BAT003056
INVT003057,20240712,PRD009,ST009,219,102,73,248,20,2026-02-17,BAT003057
INVT003058,20250417,PRD006,ST015,61,56,25,92,30,2027-06-09,BAT003058
INVT003059,20280402,PRD226,ST005,425,31,85,371,40,2030-07-13,BAT003059
INVT003060,20270204,PRD006,ST029,488,109,18,579,40,2029-10-20,BAT003060
INVT003061,20261123,PRD162,ST016,433,14,22,425,30,2029-09-10,BAT003061
INVT003062,20270225,PRD108,ST004,90,44,116,18,25,2029-10-12,BAT003062
INVT003063,20251124,PRD250,ST011,170,7,27,150,30,2027-04-07,BAT003063
INVT003064,20230711,PRD066,ST035,201,117,8,310,50,2024-07-26,BAT003064
INVT003065,20240108,PRD233,ST046,133,41,84,90,25,2025-11-02,BAT003065
INVT003066,20230802,PRD192,ST004,274,105,117,262,30,2026-06-08,BAT003066
INVT003067,20280309,PRD053,ST031,378,126,41,463,30,2030-05-06,BAT003067
INVT003068,20240309,PRD094,ST017,75,98,46,127,50,2025-10-27,BAT003068
INVT003069,20271211,PRD079,ST044,290,37,43,284,50,2029-02-13,BAT003069
INVT003070,20250106,PRD080,ST021,356,10,102,264,50,2027-12-11,BAT003070
INVT003071,20261106,PRD198,ST026,438,136,36,538,30,2029-04-08,BAT003071
INVT003072,20240826,PRD127,ST032,177,48,57,168,50,2025-11-12,BAT003072
INVT003073,20250202,PRD052,ST009,93,22,6,109,20,2027-07-30,BAT003073
INVT003074,20280219,PRD263,ST003,170,88,88,170,50,2030-04-19,BAT003074
INVT003075,20230724,PRD038,ST030,487,12,110,389,40,2025-05-17,BAT003075
INVT003076,20230528,PRD116,ST039,127,90,13,204,50,2026-02-20,BAT003076
INVT003077,20251028,PRD182,ST012,356,81,94,343,20,2028-03-16,BAT003077
INVT003078,20240222,PRD089,ST012,122,126,49,199,30,2025-11-03,BAT003078
INVT003079,20250621,PRD286,ST030,143,41,2,182,30,2027-04-13,BAT003079
INVT003080,20240904,PRD074,ST008,242,45,48,239,30,2027-08-06,BAT003080
INVT003081,20251203,PRD196,ST013,149,0,88,61,50,2027-06-21,BAT003081
INVT003082,20250408,PRD149,ST019,204,113,112,205,20,2027-02-14,BAT003082
INVT003083,20280819,PRD266,ST032,310,148,118,340,30,2029-08-31,BAT003083
INVT003084,20260114,PRD238,ST002,461,42,1,502,30,2028-10-03,BAT003084
INVT003085,20270327,PRD260,ST044,228,18,78,168,30,2028-10-06,BAT003085
INVT003086,20280110,PRD255,ST017,369,46,50,365,40,2030-10-20,BAT003086
INVT003087,20250506,PRD082,ST039,429,81,53,457,25,2027-02-04,BAT003087
INVT003088,20250127,PRD232,ST032,292,81,101,272,25,2026-07-09,BAT003088
INVT003089,20270109,PRD291,ST010,58,107,10,155,40,2028-12-31,BAT003089
INVT003090,20231209,PRD073,ST039,118,7,83,42,30,2026-07-17,BAT003090
INVT003091,20241007,PRD078,ST038,196,29,9,216,30,2026-12-01,BAT003091
INVT003092,20250613,PRD022,ST010,352,81,40,393,50,2027-07-29,BAT003092
INVT003093,20250810,PRD224,ST016,287,39,82,244,40,2027-02-02,BAT003093
INVT003094,20260430,PRD093,ST003,270,96,9,357,30,2029-03-09,BAT003094
INVT003095,20251127,PRD264,ST002,380,141,43,478,20,2027-06-14,BAT003095
INVT003096,20250418,PRD055,ST015,385,137,97,425,20,2026-06-01,BAT003096
INVT003097,20260121,PRD294,ST035,486,57,90,453,25,2027-03-27,BAT003097
INVT003098,20231209,PRD091,ST010,98,44,100,42,20,2025-12-24,BAT003098
INVT003099,20260427,PRD262,ST043,107,95,68,134,25,2028-07-15,BAT003099
INVT003100,20270905,PRD275,ST032,255,76,114,217,20,2028-12-19,BAT003100
INVT003101,20240325,PRD272,ST021,184,142,68,258,20,2026-04-27,BAT003101
INVT003102,20260620,PRD157,ST049,118,0,5,113,40,2027-12-18,BAT003102
INVT003103,20280820,PRD255,ST029,376,134,61,449,25,2030-07-07,BAT003103
INVT003104,20281103,PRD168,ST050,427,99,81,445,40,2030-08-18,BAT003104
INVT003105,20270624,PRD160,ST050,431,30,76,385,40,2028-11-02,BAT003105
INVT003106,20250610,PRD152,ST043,142,28,78,92,25,2027-08-30,BAT003106
INVT003107,20240816,PRD092,ST005,148,46,2,192,30,2027-07-23,BAT003107
INVT003108,20230919,PRD024,ST019,133,64,68,129,25,2025-01-11,BAT003108
INVT003109,20260226,PRD249,ST033,500,145,98,547,20,2027-05-29,BAT003109
INVT003110,20280413,PRD229,ST010,472,104,75,501,50,2030-12-12,BAT003110
INVT003111,20260211,PRD295,ST045,319,24,83,260,25,2028-07-21,BAT003111
INVT003112,20250326,PRD057,ST048,331,5,7,329,25,2027-06-11,BAT003112
INVT003113,20270926,PRD210,ST002,427,43,90,380,20,2028-11-27,BAT003113
INVT003114,20230123,PRD179,ST013,432,41,69,404,30,2024-08-08,BAT003114
INVT003115,20270611,PRD097,ST007,51,82,80,53,20,2029-05-10,BAT003115
INVT003116,20250105,PRD139,ST016,321,60,70,311,20,2027-01-03,BAT003116
INVT003117,20241024,PRD214,ST040,137,144,98,183,50,2025-12-26,BAT003117
INVT003118,20230902,PRD231,ST026,323,110,20,413,40,2025-11-21,BAT003118
INVT003119,20250926,PRD117,ST012,482,142,113,511,25,2028-02-21,BAT003119
INVT003120,20270428,PRD105,ST014,467,123,52,538,20,2029-09-26,BAT003120
INVT003121,20261009,PRD059,ST041,327,103,22,408,40,2029-01-16,BAT003121
INVT003122,20240305,PRD127,ST028,332,78,99,311,20,2025-03-05,BAT003122
INVT003123,20231101,PRD098,ST010,389,129,101,417,25,2025-05-24,BAT003123
INVT003124,20250713,PRD079,ST007,394,138,108,424,50,2027-02-27,BAT003124
INVT003125,20261201,PRD096,ST030,427,16,67,376,40,2028-10-29,BAT003125
INVT003126,20230323,PRD208,ST031,302,98,12,388,20,2025-05-28,BAT003126
INVT003127,20270225,PRD298,ST011,53,137,66,124,20,2029-12-25,BAT003127
INVT003128,20251227,PRD127,ST050,88,32,59,61,50,2028-03-26,BAT003128
INVT003129,20270806,PRD060,ST030,307,28,45,290,50,2029-10-08,BAT003129
INVT003130,20281224,PRD127,ST035,404,76,44,436,40,2030-06-24,BAT003130
INVT003131,20230310,PRD078,ST045,250,96,47,299,40,2025-09-06,BAT003131
INVT003132,20270424,PRD088,ST040,495,90,73,512,20,2028-09-11,BAT003132
INVT003133,20260818,PRD230,ST014,207,129,75,261,50,2028-01-31,BAT003133
INVT003134,20261107,PRD167,ST015,358,69,85,342,40,2029-08-11,BAT003134
INVT003135,20230206,PRD228,ST048,202,34,74,162,50,2024-02-29,BAT003135
INVT003136,20271228,PRD138,ST041,293,36,97,232,50,2030-02-21,BAT003136
INVT003137,20270929,PRD156,ST005,441,112,73,480,50,2029-11-07,BAT003137
INVT003138,20280607,PRD012,ST036,51,141,100,92,50,2030-09-18,BAT003138
INVT003139,20260611,PRD255,ST017,336,90,87,339,50,2029-01-15,BAT003139
INVT003140,20260310,PRD208,ST018,88,130,24,194,50,2028-08-07,BAT003140
INVT003141,20260523,PRD058,ST027,286,62,36,312,40,2028-11-04,BAT003141
INVT003142,20261107,PRD106,ST026,425,148,68,505,50,2028-02-24,BAT003142
INVT003143,20270409,PRD150,ST050,349,136,3,482,30,2029-01-29,BAT003143
INVT003144,20260718,PRD006,ST039,135,131,103,163,40,2027-07-28,BAT003144
INVT003145,20260831,PRD088,ST008,477,8,20,465,40,2028-01-20,BAT003145
INVT003146,20280222,PRD021,ST026,254,74,70,258,50,2029-04-24,BAT003146
INVT003147,20230316,PRD279,ST012,188,136,106,218,30,2025-03-17,BAT003147
INVT003148,20281031,PRD054,ST050,163,0,71,92,50,2031-06-09,BAT003148
INVT003149,20250217,PRD022,ST022,297,78,85,290,50,2027-09-04,BAT003149
INVT003150,20250828,PRD243,ST017,476,27,70,433,30,2027-10-27,BAT003150
INVT003151,20250826,PRD008,ST010,278,94,117,255,20,2026-10-13,BAT003151
INVT003152,20230103,PRD109,ST003,397,88,92,393,40,2025-11-28,BAT003152
INVT003153,20270710,PRD053,ST038,495,91,82,504,25,2028-07-26,BAT003153
INVT003154,20270104,PRD199,ST019,99,142,33,208,50,2028-07-18,BAT003154
INVT003155,20271201,PRD278,ST043,482,75,55,502,40,2030-07-06,BAT003155
INVT003156,20230801,PRD258,ST049,295,4,83,216,20,2026-01-25,BAT003156
INVT003157,20280417,PRD083,ST027,499,8,3,504,20,2031-01-23,BAT003157
INVT003158,20250415,PRD219,ST024,402,31,6,427,25,2027-01-17,BAT003158
INVT003159,20260425,PRD156,ST017,117,11,50,78,40,2028-01-30,BAT003159
INVT003160,20261105,PRD217,ST036,255,95,21,329,30,2027-12-14,BAT003160
INVT003161,20270328,PRD073,ST050,114,29,41,102,30,2029-12-12,BAT003161
INVT003162,20271122,PRD245,ST009,211,108,98,221,25,2029-05-28,BAT003162
INVT003163,20250110,PRD064,ST039,54,84,30,108,25,2027-10-22,BAT003163
INVT003164,20260422,PRD226,ST002,182,127,39,270,40,2028-05-24,BAT003164
INVT003165,20260528,PRD278,ST019,400,83,47,436,50,2028-01-11,BAT003165
INVT003166,20271126,PRD168,ST011,99,59,68,90,25,2029-10-11,BAT003166
INVT003167,20230126,PRD251,ST006,120,73,42,151,30,2024-09-05,BAT003167
INVT003168,20240221,PRD086,ST045,474,14,0,488,25,2026-03-30,BAT003168
INVT003169,20240607,PRD095,ST006,494,17,118,393,40,2026-02-04,BAT003169
INVT003170,20240809,PRD238,ST032,130,108,98,140,30,2027-02-08,BAT003170
INVT003171,20251006,PRD178,ST036,214,82,70,226,30,2027-03-30,BAT003171
INVT003172,20250111,PRD300,ST043,206,43,87,162,30,2026-06-03,BAT003172
INVT003173,20260704,PRD052,ST026,109,128,41,196,40,2028-07-15,BAT003173
INVT003174,20231211,PRD230,ST005,78,86,117,47,20,2026-06-04,BAT003174
INVT003175,20230713,PRD186,ST020,356,23,33,346,40,2025-10-20,BAT003175
INVT003176,20260612,PRD138,ST031,167,93,81,179,25,2028-06-11,BAT003176
INVT003177,20240801,PRD153,ST029,497,135,93,539,30,2025-11-23,BAT003177
INVT003178,20280304,PRD061,ST023,347,76,89,334,50,2030-06-17,BAT003178
INVT003179,20250327,PRD134,ST019,483,52,4,531,30,2026-11-18,BAT003179
INVT003180,20280623,PRD262,ST035,65,56,24,97,20,2030-12-17,BAT003180
INVT003181,20250610,PRD216,ST006,497,17,88,426,25,2027-02-10,BAT003181
INVT003182,20281104,PRD094,ST028,69,131,60,140,50,2031-05-05,BAT003182
INVT003183,20241218,PRD286,ST005,230,44,61,213,50,2027-04-18,BAT003183
INVT003184,20250315,PRD005,ST019,473,142,55,560,25,2027-02-01,BAT003184
INVT003185,20230914,PRD161,ST012,112,113,88,137,30,2025-11-05,BAT003185
INVT003186,20260831,PRD109,ST021,423,57,61,419,50,2027-10-21,BAT003186
INVT003187,20240220,PRD263,ST037,492,27,45,474,40,2027-01-22,BAT003187
INVT003188,20280513,PRD097,ST019,192,97,63,226,20,2030-09-15,BAT003188
INVT003189,20271219,PRD194,ST011,353,101,75,379,20,2029-10-31,BAT003189
INVT003190,20250708,PRD108,ST026,119,150,77,192,50,2027-03-28,BAT003190
INVT003191,20270321,PRD221,ST017,224,13,78,159,50,2029-10-29,BAT003191
INVT003192,20230429,PRD019,ST008,74,136,76,134,50,2025-04-11,BAT003192
INVT003193,20280518,PRD117,ST037,58,136,115,79,25,2031-04-18,BAT003193
INVT003194,20261026,PRD084,ST007,410,21,69,362,50,2028-12-18,BAT003194
INVT003195,20281108,PRD149,ST019,137,75,49,163,30,2031-04-18,BAT003195
INVT003196,20281017,PRD153,ST040,434,117,74,477,30,2031-01-08,BAT003196
INVT003197,20241130,PRD288,ST024,471,125,42,554,50,2026-11-21,BAT003197
INVT003198,20281030,PRD065,ST034,429,28,107,350,50,2029-12-21,BAT003198
INVT003199,20250103,PRD074,ST005,275,149,59,365,50,2027-09-18,BAT003199
INVT003200,20231031,PRD071,ST020,320,138,24,434,50,2026-02-04,BAT003200
INVT003201,20231202,PRD237,ST001,218,148,67,299,30,2025-08-26,BAT003201
INVT003202,20260908,PRD051,ST018,456,52,54,454,40,2028-02-18,BAT003202
INVT003203,20281112,PRD201,ST034,103,21,23,101,25,2031-08-27,BAT003203
INVT003204,20230502,PRD108,ST034,307,87,96,298,40,2025-11-01,BAT003204
INVT003205,20240412,PRD042,ST037,175,125,106,194,50,2025-07-02,BAT003205
INVT003206,20260131,PRD173,ST037,55,5,47,13,50,2028-12-03,BAT003206
INVT003207,20241114,PRD054,ST029,289,147,6,430,30,2026-10-03,BAT003207
INVT003208,20240828,PRD287,ST028,266,149,26,389,25,2026-09-14,BAT003208
INVT003209,20240102,PRD161,ST048,308,137,96,349,20,2026-04-21,BAT003209
INVT003210,20230218,PRD164,ST013,114,101,2,213,20,2024-06-21,BAT003210
INVT003211,20250914,PRD300,ST006,55,63,109,9,50,2027-01-20,BAT003211
INVT003212,20280426,PRD158,ST009,380,80,44,416,20,2029-12-31,BAT003212
INVT003213,20271014,PRD022,ST037,80,135,41,174,50,2029-01-24,BAT003213
INVT003214,20280819,PRD063,ST003,195,83,7,271,25,2030-06-21,BAT003214
INVT003215,20250519,PRD237,ST014,255,17,115,157,30,2028-05-01,BAT003215
INVT003216,20281214,PRD255,ST014,244,102,17,329,40,2030-03-04,BAT003216
INVT003217,20250607,PRD179,ST033,418,102,72,448,25,2027-01-07,BAT003217
INVT003218,20261217,PRD124,ST040,80,1,80,1,30,2029-06-26,BAT003218
INVT003219,20260810,PRD221,ST006,237,74,57,254,25,2027-11-06,BAT003219
INVT003220,20261001,PRD198,ST025,172,149,62,259,50,2028-04-08,BAT003220
INVT003221,20270102,PRD178,ST008,101,97,37,161,25,2029-02-07,BAT003221
INVT003222,20230624,PRD069,ST033,172,120,62,230,25,2025-10-03,BAT003222
INVT003223,20230426,PRD082,ST035,354,107,98,363,40,2025-06-18,BAT003223
INVT003224,20230120,PRD176,ST016,201,45,66,180,20,2025-02-09,BAT003224
INVT003225,20251110,PRD132,ST005,468,105,9,564,20,2027-02-25,BAT003225
INVT003226,20280306,PRD166,ST041,154,85,68,171,30,2030-04-29,BAT003226
INVT003227,20251223,PRD022,ST024,113,9,24,98,50,2028-07-04,BAT003227
INVT003228,20230106,PRD070,ST032,159,2,33,128,25,2025-05-18,BAT003228
INVT003229,20270916,PRD107,ST028,118,130,111,137,20,2029-06-11,BAT003229
INVT003230,20251127,PRD139,ST030,109,135,96,148,50,2027-07-20,BAT003230
INVT003231,20260722,PRD109,ST002,344,105,73,376,20,2028-09-22,BAT003231
INVT003232,20280721,PRD206,ST017,405,0,72,333,25,2030-01-14,BAT003232
INVT003233,20280902,PRD275,ST049,489,71,120,440,50,2031-02-05,BAT003233
INVT003234,20280204,PRD139,ST021,436,89,14,511,25,2030-01-05,BAT003234
INVT003235,20280202,PRD070,ST032,113,116,34,195,25,2029-02-22,BAT003235
INVT003236,20271007,PRD284,ST036,111,27,96,42,40,2029-07-10,BAT003236
INVT003237,20230524,PRD104,ST020,156,128,97,187,50,2024-07-28,BAT003237
INVT003238,20280908,PRD253,ST014,330,120,56,394,30,2031-02-14,BAT003238
INVT003239,20250630,PRD120,ST014,257,72,97,232,40,2027-10-03,BAT003239
INVT003240,20230227,PRD129,ST007,169,2,77,94,20,2025-11-25,BAT003240
INVT003241,20240406,PRD179,ST013,312,107,2,417,25,2026-10-16,BAT003241
INVT003242,20240607,PRD203,ST009,228,67,100,195,25,2025-07-17,BAT003242
INVT003243,20251209,PRD035,ST042,483,43,110,416,25,2027-03-06,BAT003243
INVT003244,20230523,PRD183,ST029,286,34,0,320,30,2025-03-04,BAT003244
INVT003245,20230929,PRD011,ST004,412,126,88,450,50,2026-09-19,BAT003245
INVT003246,20260119,PRD052,ST037,160,40,34,166,30,2027-09-21,BAT003246
INVT003247,20231105,PRD031,ST040,297,79,12,364,25,2025-03-31,BAT003247
INVT003248,20260208,PRD279,ST030,64,150,93,121,50,2028-06-08,BAT003248
INVT003249,20240910,PRD200,ST017,493,147,52,588,25,2026-03-16,BAT003249
INVT003250,20241227,PRD192,ST006,303,76,101,278,25,2026-07-04,BAT003250
INVT003251,20260401,PRD008,ST017,476,54,22,508,40,2027-07-12,BAT003251
INVT003252,20240317,PRD274,ST040,76,9,24,61,30,2026-04-12,BAT003252
INVT003253,20281123,PRD221,ST007,402,97,27,472,20,2031-03-24,BAT003253
INVT003254,20230219,PRD077,ST035,254,114,88,280,25,2024-04-16,BAT003254
INVT003255,20240912,PRD018,ST003,354,85,99,340,25,2026-10-17,BAT003255
INVT003256,20270824,PRD070,ST005,342,92,25,409,40,2030-03-02,BAT003256
INVT003257,20230508,PRD006,ST022,288,121,77,332,30,2024-06-06,BAT003257
INVT003258,20230903,PRD050,ST032,174,34,42,166,50,2024-09-14,BAT003258
INVT003259,20230417,PRD237,ST014,365,118,11,472,25,2024-05-21,BAT003259
INVT003260,20280124,PRD088,ST011,97,27,26,98,50,2030-02-16,BAT003260
INVT003261,20230618,PRD261,ST031,88,99,63,124,25,2024-12-24,BAT003261
INVT003262,20240506,PRD013,ST017,211,71,95,187,40,2025-08-28,BAT003262
INVT003263,20280724,PRD057,ST037,135,140,103,172,20,2030-11-21,BAT003263
INVT003264,20230126,PRD233,ST017,206,62,52,216,20,2024-06-22,BAT003264
INVT003265,20250712,PRD155,ST019,488,33,23,498,30,2026-12-06,BAT003265
INVT003266,20240116,PRD204,ST001,123,87,23,187,25,2026-09-08,BAT003266
INVT003267,20260110,PRD043,ST010,425,4,74,355,30,2027-11-18,BAT003267
INVT003268,20280102,PRD243,ST012,242,5,26,221,25,2030-03-07,BAT003268
INVT003269,20261217,PRD162,ST007,165,33,60,138,40,2028-03-06,BAT003269
INVT003270,20280322,PRD154,ST047,335,6,86,255,25,2029-12-23,BAT003270
INVT003271,20261113,PRD184,ST038,326,89,14,401,40,2027-12-20,BAT003271
INVT003272,20240622,PRD055,ST007,344,28,40,332,50,2027-02-07,BAT003272
INVT003273,20240108,PRD088,ST028,326,103,96,333,30,2026-09-20,BAT003273
INVT003274,20270822,PRD131,ST031,334,109,101,342,50,2030-07-12,BAT003274
INVT003275,20270922,PRD065,ST014,287,97,7,377,20,2030-02-15,BAT003275
INVT003276,20281122,PRD138,ST020,283,66,3,346,50,2030-07-16,BAT003276
INVT003277,20271201,PRD286,ST006,339,28,73,294,20,2030-04-16,BAT003277
INVT003278,20260409,PRD291,ST009,93,111,38,166,20,2027-05-30,BAT003278
INVT003279,20270712,PRD293,ST048,421,135,119,437,25,2029-08-17,BAT003279
INVT003280,20240607,PRD102,ST021,167,71,69,169,30,2026-11-11,BAT003280
INVT003281,20271126,PRD139,ST029,70,129,20,179,20,2029-07-12,BAT003281
INVT003282,20281201,PRD211,ST021,190,110,23,277,25,2029-12-10,BAT003282
INVT003283,20241119,PRD034,ST011,152,125,87,190,25,2025-12-03,BAT003283
INVT003284,20270111,PRD169,ST001,499,53,97,455,25,2028-01-13,BAT003284
INVT003285,20230907,PRD011,ST002,330,132,48,414,25,2025-07-01,BAT003285
INVT003286,20270710,PRD233,ST016,353,28,78,303,20,2028-07-12,BAT003286
INVT003287,20281015,PRD267,ST037,443,145,11,577,20,2030-06-30,BAT003287
INVT003288,20240502,PRD208,ST001,61,148,109,100,20,2026-05-30,BAT003288
INVT003289,20240915,PRD121,ST009,400,126,25,501,40,2027-05-03,BAT003289
INVT003290,20281218,PRD296,ST047,285,11,49,247,20,2031-06-25,BAT003290
INVT003291,20261011,PRD154,ST035,481,21,120,382,50,2028-12-19,BAT003291
INVT003292,20280520,PRD133,ST025,175,10,6,179,20,2031-01-21,BAT003292
INVT003293,20281010,PRD142,ST044,162,63,55,170,20,2030-01-17,BAT003293
INVT003294,20250927,PRD229,ST006,99,133,112,120,20,2027-08-18,BAT003294
INVT003295,20240114,PRD285,ST042,239,66,42,263,50,2025-06-06,BAT003295
INVT003296,20260619,PRD077,ST002,146,66,103,109,20,2027-08-28,BAT003296
INVT003297,20270126,PRD105,ST021,440,61,35,466,40,2029-03-21,BAT003297
INVT003298,20230503,PRD229,ST021,242,147,77,312,50,2025-01-13,BAT003298
INVT003299,20260306,PRD298,ST046,189,103,55,237,40,2027-08-04,BAT003299
INVT003300,20230808,PRD049,ST004,331,35,34,332,20,2024-12-27,BAT003300
INVT003301,20240111,PRD260,ST010,120,56,65,111,40,2026-09-12,BAT003301
INVT003302,20260329,PRD001,ST010,250,36,4,282,50,2028-03-17,BAT003302
INVT003303,20280813,PRD036,ST032,184,83,115,152,25,2030-12-04,BAT003303
INVT003304,20250720,PRD184,ST041,148,105,39,214,25,2027-03-04,BAT003304
INVT003305,20261111,PRD233,ST002,54,75,11,118,25,2029-08-06,BAT003305
INVT003306,20240123,PRD287,ST009,332,84,13,403,50,2025-05-20,BAT003306
INVT003307,20270911,PRD036,ST041,140,83,44,179,50,2028-09-28,BAT003307
INVT003308,20260320,PRD204,ST008,66,15,59,22,50,2027-09-13,BAT003308
INVT003309,20250616,PRD029,ST017,268,104,3,369,20,2026-09-11,BAT003309
INVT003310,20240607,PRD288,ST016,317,36,58,295,20,2025-07-07,BAT003310
INVT003311,20240103,PRD090,ST013,115,145,94,166,40,2025-03-13,BAT003311
INVT003312,20261208,PRD046,ST009,65,67,68,64,30,2027-12-19,BAT003312
INVT003313,20280731,PRD220,ST028,434,83,28,489,30,2030-06-15,BAT003313
INVT003314,20270413,PRD024,ST020,385,45,114,316,25,2029-07-06,BAT003314
INVT003315,20270913,PRD113,ST041,203,98,105,196,20,2028-12-30,BAT003315
INVT003316,20231227,PRD171,ST016,53,93,63,83,25,2025-11-07,BAT003316
INVT003317,20280707,PRD077,ST017,170,89,71,188,40,2029-09-30,BAT003317
INVT003318,20280704,PRD210,ST035,136,41,120,57,30,2029-10-15,BAT003318
INVT003319,20240531,PRD235,ST043,143,100,57,186,20,2026-11-03,BAT003319
INVT003320,20270525,PRD215,ST046,464,99,119,444,30,2030-05-09,BAT003320
INVT003321,20270628,PRD079,ST009,191,19,118,92,50,2029-09-22,BAT003321
INVT003322,20270802,PRD280,ST029,311,69,101,279,50,2029-05-28,BAT003322
INVT003323,20280422,PRD240,ST006,389,40,74,355,20,2031-02-05,BAT003323
INVT003324,20250430,PRD186,ST001,68,105,119,54,20,2027-10-04,BAT003324
INVT003325,20260527,PRD257,ST037,297,77,18,356,25,2028-01-22,BAT003325
INVT003326,20260706,PRD140,ST014,207,13,39,181,40,2028-07-27,BAT003326
INVT003327,20240916,PRD057,ST010,94,86,101,79,40,2026-06-01,BAT003327
INVT003328,20261230,PRD084,ST023,181,147,100,228,25,2028-01-16,BAT003328
INVT003329,20270626,PRD142,ST019,379,22,98,303,20,2028-10-06,BAT003329
INVT003330,20280712,PRD101,ST035,331,20,67,284,25,2030-10-29,BAT003330
INVT003331,20251017,PRD002,ST043,269,59,39,289,25,2027-09-27,BAT003331
INVT003332,20260323,PRD257,ST033,462,45,92,415,20,2028-09-13,BAT003332
INVT003333,20281017,PRD142,ST038,460,107,68,499,20,2030-12-05,BAT003333
INVT003334,20270718,PRD133,ST050,59,88,108,39,20,2028-10-28,BAT003334
INVT003335,20230629,PRD094,ST006,132,94,39,187,25,2026-05-01,BAT003335
INVT003336,20260216,PRD043,ST047,145,63,110,98,20,2027-06-17,BAT003336
INVT003337,20270703,PRD027,ST020,362,135,54,443,20,2029-03-04,BAT003337
INVT003338,20280727,PRD073,ST007,415,129,49,495,20,2029-09-24,BAT003338
INVT003339,20250409,PRD084,ST004,407,51,13,445,50,2027-07-10,BAT003339
INVT003340,20230722,PRD042,ST006,463,70,4,529,20,2025-02-20,BAT003340
INVT003341,20260504,PRD244,ST008,173,27,96,104,40,2027-08-13,BAT003341
INVT003342,20280326,PRD285,ST027,73,26,80,19,40,2029-09-01,BAT003342
INVT003343,20261224,PRD027,ST047,309,66,12,363,50,2029-10-17,BAT003343
INVT003344,20260312,PRD239,ST034,218,93,117,194,20,2028-12-14,BAT003344
INVT003345,20240508,PRD040,ST014,274,87,28,333,30,2026-11-01,BAT003345
INVT003346,20241109,PRD062,ST002,291,42,71,262,50,2027-10-02,BAT003346
INVT003347,20271223,PRD268,ST048,51,120,17,154,40,2030-08-27,BAT003347
INVT003348,20230819,PRD117,ST030,107,106,13,200,40,2024-09-15,BAT003348
INVT003349,20280928,PRD057,ST050,365,120,106,379,25,2030-02-07,BAT003349
INVT003350,20250410,PRD197,ST017,296,125,99,322,20,2027-10-10,BAT003350
INVT003351,20250321,PRD249,ST022,478,58,5,531,40,2027-05-24,BAT003351
INVT003352,20240310,PRD004,ST012,458,73,70,461,20,2027-01-28,BAT003352
INVT003353,20270209,PRD181,ST030,493,128,4,617,20,2028-07-31,BAT003353
INVT003354,20251118,PRD151,ST013,458,34,27,465,40,2027-05-27,BAT003354
INVT003355,20241026,PRD063,ST026,349,9,101,257,40,2027-07-04,BAT003355
INVT003356,20270416,PRD283,ST023,483,116,33,566,40,2030-02-26,BAT003356
INVT003357,20280417,PRD011,ST025,460,113,87,486,30,2029-06-23,BAT003357
INVT003358,20271125,PRD061,ST016,345,93,89,349,25,2029-02-23,BAT003358
INVT003359,20260811,PRD029,ST048,109,104,114,99,30,2028-01-06,BAT003359
INVT003360,20270510,PRD038,ST001,295,2,27,270,25,2029-05-16,BAT003360
INVT003361,20230710,PRD268,ST050,182,40,36,186,25,2026-06-28,BAT003361
INVT003362,20240405,PRD276,ST015,345,35,36,344,50,2026-01-29,BAT003362
INVT003363,20280823,PRD034,ST015,62,2,38,26,20,2030-11-01,BAT003363
INVT003364,20231102,PRD008,ST021,489,58,5,542,25,2025-02-12,BAT003364
INVT003365,20270217,PRD037,ST025,293,93,97,289,50,2029-03-20,BAT003365
INVT003366,20260406,PRD207,ST046,456,62,29,489,50,2028-03-08,BAT003366
INVT003367,20250811,PRD159,ST036,96,23,0,119,30,2026-08-28,BAT003367
INVT003368,20240430,PRD142,ST032,265,66,98,233,25,2026-09-14,BAT003368
INVT003369,20280901,PRD300,ST028,488,31,40,479,40,2030-05-11,BAT003369
INVT003370,20261012,PRD165,ST048,441,28,17,452,50,2027-12-29,BAT003370
INVT003371,20280114,PRD253,ST022,463,25,17,471,25,2030-09-11,BAT003371
INVT003372,20270305,PRD289,ST032,309,25,43,291,30,2028-11-24,BAT003372
INVT003373,20240925,PRD193,ST041,73,118,20,171,25,2026-10-22,BAT003373
INVT003374,20230319,PRD079,ST019,452,74,55,471,30,2024-12-29,BAT003374
INVT003375,20270928,PRD237,ST030,122,9,45,86,20,2029-12-23,BAT003375
INVT003376,20240221,PRD014,ST030,154,15,105,64,50,2026-06-09,BAT003376
INVT003377,20240516,PRD186,ST025,462,67,96,433,40,2026-11-11,BAT003377
INVT003378,20250730,PRD247,ST043,420,15,27,408,20,2027-12-10,BAT003378
INVT003379,20260726,PRD158,ST015,321,4,99,226,25,2028-10-20,BAT003379
INVT003380,20260429,PRD038,ST020,307,83,90,300,40,2029-03-16,BAT003380
INVT003381,20250111,PRD197,ST004,132,144,22,254,30,2026-10-03,BAT003381
INVT003382,20270604,PRD271,ST026,125,115,23,217,50,2029-11-13,BAT003382
INVT003383,20260514,PRD024,ST029,263,109,32,340,25,2027-05-24,BAT003383
INVT003384,20271230,PRD194,ST044,155,36,61,130,20,2030-12-22,BAT003384
INVT003385,20250425,PRD174,ST014,422,140,117,445,40,2027-08-25,BAT003385
INVT003386,20270907,PRD071,ST023,359,32,27,364,50,2029-11-21,BAT003386
INVT003387,20280826,PRD244,ST039,76,104,114,66,20,2030-05-22,BAT003387
INVT003388,20281018,PRD268,ST026,352,59,22,389,20,2031-09-28,BAT003388
INVT003389,20261002,PRD190,ST050,170,66,0,236,30,2027-10-28,BAT003389
INVT003390,20281119,PRD075,ST031,152,147,53,246,20,2030-10-20,BAT003390
INVT003391,20280115,PRD220,ST017,447,2,40,409,25,2030-12-13,BAT003391
INVT003392,20260810,PRD211,ST029,79,121,64,136,50,2028-11-26,BAT003392
INVT003393,20280809,PRD174,ST023,180,40,55,165,20,2031-04-01,BAT003393
INVT003394,20230424,PRD124,ST034,182,37,108,111,25,2025-08-24,BAT003394
INVT003395,20250510,PRD207,ST048,478,33,58,453,25,2026-11-10,BAT003395
INVT003396,20230902,PRD091,ST012,379,37,61,355,20,2024-12-18,BAT003396
INVT003397,20231104,PRD238,ST024,383,125,54,454,50,2025-03-06,BAT003397
INVT003398,20280707,PRD055,ST028,134,14,99,49,30,2029-12-15,BAT003398
INVT003399,20270304,PRD059,ST019,187,141,51,277,50,2029-09-20,BAT003399
INVT003400,20250811,PRD017,ST024,139,26,106,59,40,2028-03-25,BAT003400
INVT003401,20230202,PRD107,ST038,488,45,23,510,20,2024-08-04,BAT003401
INVT003402,20270820,PRD292,ST036,57,24,34,47,25,2030-07-14,BAT003402
INVT003403,20270617,PRD138,ST032,474,19,7,486,40,2029-12-27,BAT003403
INVT003404,20230414,PRD037,ST029,287,4,117,174,25,2024-07-04,BAT003404
INVT003405,20270627,PRD100,ST029,448,10,113,345,30,2030-05-28,BAT003405
INVT003406,20230214,PRD017,ST019,348,50,26,372,25,2025-04-12,BAT003406
INVT003407,20280223,PRD094,ST017,193,96,73,216,25,2029-06-17,BAT003407
INVT003408,20271210,PRD082,ST037,192,113,55,250,25,2030-06-30,BAT003408
INVT003409,20230122,PRD277,ST015,338,8,94,252,40,2024-12-19,BAT003409
INVT003410,20251201,PRD032,ST011,229,140,41,328,20,2028-11-15,BAT003410
INVT003411,20250615,PRD116,ST009,286,40,97,229,40,2026-12-16,BAT003411
INVT003412,20231223,PRD082,ST037,110,99,28,181,30,2026-10-20,BAT003412
INVT003413,20230715,PRD153,ST050,338,109,7,440,25,2025-09-27,BAT003413
INVT003414,20270916,PRD232,ST026,380,84,105,359,25,2029-12-23,BAT003414
INVT003415,20241111,PRD284,ST042,205,91,26,270,50,2027-03-26,BAT003415
INVT003416,20251220,PRD192,ST002,281,0,64,217,50,2028-03-09,BAT003416
INVT003417,20260519,PRD002,ST027,433,126,46,513,40,2027-06-10,BAT003417
INVT003418,20241125,PRD023,ST035,55,26,72,9,25,2027-07-27,BAT003418
INVT003419,20230710,PRD085,ST012,445,19,115,349,30,2025-05-11,BAT003419
INVT003420,20250902,PRD017,ST018,182,138,73,247,20,2028-04-22,BAT003420
INVT003421,20250711,PRD089,ST011,228,49,31,246,25,2027-01-04,BAT003421
INVT003422,20230127,PRD086,ST016,233,17,5,245,25,2025-02-13,BAT003422
INVT003423,20260919,PRD177,ST004,108,57,43,122,30,2028-08-20,BAT003423
INVT003424,20230517,PRD116,ST026,347,129,104,372,50,2025-12-10,BAT003424
INVT003425,20260312,PRD107,ST040,149,62,24,187,25,2028-01-07,BAT003425
INVT003426,20251005,PRD202,ST011,353,109,16,446,20,2028-04-07,BAT003426
INVT003427,20230420,PRD178,ST037,432,137,82,487,25,2024-08-22,BAT003427
INVT003428,20240601,PRD138,ST049,188,23,20,191,50,2025-07-29,BAT003428
INVT003429,20271225,PRD171,ST049,356,100,40,416,50,2030-08-31,BAT003429
INVT003430,20240702,PRD029,ST008,123,62,63,122,40,2026-01-20,BAT003430
INVT003431,20231105,PRD247,ST030,208,150,47,311,30,2025-04-16,BAT003431
INVT003432,20230926,PRD008,ST025,143,68,82,129,20,2026-04-27,BAT003432
INVT003433,20250412,PRD230,ST022,368,25,75,318,25,2026-10-14,BAT003433
INVT003434,20270609,PRD229,ST005,409,58,12,455,40,2029-06-24,BAT003434
INVT003435,20250808,PRD206,ST009,266,70,60,276,30,2027-01-09,BAT003435
INVT003436,20280914,PRD205,ST017,246,26,114,158,25,2031-09-02,BAT003436
INVT003437,20230415,PRD218,ST008,279,58,3,334,20,2025-11-19,BAT003437
INVT003438,20241010,PRD273,ST018,211,35,34,212,20,2026-04-23,BAT003438
INVT003439,20241111,PRD055,ST005,231,58,110,179,30,2026-11-09,BAT003439
INVT003440,20230210,PRD163,ST007,188,53,92,149,25,2024-05-22,BAT003440
INVT003441,20240306,PRD154,ST016,391,12,66,337,40,2026-07-15,BAT003441
INVT003442,20280303,PRD072,ST017,288,32,47,273,30,2029-07-15,BAT003442
INVT003443,20240920,PRD048,ST033,329,60,90,299,30,2027-06-25,BAT003443
INVT003444,20260809,PRD277,ST008,352,46,94,304,20,2028-06-13,BAT003444
INVT003445,20280601,PRD253,ST003,270,126,81,315,40,2031-01-10,BAT003445
INVT003446,20250323,PRD107,ST016,437,43,75,405,50,2027-10-15,BAT003446
INVT003447,20271028,PRD182,ST007,233,14,21,226,30,2030-02-17,BAT003447
INVT003448,20260402,PRD222,ST018,79,133,42,170,50,2028-04-03,BAT003448
INVT003449,20281129,PRD272,ST013,474,138,21,591,30,2031-11-15,BAT003449
INVT003450,20271126,PRD245,ST009,257,44,2,299,50,2029-08-24,BAT003450
INVT003451,20270618,PRD247,ST009,387,149,99,437,25,2029-06-23,BAT003451
INVT003452,20260603,PRD111,ST050,376,81,94,363,30,2027-08-24,BAT003452
INVT003453,20270524,PRD087,ST036,131,44,23,152,30,2028-05-31,BAT003453
INVT003454,20240311,PRD274,ST012,230,103,21,312,30,2026-06-11,BAT003454
INVT003455,20241205,PRD283,ST027,146,150,97,199,30,2026-06-07,BAT003455
INVT003456,20230222,PRD047,ST011,455,41,31,465,30,2024-05-21,BAT003456
INVT003457,20260323,PRD292,ST037,139,2,100,41,20,2028-12-02,BAT003457
INVT003458,20270907,PRD202,ST011,475,113,5,583,25,2029-10-30,BAT003458
INVT003459,20270621,PRD001,ST017,475,87,105,457,20,2030-02-04,BAT003459
INVT003460,20270119,PRD221,ST013,144,17,61,100,30,2029-11-11,BAT003460
INVT003461,20230611,PRD010,ST046,168,19,6,181,20,2026-01-19,BAT003461
INVT003462,20250618,PRD126,ST024,440,51,68,423,50,2026-12-16,BAT003462
INVT003463,20240704,PRD083,ST020,478,118,11,585,20,2027-03-02,BAT003463
INVT003464,20250629,PRD196,ST001,405,11,53,363,20,2027-12-22,BAT003464
INVT003465,20240811,PRD237,ST032,387,9,41,355,40,2026-05-25,BAT003465
INVT003466,20270628,PRD057,ST044,433,107,106,434,20,2029-10-25,BAT003466
INVT003467,20271121,PRD067,ST026,194,55,90,159,50,2030-11-20,BAT003467
INVT003468,20261220,PRD006,ST001,343,83,29,397,40,2028-06-14,BAT003468
INVT003469,20250329,PRD139,ST028,96,113,105,104,40,2028-02-01,BAT003469
INVT003470,20240823,PRD115,ST044,106,52,111,47,25,2026-10-17,BAT003470
INVT003471,20240414,PRD007,ST042,455,66,36,485,20,2026-07-03,BAT003471
INVT003472,20260512,PRD071,ST013,416,25,49,392,30,2028-02-18,BAT003472
INVT003473,20260324,PRD060,ST048,150,117,22,245,40,2028-07-17,BAT003473
INVT003474,20270510,PRD268,ST024,294,107,114,287,20,2029-07-15,BAT003474
INVT003475,20250503,PRD129,ST039,199,46,79,166,20,2027-02-11,BAT003475
INVT003476,20271022,PRD036,ST031,217,87,12,292,50,2030-05-07,BAT003476
INVT003477,20271213,PRD011,ST006,477,126,79,524,50,2030-07-13,BAT003477
INVT003478,20250212,PRD089,ST020,407,46,5,448,25,2026-12-02,BAT003478
INVT003479,20250616,PRD228,ST020,186,68,9,245,40,2026-12-05,BAT003479
INVT003480,20250616,PRD138,ST023,269,85,101,253,25,2027-11-11,BAT003480
INVT003481,20270512,PRD294,ST017,279,145,97,327,20,2028-10-27,BAT003481
INVT003482,20270110,PRD151,ST050,324,94,95,323,25,2029-01-31,BAT003482
INVT003483,20240714,PRD215,ST036,340,10,35,315,40,2026-01-07,BAT003483
INVT003484,20250321,PRD265,ST028,425,68,8,485,20,2026-03-24,BAT003484
INVT003485,20261020,PRD117,ST033,497,86,80,503,30,2029-02-24,BAT003485
INVT003486,20260102,PRD090,ST006,250,71,30,291,30,2028-08-28,BAT003486
INVT003487,20230307,PRD017,ST038,449,56,61,444,50,2024-05-24,BAT003487
INVT003488,20251208,PRD219,ST004,206,125,108,223,40,2027-03-14,BAT003488
INVT003489,20260417,PRD114,ST030,308,133,33,408,30,2027-11-20,BAT003489
INVT003490,20280216,PRD027,ST026,422,96,10,508,50,2030-05-23,BAT003490
INVT003491,20261210,PRD213,ST017,262,119,16,365,40,2028-08-05,BAT003491
INVT003492,20270714,PRD284,ST005,238,76,112,202,20,2029-12-26,BAT003492
INVT003493,20270307,PRD265,ST048,361,146,4,503,20,2028-08-05,BAT003493
INVT003494,20280129,PRD244,ST045,135,147,107,175,20,2029-02-08,BAT003494
INVT003495,20281018,PRD158,ST022,70,116,83,103,50,2030-11-16,BAT003495
INVT003496,20230325,PRD149,ST016,236,105,96,245,40,2024-04-27,BAT003496
INVT003497,20261014,PRD019,ST015,411,63,56,418,30,2028-12-22,BAT003497
INVT003498,20280916,PRD126,ST014,63,101,61,103,40,2031-07-29,BAT003498
INVT003499,20250514,PRD012,ST026,291,30,70,251,25,2026-11-17,BAT003499
INVT003500,20250121,PRD216,ST027,489,121,116,494,50,2027-11-09,BAT003500
INVT003501,20260225,PRD042,ST040,58,131,57,132,50,2028-12-18,BAT003501
INVT003502,20280907,PRD221,ST022,161,128,97,192,30,2031-07-31,BAT003502
INVT003503,20230711,PRD199,ST031,434,52,73,413,40,2025-02-04,BAT003503
INVT003504,20260601,PRD087,ST045,313,128,96,345,40,2028-07-14,BAT003504
INVT003505,20230409,PRD162,ST041,215,5,108,112,30,2025-11-13,BAT003505
INVT003506,20240719,PRD072,ST008,405,116,7,514,30,2027-05-13,BAT003506
INVT003507,20270927,PRD040,ST035,492,102,87,507,40,2028-10-26,BAT003507
INVT003508,20270726,PRD201,ST014,145,15,97,63,20,2029-09-09,BAT003508
INVT003509,20241029,PRD296,ST044,500,3,60,443,25,2027-06-15,BAT003509
INVT003510,20241227,PRD261,ST040,91,145,104,132,50,2026-06-08,BAT003510
INVT003511,20280702,PRD062,ST036,128,107,89,146,30,2030-01-26,BAT003511
INVT003512,20250813,PRD238,ST006,284,1,68,217,40,2027-06-24,BAT003512
INVT003513,20251210,PRD088,ST026,350,74,20,404,20,2027-07-09,BAT003513
INVT003514,20250818,PRD045,ST044,444,60,41,463,30,2028-07-21,BAT003514
INVT003515,20230320,PRD058,ST019,233,144,78,299,40,2025-06-22,BAT003515
INVT003516,20230420,PRD195,ST039,141,16,78,79,30,2025-10-22,BAT003516
INVT003517,20271204,PRD098,ST001,238,66,77,227,50,2029-05-18,BAT003517
INVT003518,20260117,PRD119,ST036,312,71,84,299,25,2027-03-13,BAT003518
INVT003519,20240823,PRD039,ST030,421,137,14,544,40,2026-12-18,BAT003519
INVT003520,20280818,PRD003,ST025,374,96,82,388,30,2031-06-28,BAT003520
INVT003521,20250627,PRD059,ST022,380,135,74,441,20,2026-10-10,BAT003521
INVT003522,20270404,PRD130,ST050,347,36,115,268,50,2028-07-07,BAT003522
INVT003523,20260907,PRD001,ST013,279,11,14,276,40,2027-11-01,BAT003523
INVT003524,20241001,PRD212,ST041,202,10,57,155,20,2026-04-27,BAT003524
INVT003525,20230508,PRD263,ST041,326,8,66,268,20,2025-08-15,BAT003525
INVT003526,20241014,PRD206,ST010,320,42,76,286,40,2027-04-30,BAT003526
INVT003527,20241213,PRD152,ST020,481,134,41,574,20,2027-10-20,BAT003527
INVT003528,20230320,PRD235,ST010,314,129,84,359,50,2025-03-01,BAT003528
INVT003529,20250123,PRD240,ST041,191,22,9,204,40,2027-07-29,BAT003529
INVT003530,20230109,PRD217,ST038,400,28,92,336,50,2025-02-06,BAT003530
INVT003531,20240327,PRD088,ST031,257,100,16,341,20,2026-10-18,BAT003531
INVT003532,20230516,PRD272,ST009,480,4,30,454,50,2024-09-14,BAT003532
INVT003533,20280212,PRD030,ST041,437,44,118,363,40,2029-08-29,BAT003533
INVT003534,20251219,PRD144,ST018,161,83,102,142,50,2028-01-13,BAT003534
INVT003535,20250123,PRD130,ST022,317,124,115,326,20,2026-04-16,BAT003535
INVT003536,20250101,PRD006,ST048,432,75,103,404,25,2026-11-02,BAT003536
INVT003537,20241026,PRD192,ST014,258,4,74,188,20,2026-04-03,BAT003537
INVT003538,20250701,PRD235,ST024,177,2,23,156,50,2027-03-30,BAT003538
INVT003539,20280123,PRD208,ST046,80,63,78,65,40,2030-11-17,BAT003539
INVT003540,20280113,PRD001,ST009,436,75,31,480,40,2029-12-03,BAT003540
INVT003541,20240628,PRD158,ST003,230,90,28,292,40,2026-03-16,BAT003541
INVT003542,20280815,PRD041,ST045,322,112,101,333,30,2030-05-27,BAT003542
INVT003543,20230308,PRD125,ST026,473,69,107,435,50,2025-09-17,BAT003543
INVT003544,20240824,PRD061,ST023,497,145,57,585,40,2026-05-05,BAT003544
INVT003545,20281021,PRD190,ST018,414,102,52,464,25,2030-05-11,BAT003545
INVT003546,20240604,PRD119,ST028,69,97,51,115,40,2027-02-12,BAT003546
INVT003547,20281206,PRD209,ST019,349,18,16,351,30,2031-07-24,BAT003547
INVT003548,20260625,PRD291,ST032,487,44,17,514,20,2028-03-13,BAT003548
INVT003549,20250131,PRD269,ST025,144,42,52,134,50,2027-10-27,BAT003549
INVT003550,20240611,PRD006,ST025,263,101,9,355,40,2027-01-14,BAT003550
INVT003551,20270730,PRD091,ST013,226,96,78,244,50,2030-04-05,BAT003551
INVT003552,20240924,PRD281,ST016,160,82,96,146,50,2027-01-25,BAT003552
INVT003553,20270626,PRD285,ST033,287,126,57,356,50,2029-01-02,BAT003553
INVT003554,20270305,PRD223,ST001,204,31,31,204,30,2029-08-23,BAT003554
INVT003555,20241208,PRD026,ST034,493,64,114,443,50,2026-08-17,BAT003555
INVT003556,20240127,PRD168,ST013,358,135,95,398,25,2026-10-01,BAT003556
INVT003557,20231213,PRD080,ST009,256,2,3,255,20,2025-02-18,BAT003557
INVT003558,20260401,PRD153,ST004,384,119,119,384,40,2027-08-29,BAT003558
INVT003559,20231003,PRD157,ST048,383,58,109,332,20,2025-07-20,BAT003559
INVT003560,20231017,PRD112,ST020,110,4,26,88,50,2026-05-27,BAT003560
INVT003561,20280723,PRD165,ST010,375,139,60,454,25,2029-08-25,BAT003561
INVT003562,20271116,PRD168,ST043,246,76,20,302,25,2029-09-14,BAT003562
INVT003563,20230216,PRD169,ST040,413,38,7,444,50,2024-08-21,BAT003563
INVT003564,20250814,PRD173,ST015,65,145,119,91,40,2027-10-24,BAT003564
INVT003565,20271020,PRD053,ST040,183,143,115,211,50,2029-12-03,BAT003565
INVT003566,20240527,PRD292,ST050,329,8,83,254,30,2026-07-12,BAT003566
INVT003567,20281227,PRD068,ST001,93,121,84,130,30,2030-09-04,BAT003567
INVT003568,20230112,PRD230,ST040,259,104,12,351,50,2025-03-27,BAT003568
INVT003569,20260926,PRD246,ST010,437,74,108,403,20,2028-08-08,BAT003569
INVT003570,20251012,PRD158,ST032,181,30,90,121,25,2027-09-02,BAT003570
INVT003571,20250712,PRD038,ST043,149,123,84,188,50,2027-05-31,BAT003571
INVT003572,20270716,PRD050,ST001,76,127,62,141,40,2029-02-01,BAT003572
INVT003573,20241125,PRD038,ST032,229,15,28,216,40,2026-02-21,BAT003573
INVT003574,20250104,PRD024,ST010,405,85,106,384,50,2027-08-24,BAT003574
INVT003575,20231018,PRD102,ST034,297,49,26,320,40,2024-11-27,BAT003575
INVT003576,20250216,PRD153,ST047,144,75,109,110,30,2026-11-24,BAT003576
INVT003577,20280112,PRD147,ST036,361,0,99,262,30,2030-05-31,BAT003577
INVT003578,20271102,PRD014,ST029,433,136,53,516,25,2029-06-19,BAT003578
INVT003579,20260715,PRD034,ST001,404,120,52,472,30,2027-10-01,BAT003579
INVT003580,20231020,PRD242,ST041,67,142,109,100,30,2025-01-18,BAT003580
INVT003581,20280602,PRD123,ST043,135,137,75,197,30,2029-08-21,BAT003581
INVT003582,20260102,PRD181,ST025,148,65,4,209,50,2027-03-18,BAT003582
INVT003583,20261221,PRD261,ST001,226,88,69,245,20,2028-03-27,BAT003583
INVT003584,20260807,PRD232,ST017,188,100,85,203,30,2028-04-17,BAT003584
INVT003585,20240424,PRD204,ST004,381,125,105,401,40,2025-04-26,BAT003585
INVT003586,20230727,PRD146,ST001,350,62,114,298,20,2025-06-09,BAT003586
INVT003587,20260730,PRD160,ST008,326,70,2,394,25,2029-04-08,BAT003587
INVT003588,20240904,PRD092,ST006,461,138,3,596,25,2027-04-29,BAT003588
INVT003589,20270417,PRD202,ST050,132,10,30,112,50,2029-05-01,BAT003589
INVT003590,20270624,PRD143,ST041,405,5,84,326,40,2029-12-21,BAT003590
INVT003591,20230220,PRD078,ST026,214,40,77,177,30,2024-05-22,BAT003591
INVT003592,20270415,PRD145,ST045,273,52,110,215,25,2028-12-12,BAT003592
INVT003593,20261104,PRD214,ST009,152,14,119,47,25,2029-07-15,BAT003593
INVT003594,20280402,PRD154,ST017,485,5,64,426,50,2029-05-26,BAT003594
INVT003595,20271105,PRD250,ST003,308,142,61,389,20,2030-07-07,BAT003595
INVT003596,20241119,PRD022,ST044,416,30,76,370,50,2026-02-21,BAT003596
INVT003597,20260301,PRD114,ST006,97,51,87,61,25,2028-04-03,BAT003597
INVT003598,20270331,PRD052,ST007,221,137,35,323,50,2029-03-11,BAT003598
INVT003599,20230712,PRD176,ST011,459,102,30,531,25,2026-05-15,BAT003599
INVT003600,20240503,PRD058,ST039,385,103,4,484,30,2026-08-11,BAT003600
INVT003601,20241012,PRD076,ST002,210,57,76,191,40,2027-09-06,BAT003601
INVT003602,20230129,PRD244,ST031,189,93,91,191,30,2024-11-27,BAT003602
INVT003603,20280521,PRD030,ST035,397,35,117,315,25,2029-08-10,BAT003603
INVT003604,20271223,PRD033,ST019,249,18,105,162,50,2030-07-31,BAT003604
INVT003605,20261020,PRD125,ST037,189,107,112,184,40,2028-11-19,BAT003605
INVT003606,20270730,PRD068,ST027,142,63,41,164,50,2029-08-17,BAT003606
INVT003607,20230112,PRD187,ST015,56,35,49,42,20,2025-07-12,BAT003607
INVT003608,20260518,PRD009,ST009,241,124,104,261,50,2028-08-19,BAT003608
INVT003609,20230125,PRD111,ST025,314,102,6,410,30,2024-03-18,BAT003609
INVT003610,20270531,PRD122,ST003,252,101,30,323,40,2028-06-07,BAT003610
INVT003611,20270228,PRD023,ST009,424,135,113,446,20,2029-12-21,BAT003611
INVT003612,20271023,PRD137,ST001,369,139,75,433,20,2028-11-02,BAT003612
INVT003613,20250605,PRD023,ST038,110,42,7,145,25,2028-03-20,BAT003613
INVT003614,20230429,PRD074,ST024,119,5,77,47,30,2025-04-10,BAT003614
INVT003615,20241009,PRD103,ST050,285,94,72,307,40,2027-09-21,BAT003615
INVT003616,20270210,PRD119,ST008,344,47,50,341,20,2028-03-31,BAT003616
INVT003617,20281224,PRD221,ST003,118,118,44,192,40,2030-10-22,BAT003617
INVT003618,20260810,PRD132,ST018,372,35,5,402,30,2028-05-28,BAT003618
INVT003619,20260227,PRD147,ST022,165,131,11,285,20,2028-09-19,BAT003619
INVT003620,20230308,PRD288,ST008,417,140,76,481,40,2025-02-26,BAT003620
INVT003621,20261206,PRD272,ST014,195,72,97,170,30,2029-01-16,BAT003621
INVT003622,20270722,PRD081,ST011,355,94,19,430,20,2029-12-08,BAT003622
INVT003623,20280720,PRD027,ST021,408,104,48,464,20,2030-03-17,BAT003623
INVT003624,20270731,PRD053,ST027,480,35,39,476,50,2029-10-06,BAT003624
INVT003625,20230505,PRD230,ST001,201,114,110,205,25,2025-07-09,BAT003625
INVT003626,20270722,PRD009,ST009,150,90,102,138,20,2029-07-30,BAT003626
INVT003627,20280826,PRD187,ST002,86,95,25,156,20,2029-11-03,BAT003627
INVT003628,20271213,PRD118,ST044,421,23,54,390,40,2029-03-18,BAT003628
INVT003629,20260718,PRD217,ST004,227,134,56,305,50,2027-09-19,BAT003629
INVT003630,20270310,PRD067,ST012,180,77,9,248,25,2028-11-15,BAT003630
INVT003631,20260829,PRD158,ST029,340,67,7,400,40,2028-05-25,BAT003631
INVT003632,20270205,PRD110,ST007,398,81,88,391,40,2029-09-24,BAT003632
INVT003633,20230811,PRD164,ST047,285,31,73,243,20,2026-05-30,BAT003633
INVT003634,20281119,PRD295,ST035,253,111,95,269,30,2031-01-07,BAT003634
INVT003635,20250529,PRD220,ST022,248,31,70,209,25,2026-12-14,BAT003635
INVT003636,20260813,PRD254,ST017,371,143,58,456,40,2029-02-23,BAT003636
INVT003637,20230129,PRD192,ST044,289,12,98,203,25,2024-10-03,BAT003637
INVT003638,20280512,PRD243,ST047,95,138,33,200,25,2029-05-18,BAT003638
INVT003639,20240215,PRD289,ST012,133,6,77,62,30,2026-05-02,BAT003639
INVT003640,20280625,PRD124,ST014,147,36,88,95,50,2031-06-10,BAT003640
INVT003641,20280516,PRD109,ST044,118,53,72,99,40,2030-03-08,BAT003641
INVT003642,20251127,PRD021,ST012,494,143,117,520,25,2027-10-22,BAT003642
INVT003643,20250910,PRD084,ST026,461,117,48,530,50,2028-05-09,BAT003643
INVT003644,20250204,PRD133,ST011,274,121,117,278,25,2027-11-02,BAT003644
INVT003645,20241015,PRD115,ST047,323,86,83,326,25,2025-12-01,BAT003645
INVT003646,20240713,PRD123,ST044,143,5,73,75,20,2026-03-27,BAT003646
INVT003647,20230101,PRD034,ST028,365,48,29,384,25,2025-06-12,BAT003647
INVT003648,20260216,PRD151,ST009,158,76,63,171,20,2028-10-27,BAT003648
INVT003649,20281121,PRD077,ST039,54,123,42,135,30,2030-02-15,BAT003649
INVT003650,20260906,PRD138,ST045,225,32,114,143,40,2027-11-03,BAT003650
INVT003651,20271218,PRD166,ST028,341,17,25,333,50,2029-07-31,BAT003651
INVT003652,20240524,PRD016,ST001,416,100,100,416,30,2026-01-30,BAT003652
INVT003653,20250524,PRD080,ST012,446,110,80,476,25,2026-10-02,BAT003653
INVT003654,20280711,PRD231,ST030,289,55,26,318,20,2030-09-08,BAT003654
INVT003655,20280904,PRD018,ST026,255,76,93,238,40,2029-10-02,BAT003655
INVT003656,20271220,PRD002,ST014,335,92,6,421,25,2030-01-10,BAT003656
INVT003657,20230522,PRD172,ST040,210,43,79,174,50,2025-03-28,BAT003657
INVT003658,20240708,PRD148,ST006,422,9,81,350,40,2027-07-03,BAT003658
INVT003659,20260503,PRD028,ST009,303,69,2,370,40,2028-08-29,BAT003659
INVT003660,20270211,PRD260,ST011,269,116,53,332,25,2029-02-25,BAT003660
INVT003661,20230110,PRD221,ST011,57,10,31,36,40,2024-07-23,BAT003661
INVT003662,20280913,PRD183,ST041,483,103,113,473,30,2030-11-08,BAT003662
INVT003663,20231018,PRD145,ST037,279,68,40,307,50,2026-02-26,BAT003663
INVT003664,20250505,PRD054,ST034,161,150,89,222,50,2028-03-30,BAT003664
INVT003665,20280607,PRD295,ST035,412,71,107,376,50,2029-08-25,BAT003665
INVT003666,20251121,PRD260,ST028,67,150,94,123,50,2027-10-09,BAT003666
INVT003667,20260708,PRD008,ST019,355,53,18,390,40,2028-09-26,BAT003667
INVT003668,20260429,PRD111,ST009,117,56,75,98,30,2028-05-23,BAT003668
INVT003669,20240220,PRD067,ST007,130,140,74,196,50,2026-12-17,BAT003669
INVT003670,20231102,PRD054,ST022,365,73,71,367,30,2025-06-22,BAT003670
INVT003671,20251027,PRD009,ST001,408,18,23,403,40,2028-01-17,BAT003671
INVT003672,20241031,PRD071,ST013,468,135,90,513,30,2027-03-24,BAT003672
INVT003673,20260514,PRD089,ST041,132,87,50,169,40,2028-10-11,BAT003673
INVT003674,20280706,PRD033,ST033,446,128,67,507,25,2029-11-14,BAT003674
INVT003675,20250419,PRD231,ST034,379,139,83,435,40,2026-06-17,BAT003675
INVT003676,20260912,PRD280,ST019,84,99,66,117,20,2028-10-09,BAT003676
INVT003677,20231112,PRD103,ST045,420,65,73,412,30,2025-12-26,BAT003677
INVT003678,20260607,PRD240,ST048,344,137,111,370,30,2028-07-11,BAT003678
INVT003679,20230411,PRD167,ST033,269,113,79,303,30,2025-11-11,BAT003679
INVT003680,20270504,PRD099,ST044,327,61,0,388,50,2029-08-01,BAT003680
INVT003681,20240923,PRD104,ST026,461,30,6,485,50,2025-11-22,BAT003681
INVT003682,20240730,PRD214,ST006,246,102,16,332,20,2025-11-08,BAT003682
INVT003683,20270911,PRD166,ST023,213,115,87,241,50,2029-10-31,BAT003683
INVT003684,20260211,PRD170,ST032,390,133,51,472,30,2028-01-12,BAT003684
INVT003685,20270108,PRD253,ST023,101,44,32,113,40,2029-03-24,BAT003685
INVT003686,20260129,PRD003,ST001,76,98,67,107,40,2028-01-09,BAT003686
INVT003687,20281104,PRD213,ST034,488,33,37,484,20,2030-11-04,BAT003687
INVT003688,20231020,PRD213,ST025,230,65,41,254,20,2025-03-25,BAT003688
INVT003689,20241218,PRD132,ST020,183,17,98,102,50,2027-08-12,BAT003689
INVT003690,20280418,PRD152,ST001,123,51,25,149,50,2030-06-08,BAT003690
INVT003691,20281228,PRD219,ST002,312,59,107,264,30,2031-04-23,BAT003691
INVT003692,20230621,PRD033,ST029,60,62,52,70,25,2024-08-05,BAT003692
INVT003693,20260506,PRD138,ST010,158,131,82,207,40,2027-07-07,BAT003693
INVT003694,20241211,PRD024,ST045,220,12,69,163,50,2027-06-11,BAT003694
INVT003695,20250703,PRD016,ST039,447,71,95,423,20,2027-02-05,BAT003695
INVT003696,20260107,PRD297,ST001,348,110,81,377,20,2028-09-19,BAT003696
INVT003697,20280502,PRD249,ST037,499,124,17,606,30,2030-04-11,BAT003697
INVT003698,20240918,PRD285,ST018,106,53,46,113,40,2027-06-04,BAT003698
INVT003699,20260112,PRD270,ST001,202,81,117,166,20,2028-05-01,BAT003699
INVT003700,20250418,PRD182,ST049,444,96,96,444,40,2027-02-18,BAT003700
INVT003701,20280917,PRD008,ST037,214,127,81,260,25,2031-04-26,BAT003701
INVT003702,20251025,PRD010,ST022,349,140,5,484,25,2028-08-28,BAT003702
INVT003703,20271106,PRD001,ST011,417,64,34,447,25,2030-09-02,BAT003703
INVT003704,20230701,PRD120,ST006,231,135,76,290,25,2025-06-05,BAT003704
INVT003705,20281102,PRD144,ST040,480,4,59,425,25,2030-09-17,BAT003705
INVT003706,20240921,PRD021,ST015,99,144,95,148,40,2027-08-02,BAT003706
INVT003707,20280227,PRD242,ST019,322,111,58,375,30,2030-11-12,BAT003707
INVT003708,20270205,PRD059,ST043,208,17,65,160,40,2028-11-04,BAT003708
INVT003709,20281110,PRD082,ST013,51,128,66,113,25,2031-07-23,BAT003709
INVT003710,20260803,PRD267,ST026,406,131,103,434,30,2027-11-19,BAT003710
INVT003711,20270918,PRD082,ST016,381,56,21,416,40,2028-10-18,BAT003711
INVT003712,20270116,PRD281,ST025,416,71,21,466,40,2029-03-21,BAT003712
INVT003713,20280522,PRD150,ST034,157,25,108,74,40,2029-12-05,BAT003713
INVT003714,20230111,PRD197,ST026,143,54,84,113,20,2025-01-25,BAT003714
INVT003715,20240113,PRD272,ST049,96,119,69,146,50,2025-06-14,BAT003715
INVT003716,20260422,PRD076,ST025,471,92,105,458,30,2028-11-18,BAT003716
INVT003717,20260703,PRD213,ST040,330,5,119,216,40,2027-12-06,BAT003717
INVT003718,20250822,PRD069,ST030,421,36,28,429,40,2026-12-21,BAT003718
INVT003719,20280119,PRD258,ST038,63,38,21,80,25,2030-05-15,BAT003719
INVT003720,20230820,PRD019,ST046,466,109,40,535,30,2026-02-25,BAT003720
INVT003721,20280110,PRD029,ST043,332,71,103,300,40,2030-04-11,BAT003721
INVT003722,20260815,PRD133,ST005,371,113,53,431,40,2028-07-01,BAT003722
INVT003723,20260709,PRD104,ST038,318,19,104,233,50,2029-01-12,BAT003723
INVT003724,20230612,PRD232,ST048,157,118,65,210,20,2025-06-07,BAT003724
INVT003725,20230923,PRD165,ST032,358,14,71,301,50,2025-07-28,BAT003725
INVT003726,20270222,PRD262,ST039,440,99,21,518,40,2029-09-07,BAT003726
INVT003727,20250510,PRD259,ST017,331,131,56,406,40,2026-12-06,BAT003727
INVT003728,20281120,PRD012,ST010,58,122,51,129,20,2030-04-23,BAT003728
INVT003729,20250901,PRD205,ST044,105,46,14,137,50,2026-09-29,BAT003729
INVT003730,20260928,PRD046,ST036,499,139,12,626,25,2029-04-30,BAT003730
INVT003731,20281112,PRD199,ST042,451,25,65,411,25,2029-12-09,BAT003731
INVT003732,20280623,PRD004,ST026,248,9,111,146,20,2029-08-10,BAT003732
INVT003733,20280206,PRD068,ST015,296,37,75,258,50,2029-07-02,BAT003733
INVT003734,20270507,PRD284,ST039,168,57,35,190,50,2030-03-15,BAT003734
INVT003735,20271124,PRD156,ST039,282,11,31,262,30,2029-01-07,BAT003735
INVT003736,20270920,PRD252,ST021,285,130,78,337,40,2030-03-04,BAT003736
INVT003737,20250711,PRD098,ST022,231,114,1,344,40,2027-10-06,BAT003737
INVT003738,20250825,PRD052,ST050,137,55,12,180,30,2027-07-28,BAT003738
INVT003739,20261025,PRD022,ST044,482,81,56,507,20,2028-10-25,BAT003739
INVT003740,20240604,PRD048,ST034,294,56,66,284,30,2027-06-01,BAT003740
INVT003741,20260221,PRD135,ST003,209,94,65,238,50,2027-09-23,BAT003741
INVT003742,20240304,PRD040,ST020,82,78,113,47,40,2025-04-25,BAT003742
INVT003743,20240224,PRD079,ST015,381,82,108,355,20,2025-09-14,BAT003743
INVT003744,20270629,PRD275,ST029,108,83,80,111,40,2029-12-26,BAT003744
INVT003745,20231102,PRD020,ST038,377,112,112,377,40,2026-07-26,BAT003745
INVT003746,20280103,PRD276,ST004,497,36,29,504,30,2030-10-06,BAT003746
INVT003747,20251229,PRD183,ST028,312,74,33,353,40,2028-04-26,BAT003747
INVT003748,20260416,PRD013,ST049,168,108,92,184,40,2028-02-15,BAT003748
INVT003749,20230330,PRD034,ST028,161,34,78,117,30,2025-08-02,BAT003749
INVT003750,20250614,PRD256,ST033,388,53,111,330,20,2027-06-12,BAT003750
INVT003751,20280802,PRD188,ST029,411,41,76,376,25,2031-06-11,BAT003751
INVT003752,20271204,PRD120,ST007,310,100,71,339,25,2030-11-30,BAT003752
INVT003753,20230604,PRD070,ST037,474,22,42,454,50,2025-06-15,BAT003753
INVT003754,20260531,PRD084,ST015,166,44,38,172,20,2028-06-18,BAT003754
INVT003755,20270308,PRD036,ST036,227,65,68,224,25,2029-10-25,BAT003755
INVT003756,20271108,PRD200,ST002,288,53,38,303,30,2029-12-05,BAT003756
INVT003757,20280412,PRD131,ST025,140,31,44,127,50,2030-04-12,BAT003757
INVT003758,20260306,PRD043,ST041,299,68,94,273,50,2027-07-01,BAT003758
INVT003759,20271006,PRD033,ST029,51,86,1,136,25,2029-03-23,BAT003759
INVT003760,20231112,PRD263,ST043,98,103,72,129,50,2025-01-23,BAT003760
INVT003761,20260320,PRD051,ST015,453,76,107,422,30,2029-01-31,BAT003761
INVT003762,20280518,PRD198,ST045,79,65,104,40,50,2029-12-12,BAT003762
INVT003763,20280617,PRD231,ST019,63,32,75,20,25,2030-12-17,BAT003763
INVT003764,20270718,PRD148,ST043,376,61,25,412,20,2028-12-19,BAT003764
INVT003765,20271006,PRD179,ST048,65,147,92,120,50,2029-11-02,BAT003765
INVT003766,20250205,PRD060,ST036,146,106,48,204,40,2027-05-21,BAT003766
INVT003767,20240519,PRD194,ST027,261,111,9,363,20,2025-10-08,BAT003767
INVT003768,20260707,PRD202,ST016,192,44,103,133,20,2027-11-21,BAT003768
INVT003769,20240608,PRD069,ST044,407,56,34,429,50,2027-01-31,BAT003769
INVT003770,20230612,PRD038,ST014,421,112,54,479,50,2025-01-23,BAT003770
INVT003771,20270921,PRD250,ST023,366,4,12,358,40,2029-12-27,BAT003771
INVT003772,20231023,PRD168,ST010,375,77,35,417,40,2025-02-22,BAT003772
INVT003773,20260128,PRD151,ST002,365,42,27,380,25,2028-01-21,BAT003773
INVT003774,20230914,PRD235,ST020,485,101,116,470,30,2025-12-01,BAT003774
INVT003775,20260612,PRD072,ST025,466,13,14,465,50,2028-07-08,BAT003775
INVT003776,20251005,PRD251,ST049,115,97,27,185,20,2028-05-08,BAT003776
INVT003777,20270101,PRD196,ST040,374,85,45,414,50,2028-06-10,BAT003777
INVT003778,20250118,PRD249,ST044,274,96,108,262,30,2026-04-22,BAT003778
INVT003779,20260508,PRD024,ST002,160,140,41,259,20,2027-11-07,BAT003779
INVT003780,20261002,PRD176,ST005,423,53,106,370,30,2028-07-23,BAT003780
INVT003781,20251113,PRD282,ST026,296,36,23,309,50,2028-05-14,BAT003781
INVT003782,20250725,PRD294,ST001,203,120,96,227,25,2027-03-21,BAT003782
INVT003783,20230928,PRD130,ST024,191,96,93,194,20,2025-10-14,BAT003783
INVT003784,20280529,PRD150,ST038,474,50,19,505,30,2029-09-01,BAT003784
INVT003785,20240413,PRD134,ST045,450,150,58,542,50,2026-09-24,BAT003785
INVT003786,20280326,PRD163,ST014,82,34,111,5,20,2030-01-16,BAT003786
INVT003787,20230227,PRD299,ST021,196,62,56,202,40,2025-12-24,BAT003787
INVT003788,20271119,PRD218,ST007,313,49,6,356,50,2029-12-05,BAT003788
INVT003789,20280818,PRD027,ST004,101,137,61,177,25,2029-11-13,BAT003789
INVT003790,20260702,PRD106,ST038,93,83,11,165,20,2028-03-14,BAT003790
INVT003791,20250726,PRD222,ST031,323,105,21,407,20,2026-08-10,BAT003791
INVT003792,20280613,PRD281,ST005,330,116,12,434,20,2031-03-04,BAT003792
INVT003793,20270719,PRD269,ST021,266,77,16,327,30,2029-10-26,BAT003793
INVT003794,20230805,PRD209,ST042,330,0,18,312,40,2026-03-19,BAT003794
INVT003795,20250321,PRD126,ST047,86,95,120,61,30,2026-09-20,BAT003795
INVT003796,20250314,PRD007,ST026,67,13,23,57,25,2026-05-08,BAT003796
INVT003797,20250127,PRD258,ST028,497,85,82,500,30,2028-01-09,BAT003797
INVT003798,20230319,PRD168,ST009,136,73,94,115,20,2024-06-24,BAT003798
INVT003799,20260330,PRD079,ST002,256,104,61,299,20,2027-07-13,BAT003799
INVT003800,20260714,PRD039,ST017,213,150,72,291,25,2027-08-02,BAT003800
INVT003801,20240126,PRD206,ST028,177,52,108,121,50,2025-06-18,BAT003801
INVT003802,20240611,PRD070,ST009,192,9,4,197,30,2026-02-03,BAT003802
INVT003803,20240618,PRD095,ST043,140,12,47,105,40,2025-11-08,BAT003803
INVT003804,20230423,PRD049,ST043,428,11,108,331,20,2024-08-16,BAT003804
INVT003805,20250430,PRD132,ST035,207,53,28,232,50,2026-08-11,BAT003805
INVT003806,20250227,PRD117,ST042,139,93,23,209,50,2027-03-21,BAT003806
INVT003807,20240423,PRD110,ST011,174,65,42,197,40,2027-03-19,BAT003807
INVT003808,20260306,PRD171,ST009,160,77,23,214,50,2028-04-18,BAT003808
INVT003809,20260507,PRD153,ST040,276,109,101,284,20,2027-10-31,BAT003809
INVT003810,20251216,PRD299,ST033,270,109,24,355,30,2027-06-12,BAT003810
INVT003811,20230812,PRD299,ST023,176,111,96,191,40,2026-05-24,BAT003811
INVT003812,20280423,PRD125,ST018,388,146,70,464,30,2029-10-21,BAT003812
INVT003813,20280416,PRD119,ST023,257,23,42,238,25,2030-05-13,BAT003813
INVT003814,20270714,PRD190,ST022,338,16,34,320,40,2029-08-16,BAT003814
INVT003815,20241007,PRD190,ST016,496,130,7,619,50,2026-12-07,BAT003815
INVT003816,20270902,PRD154,ST007,186,121,100,207,30,2029-04-13,BAT003816
INVT003817,20251017,PRD208,ST038,407,94,20,481,30,2028-01-12,BAT003817
INVT003818,20260114,PRD202,ST028,418,81,85,414,25,2027-12-26,BAT003818
INVT003819,20250503,PRD288,ST038,407,104,16,495,50,2027-11-18,BAT003819
INVT003820,20261020,PRD128,ST010,198,51,112,137,40,2029-03-08,BAT003820
INVT003821,20240909,PRD153,ST007,223,121,10,334,25,2027-06-27,BAT003821
INVT003822,20280218,PRD215,ST013,431,140,119,452,25,2030-01-14,BAT003822
INVT003823,20260116,PRD109,ST043,196,105,70,231,30,2028-06-11,BAT003823
INVT003824,20271024,PRD127,ST043,345,6,52,299,20,2029-11-29,BAT003824
INVT003825,20240825,PRD152,ST037,290,60,78,272,50,2027-03-07,BAT003825
INVT003826,20231113,PRD213,ST007,231,57,86,202,50,2025-02-05,BAT003826
INVT003827,20240220,PRD202,ST033,385,50,88,347,40,2025-05-20,BAT003827
INVT003828,20230430,PRD126,ST002,304,53,60,297,25,2025-05-22,BAT003828
INVT003829,20230830,PRD242,ST045,135,1,120,16,20,2025-06-05,BAT003829
INVT003830,20271002,PRD247,ST036,414,4,71,347,25,2029-10-31,BAT003830
INVT003831,20260131,PRD294,ST014,110,33,15,128,30,2028-03-13,BAT003831
INVT003832,20250315,PRD153,ST050,276,101,23,354,30,2028-01-01,BAT003832
INVT003833,20260212,PRD074,ST048,346,42,49,339,30,2028-01-30,BAT003833
INVT003834,20270719,PRD106,ST013,356,27,58,325,25,2030-03-09,BAT003834
INVT003835,20260516,PRD006,ST014,252,146,33,365,50,2029-03-26,BAT003835
INVT003836,20231124,PRD057,ST012,378,105,89,394,40,2025-09-18,BAT003836
INVT003837,20280228,PRD046,ST040,259,115,86,288,20,2030-04-24,BAT003837
INVT003838,20250707,PRD112,ST022,162,28,4,186,20,2027-08-09,BAT003838
INVT003839,20240316,PRD087,ST023,452,146,3,595,20,2026-04-30,BAT003839
INVT003840,20251008,PRD291,ST039,189,149,4,334,20,2027-04-25,BAT003840
INVT003841,20250716,PRD119,ST018,189,55,60,184,40,2027-11-21,BAT003841
INVT003842,20250420,PRD141,ST035,456,25,36,445,20,2027-11-17,BAT003842
INVT003843,20251222,PRD046,ST047,81,18,55,44,40,2028-08-27,BAT003843
INVT003844,20250605,PRD020,ST005,178,139,11,306,20,2027-07-20,BAT003844
INVT003845,20230212,PRD145,ST038,385,21,98,308,20,2024-03-31,BAT003845
INVT003846,20260630,PRD083,ST003,127,135,71,191,40,2028-08-30,BAT003846
INVT003847,20240502,PRD207,ST035,66,18,79,5,50,2025-06-11,BAT003847
INVT003848,20251006,PRD150,ST010,112,51,33,130,50,2027-09-08,BAT003848
INVT003849,20260523,PRD284,ST017,129,15,26,118,30,2027-12-11,BAT003849
INVT003850,20231102,PRD218,ST004,406,122,72,456,20,2026-03-13,BAT003850
INVT003851,20240213,PRD106,ST035,245,15,10,250,30,2026-06-19,BAT003851
INVT003852,20240210,PRD045,ST032,109,52,112,49,25,2027-02-01,BAT003852
INVT003853,20240205,PRD299,ST044,208,4,17,195,30,2026-05-25,BAT003853
INVT003854,20230118,PRD083,ST034,334,22,37,319,20,2024-05-19,BAT003854
INVT003855,20240626,PRD274,ST030,485,76,40,521,25,2026-11-04,BAT003855
INVT003856,20231104,PRD110,ST028,293,130,47,376,40,2025-11-27,BAT003856
INVT003857,20260421,PRD220,ST013,359,18,30,347,50,2027-07-11,BAT003857
INVT003858,20230603,PRD256,ST020,364,28,84,308,40,2024-10-05,BAT003858
INVT003859,20260318,PRD087,ST016,378,38,15,401,30,2028-01-02,BAT003859
INVT003860,20230716,PRD039,ST046,171,21,117,75,30,2025-02-23,BAT003860
INVT003861,20260919,PRD027,ST027,355,110,84,381,25,2028-10-20,BAT003861
INVT003862,20230930,PRD209,ST036,179,88,43,224,25,2025-08-25,BAT003862
INVT003863,20241219,PRD255,ST048,209,19,0,228,25,2027-09-28,BAT003863
INVT003864,20270128,PRD145,ST032,418,16,119,315,40,2029-09-16,BAT003864
INVT003865,20260204,PRD267,ST034,233,109,49,293,50,2027-11-20,BAT003865
INVT003866,20280906,PRD292,ST039,163,14,3,174,30,2029-12-23,BAT003866
INVT003867,20261027,PRD222,ST029,228,102,26,304,30,2028-11-02,BAT003867
INVT003868,20280829,PRD152,ST010,486,47,57,476,20,2030-12-08,BAT003868
INVT003869,20241001,PRD200,ST026,118,92,51,159,30,2025-10-27,BAT003869
INVT003870,20251126,PRD196,ST001,293,5,84,214,20,2027-02-18,BAT003870
INVT003871,20260419,PRD141,ST008,479,56,0,535,40,2028-09-21,BAT003871
INVT003872,20270921,PRD093,ST017,70,131,56,145,20,2028-09-25,BAT003872
INVT003873,20230115,PRD211,ST027,327,15,86,256,30,2024-04-26,BAT003873
INVT003874,20280613,PRD070,ST035,122,1,60,63,40,2029-12-02,BAT003874
INVT003875,20250226,PRD257,ST047,106,31,44,93,25,2026-07-19,BAT003875
INVT003876,20250728,PRD074,ST036,125,46,22,149,50,2027-01-02,BAT003876
INVT003877,20260308,PRD007,ST035,192,120,41,271,25,2028-08-27,BAT003877
INVT003878,20250227,PRD184,ST039,352,76,4,424,20,2026-12-03,BAT003878
INVT003879,20240113,PRD020,ST047,434,141,34,541,40,2026-09-23,BAT003879
INVT003880,20240419,PRD117,ST024,450,26,90,386,20,2025-12-27,BAT003880
INVT003881,20261122,PRD016,ST050,210,49,40,219,40,2028-04-19,BAT003881
INVT003882,20241105,PRD272,ST038,117,1,101,17,40,2026-08-28,BAT003882
INVT003883,20240426,PRD185,ST032,334,10,76,268,40,2026-10-14,BAT003883
INVT003884,20250911,PRD015,ST009,326,4,108,222,20,2026-10-05,BAT003884
INVT003885,20260514,PRD053,ST040,197,84,31,250,30,2027-08-01,BAT003885
INVT003886,20260925,PRD065,ST049,311,24,119,216,30,2028-07-15,BAT003886
INVT003887,20280407,PRD285,ST027,459,116,36,539,25,2030-10-22,BAT003887
INVT003888,20230530,PRD090,ST006,378,130,86,422,50,2026-02-12,BAT003888
INVT003889,20250703,PRD012,ST025,163,88,63,188,50,2028-04-20,BAT003889
INVT003890,20230413,PRD117,ST030,335,149,98,386,20,2026-02-24,BAT003890
INVT003891,20240820,PRD050,ST015,471,113,32,552,25,2026-10-06,BAT003891
INVT003892,20230226,PRD164,ST022,332,82,44,370,40,2025-03-13,BAT003892
INVT003893,20260607,PRD011,ST035,438,71,23,486,50,2027-06-07,BAT003893
INVT003894,20270913,PRD221,ST037,376,12,88,300,30,2029-09-14,BAT003894
INVT003895,20240919,PRD267,ST039,460,139,54,545,20,2026-10-10,BAT003895
INVT003896,20231001,PRD025,ST025,219,107,58,268,25,2025-05-27,BAT003896
INVT003897,20280127,PRD140,ST024,277,11,10,278,40,2029-12-17,BAT003897
INVT003898,20240812,PRD228,ST027,97,57,53,101,50,2025-10-21,BAT003898
INVT003899,20260509,PRD283,ST004,121,91,28,184,20,2028-10-14,BAT003899
INVT003900,20260222,PRD100,ST031,420,102,78,444,50,2027-08-05,BAT003900
INVT003901,20270618,PRD152,ST018,204,117,99,222,40,2028-12-18,BAT003901
INVT003902,20260816,PRD005,ST035,194,47,30,211,25,2028-04-28,BAT003902
INVT003903,20241214,PRD109,ST020,312,1,98,215,20,2026-09-20,BAT003903
INVT003904,20231124,PRD233,ST046,114,78,14,178,30,2025-11-08,BAT003904
INVT003905,20251007,PRD204,ST039,105,83,68,120,30,2027-08-25,BAT003905
INVT003906,20280222,PRD145,ST038,64,98,22,140,40,2030-09-20,BAT003906
INVT003907,20270401,PRD008,ST011,192,42,47,187,40,2028-06-01,BAT003907
INVT003908,20250906,PRD110,ST015,386,36,79,343,30,2028-07-28,BAT003908
INVT003909,20260407,PRD184,ST012,163,21,41,143,50,2027-08-27,BAT003909
INVT003910,20281121,PRD199,ST015,73,71,2,142,25,2031-08-02,BAT003910
INVT003911,20271118,PRD201,ST012,403,23,56,370,25,2029-02-26,BAT003911
INVT003912,20280611,PRD152,ST011,357,35,106,286,25,2029-07-08,BAT003912
INVT003913,20260522,PRD045,ST027,287,138,118,307,25,2027-09-21,BAT003913
INVT003914,20270111,PRD124,ST038,140,103,48,195,50,2028-08-12,BAT003914
INVT003915,20280428,PRD003,ST026,163,32,104,91,30,2029-05-31,BAT003915
INVT003916,20250601,PRD063,ST015,350,40,64,326,20,2027-04-06,BAT003916
INVT003917,20281217,PRD184,ST001,144,38,5,177,40,2030-03-24,BAT003917
INVT003918,20230719,PRD055,ST037,172,62,27,207,30,2026-04-12,BAT003918
INVT003919,20250713,PRD251,ST039,299,21,77,243,20,2026-07-15,BAT003919
INVT003920,20230827,PRD012,ST012,412,148,82,478,30,2025-11-09,BAT003920
INVT003921,20240212,PRD193,ST010,144,87,48,183,30,2027-01-28,BAT003921
INVT003922,20280709,PRD033,ST033,428,94,45,477,50,2030-05-21,BAT003922
INVT003923,20230111,PRD231,ST038,368,36,29,375,20,2024-10-29,BAT003923
INVT003924,20261110,PRD112,ST009,430,59,10,479,40,2029-09-06,BAT003924
INVT003925,20280403,PRD239,ST035,443,19,36,426,30,2030-04-23,BAT003925
INVT003926,20260401,PRD226,ST047,197,62,56,203,20,2027-07-31,BAT003926
INVT003927,20260426,PRD181,ST013,396,26,117,305,20,2029-03-12,BAT003927
INVT003928,20280123,PRD256,ST028,265,109,43,331,20,2030-01-09,BAT003928
INVT003929,20241225,PRD242,ST042,438,107,8,537,25,2026-01-21,BAT003929
INVT003930,20241017,PRD284,ST006,470,82,61,491,50,2025-12-12,BAT003930
INVT003931,20270725,PRD038,ST047,369,15,19,365,25,2029-04-01,BAT003931
INVT003932,20231011,PRD059,ST026,294,140,87,347,40,2024-11-03,BAT003932
INVT003933,20270502,PRD245,ST041,268,52,42,278,25,2028-09-16,BAT003933
INVT003934,20240911,PRD102,ST044,298,31,69,260,30,2027-05-03,BAT003934
INVT003935,20240928,PRD037,ST009,243,132,92,283,30,2027-07-22,BAT003935
INVT003936,20280930,PRD189,ST027,162,127,10,279,20,2030-07-19,BAT003936
INVT003937,20240915,PRD160,ST013,61,10,3,68,25,2026-12-23,BAT003937
INVT003938,20261010,PRD126,ST037,435,137,72,500,25,2028-06-15,BAT003938
INVT003939,20231027,PRD107,ST010,182,111,44,249,50,2026-08-31,BAT003939
INVT003940,20280819,PRD195,ST025,363,53,16,400,40,2031-02-18,BAT003940
INVT003941,20251122,PRD053,ST032,387,141,25,503,40,2028-01-18,BAT003941
INVT003942,20261103,PRD292,ST005,224,53,117,160,50,2028-03-24,BAT003942
INVT003943,20230618,PRD049,ST007,448,70,85,433,20,2025-07-19,BAT003943
INVT003944,20261217,PRD084,ST045,269,100,37,332,25,2029-03-02,BAT003944
INVT003945,20271229,PRD113,ST024,82,36,62,56,25,2029-10-10,BAT003945
INVT003946,20260718,PRD177,ST015,463,63,62,464,30,2029-06-05,BAT003946
INVT003947,20270526,PRD161,ST049,247,120,52,315,30,2029-11-17,BAT003947
INVT003948,20271213,PRD262,ST019,351,109,20,440,25,2029-09-23,BAT003948
INVT003949,20260325,PRD189,ST008,61,78,52,87,25,2028-02-10,BAT003949
INVT003950,20230124,PRD212,ST038,116,145,53,208,30,2025-02-19,BAT003950
INVT003951,20281226,PRD171,ST008,123,13,110,26,40,2030-05-04,BAT003951
INVT003952,20280107,PRD214,ST046,302,45,76,271,25,2029-11-29,BAT003952
INVT003953,20230331,PRD226,ST038,448,55,32,471,30,2024-08-18,BAT003953
INVT003954,20231026,PRD068,ST037,106,77,55,128,30,2024-10-29,BAT003954
INVT003955,20250201,PRD076,ST013,199,126,59,266,50,2028-01-08,BAT003955
INVT003956,20230126,PRD147,ST023,302,145,59,388,25,2025-02-11,BAT003956
INVT003957,20240421,PRD267,ST019,407,13,58,362,20,2025-11-15,BAT003957
INVT003958,20250731,PRD272,ST009,97,74,57,114,50,2028-06-26,BAT003958
INVT003959,20240812,PRD125,ST013,277,39,88,228,20,2027-03-16,BAT003959
INVT003960,20260109,PRD163,ST005,417,101,62,456,40,2028-04-08,BAT003960
INVT003961,20230218,PRD203,ST013,258,56,85,229,25,2025-08-03,BAT003961
INVT003962,20271013,PRD103,ST001,107,17,17,107,25,2028-11-08,BAT003962
INVT003963,20230720,PRD266,ST019,307,68,16,359,40,2025-04-04,BAT003963
INVT003964,20250413,PRD105,ST049,158,108,108,158,40,2028-03-04,BAT003964
INVT003965,20270410,PRD012,ST033,135,138,77,196,40,2029-09-01,BAT003965
INVT003966,20231218,PRD106,ST025,54,85,81,58,30,2026-08-30,BAT003966
INVT003967,20260317,PRD223,ST039,118,6,71,53,30,2028-05-19,BAT003967
INVT003968,20260220,PRD291,ST046,476,13,14,475,25,2027-07-19,BAT003968
INVT003969,20251207,PRD190,ST049,493,23,116,400,50,2027-07-15,BAT003969
INVT003970,20270313,PRD026,ST042,497,0,9,488,20,2029-02-14,BAT003970
INVT003971,20260410,PRD201,ST008,293,88,100,281,50,2029-03-17,BAT003971
INVT003972,20230903,PRD277,ST004,160,134,93,201,50,2026-04-15,BAT003972
INVT003973,20230527,PRD147,ST017,376,17,7,386,30,2024-07-27,BAT003973
INVT003974,20260118,PRD124,ST005,228,103,49,282,50,2028-01-01,BAT003974
INVT003975,20231107,PRD110,ST022,147,133,81,199,20,2025-08-14,BAT003975
INVT003976,20281010,PRD112,ST031,208,117,40,285,30,2031-03-11,BAT003976
INVT003977,20230724,PRD101,ST003,369,3,13,359,40,2026-01-02,BAT003977
INVT003978,20260725,PRD196,ST019,279,28,62,245,40,2029-02-06,BAT003978
INVT003979,20251210,PRD019,ST006,361,9,19,351,40,2028-10-12,BAT003979
INVT003980,20240225,PRD208,ST039,319,143,82,380,25,2026-07-04,BAT003980
INVT003981,20240226,PRD224,ST006,104,93,66,131,40,2026-05-05,BAT003981
INVT003982,20281020,PRD217,ST008,93,145,73,165,40,2030-11-18,BAT003982
INVT003983,20271202,PRD183,ST038,426,133,25,534,25,2029-05-13,BAT003983
INVT003984,20270823,PRD034,ST031,495,10,92,413,30,2028-09-19,BAT003984
INVT003985,20260925,PRD275,ST014,241,48,32,257,30,2029-07-15,BAT003985
INVT003986,20231002,PRD179,ST028,217,112,90,239,25,2026-04-12,BAT003986
INVT003987,20270222,PRD127,ST024,172,63,74,161,50,2029-07-27,BAT003987
INVT003988,20241030,PRD145,ST011,248,102,84,266,25,2026-02-03,BAT003988
INVT003989,20280401,PRD247,ST022,336,11,8,339,30,2030-10-05,BAT003989
INVT003990,20260101,PRD218,ST028,330,124,77,377,25,2027-01-05,BAT003990
INVT003991,20250409,PRD004,ST010,453,131,43,541,25,2026-09-17,BAT003991
INVT003992,20280307,PRD092,ST031,436,98,55,479,50,2030-10-01,BAT003992
INVT003993,20250628,PRD131,ST021,85,94,103,76,20,2026-12-13,BAT003993
INVT003994,20260803,PRD065,ST034,239,76,54,261,20,2028-04-03,BAT003994
INVT003995,20230119,PRD279,ST030,468,48,120,396,20,2025-07-20,BAT003995
INVT003996,20280416,PRD065,ST047,481,2,81,402,40,2029-12-01,BAT003996
INVT003997,20241114,PRD248,ST031,290,116,117,289,20,2026-03-17,BAT003997
INVT003998,20280815,PRD150,ST009,213,32,88,157,40,2031-06-14,BAT003998
INVT003999,20280826,PRD200,ST013,50,15,1,64,40,2029-11-18,BAT003999
INVT004000,20240822,PRD038,ST004,473,36,91,418,30,2026-01-13,BAT004000
INVT004001,20250303,PRD152,ST044,198,125,27,296,20,2027-02-23,BAT004001
INVT004002,20280603,PRD229,ST031,98,109,119,88,20,2031-04-28,BAT004002
INVT004003,20280428,PRD056,ST025,236,111,44,303,40,2030-06-14,BAT004003
INVT004004,20280208,PRD209,ST019,70,96,67,99,25,2029-08-25,BAT004004
INVT004005,20260323,PRD137,ST002,58,93,19,132,25,2028-01-05,BAT004005
INVT004006,20240720,PRD195,ST044,414,93,25,482,40,2027-04-20,BAT004006
INVT004007,20250331,PRD094,ST009,478,22,74,426,20,2026-12-20,BAT004007
INVT004008,20250925,PRD007,ST030,60,92,88,64,30,2028-01-27,BAT004008
INVT004009,20250923,PRD216,ST004,440,29,42,427,40,2028-07-09,BAT004009
INVT004010,20240413,PRD043,ST022,69,24,5,88,20,2026-05-24,BAT004010
INVT004011,20240912,PRD215,ST001,65,129,4,190,25,2026-10-27,BAT004011
INVT004012,20261129,PRD287,ST037,417,53,85,385,30,2029-03-22,BAT004012
INVT004013,20261009,PRD234,ST036,487,52,28,511,30,2028-07-30,BAT004013
INVT004014,20280910,PRD257,ST046,155,91,62,184,20,2031-05-17,BAT004014
INVT004015,20250204,PRD056,ST019,342,103,60,385,50,2026-05-08,BAT004015
INVT004016,20251029,PRD197,ST016,413,129,118,424,40,2028-08-07,BAT004016
INVT004017,20270506,PRD146,ST044,475,61,103,433,25,2028-05-28,BAT004017
INVT004018,20250430,PRD047,ST032,404,35,104,335,40,2027-07-07,BAT004018
INVT004019,20270203,PRD075,ST050,315,36,39,312,40,2029-08-07,BAT004019
INVT004020,20260926,PRD136,ST038,135,127,85,177,25,2028-07-19,BAT004020
INVT004021,20230111,PRD021,ST003,402,36,2,436,50,2025-02-14,BAT004021
INVT004022,20230723,PRD045,ST020,391,96,101,386,20,2025-06-14,BAT004022
INVT004023,20231219,PRD013,ST036,442,86,35,493,25,2025-05-13,BAT004023
INVT004024,20280722,PRD059,ST026,383,51,93,341,20,2031-05-13,BAT004024
INVT004025,20250322,PRD121,ST021,265,55,48,272,50,2028-03-20,BAT004025
INVT004026,20250402,PRD007,ST006,79,14,92,1,20,2027-11-26,BAT004026
INVT004027,20230803,PRD270,ST039,351,60,8,403,50,2025-10-30,BAT004027
INVT004028,20281104,PRD059,ST047,51,79,109,21,50,2029-12-19,BAT004028
INVT004029,20241211,PRD270,ST042,168,85,89,164,30,2026-02-15,BAT004029
INVT004030,20261004,PRD279,ST039,437,46,79,404,20,2029-07-01,BAT004030
INVT004031,20250731,PRD026,ST017,411,56,81,386,40,2027-10-01,BAT004031
INVT004032,20271006,PRD046,ST016,444,106,50,500,25,2030-04-04,BAT004032
INVT004033,20230412,PRD263,ST006,121,35,86,70,40,2025-09-25,BAT004033
INVT004034,20231001,PRD179,ST049,342,77,99,320,40,2026-09-14,BAT004034
INVT004035,20251116,PRD235,ST001,496,88,116,468,25,2027-01-30,BAT004035
INVT004036,20231228,PRD019,ST023,398,140,27,511,25,2025-01-04,BAT004036
INVT004037,20271108,PRD255,ST013,359,114,79,394,50,2029-08-31,BAT004037
INVT004038,20240725,PRD049,ST036,349,31,95,285,30,2025-12-15,BAT004038
INVT004039,20270926,PRD120,ST031,258,91,82,267,20,2029-01-09,BAT004039
INVT004040,20270720,PRD249,ST028,295,25,65,255,40,2029-11-21,BAT004040
INVT004041,20270619,PRD065,ST043,321,138,103,356,25,2029-08-10,BAT004041
INVT004042,20250825,PRD222,ST035,319,91,3,407,20,2028-06-25,BAT004042
INVT004043,20270613,PRD083,ST030,255,44,75,224,25,2028-12-17,BAT004043
INVT004044,20271008,PRD222,ST028,277,131,106,302,50,2028-10-18,BAT004044
INVT004045,20250308,PRD230,ST042,253,21,50,224,30,2026-08-28,BAT004045
INVT004046,20250206,PRD282,ST042,358,137,77,418,20,2027-05-26,BAT004046
INVT004047,20260408,PRD298,ST038,173,81,72,182,50,2027-07-25,BAT004047
INVT004048,20240709,PRD166,ST022,368,122,61,429,40,2025-12-11,BAT004048
INVT004049,20271112,PRD166,ST039,478,126,48,556,30,2028-12-06,BAT004049
INVT004050,20250208,PRD286,ST024,429,136,3,562,30,2026-03-10,BAT004050
INVT004051,20231024,PRD149,ST008,445,112,13,544,40,2025-09-25,BAT004051
INVT004052,20280531,PRD283,ST038,146,146,8,284,25,2031-01-25,BAT004052
INVT004053,20261214,PRD203,ST023,460,23,68,415,50,2029-03-09,BAT004053
INVT004054,20231125,PRD059,ST020,319,109,5,423,20,2026-09-22,BAT004054
INVT004055,20270118,PRD023,ST001,417,47,33,431,30,2029-09-17,BAT004055
INVT004056,20250111,PRD268,ST029,337,125,44,418,40,2026-03-02,BAT004056
INVT004057,20250812,PRD009,ST050,122,150,25,247,20,2026-12-16,BAT004057
INVT004058,20240221,PRD077,ST022,374,3,8,369,50,2026-03-27,BAT004058
INVT004059,20230528,PRD253,ST018,137,146,96,187,20,2025-07-12,BAT004059
INVT004060,20261112,PRD077,ST012,132,58,108,82,25,2029-01-02,BAT004060
INVT004061,20250513,PRD061,ST041,337,4,49,292,25,2026-06-24,BAT004061
INVT004062,20230225,PRD256,ST041,150,5,120,35,25,2024-11-18,BAT004062
INVT004063,20241208,PRD198,ST042,413,108,17,504,30,2027-11-26,BAT004063
INVT004064,20280123,PRD187,ST016,290,73,3,360,30,2030-06-12,BAT004064
INVT004065,20240112,PRD142,ST020,250,94,115,229,40,2026-12-06,BAT004065
INVT004066,20280724,PRD131,ST004,418,97,69,446,40,2030-02-22,BAT004066
INVT004067,20270122,PRD156,ST017,240,56,32,264,30,2028-03-29,BAT004067
INVT004068,20260223,PRD195,ST042,269,140,68,341,40,2028-02-20,BAT004068
INVT004069,20281006,PRD102,ST043,432,68,64,436,25,2030-08-05,BAT004069
INVT004070,20250725,PRD181,ST042,330,109,80,359,25,2027-09-24,BAT004070
INVT004071,20280718,PRD111,ST028,250,76,66,260,30,2030-03-21,BAT004071
INVT004072,20240923,PRD016,ST043,465,117,60,522,30,2027-03-14,BAT004072
INVT004073,20280413,PRD003,ST033,361,74,31,404,25,2031-02-08,BAT004073
INVT004074,20270801,PRD288,ST014,386,64,38,412,25,2029-10-14,BAT004074
INVT004075,20261013,PRD275,ST003,232,6,97,141,30,2028-09-03,BAT004075
INVT004076,20230902,PRD185,ST047,66,44,68,42,30,2025-10-16,BAT004076
INVT004077,20280313,PRD085,ST047,471,2,6,467,40,2029-09-30,BAT004077
INVT004078,20260222,PRD089,ST049,358,50,72,336,20,2029-02-04,BAT004078
INVT004079,20280329,PRD229,ST015,428,125,116,437,25,2030-11-23,BAT004079
INVT004080,20260713,PRD139,ST041,453,88,85,456,20,2028-03-16,BAT004080
INVT004081,20230428,PRD033,ST027,120,85,71,134,30,2024-08-17,BAT004081
INVT004082,20261222,PRD020,ST044,117,1,38,80,30,2028-01-14,BAT004082
INVT004083,20250127,PRD288,ST007,209,53,43,219,25,2026-04-03,BAT004083
INVT004084,20240724,PRD238,ST039,185,59,105,139,25,2026-12-09,BAT004084
INVT004085,20260916,PRD097,ST006,458,25,14,469,25,2028-05-17,BAT004085
INVT004086,20261215,PRD295,ST002,190,42,51,181,30,2028-06-21,BAT004086
INVT004087,20280302,PRD136,ST010,332,111,107,336,40,2029-09-05,BAT004087
INVT004088,20261109,PRD057,ST045,76,134,46,164,40,2028-06-24,BAT004088
INVT004089,20281204,PRD099,ST036,416,89,44,461,30,2030-11-19,BAT004089
INVT004090,20231125,PRD133,ST041,437,110,5,542,50,2026-08-26,BAT004090
INVT004091,20231128,PRD300,ST015,215,24,10,229,40,2026-10-09,BAT004091
INVT004092,20260531,PRD177,ST023,210,56,88,178,40,2029-05-15,BAT004092
INVT004093,20230509,PRD214,ST009,292,47,69,270,20,2025-07-07,BAT004093
INVT004094,20280210,PRD103,ST016,276,64,49,291,20,2029-07-02,BAT004094
INVT004095,20231222,PRD163,ST031,241,108,92,257,25,2026-03-01,BAT004095
INVT004096,20251120,PRD052,ST012,435,108,3,540,50,2027-08-10,BAT004096
INVT004097,20281123,PRD061,ST033,451,113,50,514,25,2029-12-07,BAT004097
INVT004098,20230831,PRD218,ST037,169,21,77,113,40,2025-05-03,BAT004098
INVT004099,20230324,PRD121,ST040,356,86,9,433,40,2025-08-10,BAT004099
INVT004100,20230831,PRD160,ST022,66,84,92,58,50,2026-04-26,BAT004100
INVT004101,20240808,PRD065,ST044,410,107,56,461,25,2027-07-01,BAT004101
INVT004102,20240214,PRD089,ST049,160,71,100,131,25,2026-08-10,BAT004102
INVT004103,20281213,PRD020,ST020,307,88,108,287,20,2031-10-17,BAT004103
INVT004104,20260410,PRD078,ST004,124,94,77,141,25,2028-05-24,BAT004104
INVT004105,20260504,PRD188,ST003,489,37,70,456,25,2028-01-02,BAT004105
INVT004106,20240314,PRD127,ST017,117,120,46,191,30,2026-06-09,BAT004106
INVT004107,20270331,PRD239,ST012,360,16,14,362,30,2029-01-23,BAT004107
INVT004108,20230410,PRD147,ST041,182,49,114,117,20,2025-09-24,BAT004108
INVT004109,20250411,PRD154,ST016,273,95,28,340,20,2026-05-20,BAT004109
INVT004110,20241004,PRD300,ST031,297,30,86,241,20,2026-08-28,BAT004110
INVT004111,20230306,PRD209,ST010,399,149,14,534,40,2025-11-14,BAT004111
INVT004112,20240602,PRD200,ST022,464,16,116,364,40,2026-01-06,BAT004112
INVT004113,20241024,PRD261,ST008,481,109,18,572,50,2026-01-17,BAT004113
INVT004114,20230808,PRD258,ST032,167,39,20,186,20,2026-04-06,BAT004114
INVT004115,20251005,PRD204,ST037,88,82,56,114,25,2028-08-30,BAT004115
INVT004116,20280301,PRD223,ST050,297,29,98,228,20,2030-03-03,BAT004116
INVT004117,20240714,PRD290,ST033,399,115,62,452,20,2026-10-09,BAT004117
INVT004118,20260411,PRD178,ST039,429,20,47,402,25,2027-06-07,BAT004118
INVT004119,20251107,PRD141,ST021,76,2,22,56,20,2027-03-21,BAT004119
INVT004120,20270326,PRD267,ST016,336,126,71,391,50,2028-04-29,BAT004120
INVT004121,20250522,PRD159,ST041,227,14,21,220,50,2027-04-10,BAT004121
INVT004122,20280822,PRD205,ST029,439,101,6,534,25,2031-06-17,BAT004122
INVT004123,20230714,PRD140,ST001,359,52,34,377,40,2026-06-14,BAT004123
INVT004124,20280225,PRD179,ST020,370,17,68,319,25,2029-10-27,BAT004124
INVT004125,20271003,PRD278,ST033,99,11,9,101,25,2030-04-17,BAT004125
INVT004126,20240625,PRD229,ST012,86,12,96,2,30,2025-10-05,BAT004126
INVT004127,20250925,PRD126,ST018,242,15,12,245,50,2027-08-08,BAT004127
INVT004128,20241016,PRD077,ST001,100,60,68,92,50,2026-04-07,BAT004128
INVT004129,20270121,PRD121,ST012,66,140,94,112,25,2029-12-22,BAT004129
INVT004130,20231111,PRD199,ST034,112,105,28,189,40,2024-11-19,BAT004130
INVT004131,20250831,PRD276,ST037,396,22,83,335,40,2027-05-09,BAT004131
INVT004132,20270408,PRD007,ST030,433,130,75,488,30,2030-01-30,BAT004132
INVT004133,20280614,PRD220,ST031,144,11,5,150,20,2030-06-11,BAT004133
INVT004134,20240614,PRD042,ST017,407,25,99,333,20,2026-10-12,BAT004134
INVT004135,20230206,PRD234,ST008,272,61,34,299,50,2025-02-13,BAT004135
INVT004136,20230423,PRD273,ST039,214,26,23,217,25,2025-08-04,BAT004136
INVT004137,20230127,PRD271,ST024,91,28,112,7,50,2024-04-18,BAT004137
INVT004138,20251220,PRD156,ST024,182,93,53,222,50,2028-04-16,BAT004138
INVT004139,20240803,PRD203,ST023,223,99,105,217,20,2027-04-09,BAT004139
INVT004140,20250201,PRD233,ST028,305,20,30,295,40,2027-05-03,BAT004140
INVT004141,20240421,PRD257,ST033,262,36,108,190,40,2025-12-23,BAT004141
INVT004142,20261222,PRD206,ST007,118,102,97,123,40,2029-03-17,BAT004142
INVT004143,20250615,PRD013,ST024,236,126,26,336,40,2026-09-23,BAT004143
INVT004144,20250312,PRD279,ST034,294,73,105,262,20,2026-08-28,BAT004144
INVT004145,20240726,PRD112,ST044,385,73,85,373,40,2025-10-04,BAT004145
INVT004146,20260521,PRD153,ST026,245,45,63,227,40,2027-12-16,BAT004146
INVT004147,20250613,PRD001,ST019,398,28,9,417,40,2027-08-13,BAT004147
INVT004148,20240201,PRD153,ST012,370,26,47,349,25,2025-11-29,BAT004148
INVT004149,20280925,PRD117,ST008,357,101,68,390,40,2030-04-25,BAT004149
INVT004150,20270830,PRD135,ST031,63,64,49,78,30,2029-09-19,BAT004150
INVT004151,20270507,PRD262,ST031,61,55,48,68,50,2029-11-29,BAT004151
INVT004152,20250805,PRD002,ST002,192,138,28,302,40,2028-07-04,BAT004152
INVT004153,20250722,PRD206,ST047,166,20,97,89,30,2028-03-03,BAT004153
INVT004154,20250111,PRD075,ST050,411,29,84,356,25,2027-05-20,BAT004154
INVT004155,20230825,PRD197,ST022,356,57,35,378,20,2024-10-07,BAT004155
INVT004156,20251218,PRD026,ST025,430,37,74,393,20,2027-03-11,BAT004156
INVT004157,20280125,PRD088,ST009,312,40,35,317,40,2029-05-31,BAT004157
INVT004158,20281025,PRD099,ST002,94,137,14,217,40,2031-10-08,BAT004158
INVT004159,20270629,PRD028,ST031,221,114,67,268,50,2029-12-13,BAT004159
INVT004160,20251029,PRD296,ST031,195,148,78,265,40,2028-07-29,BAT004160
INVT004161,20230821,PRD162,ST011,494,34,13,515,40,2024-12-25,BAT004161
INVT004162,20240328,PRD143,ST035,487,104,101,490,30,2026-05-29,BAT004162
INVT004163,20261228,PRD265,ST048,98,141,79,160,50,2029-11-05,BAT004163
INVT004164,20240222,PRD005,ST028,89,126,27,188,30,2026-04-13,BAT004164
INVT004165,20250923,PRD049,ST027,152,24,21,155,50,2028-01-08,BAT004165
INVT004166,20270210,PRD181,ST029,468,45,95,418,40,2028-05-25,BAT004166
INVT004167,20270911,PRD157,ST039,260,55,62,253,50,2030-02-11,BAT004167
INVT004168,20231018,PRD046,ST037,479,54,67,466,50,2026-08-11,BAT004168
INVT004169,20230808,PRD201,ST034,135,12,14,133,25,2026-05-27,BAT004169
INVT004170,20230223,PRD256,ST005,268,126,44,350,25,2026-01-22,BAT004170
INVT004171,20241204,PRD059,ST025,163,49,53,159,20,2026-08-08,BAT004171
INVT004172,20231111,PRD241,ST040,490,134,42,582,30,2026-06-25,BAT004172
INVT004173,20230531,PRD024,ST020,402,14,31,385,40,2026-04-18,BAT004173
INVT004174,20241031,PRD183,ST048,201,95,66,230,30,2027-03-30,BAT004174
INVT004175,20250710,PRD175,ST045,265,60,87,238,50,2028-03-01,BAT004175
INVT004176,20240521,PRD079,ST031,485,71,93,463,25,2027-01-29,BAT004176
INVT004177,20240923,PRD075,ST021,447,87,13,521,40,2026-06-28,BAT004177
INVT004178,20231013,PRD095,ST021,335,17,80,272,30,2026-03-01,BAT004178
INVT004179,20270921,PRD092,ST007,469,46,90,425,25,2029-11-09,BAT004179
INVT004180,20230602,PRD063,ST045,327,101,29,399,50,2026-02-03,BAT004180
INVT004181,20251205,PRD184,ST017,100,53,92,61,50,2027-08-19,BAT004181
INVT004182,20260727,PRD120,ST007,210,99,27,282,20,2029-04-04,BAT004182
INVT004183,20250919,PRD005,ST050,460,120,76,504,40,2028-03-05,BAT004183
INVT004184,20261015,PRD024,ST042,350,109,89,370,30,2028-10-20,BAT004184
INVT004185,20280318,PRD070,ST041,192,8,71,129,50,2030-11-27,BAT004185
INVT004186,20241221,PRD056,ST030,297,48,42,303,20,2027-02-22,BAT004186
INVT004187,20270629,PRD261,ST005,84,52,27,109,50,2029-10-22,BAT004187
INVT004188,20250225,PRD220,ST029,64,122,88,98,25,2026-06-28,BAT004188
INVT004189,20280515,PRD116,ST046,200,2,90,112,25,2030-03-23,BAT004189
INVT004190,20240627,PRD088,ST042,137,69,12,194,50,2026-12-16,BAT004190
INVT004191,20250729,PRD032,ST027,394,62,23,433,25,2027-10-16,BAT004191
INVT004192,20260704,PRD158,ST001,98,139,12,225,30,2028-04-26,BAT004192
INVT004193,20260104,PRD087,ST019,439,141,111,469,30,2027-06-12,BAT004193
INVT004194,20230507,PRD081,ST045,193,62,103,152,30,2024-05-13,BAT004194
INVT004195,20260614,PRD225,ST027,229,23,15,237,50,2028-08-23,BAT004195
INVT004196,20230924,PRD173,ST027,190,2,78,114,50,2025-07-11,BAT004196
INVT004197,20240227,PRD159,ST032,229,49,79,199,50,2026-11-22,BAT004197
INVT004198,20230924,PRD099,ST030,69,81,39,111,25,2025-07-27,BAT004198
INVT004199,20260823,PRD048,ST044,374,14,65,323,25,2028-09-20,BAT004199
INVT004200,20231108,PRD037,ST002,379,51,40,390,40,2025-09-30,BAT004200
INVT004201,20251230,PRD093,ST048,345,44,4,385,25,2027-09-03,BAT004201
INVT004202,20280521,PRD196,ST046,245,110,74,281,40,2031-01-25,BAT004202
INVT004203,20241210,PRD086,ST037,227,59,29,257,50,2027-01-06,BAT004203
INVT004204,20240118,PRD292,ST017,97,16,80,33,50,2025-08-01,BAT004204
INVT004205,20230308,PRD119,ST020,114,71,83,102,25,2025-01-02,BAT004205
INVT004206,20230110,PRD194,ST028,394,45,65,374,25,2024-10-12,BAT004206
INVT004207,20270807,PRD098,ST013,462,76,86,452,50,2030-02-08,BAT004207
INVT004208,20250731,PRD122,ST017,156,120,47,229,20,2028-01-21,BAT004208
INVT004209,20270411,PRD224,ST040,180,9,64,125,40,2029-04-15,BAT004209
INVT004210,20260325,PRD090,ST019,177,143,22,298,40,2028-12-19,BAT004210
INVT004211,20240701,PRD284,ST022,225,5,57,173,30,2026-01-26,BAT004211
INVT004212,20261024,PRD012,ST037,491,88,20,559,50,2029-08-02,BAT004212
INVT004213,20281112,PRD192,ST039,189,122,107,204,20,2030-07-24,BAT004213
INVT004214,20271015,PRD217,ST019,217,53,41,229,50,2029-01-20,BAT004214
INVT004215,20280410,PRD208,ST022,72,66,58,80,20,2030-10-24,BAT004215
INVT004216,20281112,PRD104,ST001,69,150,43,176,30,2030-03-31,BAT004216
INVT004217,20280914,PRD234,ST014,190,72,94,168,50,2031-07-06,BAT004217
INVT004218,20270705,PRD194,ST034,272,110,57,325,50,2030-01-06,BAT004218
INVT004219,20251123,PRD234,ST002,259,27,58,228,20,2028-02-09,BAT004219
INVT004220,20230730,PRD044,ST017,368,112,116,364,20,2024-10-19,BAT004220
INVT004221,20230418,PRD111,ST034,183,114,13,284,30,2025-05-23,BAT004221
INVT004222,20280521,PRD184,ST027,271,83,0,354,30,2029-08-07,BAT004222
INVT004223,20280831,PRD217,ST002,401,24,49,376,40,2031-07-10,BAT004223
INVT004224,20260413,PRD134,ST037,420,46,26,440,30,2029-03-23,BAT004224
INVT004225,20250429,PRD189,ST040,377,111,73,415,50,2027-03-30,BAT004225
INVT004226,20230318,PRD143,ST021,438,4,82,360,30,2025-05-09,BAT004226
INVT004227,20270801,PRD296,ST015,298,87,39,346,20,2028-12-16,BAT004227
INVT004228,20251218,PRD092,ST036,272,18,60,230,50,2028-08-10,BAT004228
INVT004229,20241118,PRD170,ST029,113,76,4,185,25,2026-10-22,BAT004229
INVT004230,20230817,PRD124,ST035,215,125,54,286,25,2025-09-05,BAT004230
INVT004231,20260517,PRD264,ST005,372,105,97,380,25,2028-10-27,BAT004231
INVT004232,20260323,PRD294,ST016,438,104,110,432,50,2027-05-15,BAT004232
INVT004233,20270428,PRD101,ST021,312,89,28,373,20,2028-07-22,BAT004233
INVT004234,20230331,PRD041,ST049,122,112,70,164,50,2025-04-20,BAT004234
INVT004235,20260927,PRD044,ST040,382,53,0,435,30,2029-07-16,BAT004235
INVT004236,20280825,PRD189,ST010,494,125,58,561,30,2031-02-12,BAT004236
INVT004237,20270321,PRD244,ST004,160,99,41,218,40,2028-08-17,BAT004237
INVT004238,20230731,PRD100,ST048,266,55,32,289,30,2026-06-26,BAT004238
INVT004239,20260226,PRD109,ST041,354,66,51,369,50,2028-10-30,BAT004239
INVT004240,20270327,PRD126,ST015,103,137,9,231,25,2028-10-12,BAT004240
INVT004241,20250629,PRD190,ST029,397,107,11,493,40,2026-08-16,BAT004241
INVT004242,20280112,PRD113,ST008,278,77,35,320,30,2030-04-28,BAT004242
INVT004243,20280305,PRD220,ST012,395,105,113,387,25,2030-04-06,BAT004243
INVT004244,20250930,PRD201,ST029,325,80,89,316,20,2028-03-04,BAT004244
INVT004245,20280623,PRD254,ST017,451,126,98,479,30,2031-03-12,BAT004245
INVT004246,20260121,PRD147,ST042,172,73,107,138,50,2029-01-19,BAT004246
INVT004247,20261001,PRD071,ST038,231,48,57,222,40,2028-06-16,BAT004247
INVT004248,20230423,PRD123,ST031,249,119,53,315,50,2025-08-21,BAT004248
INVT004249,20260226,PRD013,ST017,496,38,2,532,40,2028-05-02,BAT004249
INVT004250,20280328,PRD182,ST006,207,113,44,276,25,2030-01-27,BAT004250
INVT004251,20231228,PRD039,ST021,436,120,98,458,25,2026-10-25,BAT004251
INVT004252,20250501,PRD031,ST040,351,14,100,265,20,2028-02-18,BAT004252
INVT004253,20230710,PRD293,ST018,428,8,101,335,40,2025-07-25,BAT004253
INVT004254,20270620,PRD183,ST047,309,38,30,317,30,2029-03-15,BAT004254
INVT004255,20261107,PRD126,ST034,459,85,83,461,40,2028-11-15,BAT004255
INVT004256,20251004,PRD176,ST012,152,33,120,65,40,2027-12-18,BAT004256
INVT004257,20230511,PRD007,ST003,183,119,3,299,50,2024-07-29,BAT004257
INVT004258,20231015,PRD031,ST048,175,78,74,179,30,2025-12-19,BAT004258
INVT004259,20231115,PRD041,ST039,402,128,72,458,50,2025-12-27,BAT004259
INVT004260,20260711,PRD042,ST006,330,26,87,269,30,2028-12-06,BAT004260
INVT004261,20250530,PRD230,ST018,255,109,9,355,30,2027-04-08,BAT004261
INVT004262,20280410,PRD230,ST028,97,130,82,145,40,2030-09-15,BAT004262
INVT004263,20280617,PRD001,ST018,418,118,93,443,50,2030-08-12,BAT004263
INVT004264,20270626,PRD197,ST036,125,4,94,35,30,2030-06-24,BAT004264
INVT004265,20240629,PRD189,ST026,225,150,47,328,20,2026-12-20,BAT004265
INVT004266,20231005,PRD142,ST046,134,59,88,105,25,2024-10-07,BAT004266
INVT004267,20250109,PRD295,ST046,145,127,54,218,30,2026-01-26,BAT004267
INVT004268,20260716,PRD143,ST031,398,61,79,380,50,2028-09-20,BAT004268
INVT004269,20241216,PRD080,ST005,179,14,45,148,20,2026-07-25,BAT004269
INVT004270,20231228,PRD273,ST025,242,8,39,211,40,2025-11-06,BAT004270
INVT004271,20280122,PRD125,ST014,332,23,32,323,40,2030-06-17,BAT004271
INVT004272,20261022,PRD086,ST017,283,76,110,249,30,2028-03-01,BAT004272
INVT004273,20230111,PRD097,ST021,360,67,36,391,20,2024-01-28,BAT004273
INVT004274,20241112,PRD116,ST033,296,57,107,246,30,2026-02-04,BAT004274
INVT004275,20270723,PRD212,ST020,493,127,61,559,30,2028-10-27,BAT004275
INVT004276,20250414,PRD047,ST014,237,19,64,192,25,2026-04-22,BAT004276
INVT004277,20240801,PRD182,ST033,241,50,34,257,40,2026-06-22,BAT004277
INVT004278,20281229,PRD041,ST023,157,134,99,192,50,2031-01-06,BAT004278
INVT004279,20241118,PRD061,ST032,331,83,43,371,50,2027-08-14,BAT004279
INVT004280,20230826,PRD296,ST034,205,19,117,107,25,2026-03-15,BAT004280
INVT004281,20270317,PRD170,ST024,463,132,107,488,20,2029-04-05,BAT004281
INVT004282,20280302,PRD177,ST049,367,45,27,385,50,2029-09-28,BAT004282
INVT004283,20240202,PRD113,ST020,322,146,11,457,50,2025-03-15,BAT004283
INVT004284,20230816,PRD101,ST035,83,66,110,39,40,2025-02-24,BAT004284
INVT004285,20251127,PRD066,ST046,360,44,39,365,25,2027-03-12,BAT004285
INVT004286,20270224,PRD295,ST030,431,61,97,395,20,2029-10-17,BAT004286
INVT004287,20240221,PRD089,ST005,313,80,19,374,40,2025-09-05,BAT004287
INVT004288,20260424,PRD047,ST006,201,102,11,292,25,2028-01-04,BAT004288
INVT004289,20231210,PRD171,ST042,232,92,25,299,20,2025-02-11,BAT004289
INVT004290,20260806,PRD115,ST003,147,15,103,59,30,2028-06-04,BAT004290
INVT004291,20230212,PRD231,ST029,322,22,85,259,20,2024-03-31,BAT004291
INVT004292,20270727,PRD185,ST040,331,77,84,324,30,2029-06-18,BAT004292
INVT004293,20280214,PRD209,ST048,479,110,30,559,30,2030-01-12,BAT004293
INVT004294,20260528,PRD062,ST036,429,47,76,400,50,2027-09-05,BAT004294
INVT004295,20240802,PRD209,ST040,489,68,43,514,25,2025-09-27,BAT004295
INVT004296,20270904,PRD158,ST044,92,26,2,116,40,2028-12-19,BAT004296
INVT004297,20270416,PRD195,ST045,365,23,2,386,20,2030-04-04,BAT004297
INVT004298,20281126,PRD068,ST011,390,64,17,437,20,2031-01-14,BAT004298
INVT004299,20240802,PRD214,ST033,114,38,87,65,20,2027-05-12,BAT004299
INVT004300,20280806,PRD183,ST041,255,43,83,215,40,2031-05-01,BAT004300
INVT004301,20270412,PRD075,ST002,320,49,80,289,30,2029-09-01,BAT004301
INVT004302,20231220,PRD002,ST001,226,145,29,342,25,2026-10-27,BAT004302
INVT004303,20261211,PRD253,ST009,439,33,70,402,40,2028-01-30,BAT004303
INVT004304,20250404,PRD081,ST010,65,11,59,17,30,2027-10-28,BAT004304
INVT004305,20261023,PRD253,ST048,115,65,103,77,25,2029-05-14,BAT004305
INVT004306,20280311,PRD063,ST010,362,89,11,440,30,2030-02-16,BAT004306
INVT004307,20250201,PRD023,ST022,396,131,113,414,20,2028-01-25,BAT004307
INVT004308,20240826,PRD265,ST026,58,97,5,150,30,2027-03-14,BAT004308
INVT004309,20230428,PRD089,ST012,184,3,53,134,30,2025-02-28,BAT004309
INVT004310,20280508,PRD135,ST029,461,102,88,475,50,2030-04-22,BAT004310
INVT004311,20230620,PRD297,ST002,181,21,81,121,50,2026-02-07,BAT004311
INVT004312,20280830,PRD170,ST028,250,66,26,290,20,2029-12-04,BAT004312
INVT004313,20270513,PRD169,ST041,480,90,55,515,25,2028-12-23,BAT004313
INVT004314,20281009,PRD287,ST032,321,130,118,333,50,2031-01-05,BAT004314
INVT004315,20270410,PRD178,ST028,406,60,9,457,25,2029-05-12,BAT004315
INVT004316,20230803,PRD214,ST042,115,35,107,43,50,2024-08-25,BAT004316
INVT004317,20231228,PRD051,ST047,494,49,71,472,40,2025-01-05,BAT004317
INVT004318,20260218,PRD247,ST038,191,114,115,190,20,2028-10-01,BAT004318
INVT004319,20230305,PRD110,ST033,58,53,42,69,20,2024-11-21,BAT004319
INVT004320,20281104,PRD166,ST047,175,143,21,297,50,2030-08-27,BAT004320
INVT004321,20260615,PRD038,ST038,414,31,33,412,40,2029-01-11,BAT004321
INVT004322,20230715,PRD186,ST015,207,112,16,303,50,2025-03-16,BAT004322
INVT004323,20270108,PRD048,ST048,259,121,27,353,20,2029-08-07,BAT004323
INVT004324,20260919,PRD114,ST009,386,100,63,423,20,2029-04-10,BAT004324
INVT004325,20251113,PRD262,ST049,314,103,104,313,50,2028-01-10,BAT004325
INVT004326,20260920,PRD195,ST045,388,38,75,351,25,2028-09-30,BAT004326
INVT004327,20281230,PRD096,ST011,319,42,91,270,50,2029-12-31,BAT004327
INVT004328,20240329,PRD270,ST014,128,62,47,143,25,2025-05-10,BAT004328
INVT004329,20271125,PRD262,ST033,225,109,68,266,30,2030-10-22,BAT004329
INVT004330,20270927,PRD249,ST027,377,126,64,439,20,2030-06-13,BAT004330
INVT004331,20270624,PRD143,ST021,460,141,28,573,40,2029-03-25,BAT004331
INVT004332,20260223,PRD295,ST021,475,147,60,562,30,2027-07-23,BAT004332
INVT004333,20231122,PRD119,ST023,375,51,10,416,40,2025-10-17,BAT004333
INVT004334,20261112,PRD169,ST039,371,40,118,293,50,2029-10-28,BAT004334
INVT004335,20280624,PRD141,ST035,412,117,35,494,20,2031-05-27,BAT004335
INVT004336,20230921,PRD150,ST034,247,40,54,233,40,2025-08-16,BAT004336
INVT004337,20240507,PRD061,ST040,366,126,54,438,30,2026-04-14,BAT004337
INVT004338,20250706,PRD138,ST040,258,91,100,249,30,2026-09-17,BAT004338
INVT004339,20270107,PRD224,ST020,107,103,56,154,50,2029-09-11,BAT004339
INVT004340,20271015,PRD122,ST047,54,12,26,40,30,2030-03-14,BAT004340
INVT004341,20250122,PRD032,ST008,252,49,107,194,20,2026-04-19,BAT004341
INVT004342,20260902,PRD295,ST031,383,39,22,400,30,2028-01-28,BAT004342
INVT004343,20240601,PRD269,ST018,438,138,101,475,25,2026-04-09,BAT004343
INVT004344,20241116,PRD246,ST025,260,141,6,395,50,2027-08-21,BAT004344
INVT004345,20281030,PRD131,ST028,385,12,10,387,50,2029-12-03,BAT004345
INVT004346,20260129,PRD005,ST014,150,76,70,156,20,2027-04-12,BAT004346
INVT004347,20260928,PRD113,ST029,432,61,47,446,50,2028-11-09,BAT004347
INVT004348,20270628,PRD249,ST007,227,83,33,277,30,2029-08-27,BAT004348
INVT004349,20230306,PRD177,ST016,349,39,114,274,40,2024-04-15,BAT004349
INVT004350,20271127,PRD249,ST018,432,103,81,454,25,2030-04-17,BAT004350
INVT004351,20240711,PRD025,ST041,220,52,50,222,30,2027-04-11,BAT004351
INVT004352,20230915,PRD055,ST039,403,39,90,352,50,2025-09-06,BAT004352
INVT004353,20270802,PRD228,ST048,370,39,102,307,50,2029-08-09,BAT004353
INVT004354,20230624,PRD088,ST006,500,91,41,550,25,2026-01-14,BAT004354
INVT004355,20251004,PRD011,ST044,304,116,43,377,30,2028-04-18,BAT004355
INVT004356,20240722,PRD046,ST011,247,46,53,240,30,2026-03-01,BAT004356
INVT004357,20270227,PRD204,ST031,378,131,34,475,30,2029-04-06,BAT004357
INVT004358,20230111,PRD229,ST036,362,5,106,261,40,2024-12-27,BAT004358
INVT004359,20231203,PRD289,ST045,341,25,77,289,50,2025-02-06,BAT004359
INVT004360,20280212,PRD248,ST024,239,17,19,237,50,2031-01-05,BAT004360
INVT004361,20260209,PRD154,ST007,456,78,77,457,25,2028-01-22,BAT004361
INVT004362,20250423,PRD052,ST028,191,138,22,307,50,2028-03-12,BAT004362
INVT004363,20250928,PRD265,ST050,379,86,84,381,50,2028-01-28,BAT004363
INVT004364,20260119,PRD226,ST029,272,89,48,313,30,2028-09-06,BAT004364
INVT004365,20230531,PRD247,ST002,235,83,38,280,50,2025-02-23,BAT004365
INVT004366,20250511,PRD157,ST015,442,110,68,484,40,2028-03-14,BAT004366
INVT004367,20280710,PRD053,ST022,490,105,102,493,50,2030-01-04,BAT004367
INVT004368,20240730,PRD002,ST038,186,13,62,137,40,2027-07-10,BAT004368
INVT004369,20250914,PRD153,ST008,227,53,46,234,50,2028-01-01,BAT004369
INVT004370,20280326,PRD064,ST004,389,12,14,387,20,2030-03-02,BAT004370
INVT004371,20251030,PRD237,ST030,489,58,98,449,30,2028-07-20,BAT004371
INVT004372,20251212,PRD124,ST043,86,67,88,65,50,2028-04-20,BAT004372
INVT004373,20240630,PRD089,ST023,237,119,64,292,30,2026-08-14,BAT004373
INVT004374,20251108,PRD054,ST015,225,69,82,212,40,2027-09-20,BAT004374
INVT004375,20240126,PRD202,ST035,218,95,59,254,25,2026-10-21,BAT004375
INVT004376,20260710,PRD078,ST016,490,37,68,459,30,2028-07-25,BAT004376
INVT004377,20261202,PRD283,ST002,477,149,100,526,30,2029-04-12,BAT004377
INVT004378,20260519,PRD250,ST024,306,25,83,248,40,2028-07-04,BAT004378
INVT004379,20230701,PRD080,ST034,445,67,80,432,20,2025-01-14,BAT004379
INVT004380,20270809,PRD086,ST016,159,77,56,180,20,2029-06-11,BAT004380
INVT004381,20230316,PRD239,ST007,178,102,103,177,50,2025-06-13,BAT004381
INVT004382,20240129,PRD131,ST047,302,125,92,335,25,2025-11-21,BAT004382
INVT004383,20240524,PRD285,ST023,415,81,73,423,30,2025-07-05,BAT004383
INVT004384,20281023,PRD111,ST032,195,95,91,199,40,2029-11-29,BAT004384
INVT004385,20240517,PRD237,ST002,147,99,12,234,20,2025-08-04,BAT004385
INVT004386,20280228,PRD179,ST040,397,7,84,320,20,2029-06-14,BAT004386
INVT004387,20271201,PRD019,ST025,285,146,101,330,30,2030-07-11,BAT004387
INVT004388,20230517,PRD251,ST035,271,45,120,196,50,2025-04-01,BAT004388
INVT004389,20260709,PRD051,ST026,410,39,14,435,30,2029-02-20,BAT004389
INVT004390,20250826,PRD282,ST050,455,149,54,550,40,2027-10-11,BAT004390
INVT004391,20251020,PRD181,ST013,454,109,62,501,25,2027-10-31,BAT004391
INVT004392,20261229,PRD270,ST039,258,11,62,207,20,2029-04-07,BAT004392
INVT004393,20240608,PRD069,ST035,325,54,34,345,20,2026-01-12,BAT004393
INVT004394,20250802,PRD177,ST007,435,49,78,406,20,2026-10-17,BAT004394
INVT004395,20260119,PRD098,ST004,359,119,116,362,30,2027-07-06,BAT004395
INVT004396,20280710,PRD159,ST040,166,110,51,225,25,2030-05-27,BAT004396
INVT004397,20280519,PRD291,ST027,276,16,88,204,30,2030-11-02,BAT004397
INVT004398,20230402,PRD101,ST046,443,2,85,360,20,2025-07-12,BAT004398
INVT004399,20250724,PRD187,ST050,371,111,107,375,30,2028-02-18,BAT004399
INVT004400,20240920,PRD200,ST002,312,44,108,248,30,2026-03-24,BAT004400
INVT004401,20270828,PRD122,ST047,291,67,90,268,20,2029-01-18,BAT004401
INVT004402,20280905,PRD268,ST025,269,149,13,405,20,2030-01-12,BAT004402
INVT004403,20240610,PRD101,ST011,88,67,80,75,25,2026-05-06,BAT004403
INVT004404,20241013,PRD194,ST006,105,149,62,192,50,2027-05-17,BAT004404
INVT004405,20240824,PRD171,ST040,492,78,50,520,30,2026-11-29,BAT004405
INVT004406,20251217,PRD140,ST025,240,54,23,271,30,2028-11-18,BAT004406
INVT004407,20260722,PRD144,ST019,89,28,66,51,20,2029-06-25,BAT004407
INVT004408,20281220,PRD176,ST006,159,97,117,139,40,2030-06-30,BAT004408
INVT004409,20280924,PRD010,ST044,223,36,7,252,25,2031-04-12,BAT004409
INVT004410,20240215,PRD111,ST029,478,109,65,522,30,2025-05-27,BAT004410
INVT004411,20260218,PRD255,ST006,183,97,85,195,25,2027-08-06,BAT004411
INVT004412,20230425,PRD039,ST017,388,133,31,490,25,2024-12-28,BAT004412
INVT004413,20260818,PRD137,ST004,99,28,23,104,40,2028-02-07,BAT004413
INVT004414,20250428,PRD200,ST001,150,0,65,85,40,2027-06-06,BAT004414
INVT004415,20260407,PRD240,ST031,73,146,1,218,40,2029-02-12,BAT004415
INVT004416,20280602,PRD223,ST007,328,60,99,289,40,2030-06-23,BAT004416
INVT004417,20240814,PRD192,ST001,297,107,83,321,40,2027-07-20,BAT004417
INVT004418,20230927,PRD214,ST012,98,127,18,207,20,2025-07-11,BAT004418
INVT004419,20281114,PRD265,ST026,337,12,84,265,30,2030-02-27,BAT004419
INVT004420,20280814,PRD200,ST037,163,11,28,146,25,2030-09-14,BAT004420
INVT004421,20260503,PRD169,ST026,181,109,59,231,30,2027-08-22,BAT004421
INVT004422,20231208,PRD206,ST003,215,59,77,197,20,2026-01-07,BAT004422
INVT004423,20251021,PRD292,ST003,339,124,82,381,20,2027-06-12,BAT004423
INVT004424,20260507,PRD067,ST022,466,29,90,405,50,2028-08-10,BAT004424
INVT004425,20230806,PRD064,ST036,85,95,71,109,50,2024-11-15,BAT004425
INVT004426,20250208,PRD204,ST035,122,148,50,220,40,2026-02-19,BAT004426
INVT004427,20280308,PRD142,ST012,110,85,118,77,25,2029-05-15,BAT004427
INVT004428,20251016,PRD204,ST047,120,87,21,186,40,2026-10-19,BAT004428
INVT004429,20240729,PRD090,ST008,266,146,94,318,20,2027-02-12,BAT004429
INVT004430,20280920,PRD234,ST024,455,70,65,460,20,2030-02-11,BAT004430
INVT004431,20250807,PRD102,ST050,238,139,29,348,50,2027-06-08,BAT004431
INVT004432,20250225,PRD043,ST001,259,92,57,294,25,2027-01-25,BAT004432
INVT004433,20231212,PRD246,ST020,223,64,48,239,50,2025-07-21,BAT004433
INVT004434,20261114,PRD063,ST002,498,41,94,445,20,2028-09-20,BAT004434
INVT004435,20230712,PRD046,ST010,328,62,24,366,20,2026-02-16,BAT004435
INVT004436,20260915,PRD189,ST033,375,149,90,434,40,2029-04-16,BAT004436
INVT004437,20230218,PRD113,ST022,463,116,12,567,40,2025-07-06,BAT004437
INVT004438,20231130,PRD249,ST045,63,49,4,108,30,2026-01-23,BAT004438
INVT004439,20280811,PRD232,ST004,343,77,9,411,25,2030-04-27,BAT004439
INVT004440,20270414,PRD003,ST022,97,100,32,165,50,2028-12-06,BAT004440
INVT004441,20260806,PRD107,ST016,279,98,71,306,30,2027-12-02,BAT004441
INVT004442,20280201,PRD207,ST030,287,111,109,289,20,2029-02-09,BAT004442
INVT004443,20270508,PRD144,ST015,208,83,120,171,50,2029-08-15,BAT004443
INVT004444,20250813,PRD041,ST041,440,120,97,463,25,2026-09-27,BAT004444
INVT004445,20250721,PRD116,ST012,185,148,101,232,40,2027-10-26,BAT004445
INVT004446,20260927,PRD256,ST017,494,87,14,567,20,2028-08-01,BAT004446
INVT004447,20260224,PRD274,ST003,350,77,89,338,40,2027-10-04,BAT004447
INVT004448,20240424,PRD278,ST006,226,99,2,323,30,2026-02-14,BAT004448
INVT004449,20241026,PRD248,ST004,282,149,114,317,30,2027-06-11,BAT004449
INVT004450,20260509,PRD245,ST027,475,30,13,492,20,2027-06-30,BAT004450
INVT004451,20280605,PRD295,ST031,250,78,112,216,40,2030-06-10,BAT004451
INVT004452,20260402,PRD180,ST027,224,118,19,323,50,2028-10-31,BAT004452
INVT004453,20280211,PRD078,ST011,248,147,26,369,30,2030-07-14,BAT004453
INVT004454,20261015,PRD138,ST044,62,52,74,40,20,2029-06-29,BAT004454
INVT004455,20280909,PRD133,ST044,244,135,109,270,30,2030-11-09,BAT004455
INVT004456,20230216,PRD223,ST025,420,46,118,348,40,2024-04-25,BAT004456
INVT004457,20250613,PRD266,ST009,259,140,60,339,20,2028-03-13,BAT004457
INVT004458,20271219,PRD226,ST030,274,95,59,310,20,2030-10-18,BAT004458
INVT004459,20250420,PRD292,ST037,472,104,18,558,40,2026-12-04,BAT004459
INVT004460,20280728,PRD240,ST038,144,113,8,249,20,2029-09-22,BAT004460
INVT004461,20271129,PRD123,ST023,113,33,70,76,50,2030-01-31,BAT004461
INVT004462,20241207,PRD096,ST043,456,8,52,412,50,2027-10-06,BAT004462
INVT004463,20241118,PRD148,ST013,133,59,24,168,25,2026-01-10,BAT004463
INVT004464,20240809,PRD111,ST040,351,58,32,377,30,2026-09-01,BAT004464
INVT004465,20230403,PRD206,ST046,64,96,72,88,30,2026-03-27,BAT004465
INVT004466,20250717,PRD002,ST026,363,88,83,368,25,2027-01-28,BAT004466
INVT004467,20261028,PRD225,ST035,500,100,41,559,25,2029-07-02,BAT004467
INVT004468,20260605,PRD047,ST009,308,87,31,364,40,2027-07-24,BAT004468
INVT004469,20230516,PRD196,ST017,179,135,113,201,50,2025-04-24,BAT004469
INVT004470,20260322,PRD273,ST031,449,87,31,505,20,2027-07-19,BAT004470
INVT004471,20281101,PRD006,ST017,135,92,44,183,30,2030-03-27,BAT004471
INVT004472,20281208,PRD004,ST021,176,113,52,237,30,2030-04-22,BAT004472
INVT004473,20270204,PRD171,ST002,295,142,110,327,40,2029-08-20,BAT004473
INVT004474,20281211,PRD229,ST035,253,7,86,174,25,2030-01-23,BAT004474
INVT004475,20250725,PRD067,ST011,112,63,113,62,20,2027-11-29,BAT004475
INVT004476,20230521,PRD048,ST040,417,83,71,429,40,2025-07-18,BAT004476
INVT004477,20250505,PRD296,ST043,117,138,103,152,40,2027-12-05,BAT004477
INVT004478,20281118,PRD248,ST011,315,127,25,417,20,2030-08-02,BAT004478
INVT004479,20241007,PRD159,ST037,235,104,22,317,50,2026-01-30,BAT004479
INVT004480,20280425,PRD296,ST026,208,76,14,270,40,2029-05-03,BAT004480
INVT004481,20250818,PRD100,ST049,143,138,71,210,50,2026-08-24,BAT004481
INVT004482,20280413,PRD003,ST002,215,20,89,146,20,2029-10-13,BAT004482
INVT004483,20281128,PRD250,ST020,223,20,19,224,20,2030-04-27,BAT004483
INVT004484,20241014,PRD002,ST006,420,125,46,499,30,2026-10-24,BAT004484
INVT004485,20260117,PRD035,ST026,191,135,63,263,50,2027-06-06,BAT004485
INVT004486,20231007,PRD029,ST018,257,106,16,347,40,2025-08-29,BAT004486
INVT004487,20230315,PRD051,ST023,137,103,87,153,50,2025-06-15,BAT004487
INVT004488,20251101,PRD142,ST011,472,13,29,456,40,2026-12-27,BAT004488
INVT004489,20280525,PRD274,ST050,224,74,94,204,50,2029-12-04,BAT004489
INVT004490,20250406,PRD007,ST037,240,129,63,306,25,2026-12-05,BAT004490
INVT004491,20250604,PRD204,ST035,412,2,54,360,20,2026-09-02,BAT004491
INVT004492,20251129,PRD172,ST029,354,39,29,364,25,2028-01-13,BAT004492
INVT004493,20280611,PRD039,ST018,429,136,43,522,50,2031-06-01,BAT004493
INVT004494,20240213,PRD236,ST001,98,93,5,186,20,2026-09-14,BAT004494
INVT004495,20271106,PRD255,ST039,483,123,85,521,25,2028-12-03,BAT004495
INVT004496,20240612,PRD180,ST005,342,33,5,370,20,2027-01-08,BAT004496
INVT004497,20240925,PRD282,ST047,419,90,16,493,25,2026-05-15,BAT004497
INVT004498,20240903,PRD290,ST029,480,0,106,374,30,2027-04-15,BAT004498
INVT004499,20250320,PRD245,ST038,224,129,20,333,50,2026-07-03,BAT004499
INVT004500,20261108,PRD275,ST041,240,82,103,219,20,2028-01-26,BAT004500
INVT004501,20271025,PRD109,ST039,380,113,10,483,30,2030-07-01,BAT004501
INVT004502,20241106,PRD010,ST030,221,117,38,300,20,2026-09-19,BAT004502
INVT004503,20250121,PRD154,ST036,465,119,105,479,25,2027-09-09,BAT004503
INVT004504,20270815,PRD082,ST025,116,88,76,128,20,2030-01-25,BAT004504
INVT004505,20250831,PRD036,ST012,203,147,101,249,40,2027-12-04,BAT004505
INVT004506,20250823,PRD223,ST046,454,118,61,511,25,2027-05-14,BAT004506
INVT004507,20260501,PRD098,ST041,206,50,80,176,30,2028-03-07,BAT004507
INVT004508,20280309,PRD266,ST032,134,96,46,184,40,2029-06-29,BAT004508
INVT004509,20261014,PRD208,ST049,414,78,28,464,50,2029-09-05,BAT004509
INVT004510,20230626,PRD081,ST040,342,12,97,257,25,2025-03-28,BAT004510
INVT004511,20281227,PRD010,ST042,201,32,37,196,40,2031-08-14,BAT004511
INVT004512,20270912,PRD026,ST041,65,12,72,5,30,2028-09-20,BAT004512
INVT004513,20230927,PRD215,ST045,231,123,29,325,40,2025-11-25,BAT004513
INVT004514,20240606,PRD148,ST011,257,97,88,266,25,2025-10-12,BAT004514
INVT004515,20270208,PRD134,ST039,128,8,28,108,40,2029-10-13,BAT004515
INVT004516,20250803,PRD028,ST039,439,21,91,369,30,2028-05-08,BAT004516
INVT004517,20230829,PRD052,ST044,220,37,59,198,25,2024-12-17,BAT004517
INVT004518,20240410,PRD236,ST012,469,46,50,465,30,2025-06-16,BAT004518
INVT004519,20251125,PRD252,ST022,265,146,100,311,20,2026-12-06,BAT004519
INVT004520,20230927,PRD268,ST018,114,57,27,144,30,2026-06-13,BAT004520
INVT004521,20281130,PRD140,ST029,460,78,20,518,25,2031-07-12,BAT004521
INVT004522,20250919,PRD166,ST040,263,106,116,253,40,2028-01-20,BAT004522
INVT004523,20231204,PRD181,ST016,491,5,101,395,25,2025-05-22,BAT004523
INVT004524,20271102,PRD084,ST048,204,119,93,230,25,2029-12-18,BAT004524
INVT004525,20260821,PRD006,ST003,418,51,18,451,50,2029-03-19,BAT004525
INVT004526,20230307,PRD295,ST003,410,14,55,369,30,2025-06-13,BAT004526
INVT004527,20270724,PRD035,ST042,209,77,18,268,40,2029-12-20,BAT004527
INVT004528,20280625,PRD128,ST048,411,83,40,454,30,2031-04-30,BAT004528
INVT004529,20230804,PRD146,ST012,378,63,15,426,40,2026-04-29,BAT004529
INVT004530,20280711,PRD074,ST047,411,15,94,332,40,2030-10-07,BAT004530
INVT004531,20270129,PRD138,ST037,165,50,39,176,25,2029-12-29,BAT004531
INVT004532,20270628,PRD010,ST018,213,54,94,173,50,2028-12-31,BAT004532
INVT004533,20261121,PRD090,ST033,290,142,88,344,25,2028-10-28,BAT004533
INVT004534,20280214,PRD102,ST016,473,130,12,591,25,2029-10-23,BAT004534
INVT004535,20230322,PRD247,ST015,191,87,31,247,25,2024-05-11,BAT004535
INVT004536,20250110,PRD118,ST028,208,25,108,125,25,2026-06-15,BAT004536
INVT004537,20260415,PRD244,ST017,61,145,68,138,30,2027-10-27,BAT004537
INVT004538,20280222,PRD081,ST004,173,58,44,187,20,2030-01-18,BAT004538
INVT004539,20231025,PRD205,ST004,114,63,105,72,25,2025-09-23,BAT004539
INVT004540,20240128,PRD015,ST032,412,22,46,388,30,2025-12-25,BAT004540
INVT004541,20281228,PRD256,ST004,461,150,34,577,20,2030-10-03,BAT004541
INVT004542,20240914,PRD078,ST042,468,76,43,501,40,2026-07-23,BAT004542
INVT004543,20231019,PRD041,ST038,367,40,47,360,30,2025-01-15,BAT004543
INVT004544,20240623,PRD165,ST015,311,9,120,200,40,2026-12-04,BAT004544
INVT004545,20231105,PRD047,ST016,471,88,115,444,20,2025-10-27,BAT004545
INVT004546,20250703,PRD159,ST040,180,17,78,119,40,2026-10-23,BAT004546
INVT004547,20260926,PRD255,ST049,210,91,63,238,20,2028-10-31,BAT004547
INVT004548,20271106,PRD119,ST012,313,33,35,311,40,2029-07-14,BAT004548
INVT004549,20230313,PRD221,ST008,431,105,17,519,20,2026-01-28,BAT004549
INVT004550,20270202,PRD222,ST016,211,33,1,243,20,2029-05-16,BAT004550
INVT004551,20271121,PRD038,ST021,71,74,19,126,20,2029-10-07,BAT004551
INVT004552,20270428,PRD257,ST023,391,107,76,422,40,2029-08-11,BAT004552
INVT004553,20231113,PRD157,ST013,401,55,88,368,40,2024-12-06,BAT004553
INVT004554,20280831,PRD022,ST048,441,9,13,437,20,2029-11-19,BAT004554
INVT004555,20260311,PRD214,ST047,99,12,93,18,25,2028-11-14,BAT004555
INVT004556,20240901,PRD249,ST033,318,128,71,375,20,2027-03-05,BAT004556
INVT004557,20250428,PRD020,ST018,459,100,84,475,20,2027-05-28,BAT004557
INVT004558,20250922,PRD285,ST034,108,104,65,147,40,2028-09-15,BAT004558
INVT004559,20261214,PRD046,ST034,468,90,119,439,40,2029-08-15,BAT004559
INVT004560,20230707,PRD180,ST041,68,97,42,123,40,2026-01-27,BAT004560
INVT004561,20241018,PRD195,ST031,140,134,4,270,20,2027-02-20,BAT004561
INVT004562,20241001,PRD250,ST011,471,0,92,379,50,2026-01-23,BAT004562
INVT004563,20260404,PRD230,ST010,373,49,58,364,25,2028-03-29,BAT004563
INVT004564,20270917,PRD145,ST002,288,132,28,392,20,2030-03-16,BAT004564
INVT004565,20250628,PRD026,ST050,254,113,113,254,50,2028-03-01,BAT004565
INVT004566,20270301,PRD053,ST042,180,88,36,232,50,2029-09-12,BAT004566
INVT004567,20250417,PRD211,ST030,90,66,49,107,40,2027-01-11,BAT004567
INVT004568,20230525,PRD223,ST025,319,131,92,358,40,2025-08-27,BAT004568
INVT004569,20270307,PRD036,ST036,222,125,114,233,20,2028-05-31,BAT004569
INVT004570,20271007,PRD156,ST023,270,11,44,237,50,2029-10-15,BAT004570
INVT004571,20270706,PRD107,ST020,177,22,64,135,20,2030-04-06,BAT004571
INVT004572,20271203,PRD108,ST038,125,4,92,37,20,2029-04-18,BAT004572
INVT004573,20261202,PRD271,ST023,269,84,97,256,25,2028-08-03,BAT004573
INVT004574,20280407,PRD245,ST031,456,61,2,515,25,2029-07-17,BAT004574
INVT004575,20270331,PRD254,ST045,335,123,13,445,50,2028-09-10,BAT004575
INVT004576,20270830,PRD056,ST024,194,140,61,273,25,2028-09-10,BAT004576
INVT004577,20240228,PRD074,ST017,390,14,17,387,30,2025-12-21,BAT004577
INVT004578,20261012,PRD165,ST002,386,14,43,357,30,2029-06-07,BAT004578
INVT004579,20230509,PRD260,ST048,418,9,85,342,50,2025-12-29,BAT004579
INVT004580,20250505,PRD291,ST032,255,117,30,342,50,2027-10-09,BAT004580
INVT004581,20280513,PRD070,ST020,243,24,50,217,25,2029-05-26,BAT004581
INVT004582,20250408,PRD145,ST016,319,56,98,277,20,2026-05-06,BAT004582
INVT004583,20230503,PRD298,ST006,199,57,40,216,25,2026-01-21,BAT004583
INVT004584,20260612,PRD116,ST002,301,71,13,359,40,2029-01-13,BAT004584
INVT004585,20270818,PRD161,ST018,261,99,19,341,50,2030-05-13,BAT004585
INVT004586,20280726,PRD100,ST023,101,133,77,157,40,2030-01-02,BAT004586
INVT004587,20240818,PRD173,ST010,281,83,80,284,40,2025-10-14,BAT004587
INVT004588,20230118,PRD085,ST009,177,9,16,170,25,2024-11-06,BAT004588
INVT004589,20230609,PRD191,ST025,430,119,57,492,20,2024-12-13,BAT004589
INVT004590,20270112,PRD041,ST043,238,132,72,298,20,2028-10-06,BAT004590
INVT004591,20240223,PRD265,ST041,134,129,112,151,20,2026-02-01,BAT004591
INVT004592,20231012,PRD212,ST026,270,11,90,191,50,2025-02-05,BAT004592
INVT004593,20250106,PRD112,ST038,115,124,67,172,50,2026-11-02,BAT004593
INVT004594,20260202,PRD249,ST041,364,8,74,298,50,2028-02-27,BAT004594
INVT004595,20250304,PRD214,ST006,217,35,60,192,40,2027-11-20,BAT004595
INVT004596,20260815,PRD283,ST019,205,77,19,263,20,2028-01-10,BAT004596
INVT004597,20241017,PRD133,ST045,334,38,32,340,50,2027-04-27,BAT004597
INVT004598,20270529,PRD098,ST047,86,62,111,37,40,2029-01-23,BAT004598
INVT004599,20280307,PRD040,ST020,237,10,28,219,20,2029-06-27,BAT004599
INVT004600,20281223,PRD017,ST045,128,97,86,139,40,2031-09-30,BAT004600
INVT004601,20240513,PRD135,ST008,359,63,85,337,50,2026-07-05,BAT004601
INVT004602,20230127,PRD197,ST006,62,67,58,71,20,2025-06-23,BAT004602
INVT004603,20240523,PRD053,ST038,461,32,93,400,30,2026-06-14,BAT004603
INVT004604,20240808,PRD156,ST047,298,104,71,331,50,2027-06-24,BAT004604
INVT004605,20250515,PRD149,ST005,73,56,33,96,20,2027-02-26,BAT004605
INVT004606,20240117,PRD102,ST049,85,132,13,204,20,2026-08-14,BAT004606
INVT004607,20240229,PRD160,ST001,225,21,89,157,25,2025-08-07,BAT004607
INVT004608,20260713,PRD060,ST029,497,150,85,562,20,2028-05-25,BAT004608
INVT004609,20260701,PRD231,ST003,307,92,53,346,20,2029-02-06,BAT004609
INVT004610,20260130,PRD025,ST025,282,25,37,270,50,2028-05-13,BAT004610
INVT004611,20281126,PRD109,ST005,61,50,13,98,30,2030-11-23,BAT004611
INVT004612,20270516,PRD140,ST021,292,32,97,227,25,2029-08-26,BAT004612
INVT004613,20260905,PRD242,ST039,187,13,58,142,30,2027-10-02,BAT004613
INVT004614,20250630,PRD110,ST029,185,66,79,172,50,2028-03-19,BAT004614
INVT004615,20281121,PRD231,ST001,359,58,31,386,50,2030-03-10,BAT004615
INVT004616,20250725,PRD202,ST048,364,73,11,426,25,2028-04-30,BAT004616
INVT004617,20270715,PRD154,ST005,52,98,2,148,25,2029-01-01,BAT004617
INVT004618,20271014,PRD231,ST023,169,16,89,96,50,2028-11-28,BAT004618
INVT004619,20261125,PRD251,ST026,173,22,87,108,20,2028-02-16,BAT004619
INVT004620,20230420,PRD274,ST039,257,85,37,305,40,2024-07-24,BAT004620
INVT004621,20241109,PRD165,ST015,252,9,49,212,30,2025-11-30,BAT004621
INVT004622,20230909,PRD144,ST029,198,133,51,280,40,2026-05-14,BAT004622
INVT004623,20260515,PRD288,ST025,446,149,104,491,50,2029-01-09,BAT004623
INVT004624,20260117,PRD261,ST017,314,17,59,272,20,2028-11-12,BAT004624
INVT004625,20251006,PRD208,ST007,62,13,58,17,40,2026-10-10,BAT004625
INVT004626,20231022,PRD228,ST032,441,56,83,414,40,2025-09-06,BAT004626
INVT004627,20260623,PRD102,ST013,467,9,56,420,50,2027-10-06,BAT004627
INVT004628,20240329,PRD038,ST029,104,146,90,160,40,2025-05-21,BAT004628
INVT004629,20230530,PRD143,ST040,62,43,11,94,30,2025-03-18,BAT004629
INVT004630,20260418,PRD045,ST023,221,108,57,272,30,2027-12-06,BAT004630
INVT004631,20250809,PRD120,ST043,388,132,38,482,50,2027-09-29,BAT004631
INVT004632,20261103,PRD192,ST011,167,145,13,299,40,2029-09-29,BAT004632
INVT004633,20230419,PRD109,ST047,169,92,31,230,20,2024-06-13,BAT004633
INVT004634,20260628,PRD300,ST038,142,98,80,160,40,2028-06-18,BAT004634
INVT004635,20250528,PRD198,ST046,107,122,82,147,40,2027-01-24,BAT004635
INVT004636,20240301,PRD233,ST014,340,77,97,320,40,2027-02-10,BAT004636
INVT004637,20240925,PRD140,ST033,303,38,118,223,25,2027-04-21,BAT004637
INVT004638,20261130,PRD270,ST025,489,84,84,489,25,2029-08-27,BAT004638
INVT004639,20240920,PRD246,ST043,465,99,70,494,40,2027-07-31,BAT004639
INVT004640,20240114,PRD134,ST045,90,61,35,116,50,2025-08-06,BAT004640
INVT004641,20240524,PRD247,ST039,249,112,119,242,20,2026-08-07,BAT004641
INVT004642,20230125,PRD188,ST024,336,25,61,300,25,2024-12-17,BAT004642
INVT004643,20280309,PRD065,ST008,500,31,49,482,25,2030-02-19,BAT004643
INVT004644,20230411,PRD202,ST045,465,150,71,544,50,2024-10-19,BAT004644
INVT004645,20270228,PRD135,ST026,204,102,26,280,50,2029-08-28,BAT004645
INVT004646,20280109,PRD008,ST007,201,83,46,238,40,2029-01-13,BAT004646
INVT004647,20250803,PRD122,ST017,388,33,60,361,20,2028-02-07,BAT004647
INVT004648,20270607,PRD204,ST048,348,38,46,340,30,2028-10-13,BAT004648
INVT004649,20230813,PRD169,ST002,368,44,49,363,20,2024-08-19,BAT004649
INVT004650,20230716,PRD042,ST008,391,14,10,395,30,2025-09-22,BAT004650
INVT004651,20231030,PRD213,ST005,483,149,58,574,25,2026-05-27,BAT004651
INVT004652,20251122,PRD130,ST050,432,131,10,553,25,2027-02-19,BAT004652
INVT004653,20250804,PRD001,ST004,394,142,65,471,25,2028-06-04,BAT004653
INVT004654,20250302,PRD272,ST020,390,96,106,380,50,2027-12-01,BAT004654
INVT004655,20230729,PRD288,ST026,294,32,25,301,25,2024-10-11,BAT004655
INVT004656,20230909,PRD136,ST043,184,135,15,304,40,2026-08-01,BAT004656
INVT004657,20280324,PRD126,ST041,261,92,40,313,40,2029-06-03,BAT004657
INVT004658,20240721,PRD065,ST005,445,135,70,510,25,2025-12-11,BAT004658
INVT004659,20230327,PRD211,ST014,434,20,67,387,40,2025-01-14,BAT004659
INVT004660,20240512,PRD247,ST025,82,57,106,33,20,2025-10-18,BAT004660
INVT004661,20250215,PRD212,ST017,441,29,88,382,40,2027-10-30,BAT004661
INVT004662,20250904,PRD217,ST033,146,81,116,111,50,2028-05-01,BAT004662
INVT004663,20230928,PRD212,ST030,272,70,1,341,25,2025-02-24,BAT004663
INVT004664,20250711,PRD296,ST043,84,146,93,137,25,2028-05-15,BAT004664
INVT004665,20250105,PRD176,ST009,453,136,19,570,40,2027-04-15,BAT004665
INVT004666,20240221,PRD090,ST025,358,61,59,360,50,2025-11-13,BAT004666
INVT004667,20260807,PRD085,ST012,210,47,116,141,50,2028-10-04,BAT004667
INVT004668,20251119,PRD133,ST020,400,133,35,498,25,2028-08-24,BAT004668
INVT004669,20271025,PRD278,ST028,309,28,111,226,20,2029-01-08,BAT004669
INVT004670,20260620,PRD114,ST015,73,109,32,150,20,2029-02-28,BAT004670
INVT004671,20281029,PRD013,ST021,337,127,61,403,20,2030-10-05,BAT004671
INVT004672,20260723,PRD179,ST039,395,14,98,311,40,2029-07-07,BAT004672
INVT004673,20241114,PRD247,ST034,295,13,21,287,30,2027-06-27,BAT004673
INVT004674,20240206,PRD078,ST002,415,68,49,434,25,2026-05-30,BAT004674
INVT004675,20241120,PRD060,ST027,141,101,50,192,20,2026-06-29,BAT004675
INVT004676,20240820,PRD098,ST021,310,76,9,377,50,2025-08-26,BAT004676
INVT004677,20241218,PRD164,ST023,386,150,72,464,40,2027-04-11,BAT004677
INVT004678,20250720,PRD234,ST037,150,91,62,179,50,2027-06-08,BAT004678
INVT004679,20261119,PRD035,ST037,379,37,32,384,40,2028-08-20,BAT004679
INVT004680,20231216,PRD038,ST005,295,55,50,300,40,2024-12-27,BAT004680
INVT004681,20250613,PRD271,ST028,125,90,50,165,40,2027-08-28,BAT004681
INVT004682,20240302,PRD053,ST011,236,142,37,341,25,2025-09-28,BAT004682
INVT004683,20250501,PRD016,ST001,328,10,46,292,40,2027-01-11,BAT004683
INVT004684,20230512,PRD261,ST045,124,147,21,250,30,2026-02-22,BAT004684
INVT004685,20240724,PRD262,ST030,164,43,102,105,20,2025-09-02,BAT004685
INVT004686,20280416,PRD268,ST034,153,21,21,153,40,2029-12-07,BAT004686
INVT004687,20271015,PRD181,ST049,198,139,44,293,25,2029-04-20,BAT004687
INVT004688,20230111,PRD242,ST009,53,16,57,12,20,2025-07-27,BAT004688
INVT004689,20260423,PRD071,ST035,290,64,106,248,20,2028-07-13,BAT004689
INVT004690,20241018,PRD251,ST040,407,110,97,420,25,2027-07-24,BAT004690
INVT004691,20270609,PRD168,ST005,130,83,45,168,30,2028-09-09,BAT004691
INVT004692,20230321,PRD010,ST024,91,8,65,34,20,2025-12-13,BAT004692
INVT004693,20260528,PRD276,ST050,181,32,16,197,40,2027-11-21,BAT004693
INVT004694,20250501,PRD025,ST001,157,107,1,263,40,2026-09-15,BAT004694
INVT004695,20240612,PRD124,ST021,69,39,95,13,50,2026-02-03,BAT004695
INVT004696,20230112,PRD098,ST043,189,36,112,113,30,2024-08-01,BAT004696
INVT004697,20280215,PRD170,ST014,344,29,55,318,50,2029-07-08,BAT004697
INVT004698,20230504,PRD058,ST027,413,101,28,486,20,2025-07-09,BAT004698
INVT004699,20271013,PRD198,ST036,291,78,1,368,25,2029-05-11,BAT004699
INVT004700,20230106,PRD131,ST024,192,64,8,248,20,2025-02-07,BAT004700
INVT004701,20240212,PRD224,ST026,185,148,59,274,20,2025-03-14,BAT004701
INVT004702,20260323,PRD149,ST048,219,141,3,357,20,2028-02-23,BAT004702
INVT004703,20240125,PRD251,ST027,203,36,74,165,40,2027-01-03,BAT004703
INVT004704,20241127,PRD265,ST001,350,33,37,346,20,2026-03-28,BAT004704
INVT004705,20270109,PRD004,ST021,468,4,83,389,50,2029-03-01,BAT004705
INVT004706,20270830,PRD051,ST047,418,49,15,452,30,2029-02-11,BAT004706
INVT004707,20260919,PRD191,ST011,407,62,89,380,25,2028-02-02,BAT004707
INVT004708,20230716,PRD167,ST033,478,140,24,594,40,2026-05-09,BAT004708
INVT004709,20271228,PRD156,ST016,229,69,94,204,20,2030-12-13,BAT004709
INVT004710,20260607,PRD255,ST026,139,87,95,131,25,2029-02-06,BAT004710
INVT004711,20270131,PRD024,ST050,104,22,14,112,30,2028-07-11,BAT004711
INVT004712,20260822,PRD164,ST033,401,111,106,406,25,2028-12-08,BAT004712
INVT004713,20271230,PRD279,ST036,325,45,51,319,20,2029-08-12,BAT004713
INVT004714,20231204,PRD228,ST018,322,150,2,470,25,2024-12-23,BAT004714
INVT004715,20251109,PRD184,ST035,458,129,0,587,50,2028-03-05,BAT004715
INVT004716,20240427,PRD279,ST028,84,79,105,58,25,2025-10-26,BAT004716
INVT004717,20250620,PRD189,ST045,218,75,84,209,30,2028-02-20,BAT004717
INVT004718,20250111,PRD024,ST021,427,90,72,445,40,2027-04-09,BAT004718
INVT004719,20260808,PRD228,ST032,356,22,13,365,25,2028-11-09,BAT004719
INVT004720,20250704,PRD010,ST046,206,84,59,231,40,2026-11-27,BAT004720
INVT004721,20271217,PRD129,ST021,442,26,11,457,40,2028-12-16,BAT004721
INVT004722,20261231,PRD272,ST037,287,9,102,194,20,2028-12-21,BAT004722
INVT004723,20241118,PRD093,ST008,447,52,25,474,40,2027-11-14,BAT004723
INVT004724,20281106,PRD193,ST004,53,131,25,159,30,2031-02-18,BAT004724
INVT004725,20271108,PRD037,ST009,393,129,81,441,50,2030-04-19,BAT004725
INVT004726,20250719,PRD004,ST044,303,71,49,325,20,2026-11-15,BAT004726
INVT004727,20251006,PRD293,ST039,436,122,73,485,50,2027-02-12,BAT004727
INVT004728,20280325,PRD054,ST041,218,100,119,199,20,2029-11-05,BAT004728
INVT004729,20250515,PRD267,ST044,298,138,112,324,50,2028-04-06,BAT004729
INVT004730,20261215,PRD075,ST033,237,143,110,270,50,2029-05-22,BAT004730
INVT004731,20270613,PRD263,ST042,103,139,98,144,30,2029-02-07,BAT004731
INVT004732,20280329,PRD203,ST045,174,13,91,96,50,2029-04-06,BAT004732
INVT004733,20230117,PRD241,ST016,304,150,36,418,50,2025-09-04,BAT004733
INVT004734,20260502,PRD142,ST021,286,64,111,239,30,2028-02-09,BAT004734
INVT004735,20240327,PRD023,ST029,256,148,115,289,25,2026-06-06,BAT004735
INVT004736,20240708,PRD198,ST041,444,87,36,495,25,2026-05-08,BAT004736
INVT004737,20280126,PRD182,ST037,105,100,3,202,30,2029-10-07,BAT004737
INVT004738,20261028,PRD297,ST042,313,53,117,249,50,2029-04-08,BAT004738
INVT004739,20260911,PRD291,ST048,77,118,103,92,50,2029-08-31,BAT004739
INVT004740,20271024,PRD187,ST033,487,80,57,510,50,2029-06-08,BAT004740
INVT004741,20280728,PRD169,ST027,390,141,9,522,40,2030-11-28,BAT004741
INVT004742,20281125,PRD159,ST014,206,9,62,153,25,2030-01-22,BAT004742
INVT004743,20271219,PRD051,ST044,480,119,59,540,40,2029-03-24,BAT004743
INVT004744,20250302,PRD162,ST043,63,0,62,1,50,2027-08-31,BAT004744
INVT004745,20250611,PRD199,ST038,130,38,24,144,25,2028-06-08,BAT004745
INVT004746,20280814,PRD165,ST019,56,60,115,1,25,2030-10-06,BAT004746
INVT004747,20261024,PRD067,ST036,220,11,93,138,25,2028-06-09,BAT004747
INVT004748,20231223,PRD071,ST044,460,100,40,520,25,2025-06-02,BAT004748
INVT004749,20280222,PRD122,ST021,405,84,103,386,20,2029-12-09,BAT004749
INVT004750,20280120,PRD080,ST017,354,13,24,343,25,2029-05-30,BAT004750
INVT004751,20251003,PRD138,ST031,299,19,37,281,40,2028-06-21,BAT004751
INVT004752,20260912,PRD018,ST038,174,91,40,225,30,2028-08-29,BAT004752
INVT004753,20280124,PRD022,ST010,68,10,52,26,20,2030-05-19,BAT004753
INVT004754,20251027,PRD038,ST013,264,79,33,310,30,2028-05-26,BAT004754
INVT004755,20260127,PRD241,ST026,106,40,13,133,50,2028-08-26,BAT004755
INVT004756,20251018,PRD048,ST041,125,122,86,161,20,2027-12-20,BAT004756
INVT004757,20260823,PRD016,ST029,426,103,13,516,25,2028-02-11,BAT004757
INVT004758,20240904,PRD278,ST042,171,6,46,131,40,2026-07-04,BAT004758
INVT004759,20260306,PRD215,ST036,405,90,31,464,20,2027-11-23,BAT004759
INVT004760,20270228,PRD190,ST021,465,87,74,478,30,2028-04-20,BAT004760
INVT004761,20240531,PRD209,ST014,411,85,54,442,20,2026-10-24,BAT004761
INVT004762,20280803,PRD250,ST050,325,79,118,286,25,2030-03-28,BAT004762
INVT004763,20240714,PRD250,ST027,489,49,73,465,50,2025-09-15,BAT004763
INVT004764,20251212,PRD211,ST003,64,133,22,175,25,2028-01-25,BAT004764
INVT004765,20270325,PRD073,ST028,338,4,23,319,25,2028-08-24,BAT004765
INVT004766,20230912,PRD289,ST029,241,86,86,241,20,2025-10-26,BAT004766
INVT004767,20240302,PRD235,ST050,360,9,55,314,40,2025-03-26,BAT004767
INVT004768,20231002,PRD175,ST044,105,44,4,145,20,2025-05-01,BAT004768
INVT004769,20250505,PRD130,ST020,363,8,58,313,40,2028-01-08,BAT004769
INVT004770,20280502,PRD084,ST008,245,46,93,198,20,2030-11-17,BAT004770
INVT004771,20250304,PRD122,ST049,401,59,75,385,20,2027-11-04,BAT004771
INVT004772,20241007,PRD296,ST025,450,37,14,473,20,2026-09-17,BAT004772
INVT004773,20250707,PRD013,ST031,93,40,22,111,40,2026-08-19,BAT004773
INVT004774,20230816,PRD287,ST009,124,130,29,225,40,2025-11-13,BAT004774
INVT004775,20260219,PRD094,ST030,449,13,40,422,30,2028-11-15,BAT004775
INVT004776,20260820,PRD252,ST048,327,137,113,351,40,2028-02-06,BAT004776
INVT004777,20240818,PRD032,ST026,149,38,20,167,50,2027-07-29,BAT004777
INVT004778,20230416,PRD041,ST011,265,147,70,342,20,2025-02-07,BAT004778
INVT004779,20251125,PRD213,ST046,264,93,64,293,50,2027-10-22,BAT004779
INVT004780,20240716,PRD139,ST032,259,3,108,154,50,2026-09-15,BAT004780
INVT004781,20230321,PRD219,ST017,275,39,88,226,30,2025-03-05,BAT004781
INVT004782,20241225,PRD186,ST030,161,115,70,206,40,2027-12-06,BAT004782
INVT004783,20251023,PRD241,ST032,330,137,33,434,20,2028-01-18,BAT004783
INVT004784,20230115,PRD140,ST027,212,122,59,275,40,2024-03-09,BAT004784
INVT004785,20271113,PRD045,ST010,364,131,64,431,50,2030-02-19,BAT004785
INVT004786,20240919,PRD280,ST020,129,102,66,165,20,2027-05-25,BAT004786
INVT004787,20240712,PRD263,ST010,255,18,90,183,40,2026-04-01,BAT004787
INVT004788,20240504,PRD225,ST002,50,87,25,112,40,2025-07-19,BAT004788
INVT004789,20281014,PRD218,ST003,221,99,93,227,40,2031-04-22,BAT004789
INVT004790,20281011,PRD006,ST013,88,102,48,142,30,2031-02-06,BAT004790
INVT004791,20270215,PRD033,ST010,288,149,67,370,25,2028-06-20,BAT004791
INVT004792,20241214,PRD135,ST009,335,92,30,397,30,2027-11-02,BAT004792
INVT004793,20260111,PRD043,ST026,455,4,10,449,50,2028-09-20,BAT004793
INVT004794,20231217,PRD285,ST044,183,142,2,323,50,2026-03-11,BAT004794
INVT004795,20230112,PRD061,ST031,50,131,99,82,40,2025-05-23,BAT004795
INVT004796,20240225,PRD188,ST011,70,122,59,133,20,2025-04-21,BAT004796
INVT004797,20280414,PRD147,ST004,195,57,28,224,40,2030-10-27,BAT004797
INVT004798,20270308,PRD227,ST039,244,115,89,270,25,2029-12-30,BAT004798
INVT004799,20260417,PRD212,ST006,392,13,41,364,20,2027-07-19,BAT004799
INVT004800,20230524,PRD293,ST001,76,120,6,190,20,2025-10-13,BAT004800
INVT004801,20270123,PRD015,ST047,140,3,47,96,20,2028-06-23,BAT004801
INVT004802,20261126,PRD148,ST037,292,41,87,246,25,2029-11-15,BAT004802
INVT004803,20241220,PRD017,ST006,56,44,79,21,40,2026-12-28,BAT004803
INVT004804,20280422,PRD138,ST042,285,85,81,289,25,2030-12-26,BAT004804
INVT004805,20270926,PRD165,ST039,493,115,95,513,30,2029-06-12,BAT004805
INVT004806,20241115,PRD178,ST010,246,66,85,227,25,2026-01-11,BAT004806
INVT004807,20260226,PRD043,ST026,195,28,44,179,25,2028-05-22,BAT004807
INVT004808,20260409,PRD021,ST044,485,93,11,567,25,2027-12-09,BAT004808
INVT004809,20280222,PRD118,ST029,454,108,101,461,40,2030-10-01,BAT004809
INVT004810,20280107,PRD195,ST035,108,96,98,106,20,2030-07-02,BAT004810
INVT004811,20260804,PRD176,ST032,442,22,103,361,40,2028-06-07,BAT004811
INVT004812,20230710,PRD186,ST034,202,100,66,236,50,2024-09-27,BAT004812
INVT004813,20260131,PRD140,ST038,363,8,65,306,20,2027-09-04,BAT004813
INVT004814,20261014,PRD258,ST026,137,72,94,115,20,2029-09-03,BAT004814
INVT004815,20261227,PRD228,ST017,185,84,3,266,50,2029-09-19,BAT004815
INVT004816,20271124,PRD108,ST012,182,95,97,180,25,2029-10-13,BAT004816
INVT004817,20240818,PRD226,ST048,352,27,12,367,20,2025-11-18,BAT004817
INVT004818,20230821,PRD266,ST024,459,18,68,409,30,2025-10-14,BAT004818
INVT004819,20271004,PRD262,ST040,333,82,76,339,25,2029-03-21,BAT004819
INVT004820,20231109,PRD125,ST023,473,147,52,568,20,2026-04-04,BAT004820
INVT004821,20250508,PRD027,ST043,282,50,83,249,30,2028-04-16,BAT004821
INVT004822,20281218,PRD005,ST049,70,39,18,91,40,2030-09-15,BAT004822
INVT004823,20240926,PRD178,ST040,303,34,1,336,30,2026-08-31,BAT004823
INVT004824,20260429,PRD280,ST011,471,147,66,552,40,2028-11-10,BAT004824
INVT004825,20240222,PRD073,ST005,487,72,60,499,30,2026-11-06,BAT004825
INVT004826,20260221,PRD229,ST020,247,1,37,211,25,2028-10-10,BAT004826
INVT004827,20251012,PRD234,ST007,296,140,117,319,30,2028-09-09,BAT004827
INVT004828,20280427,PRD093,ST006,184,110,10,284,40,2029-10-31,BAT004828
INVT004829,20280806,PRD173,ST035,74,69,44,99,25,2031-05-04,BAT004829
INVT004830,20250111,PRD217,ST029,492,109,79,522,50,2027-06-25,BAT004830
INVT004831,20280207,PRD278,ST034,286,120,42,364,30,2029-11-18,BAT004831
INVT004832,20260911,PRD263,ST017,281,75,8,348,25,2028-06-21,BAT004832
INVT004833,20230118,PRD060,ST040,119,148,88,179,25,2025-03-18,BAT004833
INVT004834,20230114,PRD169,ST039,272,46,89,229,40,2024-12-19,BAT004834
INVT004835,20230920,PRD298,ST014,178,96,114,160,25,2026-03-01,BAT004835
INVT004836,20230422,PRD057,ST010,480,71,107,444,50,2025-02-08,BAT004836
INVT004837,20260421,PRD246,ST039,174,108,92,190,30,2028-06-10,BAT004837
INVT004838,20240501,PRD036,ST024,259,141,102,298,40,2025-09-17,BAT004838
INVT004839,20240625,PRD123,ST004,465,119,3,581,40,2026-06-03,BAT004839
INVT004840,20251030,PRD266,ST002,493,80,29,544,20,2027-11-21,BAT004840
INVT004841,20230524,PRD068,ST046,116,115,81,150,30,2025-01-25,BAT004841
INVT004842,20251013,PRD028,ST014,478,112,86,504,25,2028-08-09,BAT004842
INVT004843,20280708,PRD035,ST035,261,41,36,266,30,2030-10-18,BAT004843
INVT004844,20261213,PRD215,ST013,491,16,102,405,20,2028-04-24,BAT004844
INVT004845,20231110,PRD108,ST035,407,3,62,348,50,2025-05-18,BAT004845
INVT004846,20280622,PRD277,ST049,458,12,115,355,40,2030-08-22,BAT004846
INVT004847,20231114,PRD164,ST045,202,88,79,211,50,2025-10-18,BAT004847
INVT004848,20281004,PRD206,ST025,168,90,55,203,30,2031-09-29,BAT004848
INVT004849,20260429,PRD041,ST034,64,42,80,26,50,2029-03-25,BAT004849
INVT004850,20281109,PRD091,ST022,121,19,120,20,25,2031-09-18,BAT004850
INVT004851,20281113,PRD277,ST025,271,149,5,415,30,2031-08-03,BAT004851
INVT004852,20260121,PRD200,ST038,415,134,97,452,30,2027-07-19,BAT004852
INVT004853,20280816,PRD081,ST045,480,136,36,580,40,2029-09-21,BAT004853
INVT004854,20260906,PRD079,ST003,174,20,85,109,25,2029-07-27,BAT004854
INVT004855,20241117,PRD277,ST036,493,117,11,599,25,2026-06-19,BAT004855
INVT004856,20241014,PRD009,ST014,494,110,120,484,40,2027-04-02,BAT004856
INVT004857,20271123,PRD151,ST009,453,113,118,448,40,2030-06-03,BAT004857
INVT004858,20270514,PRD070,ST028,327,86,23,390,40,2028-10-07,BAT004858
INVT004859,20281207,PRD237,ST048,243,7,92,158,25,2030-05-09,BAT004859
INVT004860,20230126,PRD259,ST031,279,143,28,394,30,2025-04-18,BAT004860
INVT004861,20231124,PRD004,ST027,143,137,29,251,25,2025-08-22,BAT004861
INVT004862,20261122,PRD189,ST031,174,87,114,147,40,2028-05-17,BAT004862
INVT004863,20250301,PRD067,ST029,305,9,7,307,30,2027-02-02,BAT004863
INVT004864,20250522,PRD174,ST034,232,149,60,321,25,2026-07-23,BAT004864
INVT004865,20240530,PRD237,ST015,431,32,21,442,50,2026-05-17,BAT004865
INVT004866,20280110,PRD012,ST020,413,41,100,354,30,2029-02-20,BAT004866
INVT004867,20240916,PRD170,ST022,222,74,116,180,40,2027-03-03,BAT004867
INVT004868,20250702,PRD297,ST029,284,9,37,256,20,2026-10-16,BAT004868
INVT004869,20270830,PRD245,ST036,325,17,46,296,50,2029-11-03,BAT004869
INVT004870,20260315,PRD205,ST042,285,59,67,277,40,2028-02-29,BAT004870
INVT004871,20270406,PRD006,ST020,192,131,85,238,30,2030-02-21,BAT004871
INVT004872,20271102,PRD256,ST048,166,53,23,196,25,2030-08-01,BAT004872
INVT004873,20231016,PRD084,ST019,328,84,45,367,50,2026-02-03,BAT004873
INVT004874,20271128,PRD015,ST001,387,108,114,381,25,2029-07-29,BAT004874
INVT004875,20251208,PRD161,ST038,480,71,20,531,40,2027-09-15,BAT004875
INVT004876,20230511,PRD250,ST027,62,142,76,128,30,2024-12-07,BAT004876
INVT004877,20230831,PRD044,ST009,417,12,28,401,25,2026-04-11,BAT004877
INVT004878,20280926,PRD015,ST045,110,61,92,79,50,2031-02-18,BAT004878
INVT004879,20240109,PRD193,ST010,328,57,31,354,30,2026-03-18,BAT004879
INVT004880,20230807,PRD165,ST036,446,19,4,461,50,2026-06-26,BAT004880
INVT004881,20230311,PRD060,ST024,469,55,26,498,40,2024-12-21,BAT004881
INVT004882,20250320,PRD167,ST026,284,5,16,273,40,2027-08-04,BAT004882
INVT004883,20241109,PRD262,ST050,285,18,40,263,40,2026-11-18,BAT004883
INVT004884,20271103,PRD189,ST030,406,148,85,469,30,2029-10-29,BAT004884
INVT004885,20280719,PRD175,ST037,225,145,47,323,30,2029-08-14,BAT004885
INVT004886,20261104,PRD166,ST042,172,99,17,254,50,2029-10-31,BAT004886
INVT004887,20231206,PRD227,ST008,203,131,46,288,30,2025-02-19,BAT004887
INVT004888,20250707,PRD177,ST011,403,80,16,467,30,2026-11-30,BAT004888
INVT004889,20230910,PRD233,ST043,446,135,82,499,50,2025-02-23,BAT004889
INVT004890,20231101,PRD202,ST042,210,24,111,123,20,2026-07-17,BAT004890
INVT004891,20250127,PRD048,ST020,476,95,62,509,30,2028-01-24,BAT004891
INVT004892,20260426,PRD164,ST010,80,52,5,127,25,2028-08-22,BAT004892
INVT004893,20270429,PRD135,ST030,153,6,65,94,50,2028-09-19,BAT004893
INVT004894,20260514,PRD030,ST013,471,92,87,476,25,2027-11-06,BAT004894
INVT004895,20240111,PRD087,ST048,195,73,1,267,25,2026-08-29,BAT004895
INVT004896,20250331,PRD224,ST015,198,5,73,130,30,2026-07-01,BAT004896
INVT004897,20241222,PRD046,ST036,69,92,91,70,25,2026-12-19,BAT004897
INVT004898,20280512,PRD293,ST021,348,145,7,486,20,2030-02-25,BAT004898
INVT004899,20280513,PRD130,ST006,119,60,115,64,25,2030-04-10,BAT004899
INVT004900,20260523,PRD209,ST001,94,141,115,120,50,2027-08-20,BAT004900
INVT004901,20240411,PRD105,ST020,429,59,33,455,50,2027-04-08,BAT004901
INVT004902,20270211,PRD243,ST005,153,54,76,131,50,2029-04-28,BAT004902
INVT004903,20241221,PRD237,ST028,329,106,11,424,25,2027-05-10,BAT004903
INVT004904,20250906,PRD149,ST009,109,29,19,119,20,2027-02-22,BAT004904
INVT004905,20231220,PRD105,ST033,92,57,5,144,20,2025-10-11,BAT004905
INVT004906,20260604,PRD287,ST003,133,134,77,190,20,2028-12-24,BAT004906
INVT004907,20281203,PRD036,ST038,244,105,38,311,30,2030-05-13,BAT004907
INVT004908,20250210,PRD060,ST037,105,147,111,141,50,2026-03-18,BAT004908
INVT004909,20281002,PRD079,ST005,393,55,24,424,30,2030-11-07,BAT004909
INVT004910,20250427,PRD049,ST029,127,59,97,89,40,2028-01-28,BAT004910
INVT004911,20270622,PRD251,ST004,203,17,116,104,40,2028-09-16,BAT004911
INVT004912,20230216,PRD112,ST045,330,144,11,463,50,2024-06-12,BAT004912
INVT004913,20280904,PRD246,ST019,68,82,104,46,20,2029-12-27,BAT004913
INVT004914,20250906,PRD106,ST011,61,63,34,90,30,2028-05-04,BAT004914
INVT004915,20270215,PRD221,ST002,302,19,32,289,50,2029-06-15,BAT004915
INVT004916,20270520,PRD177,ST004,473,126,58,541,30,2030-05-09,BAT004916
INVT004917,20240920,PRD184,ST046,490,117,19,588,25,2025-12-06,BAT004917
INVT004918,20270326,PRD107,ST008,251,6,106,151,25,2030-02-01,BAT004918
INVT004919,20280730,PRD258,ST047,89,23,83,29,20,2030-06-18,BAT004919
INVT004920,20271206,PRD016,ST013,438,146,78,506,40,2029-07-03,BAT004920
INVT004921,20230905,PRD218,ST026,495,118,2,611,20,2025-08-23,BAT004921
INVT004922,20260224,PRD207,ST039,491,101,50,542,50,2027-11-02,BAT004922
INVT004923,20240714,PRD127,ST014,403,118,7,514,20,2026-11-30,BAT004923
INVT004924,20240318,PRD163,ST034,469,2,100,371,20,2026-11-01,BAT004924
INVT004925,20280722,PRD034,ST018,385,12,71,326,40,2030-02-09,BAT004925
INVT004926,20251019,PRD094,ST014,202,55,108,149,20,2027-12-08,BAT004926
INVT004927,20261014,PRD274,ST050,301,75,36,340,50,2029-09-23,BAT004927
INVT004928,20281125,PRD283,ST013,369,43,31,381,40,2030-11-03,BAT004928
INVT004929,20230122,PRD296,ST032,145,36,67,114,30,2025-07-29,BAT004929
INVT004930,20240802,PRD192,ST036,222,70,45,247,30,2025-11-25,BAT004930
INVT004931,20250516,PRD059,ST037,265,6,27,244,30,2027-10-29,BAT004931
INVT004932,20241107,PRD121,ST028,303,138,71,370,25,2027-05-21,BAT004932
INVT004933,20280626,PRD101,ST026,499,144,107,536,25,2029-11-21,BAT004933
INVT004934,20250912,PRD273,ST002,66,66,88,44,25,2027-11-07,BAT004934
INVT004935,20251111,PRD225,ST024,315,79,52,342,40,2027-08-18,BAT004935
INVT004936,20281019,PRD221,ST048,295,68,12,351,40,2030-06-12,BAT004936
INVT004937,20280704,PRD046,ST009,69,102,29,142,20,2030-10-15,BAT004937
INVT004938,20260925,PRD177,ST011,344,113,61,396,40,2027-11-02,BAT004938
INVT004939,20240514,PRD134,ST023,312,77,0,389,50,2025-08-27,BAT004939
INVT004940,20240330,PRD138,ST017,459,20,47,432,40,2025-09-28,BAT004940
INVT004941,20240406,PRD160,ST046,159,97,114,142,20,2025-06-19,BAT004941
INVT004942,20270824,PRD276,ST025,110,26,39,97,40,2028-09-23,BAT004942
INVT004943,20250323,PRD193,ST005,95,132,77,150,25,2027-05-06,BAT004943
INVT004944,20230401,PRD171,ST022,223,69,48,244,30,2024-12-20,BAT004944
INVT004945,20241219,PRD204,ST033,176,97,64,209,30,2026-08-13,BAT004945
INVT004946,20280809,PRD232,ST006,186,6,25,167,30,2031-07-02,BAT004946
INVT004947,20260121,PRD162,ST018,223,145,45,323,40,2028-03-30,BAT004947
INVT004948,20230428,PRD005,ST015,53,22,11,64,50,2025-06-24,BAT004948
INVT004949,20240717,PRD078,ST032,447,38,28,457,50,2026-08-06,BAT004949
INVT004950,20280415,PRD137,ST044,114,25,83,56,40,2029-11-13,BAT004950
INVT004951,20270519,PRD272,ST015,323,94,84,333,20,2030-01-02,BAT004951
INVT004952,20260823,PRD231,ST002,454,149,24,579,30,2027-09-22,BAT004952
INVT004953,20231215,PRD209,ST044,234,8,69,173,20,2025-02-23,BAT004953
INVT004954,20250213,PRD211,ST045,454,66,109,411,20,2026-10-17,BAT004954
INVT004955,20260131,PRD271,ST041,178,143,34,287,25,2028-05-30,BAT004955
INVT004956,20280313,PRD018,ST001,403,107,22,488,40,2030-10-18,BAT004956
INVT004957,20260916,PRD296,ST022,498,31,39,490,25,2029-05-16,BAT004957
INVT004958,20261226,PRD131,ST019,363,99,54,408,50,2028-11-27,BAT004958
INVT004959,20260417,PRD071,ST006,429,121,107,443,30,2028-07-05,BAT004959
INVT004960,20240618,PRD244,ST022,136,128,0,264,20,2025-10-10,BAT004960
INVT004961,20270827,PRD035,ST042,278,52,34,296,30,2029-12-11,BAT004961
INVT004962,20260311,PRD164,ST038,144,59,40,163,20,2028-05-03,BAT004962
INVT004963,20250521,PRD283,ST015,471,41,54,458,30,2027-10-29,BAT004963
INVT004964,20280615,PRD047,ST044,399,11,6,404,20,2030-09-13,BAT004964
INVT004965,20230222,PRD239,ST036,102,32,87,47,50,2024-12-08,BAT004965
INVT004966,20261015,PRD230,ST026,88,61,5,144,30,2029-05-16,BAT004966
INVT004967,20260520,PRD287,ST019,96,73,22,147,25,2028-04-04,BAT004967
INVT004968,20261207,PRD077,ST035,153,54,61,146,25,2029-10-27,BAT004968
INVT004969,20281230,PRD242,ST046,233,103,84,252,40,2031-08-09,BAT004969
INVT004970,20240525,PRD107,ST004,120,106,113,113,30,2026-06-16,BAT004970
INVT004971,20260126,PRD234,ST046,291,24,105,210,20,2028-01-10,BAT004971
INVT004972,20281021,PRD287,ST009,423,16,106,333,50,2031-02-12,BAT004972
INVT004973,20230603,PRD268,ST039,192,18,119,91,20,2025-10-14,BAT004973
INVT004974,20240509,PRD060,ST027,111,19,38,92,40,2026-01-27,BAT004974
INVT004975,20251108,PRD196,ST046,382,20,13,389,50,2028-04-07,BAT004975
INVT004976,20250914,PRD031,ST049,345,117,46,416,30,2027-03-09,BAT004976
INVT004977,20260521,PRD251,ST014,424,132,117,439,50,2029-03-18,BAT004977
INVT004978,20261010,PRD095,ST016,304,123,37,390,50,2029-08-30,BAT004978
INVT004979,20280722,PRD235,ST001,78,120,71,127,50,2029-11-22,BAT004979
INVT004980,20240825,PRD175,ST016,138,85,119,104,20,2026-02-01,BAT004980
INVT004981,20231221,PRD285,ST002,331,41,96,276,25,2026-02-08,BAT004981
INVT004982,20280601,PRD293,ST038,80,104,85,99,40,2030-07-27,BAT004982
INVT004983,20230321,PRD076,ST035,270,92,116,246,25,2025-10-03,BAT004983
INVT004984,20250530,PRD293,ST042,234,117,8,343,40,2027-04-09,BAT004984
INVT004985,20270707,PRD272,ST009,105,0,1,104,25,2030-06-05,BAT004985
INVT004986,20280418,PRD005,ST049,433,5,57,381,20,2029-12-25,BAT004986
INVT004987,20280619,PRD267,ST050,81,135,80,136,50,2030-08-19,BAT004987
INVT004988,20271116,PRD297,ST015,134,9,63,80,20,2030-06-22,BAT004988
INVT004989,20281009,PRD121,ST018,308,69,76,301,25,2031-08-28,BAT004989
INVT004990,20271118,PRD252,ST047,205,138,56,287,40,2030-10-18,BAT004990
INVT004991,20241221,PRD210,ST023,80,121,102,99,30,2027-11-10,BAT004991
INVT004992,20260106,PRD175,ST026,212,113,17,308,40,2028-05-02,BAT004992
INVT004993,20270607,PRD185,ST044,191,22,98,115,50,2029-11-10,BAT004993
INVT004994,20241018,PRD258,ST007,278,150,34,394,40,2027-02-18,BAT004994
INVT004995,20261204,PRD002,ST003,149,78,42,185,25,2028-05-04,BAT004995
INVT004996,20230907,PRD096,ST028,141,101,78,164,25,2024-11-04,BAT004996
INVT004997,20250606,PRD065,ST048,249,65,44,270,25,2027-06-21,BAT004997
INVT004998,20271221,PRD115,ST016,55,8,59,4,30,2029-01-29,BAT004998
INVT004999,20270410,PRD117,ST022,94,110,65,139,30,2028-09-06,BAT004999
INVT005000,20240831,PRD140,ST030,254,122,47,329,20,2026-01-06,BAT005000
INVT005001,20261104,PRD286,ST013,296,147,75,368,20,2028-01-06,BAT005001
INVT005002,20270107,PRD108,ST026,420,104,76,448,25,2028-07-23,BAT005002
INVT005003,20240711,PRD253,ST028,168,55,33,190,25,2025-12-11,BAT005003
INVT005004,20281222,PRD182,ST045,254,40,98,196,50,2030-08-15,BAT005004
INVT005005,20280321,PRD072,ST015,304,45,23,326,30,2030-11-04,BAT005005
INVT005006,20250501,PRD053,ST003,169,58,91,136,40,2028-04-15,BAT005006
INVT005007,20230806,PRD004,ST035,404,149,39,514,25,2026-06-06,BAT005007
INVT005008,20250430,PRD129,ST003,154,114,1,267,30,2026-11-18,BAT005008
INVT005009,20250221,PRD120,ST049,150,31,80,101,50,2027-08-01,BAT005009
INVT005010,20250512,PRD274,ST018,237,102,81,258,20,2026-09-19,BAT005010
INVT005011,20270114,PRD250,ST036,370,3,34,339,40,2028-08-25,BAT005011
INVT005012,20271207,PRD052,ST038,318,95,96,317,20,2030-04-08,BAT005012
INVT005013,20270921,PRD293,ST043,247,138,2,383,40,2029-07-19,BAT005013
INVT005014,20270222,PRD183,ST020,204,36,12,228,30,2029-07-07,BAT005014
INVT005015,20250630,PRD238,ST040,392,40,55,377,30,2026-07-30,BAT005015
INVT005016,20260816,PRD106,ST046,124,115,25,214,50,2028-10-27,BAT005016
INVT005017,20281109,PRD272,ST024,365,52,33,384,25,2031-05-01,BAT005017
INVT005018,20250524,PRD293,ST003,163,116,78,201,50,2027-09-15,BAT005018
INVT005019,20281022,PRD112,ST044,158,20,88,90,30,2029-11-14,BAT005019
INVT005020,20250901,PRD085,ST007,354,130,47,437,50,2028-07-22,BAT005020
INVT005021,20270919,PRD177,ST024,449,20,87,382,20,2029-01-26,BAT005021
INVT005022,20260920,PRD006,ST026,273,111,112,272,50,2028-11-07,BAT005022
INVT005023,20230531,PRD207,ST042,284,57,38,303,40,2025-07-31,BAT005023
INVT005024,20280413,PRD048,ST020,474,145,73,546,50,2030-06-25,BAT005024
INVT005025,20251007,PRD073,ST036,348,91,92,347,50,2027-01-06,BAT005025
INVT005026,20230104,PRD119,ST034,221,47,39,229,25,2025-04-28,BAT005026
INVT005027,20270411,PRD087,ST010,102,83,45,140,50,2029-05-25,BAT005027
INVT005028,20250918,PRD227,ST019,155,146,86,215,40,2027-05-09,BAT005028
INVT005029,20251119,PRD173,ST039,197,1,25,173,50,2028-06-17,BAT005029
INVT005030,20261125,PRD165,ST048,196,106,46,256,40,2029-10-03,BAT005030
INVT005031,20270216,PRD102,ST005,290,14,65,239,40,2028-09-25,BAT005031
INVT005032,20230509,PRD028,ST010,428,23,2,449,25,2025-08-29,BAT005032
INVT005033,20250415,PRD195,ST043,242,56,87,211,25,2027-04-09,BAT005033
INVT005034,20270519,PRD237,ST014,418,47,21,444,25,2029-03-05,BAT005034
INVT005035,20280830,PRD232,ST018,338,54,76,316,20,2030-11-09,BAT005035
INVT005036,20270523,PRD003,ST007,347,31,4,374,50,2028-06-01,BAT005036
INVT005037,20260523,PRD281,ST034,270,101,92,279,20,2028-08-17,BAT005037
INVT005038,20250501,PRD079,ST027,208,77,118,167,40,2027-11-23,BAT005038
INVT005039,20250320,PRD241,ST033,232,92,80,244,30,2026-06-21,BAT005039
INVT005040,20280606,PRD221,ST004,452,5,76,381,25,2030-10-26,BAT005040
INVT005041,20240201,PRD213,ST019,444,93,81,456,50,2025-05-21,BAT005041
INVT005042,20230301,PRD147,ST023,434,125,104,455,25,2024-12-03,BAT005042
INVT005043,20270911,PRD223,ST037,477,76,32,521,40,2029-04-16,BAT005043
INVT005044,20250815,PRD277,ST029,443,140,112,471,20,2028-08-12,BAT005044
INVT005045,20260826,PRD067,ST033,343,7,84,266,30,2028-09-27,BAT005045
INVT005046,20271124,PRD177,ST006,333,48,56,325,50,2029-09-29,BAT005046
INVT005047,20280115,PRD227,ST006,353,135,118,370,50,2030-06-12,BAT005047
INVT005048,20250826,PRD228,ST018,175,67,45,197,20,2028-05-07,BAT005048
INVT005049,20270710,PRD261,ST021,366,54,64,356,20,2029-08-17,BAT005049
INVT005050,20241008,PRD166,ST004,126,61,5,182,50,2027-05-15,BAT005050
INVT005051,20270517,PRD144,ST026,460,42,33,469,25,2029-03-17,BAT005051
INVT005052,20250809,PRD184,ST017,320,103,76,347,30,2027-02-06,BAT005052
INVT005053,20240404,PRD096,ST007,401,91,49,443,20,2025-11-30,BAT005053
INVT005054,20280828,PRD232,ST005,52,133,69,116,20,2030-03-30,BAT005054
INVT005055,20260914,PRD159,ST027,368,74,48,394,40,2027-09-14,BAT005055
INVT005056,20260512,PRD031,ST014,294,103,33,364,40,2028-02-18,BAT005056
INVT005057,20280226,PRD221,ST048,348,31,84,295,20,2030-05-07,BAT005057
INVT005058,20231129,PRD096,ST012,109,86,5,190,25,2026-07-09,BAT005058
INVT005059,20270718,PRD161,ST023,332,104,90,346,50,2030-07-15,BAT005059
INVT005060,20231015,PRD289,ST041,72,10,38,44,20,2025-08-31,BAT005060
INVT005061,20281104,PRD114,ST014,160,95,16,239,50,2031-01-03,BAT005061
INVT005062,20270701,PRD001,ST007,467,57,65,459,30,2029-05-19,BAT005062
INVT005063,20230102,PRD014,ST011,350,86,100,336,40,2024-07-17,BAT005063
INVT005064,20281025,PRD006,ST007,498,7,8,497,25,2030-08-22,BAT005064
INVT005065,20261220,PRD239,ST007,327,23,116,234,30,2029-07-14,BAT005065
INVT005066,20230813,PRD198,ST048,384,23,76,331,30,2026-04-26,BAT005066
INVT005067,20240419,PRD098,ST026,370,95,4,461,30,2026-03-29,BAT005067
INVT005068,20240509,PRD295,ST007,393,56,106,343,50,2026-07-04,BAT005068
INVT005069,20281220,PRD225,ST006,306,110,101,315,40,2030-03-08,BAT005069
INVT005070,20280601,PRD004,ST035,55,79,78,56,25,2031-02-02,BAT005070
INVT005071,20250415,PRD084,ST049,477,142,116,503,30,2026-05-02,BAT005071
INVT005072,20280701,PRD052,ST039,266,21,19,268,50,2030-02-11,BAT005072
INVT005073,20250430,PRD072,ST005,440,49,35,454,50,2027-04-26,BAT005073
INVT005074,20241030,PRD070,ST003,338,67,5,400,20,2026-06-05,BAT005074
INVT005075,20280511,PRD038,ST031,303,92,66,329,50,2030-05-03,BAT005075
INVT005076,20270428,PRD080,ST046,279,65,69,275,20,2029-05-29,BAT005076
INVT005077,20270625,PRD055,ST005,403,46,115,334,40,2028-11-05,BAT005077
INVT005078,20230515,PRD118,ST004,248,94,120,222,20,2025-07-27,BAT005078
INVT005079,20260726,PRD252,ST044,97,43,14,126,20,2029-02-12,BAT005079
INVT005080,20271103,PRD025,ST042,82,138,10,210,20,2030-09-16,BAT005080
INVT005081,20240623,PRD118,ST044,364,56,25,395,20,2025-12-26,BAT005081
INVT005082,20260822,PRD183,ST038,497,130,98,529,40,2029-04-07,BAT005082
INVT005083,20240709,PRD031,ST028,453,38,28,463,20,2026-04-26,BAT005083
INVT005084,20261028,PRD221,ST036,386,129,89,426,50,2028-02-12,BAT005084
INVT005085,20230324,PRD299,ST046,248,27,73,202,40,2025-10-04,BAT005085
INVT005086,20230718,PRD148,ST023,65,88,20,133,20,2024-09-21,BAT005086
INVT005087,20240731,PRD026,ST014,455,108,0,563,50,2025-12-03,BAT005087
INVT005088,20270717,PRD141,ST050,102,142,98,146,20,2029-04-01,BAT005088
INVT005089,20251110,PRD209,ST003,498,138,89,547,20,2028-10-18,BAT005089
INVT005090,20280808,PRD053,ST017,69,141,107,103,25,2030-05-14,BAT005090
INVT005091,20271007,PRD289,ST021,184,71,72,183,30,2028-11-05,BAT005091
INVT005092,20270713,PRD006,ST038,398,85,106,377,50,2028-08-16,BAT005092
INVT005093,20270823,PRD068,ST045,283,67,43,307,40,2029-11-07,BAT005093
INVT005094,20250621,PRD280,ST023,342,10,62,290,30,2026-11-13,BAT005094
INVT005095,20260128,PRD041,ST020,123,4,37,90,50,2028-01-30,BAT005095
INVT005096,20280204,PRD227,ST028,141,80,108,113,25,2030-12-25,BAT005096
INVT005097,20281225,PRD148,ST030,257,99,77,279,20,2031-08-31,BAT005097
INVT005098,20261115,PRD100,ST003,99,100,120,79,30,2029-04-05,BAT005098
INVT005099,20240723,PRD269,ST041,255,31,60,226,30,2027-06-11,BAT005099
INVT005100,20270318,PRD266,ST021,348,3,17,334,40,2028-07-27,BAT005100
INVT005101,20280101,PRD199,ST006,111,99,49,161,25,2030-07-07,BAT005101
INVT005102,20270623,PRD223,ST001,443,48,39,452,50,2029-12-08,BAT005102
INVT005103,20240606,PRD139,ST026,498,140,76,562,40,2026-10-13,BAT005103
INVT005104,20230708,PRD064,ST026,239,96,20,315,40,2025-11-21,BAT005104
INVT005105,20260424,PRD023,ST011,82,93,105,70,40,2027-09-06,BAT005105
INVT005106,20250424,PRD045,ST046,125,82,18,189,30,2026-10-24,BAT005106
INVT005107,20250411,PRD175,ST010,224,99,106,217,20,2026-04-11,BAT005107
INVT005108,20281104,PRD165,ST048,478,133,107,504,50,2030-09-16,BAT005108
INVT005109,20270519,PRD033,ST029,142,27,46,123,20,2029-04-30,BAT005109
INVT005110,20240907,PRD005,ST041,234,58,42,250,25,2025-12-05,BAT005110
INVT005111,20250210,PRD061,ST033,189,95,117,167,40,2026-02-27,BAT005111
INVT005112,20260911,PRD118,ST019,389,38,31,396,25,2028-01-18,BAT005112
INVT005113,20240521,PRD004,ST039,93,37,117,13,50,2026-02-22,BAT005113
INVT005114,20251123,PRD116,ST047,105,70,116,59,20,2027-09-06,BAT005114
INVT005115,20230507,PRD276,ST032,312,56,33,335,25,2026-04-03,BAT005115
INVT005116,20280322,PRD247,ST038,440,139,19,560,30,2029-05-07,BAT005116
INVT005117,20240831,PRD050,ST008,268,135,18,385,25,2025-12-03,BAT005117
INVT005118,20250607,PRD252,ST040,339,132,10,461,50,2026-09-26,BAT005118
INVT005119,20230305,PRD022,ST044,340,98,19,419,30,2024-08-17,BAT005119
INVT005120,20270731,PRD177,ST030,315,111,103,323,25,2030-06-25,BAT005120
INVT005121,20260923,PRD186,ST033,292,115,36,371,30,2028-01-31,BAT005121
INVT005122,20270905,PRD110,ST050,409,76,64,421,50,2030-03-03,BAT005122
INVT005123,20240811,PRD101,ST048,437,126,105,458,25,2026-06-29,BAT005123
INVT005124,20260627,PRD152,ST048,145,32,81,96,30,2028-01-20,BAT005124
INVT005125,20260901,PRD060,ST005,288,134,86,336,50,2028-03-10,BAT005125
INVT005126,20230414,PRD170,ST003,177,64,43,198,30,2024-12-04,BAT005126
INVT005127,20281129,PRD096,ST033,291,40,0,331,30,2031-02-23,BAT005127
INVT005128,20270613,PRD243,ST028,244,96,90,250,20,2029-12-09,BAT005128
INVT005129,20240610,PRD277,ST035,303,76,41,338,50,2026-09-10,BAT005129
INVT005130,20231120,PRD067,ST004,370,120,40,450,25,2025-01-31,BAT005130
INVT005131,20250531,PRD200,ST036,234,48,13,269,30,2028-05-26,BAT005131
INVT005132,20240712,PRD203,ST009,98,8,61,45,30,2027-07-10,BAT005132
INVT005133,20231203,PRD132,ST017,162,0,81,81,20,2024-12-17,BAT005133
INVT005134,20270507,PRD042,ST018,196,91,18,269,50,2030-01-07,BAT005134
INVT005135,20270414,PRD157,ST023,412,118,39,491,30,2028-11-08,BAT005135
INVT005136,20250524,PRD036,ST039,457,122,12,567,20,2028-04-22,BAT005136
INVT005137,20270124,PRD117,ST015,469,62,113,418,30,2029-09-09,BAT005137
INVT005138,20280121,PRD085,ST040,271,119,3,387,20,2029-02-14,BAT005138
INVT005139,20230707,PRD106,ST041,204,57,37,224,30,2026-03-12,BAT005139
INVT005140,20280725,PRD187,ST048,414,138,89,463,30,2031-02-09,BAT005140
INVT005141,20270821,PRD036,ST047,321,134,64,391,20,2029-12-20,BAT005141
INVT005142,20280927,PRD207,ST004,413,33,14,432,30,2031-05-06,BAT005142
INVT005143,20240920,PRD256,ST039,180,55,58,177,40,2026-05-02,BAT005143
INVT005144,20281010,PRD066,ST032,197,149,111,235,20,2030-05-13,BAT005144
INVT005145,20250528,PRD061,ST011,135,47,29,153,50,2027-04-22,BAT005145
INVT005146,20251217,PRD286,ST003,500,112,1,611,30,2028-03-22,BAT005146
INVT005147,20250426,PRD061,ST020,424,134,27,531,40,2027-11-15,BAT005147
INVT005148,20280312,PRD159,ST030,291,127,32,386,20,2030-06-25,BAT005148
INVT005149,20230315,PRD114,ST026,247,105,110,242,30,2025-04-29,BAT005149
INVT005150,20230221,PRD002,ST044,280,96,91,285,25,2024-08-04,BAT005150
INVT005151,20240925,PRD062,ST012,453,137,16,574,20,2027-05-12,BAT005151
INVT005152,20250520,PRD258,ST027,492,137,21,608,40,2027-12-09,BAT005152
INVT005153,20251207,PRD226,ST009,268,66,90,244,25,2028-08-11,BAT005153
INVT005154,20250423,PRD102,ST001,203,92,82,213,50,2027-07-08,BAT005154
INVT005155,20241111,PRD019,ST026,255,101,4,352,30,2027-05-21,BAT005155
INVT005156,20261214,PRD119,ST007,143,51,32,162,30,2028-07-11,BAT005156
INVT005157,20261024,PRD267,ST047,191,148,112,227,50,2028-01-25,BAT005157
INVT005158,20240405,PRD267,ST043,208,110,44,274,20,2025-09-09,BAT005158
INVT005159,20251206,PRD093,ST008,64,99,95,68,25,2028-03-28,BAT005159
INVT005160,20231228,PRD243,ST049,412,4,39,377,50,2026-12-24,BAT005160
INVT005161,20250712,PRD193,ST017,370,135,12,493,20,2028-06-16,BAT005161
INVT005162,20270810,PRD174,ST038,229,92,94,227,50,2030-05-11,BAT005162
INVT005163,20270305,PRD294,ST017,135,18,79,74,25,2029-07-28,BAT005163
INVT005164,20250319,PRD054,ST014,440,104,24,520,40,2027-02-26,BAT005164
INVT005165,20280726,PRD091,ST032,254,118,54,318,50,2030-12-12,BAT005165
INVT005166,20280504,PRD250,ST024,340,53,46,347,50,2030-07-13,BAT005166
INVT005167,20231022,PRD107,ST050,208,22,62,168,30,2026-06-22,BAT005167
INVT005168,20231026,PRD300,ST023,162,142,3,301,50,2026-08-24,BAT005168
INVT005169,20260504,PRD092,ST028,452,125,109,468,25,2027-11-16,BAT005169
INVT005170,20250401,PRD007,ST044,465,125,108,482,40,2026-07-27,BAT005170
INVT005171,20270128,PRD015,ST003,98,19,10,107,25,2029-10-13,BAT005171
INVT005172,20240311,PRD172,ST020,319,0,39,280,30,2025-09-14,BAT005172
INVT005173,20250325,PRD212,ST017,305,40,97,248,20,2026-12-17,BAT005173
INVT005174,20230222,PRD045,ST001,492,134,50,576,20,2025-03-21,BAT005174
INVT005175,20251021,PRD236,ST046,360,4,39,325,50,2028-05-27,BAT005175
INVT005176,20240102,PRD176,ST031,164,135,84,215,20,2026-01-26,BAT005176
INVT005177,20280204,PRD294,ST025,286,59,49,296,40,2029-08-07,BAT005177
INVT005178,20230530,PRD300,ST044,251,30,5,276,25,2024-12-13,BAT005178
INVT005179,20280220,PRD093,ST028,206,57,86,177,25,2029-04-18,BAT005179
INVT005180,20270130,PRD261,ST025,340,144,56,428,25,2028-10-29,BAT005180
INVT005181,20270127,PRD241,ST007,390,93,46,437,40,2029-10-20,BAT005181
INVT005182,20250311,PRD081,ST050,498,125,59,564,20,2026-07-10,BAT005182
INVT005183,20240418,PRD172,ST020,397,24,106,315,40,2027-03-11,BAT005183
INVT005184,20280806,PRD106,ST041,463,46,93,416,40,2029-08-10,BAT005184
INVT005185,20271003,PRD261,ST022,258,130,70,318,50,2030-07-20,BAT005185
INVT005186,20270917,PRD033,ST003,437,134,43,528,50,2030-01-14,BAT005186
INVT005187,20250401,PRD178,ST033,243,122,110,255,50,2027-01-26,BAT005187
INVT005188,20250520,PRD100,ST027,190,69,113,146,40,2026-07-11,BAT005188
INVT005189,20241120,PRD196,ST013,126,125,50,201,40,2027-09-24,BAT005189
INVT005190,20271004,PRD180,ST039,251,67,94,224,30,2030-03-17,BAT005190
INVT005191,20271226,PRD199,ST025,366,66,104,328,50,2030-10-04,BAT005191
INVT005192,20251221,PRD227,ST048,90,89,45,134,25,2027-09-28,BAT005192
INVT005193,20271221,PRD130,ST021,381,9,91,299,25,2029-09-05,BAT005193
INVT005194,20230407,PRD187,ST016,276,126,21,381,50,2026-01-28,BAT005194
INVT005195,20230123,PRD287,ST047,189,134,78,245,40,2024-12-10,BAT005195
INVT005196,20250718,PRD133,ST022,499,6,30,475,40,2027-07-10,BAT005196
INVT005197,20260219,PRD284,ST003,445,123,67,501,20,2028-03-08,BAT005197
INVT005198,20250729,PRD273,ST014,151,136,47,240,40,2028-03-14,BAT005198
INVT005199,20250211,PRD096,ST047,360,30,31,359,40,2027-10-19,BAT005199
INVT005200,20270405,PRD156,ST048,318,10,89,239,30,2028-05-03,BAT005200
INVT005201,20280428,PRD114,ST030,157,14,102,69,30,2029-07-26,BAT005201
INVT005202,20261211,PRD001,ST047,500,98,27,571,25,2029-12-03,BAT005202
INVT005203,20251120,PRD016,ST021,102,11,102,11,25,2028-01-11,BAT005203
INVT005204,20270118,PRD265,ST015,495,136,57,574,50,2029-04-04,BAT005204
INVT005205,20250423,PRD104,ST019,252,119,35,336,40,2027-01-20,BAT005205
INVT005206,20270603,PRD222,ST048,69,63,27,105,25,2029-10-12,BAT005206
INVT005207,20250316,PRD293,ST040,292,67,14,345,30,2027-11-14,BAT005207
INVT005208,20240823,PRD028,ST046,438,147,36,549,20,2025-10-16,BAT005208
INVT005209,20231230,PRD011,ST012,371,125,55,441,20,2026-05-07,BAT005209
INVT005210,20281224,PRD057,ST044,497,83,14,566,40,2030-10-26,BAT005210
INVT005211,20281021,PRD135,ST038,286,121,72,335,40,2030-05-16,BAT005211
INVT005212,20281024,PRD101,ST016,491,5,54,442,20,2030-07-20,BAT005212
INVT005213,20251027,PRD111,ST021,278,95,34,339,40,2028-04-19,BAT005213
INVT005214,20250511,PRD175,ST002,463,88,85,466,25,2027-07-04,BAT005214
INVT005215,20230510,PRD096,ST049,289,7,92,204,40,2025-10-31,BAT005215
INVT005216,20280410,PRD172,ST028,437,120,7,550,40,2029-07-06,BAT005216
INVT005217,20240505,PRD082,ST039,143,61,113,91,40,2025-08-10,BAT005217
INVT005218,20250613,PRD292,ST008,115,48,62,101,40,2027-02-27,BAT005218
INVT005219,20270130,PRD267,ST020,394,26,89,331,25,2028-10-10,BAT005219
INVT005220,20280802,PRD211,ST033,278,2,42,238,50,2029-08-13,BAT005220
INVT005221,20280627,PRD297,ST005,438,11,80,369,40,2031-04-14,BAT005221
INVT005222,20270128,PRD061,ST002,469,109,34,544,20,2029-06-18,BAT005222
INVT005223,20230527,PRD233,ST034,154,137,87,204,30,2025-08-20,BAT005223
INVT005224,20281214,PRD138,ST033,150,2,29,123,30,2031-05-27,BAT005224
INVT005225,20261209,PRD237,ST014,271,84,84,271,30,2029-11-14,BAT005225
INVT005226,20230130,PRD150,ST017,367,33,61,339,25,2025-07-09,BAT005226
INVT005227,20230825,PRD006,ST013,110,115,70,155,50,2025-05-01,BAT005227
INVT005228,20270517,PRD132,ST016,428,21,54,395,40,2029-10-29,BAT005228
INVT005229,20260826,PRD258,ST018,183,68,113,138,20,2029-03-12,BAT005229
INVT005230,20260716,PRD111,ST002,152,47,80,119,20,2028-10-30,BAT005230
INVT005231,20270303,PRD224,ST001,482,87,19,550,40,2029-11-26,BAT005231
INVT005232,20230810,PRD064,ST048,235,40,26,249,20,2024-12-20,BAT005232
INVT005233,20270706,PRD196,ST013,162,5,76,91,25,2029-03-13,BAT005233
INVT005234,20270107,PRD205,ST023,185,0,31,154,20,2029-04-01,BAT005234
INVT005235,20240425,PRD181,ST018,462,15,102,375,25,2027-03-25,BAT005235
INVT005236,20280311,PRD107,ST011,63,30,18,75,50,2030-03-11,BAT005236
INVT005237,20250530,PRD048,ST036,217,1,2,216,30,2026-10-08,BAT005237
INVT005238,20250401,PRD041,ST043,322,35,89,268,20,2028-03-10,BAT005238
INVT005239,20270424,PRD265,ST009,463,14,38,439,50,2028-08-28,BAT005239
INVT005240,20230514,PRD291,ST016,78,88,38,128,50,2025-03-03,BAT005240
INVT005241,20280111,PRD112,ST034,233,113,96,250,40,2030-09-16,BAT005241
INVT005242,20280106,PRD105,ST038,465,134,120,479,25,2029-10-09,BAT005242
INVT005243,20260911,PRD168,ST016,319,26,47,298,20,2029-03-12,BAT005243
INVT005244,20241004,PRD249,ST010,490,48,97,441,50,2026-02-22,BAT005244
INVT005245,20271124,PRD141,ST009,350,90,111,329,20,2030-04-23,BAT005245
INVT005246,20261107,PRD095,ST024,236,119,87,268,40,2029-04-30,BAT005246
INVT005247,20281124,PRD041,ST022,223,10,31,202,20,2031-05-03,BAT005247
INVT005248,20240522,PRD295,ST028,422,84,108,398,30,2026-02-14,BAT005248
INVT005249,20280817,PRD233,ST025,102,86,1,187,30,2031-01-23,BAT005249
INVT005250,20260227,PRD300,ST048,108,83,94,97,20,2028-08-02,BAT005250
INVT005251,20240711,PRD131,ST019,258,74,5,327,25,2026-06-16,BAT005251
INVT005252,20230420,PRD228,ST027,354,92,44,402,30,2025-12-25,BAT005252
INVT005253,20250511,PRD189,ST022,310,130,9,431,20,2027-10-12,BAT005253
INVT005254,20240703,PRD079,ST029,274,84,38,320,40,2026-10-08,BAT005254
INVT005255,20280727,PRD253,ST018,240,147,111,276,25,2030-08-09,BAT005255
INVT005256,20260308,PRD061,ST009,161,131,57,235,25,2027-12-28,BAT005256
INVT005257,20251014,PRD248,ST039,290,9,2,297,40,2026-12-16,BAT005257
INVT005258,20260313,PRD170,ST024,357,72,70,359,30,2028-10-15,BAT005258
INVT005259,20270901,PRD237,ST017,418,27,55,390,40,2029-01-13,BAT005259
INVT005260,20250319,PRD289,ST022,453,107,84,476,40,2026-07-17,BAT005260
INVT005261,20240922,PRD169,ST024,350,56,43,363,20,2026-03-13,BAT005261
INVT005262,20280119,PRD221,ST029,184,5,48,141,30,2029-05-24,BAT005262
INVT005263,20240926,PRD079,ST032,125,123,50,198,30,2026-04-16,BAT005263
INVT005264,20230915,PRD145,ST024,107,51,35,123,20,2026-02-04,BAT005264
INVT005265,20230722,PRD029,ST022,194,93,43,244,50,2025-03-24,BAT005265
INVT005266,20260401,PRD181,ST023,368,86,113,341,30,2028-06-19,BAT005266
INVT005267,20250206,PRD063,ST028,335,54,26,363,30,2027-12-11,BAT005267
INVT005268,20280604,PRD213,ST027,310,13,71,252,50,2030-06-03,BAT005268
INVT005269,20230201,PRD155,ST048,347,23,3,367,50,2025-04-03,BAT005269
INVT005270,20230728,PRD151,ST013,90,121,11,200,30,2025-06-29,BAT005270
INVT005271,20280415,PRD287,ST021,442,40,11,471,50,2030-07-26,BAT005271
INVT005272,20250806,PRD115,ST026,334,98,113,319,20,2028-04-27,BAT005272
INVT005273,20250920,PRD036,ST043,398,107,4,501,50,2028-05-01,BAT005273
INVT005274,20281021,PRD260,ST035,229,6,11,224,20,2030-11-02,BAT005274
INVT005275,20270303,PRD283,ST013,355,20,11,364,20,2029-03-15,BAT005275
INVT005276,20250418,PRD089,ST003,132,103,36,199,20,2026-05-21,BAT005276
INVT005277,20250216,PRD122,ST046,161,146,55,252,25,2027-07-12,BAT005277
INVT005278,20230624,PRD095,ST001,390,60,69,381,50,2026-04-05,BAT005278
INVT005279,20280108,PRD266,ST011,385,16,71,330,50,2030-09-28,BAT005279
INVT005280,20250515,PRD271,ST020,195,115,66,244,20,2027-07-11,BAT005280
INVT005281,20280129,PRD222,ST026,177,69,112,134,25,2029-02-05,BAT005281
INVT005282,20250810,PRD154,ST033,408,23,23,408,30,2027-02-16,BAT005282
INVT005283,20270716,PRD223,ST019,296,71,19,348,40,2029-05-25,BAT005283
INVT005284,20260130,PRD016,ST017,287,143,24,406,25,2028-06-19,BAT005284
INVT005285,20271114,PRD209,ST016,276,83,66,293,20,2030-10-13,BAT005285
INVT005286,20280427,PRD228,ST020,189,145,21,313,30,2030-05-29,BAT005286
INVT005287,20281126,PRD229,ST043,95,78,119,54,30,2030-12-24,BAT005287
INVT005288,20250608,PRD292,ST040,410,85,31,464,20,2027-05-08,BAT005288
INVT005289,20260914,PRD224,ST026,209,36,25,220,50,2028-06-25,BAT005289
INVT005290,20230211,PRD079,ST041,243,149,97,295,20,2025-09-01,BAT005290
INVT005291,20270317,PRD138,ST050,351,99,49,401,40,2030-01-28,BAT005291
INVT005292,20281028,PRD033,ST008,388,137,23,502,25,2031-06-10,BAT005292
INVT005293,20240820,PRD125,ST043,445,34,34,445,40,2027-03-16,BAT005293
INVT005294,20280702,PRD071,ST012,76,57,59,74,25,2030-02-22,BAT005294
INVT005295,20280613,PRD286,ST050,188,13,49,152,20,2030-01-07,BAT005295
INVT005296,20281009,PRD212,ST032,204,133,41,296,40,2031-03-06,BAT005296
INVT005297,20250928,PRD027,ST017,453,84,41,496,50,2027-10-27,BAT005297
INVT005298,20260826,PRD231,ST043,254,95,105,244,40,2029-01-21,BAT005298
INVT005299,20270428,PRD288,ST044,51,13,45,19,30,2028-07-04,BAT005299
INVT005300,20240623,PRD203,ST041,433,122,83,472,40,2026-03-17,BAT005300
INVT005301,20251112,PRD136,ST014,262,57,21,298,40,2026-12-19,BAT005301
INVT005302,20270214,PRD211,ST007,180,111,45,246,25,2028-10-28,BAT005302
INVT005303,20251103,PRD091,ST003,81,74,19,136,20,2028-10-04,BAT005303
INVT005304,20280920,PRD221,ST029,178,116,91,203,20,2030-10-02,BAT005304
INVT005305,20240716,PRD026,ST016,216,21,80,157,50,2025-10-18,BAT005305
INVT005306,20281201,PRD178,ST043,386,5,102,289,30,2031-01-23,BAT005306
INVT005307,20270313,PRD052,ST016,164,81,112,133,50,2029-02-02,BAT005307
INVT005308,20230723,PRD279,ST006,370,67,24,413,25,2025-01-28,BAT005308
INVT005309,20280812,PRD244,ST028,260,52,23,289,40,2031-06-30,BAT005309
INVT005310,20230715,PRD143,ST009,156,52,70,138,20,2024-07-15,BAT005310
INVT005311,20270706,PRD021,ST048,459,129,78,510,20,2029-11-19,BAT005311
INVT005312,20230627,PRD020,ST024,127,32,77,82,20,2025-12-19,BAT005312
INVT005313,20251230,PRD179,ST030,479,75,74,480,40,2028-01-04,BAT005313
INVT005314,20230327,PRD171,ST009,292,4,90,206,25,2025-03-20,BAT005314
INVT005315,20271025,PRD049,ST008,460,74,27,507,30,2030-03-23,BAT005315
INVT005316,20250304,PRD023,ST020,494,1,80,415,40,2027-07-07,BAT005316
INVT005317,20270209,PRD064,ST015,70,109,9,170,20,2029-10-10,BAT005317
INVT005318,20240919,PRD072,ST007,255,140,75,320,40,2026-07-10,BAT005318
INVT005319,20261021,PRD103,ST030,106,72,57,121,25,2028-03-27,BAT005319
INVT005320,20230629,PRD146,ST016,92,32,56,68,30,2025-03-09,BAT005320
INVT005321,20231223,PRD092,ST027,267,105,44,328,40,2025-02-04,BAT005321
INVT005322,20241219,PRD114,ST013,255,22,115,162,40,2026-12-18,BAT005322
INVT005323,20261023,PRD262,ST002,264,37,32,269,40,2028-09-20,BAT005323
INVT005324,20260920,PRD174,ST010,265,116,120,261,25,2027-11-14,BAT005324
INVT005325,20250918,PRD208,ST041,292,14,18,288,40,2027-08-05,BAT005325
INVT005326,20240406,PRD004,ST001,232,111,70,273,40,2025-05-18,BAT005326
INVT005327,20271012,PRD297,ST001,213,118,9,322,20,2029-04-11,BAT005327
INVT005328,20231207,PRD268,ST006,484,98,58,524,50,2025-07-01,BAT005328
INVT005329,20250108,PRD124,ST024,459,48,73,434,25,2027-12-21,BAT005329
INVT005330,20250805,PRD009,ST041,492,94,34,552,50,2027-05-20,BAT005330
INVT005331,20260802,PRD042,ST027,219,121,104,236,20,2028-10-27,BAT005331
INVT005332,20260430,PRD097,ST010,490,27,90,427,50,2027-12-18,BAT005332
INVT005333,20230512,PRD076,ST018,140,101,87,154,30,2025-07-07,BAT005333
INVT005334,20281204,PRD172,ST041,400,84,94,390,20,2031-07-14,BAT005334
INVT005335,20230411,PRD074,ST047,67,77,8,136,20,2025-03-06,BAT005335
INVT005336,20260602,PRD279,ST033,66,80,12,134,20,2029-02-12,BAT005336
INVT005337,20250625,PRD098,ST019,250,93,92,251,25,2027-02-09,BAT005337
INVT005338,20270903,PRD104,ST049,171,1,40,132,40,2030-08-28,BAT005338
INVT005339,20270217,PRD155,ST013,288,13,0,301,50,2029-08-23,BAT005339
INVT005340,20260228,PRD062,ST026,444,67,29,482,40,2028-06-01,BAT005340
INVT005341,20230516,PRD076,ST007,452,118,1,569,30,2025-08-09,BAT005341
INVT005342,20230909,PRD057,ST012,224,43,70,197,25,2025-04-13,BAT005342
INVT005343,20280411,PRD048,ST029,378,138,47,469,40,2030-10-04,BAT005343
INVT005344,20240320,PRD233,ST025,359,113,47,425,20,2026-03-18,BAT005344
INVT005345,20240122,PRD253,ST048,171,144,30,285,20,2027-01-09,BAT005345
INVT005346,20231011,PRD030,ST044,227,92,114,205,50,2025-01-03,BAT005346
INVT005347,20270331,PRD281,ST013,176,18,62,132,50,2028-11-01,BAT005347
INVT005348,20270320,PRD148,ST042,305,7,66,246,50,2030-03-19,BAT005348
INVT005349,20251121,PRD154,ST003,247,89,90,246,30,2027-11-19,BAT005349
INVT005350,20240903,PRD172,ST037,153,94,59,188,20,2027-07-14,BAT005350
INVT005351,20280730,PRD196,ST024,53,147,33,167,40,2030-01-30,BAT005351
INVT005352,20230220,PRD241,ST035,500,82,54,528,25,2025-12-19,BAT005352
INVT005353,20250116,PRD231,ST008,347,40,52,335,20,2026-05-27,BAT005353
INVT005354,20270418,PRD034,ST008,337,111,65,383,20,2028-08-15,BAT005354
INVT005355,20230419,PRD113,ST028,479,0,75,404,20,2025-12-12,BAT005355
INVT005356,20260214,PRD293,ST001,467,142,8,601,40,2027-04-05,BAT005356
INVT005357,20230720,PRD101,ST009,305,103,85,323,25,2026-01-10,BAT005357
INVT005358,20230409,PRD177,ST043,391,134,59,466,40,2025-08-23,BAT005358
INVT005359,20280723,PRD026,ST006,192,150,59,283,25,2031-07-07,BAT005359
INVT005360,20270429,PRD260,ST009,101,26,72,55,30,2029-07-09,BAT005360
INVT005361,20270702,PRD157,ST028,64,125,57,132,25,2030-04-12,BAT005361
INVT005362,20260726,PRD186,ST025,406,144,87,463,20,2029-03-24,BAT005362
INVT005363,20241116,PRD077,ST003,231,30,26,235,30,2026-12-31,BAT005363
INVT005364,20250910,PRD292,ST048,389,117,102,404,30,2028-03-06,BAT005364
INVT005365,20241216,PRD181,ST003,74,126,45,155,20,2027-02-23,BAT005365
INVT005366,20280327,PRD137,ST047,318,106,81,343,40,2029-10-06,BAT005366
INVT005367,20270127,PRD278,ST008,332,33,93,272,20,2029-06-11,BAT005367
INVT005368,20280727,PRD135,ST033,280,72,63,289,40,2031-04-09,BAT005368
INVT005369,20250904,PRD192,ST040,368,85,83,370,50,2027-07-15,BAT005369
INVT005370,20250604,PRD275,ST016,240,98,77,261,50,2028-01-29,BAT005370
INVT005371,20280407,PRD064,ST012,229,37,98,168,20,2029-06-28,BAT005371
INVT005372,20250330,PRD032,ST045,244,65,54,255,50,2026-08-03,BAT005372
INVT005373,20240901,PRD196,ST032,107,147,11,243,50,2026-11-05,BAT005373
INVT005374,20250213,PRD108,ST024,172,9,27,154,20,2026-10-22,BAT005374
INVT005375,20280513,PRD286,ST014,70,82,82,70,40,2030-11-07,BAT005375
INVT005376,20240627,PRD264,ST048,420,122,47,495,25,2026-02-23,BAT005376
INVT005377,20260911,PRD170,ST012,266,43,6,303,25,2029-05-15,BAT005377
INVT005378,20260207,PRD282,ST032,179,122,64,237,20,2027-06-03,BAT005378
INVT005379,20250202,PRD286,ST011,256,150,25,381,30,2027-02-14,BAT005379
INVT005380,20240515,PRD232,ST015,342,42,102,282,25,2025-10-02,BAT005380
INVT005381,20250624,PRD043,ST029,380,117,65,432,40,2027-06-02,BAT005381
INVT005382,20230203,PRD126,ST037,383,70,87,366,40,2025-02-19,BAT005382
INVT005383,20230816,PRD162,ST021,296,126,92,330,40,2026-03-14,BAT005383
INVT005384,20231120,PRD235,ST020,154,18,117,55,25,2026-10-05,BAT005384
INVT005385,20260518,PRD109,ST020,378,81,26,433,30,2028-01-26,BAT005385
INVT005386,20280821,PRD040,ST005,403,84,63,424,30,2029-09-22,BAT005386
INVT005387,20240730,PRD236,ST011,75,69,65,79,20,2026-02-07,BAT005387
INVT005388,20270408,PRD192,ST029,379,90,53,416,25,2029-12-24,BAT005388
INVT005389,20251116,PRD101,ST013,345,25,52,318,50,2027-12-07,BAT005389
INVT005390,20280301,PRD003,ST034,324,80,41,363,20,2030-04-14,BAT005390
INVT005391,20260120,PRD117,ST050,346,69,34,381,20,2027-03-22,BAT005391
INVT005392,20231004,PRD009,ST020,124,124,99,149,50,2026-01-31,BAT005392
INVT005393,20251202,PRD099,ST023,192,149,19,322,20,2026-12-03,BAT005393
INVT005394,20240313,PRD269,ST005,308,139,112,335,50,2026-05-12,BAT005394
INVT005395,20240410,PRD110,ST010,440,150,31,559,30,2026-07-13,BAT005395
INVT005396,20260807,PRD108,ST034,207,128,113,222,20,2027-11-18,BAT005396
INVT005397,20240101,PRD167,ST046,305,9,109,205,25,2025-11-02,BAT005397
INVT005398,20280220,PRD190,ST026,77,23,52,48,30,2031-01-23,BAT005398
INVT005399,20241022,PRD197,ST012,204,85,116,173,30,2026-08-08,BAT005399
INVT005400,20270901,PRD084,ST001,141,31,106,66,25,2029-08-15,BAT005400
INVT005401,20251023,PRD200,ST040,413,43,18,438,25,2028-05-28,BAT005401
INVT005402,20260311,PRD003,ST032,478,21,96,403,40,2027-11-18,BAT005402
INVT005403,20260423,PRD118,ST018,247,98,116,229,20,2029-01-21,BAT005403
INVT005404,20261026,PRD133,ST031,400,12,92,320,20,2028-12-26,BAT005404
INVT005405,20230727,PRD128,ST037,319,19,6,332,40,2026-03-09,BAT005405
INVT005406,20270104,PRD056,ST026,147,86,17,216,20,2028-09-25,BAT005406
INVT005407,20231216,PRD091,ST001,137,42,37,142,20,2026-04-28,BAT005407
INVT005408,20261016,PRD205,ST005,246,131,5,372,50,2028-09-25,BAT005408
INVT005409,20271122,PRD130,ST043,474,21,67,428,30,2029-08-24,BAT005409
INVT005410,20240514,PRD099,ST014,395,50,55,390,40,2026-05-17,BAT005410
INVT005411,20230220,PRD072,ST034,224,17,42,199,40,2026-02-02,BAT005411
INVT005412,20260801,PRD283,ST008,274,25,85,214,30,2028-11-27,BAT005412
INVT005413,20241129,PRD290,ST004,410,84,22,472,30,2027-07-28,BAT005413
INVT005414,20241231,PRD088,ST006,466,149,110,505,20,2027-10-20,BAT005414
INVT005415,20240225,PRD145,ST011,342,149,116,375,50,2025-11-27,BAT005415
INVT005416,20280825,PRD058,ST019,106,72,0,178,20,2030-04-03,BAT005416
INVT005417,20281003,PRD186,ST045,410,101,115,396,50,2031-05-21,BAT005417
INVT005418,20250215,PRD298,ST008,195,43,52,186,30,2026-07-22,BAT005418
INVT005419,20230124,PRD062,ST011,470,7,13,464,40,2024-11-28,BAT005419
INVT005420,20230625,PRD078,ST004,367,129,82,414,30,2026-06-12,BAT005420
INVT005421,20260612,PRD224,ST040,307,131,66,372,40,2028-07-28,BAT005421
INVT005422,20270130,PRD153,ST035,87,138,18,207,40,2028-08-08,BAT005422
INVT005423,20240525,PRD127,ST043,247,117,113,251,30,2027-02-05,BAT005423
INVT005424,20240221,PRD214,ST020,189,147,15,321,30,2025-09-03,BAT005424
INVT005425,20240904,PRD059,ST036,385,6,114,277,20,2025-12-13,BAT005425
INVT005426,20250220,PRD032,ST034,211,35,27,219,20,2027-02-22,BAT005426
INVT005427,20270708,PRD274,ST050,137,60,37,160,25,2030-01-14,BAT005427
INVT005428,20251023,PRD007,ST047,114,37,112,39,30,2027-12-01,BAT005428
INVT005429,20241214,PRD202,ST031,476,20,80,416,25,2026-05-24,BAT005429
INVT005430,20230211,PRD072,ST021,176,64,20,220,25,2025-08-13,BAT005430
INVT005431,20271003,PRD226,ST003,466,114,60,520,40,2028-11-01,BAT005431
INVT005432,20260627,PRD069,ST040,424,50,83,391,50,2028-12-26,BAT005432
INVT005433,20280714,PRD219,ST046,252,120,38,334,20,2031-01-17,BAT005433
INVT005434,20280806,PRD250,ST009,88,10,57,41,30,2030-02-04,BAT005434
INVT005435,20260411,PRD027,ST002,173,55,89,139,20,2028-04-24,BAT005435
INVT005436,20231027,PRD010,ST045,394,126,117,403,25,2025-08-12,BAT005436
INVT005437,20280307,PRD071,ST023,191,46,55,182,30,2029-12-28,BAT005437
INVT005438,20230923,PRD224,ST048,465,136,75,526,25,2026-05-22,BAT005438
INVT005439,20241229,PRD249,ST028,435,59,74,420,50,2026-11-20,BAT005439
INVT005440,20250128,PRD113,ST036,386,26,103,309,50,2026-07-20,BAT005440
INVT005441,20280925,PRD296,ST013,245,49,85,209,25,2031-01-08,BAT005441
INVT005442,20271013,PRD265,ST002,294,10,35,269,25,2030-08-09,BAT005442
INVT005443,20250809,PRD181,ST030,445,59,10,494,50,2028-04-28,BAT005443
INVT005444,20270213,PRD297,ST016,86,20,92,14,40,2030-01-11,BAT005444
INVT005445,20250205,PRD042,ST042,147,81,31,197,30,2028-01-30,BAT005445
INVT005446,20280330,PRD030,ST023,53,120,109,64,20,2030-08-19,BAT005446
INVT005447,20280517,PRD192,ST001,420,142,70,492,30,2030-12-17,BAT005447
INVT005448,20260303,PRD296,ST040,363,102,25,440,30,2028-06-12,BAT005448
INVT005449,20270328,PRD259,ST027,410,106,16,500,20,2028-11-25,BAT005449
INVT005450,20230217,PRD167,ST038,233,18,78,173,30,2025-09-04,BAT005450
INVT005451,20260218,PRD184,ST018,433,43,20,456,30,2028-10-06,BAT005451
INVT005452,20260925,PRD173,ST007,150,48,90,108,20,2028-08-25,BAT005452
INVT005453,20231003,PRD180,ST019,99,148,52,195,25,2026-08-08,BAT005453
INVT005454,20261222,PRD057,ST048,410,25,3,432,50,2029-02-14,BAT005454
INVT005455,20280801,PRD159,ST022,104,58,110,52,40,2030-03-23,BAT005455
INVT005456,20270705,PRD183,ST047,359,2,120,241,30,2028-08-04,BAT005456
INVT005457,20251028,PRD034,ST032,171,127,113,185,25,2027-03-21,BAT005457
INVT005458,20250829,PRD134,ST009,264,124,107,281,50,2027-12-19,BAT005458
INVT005459,20230611,PRD102,ST044,138,55,81,112,50,2024-10-02,BAT005459
INVT005460,20240727,PRD265,ST006,275,16,113,178,50,2027-04-25,BAT005460
INVT005461,20250731,PRD181,ST020,395,113,94,414,30,2026-12-20,BAT005461
INVT005462,20240506,PRD037,ST011,275,81,74,282,40,2026-01-11,BAT005462
INVT005463,20280801,PRD112,ST005,94,78,77,95,25,2030-04-02,BAT005463
INVT005464,20240306,PRD009,ST035,307,103,20,390,25,2025-04-30,BAT005464
INVT005465,20271105,PRD172,ST038,182,6,3,185,25,2030-05-03,BAT005465
INVT005466,20240127,PRD261,ST002,174,106,38,242,50,2026-02-11,BAT005466
INVT005467,20240115,PRD020,ST003,116,17,64,69,25,2025-11-21,BAT005467
INVT005468,20231107,PRD130,ST002,328,22,57,293,20,2025-03-23,BAT005468
INVT005469,20281021,PRD135,ST028,82,108,81,109,50,2031-02-14,BAT005469
INVT005470,20281222,PRD229,ST042,455,49,23,481,20,2030-10-06,BAT005470
INVT005471,20280512,PRD006,ST014,390,32,2,420,30,2029-11-20,BAT005471
INVT005472,20260629,PRD254,ST017,159,52,39,172,30,2027-11-08,BAT005472
INVT005473,20240303,PRD023,ST027,234,16,111,139,20,2025-03-24,BAT005473
INVT005474,20260420,PRD203,ST001,83,3,80,6,30,2027-08-11,BAT005474
INVT005475,20250327,PRD063,ST016,222,93,42,273,40,2027-11-01,BAT005475
INVT005476,20260527,PRD069,ST004,419,120,97,442,25,2029-04-27,BAT005476
INVT005477,20240607,PRD119,ST039,232,108,96,244,40,2025-10-18,BAT005477
INVT005478,20231215,PRD251,ST025,456,19,90,385,50,2026-08-20,BAT005478
INVT005479,20280727,PRD284,ST030,301,108,60,349,40,2030-08-10,BAT005479
INVT005480,20230918,PRD112,ST033,295,118,84,329,20,2025-01-26,BAT005480
INVT005481,20250522,PRD275,ST006,322,146,28,440,50,2027-09-01,BAT005481
INVT005482,20241020,PRD022,ST018,309,121,28,402,20,2026-07-28,BAT005482
INVT005483,20270119,PRD060,ST038,179,81,43,217,50,2029-03-13,BAT005483
INVT005484,20280919,PRD044,ST042,427,116,106,437,25,2030-07-03,BAT005484
INVT005485,20240409,PRD276,ST036,401,7,63,345,50,2027-02-11,BAT005485
INVT005486,20270708,PRD160,ST047,396,10,31,375,20,2029-06-28,BAT005486
INVT005487,20280607,PRD164,ST033,219,49,116,152,50,2029-09-23,BAT005487
INVT005488,20260825,PRD123,ST043,250,35,4,281,30,2028-06-05,BAT005488
INVT005489,20260606,PRD098,ST050,170,149,23,296,40,2027-08-28,BAT005489
INVT005490,20260719,PRD129,ST002,260,58,66,252,30,2028-09-21,BAT005490
INVT005491,20280212,PRD005,ST009,77,119,81,115,20,2030-02-09,BAT005491
INVT005492,20250318,PRD235,ST036,386,71,23,434,20,2028-02-19,BAT005492
INVT005493,20261119,PRD184,ST044,382,89,92,379,30,2028-06-30,BAT005493
INVT005494,20260802,PRD137,ST019,438,9,57,390,50,2029-07-27,BAT005494
INVT005495,20270820,PRD234,ST030,407,128,111,424,50,2030-02-20,BAT005495
INVT005496,20241105,PRD070,ST007,440,8,94,354,20,2027-02-14,BAT005496
INVT005497,20240726,PRD005,ST018,61,79,63,77,20,2025-11-30,BAT005497
INVT005498,20241212,PRD152,ST026,104,113,46,171,40,2027-06-15,BAT005498
INVT005499,20230305,PRD144,ST007,61,79,70,70,40,2025-04-26,BAT005499
INVT005500,20280603,PRD042,ST034,264,65,34,295,25,2030-08-20,BAT005500
INVT005501,20240531,PRD150,ST020,471,127,7,591,30,2026-12-28,BAT005501
INVT005502,20270825,PRD241,ST006,108,4,15,97,50,2029-12-11,BAT005502
INVT005503,20280324,PRD008,ST015,174,40,41,173,40,2029-05-11,BAT005503
INVT005504,20260314,PRD151,ST015,452,7,59,400,25,2027-07-29,BAT005504
INVT005505,20260615,PRD193,ST043,266,135,72,329,50,2028-10-21,BAT005505
INVT005506,20251116,PRD031,ST049,159,14,33,140,25,2028-04-24,BAT005506
INVT005507,20240219,PRD238,ST029,369,128,119,378,50,2026-09-28,BAT005507
INVT005508,20240807,PRD134,ST026,480,146,20,606,30,2026-11-28,BAT005508
INVT005509,20230402,PRD145,ST034,112,26,118,20,25,2024-05-31,BAT005509
INVT005510,20240117,PRD262,ST028,443,73,31,485,25,2025-09-26,BAT005510
INVT005511,20231209,PRD136,ST023,402,97,104,395,30,2025-03-17,BAT005511
INVT005512,20280920,PRD064,ST011,287,94,76,305,20,2031-01-19,BAT005512
INVT005513,20230821,PRD012,ST016,188,61,115,134,40,2025-05-24,BAT005513
INVT005514,20250321,PRD080,ST023,245,120,37,328,20,2028-02-24,BAT005514
INVT005515,20260916,PRD108,ST025,120,80,11,189,25,2028-04-13,BAT005515
INVT005516,20240520,PRD038,ST022,182,27,81,128,20,2025-09-13,BAT005516
INVT005517,20230421,PRD071,ST002,244,2,62,184,20,2024-12-29,BAT005517
INVT005518,20270705,PRD299,ST014,77,8,46,39,25,2028-12-31,BAT005518
INVT005519,20231105,PRD159,ST017,133,108,100,141,40,2026-09-04,BAT005519
INVT005520,20250927,PRD188,ST013,336,67,85,318,25,2027-08-16,BAT005520
INVT005521,20271005,PRD062,ST008,476,104,13,567,30,2030-08-19,BAT005521
INVT005522,20260628,PRD139,ST048,122,105,101,126,20,2028-12-25,BAT005522
INVT005523,20260201,PRD169,ST021,157,112,97,172,30,2028-08-02,BAT005523
INVT005524,20240923,PRD206,ST034,115,94,7,202,50,2026-01-10,BAT005524
INVT005525,20260109,PRD298,ST043,209,8,23,194,25,2027-05-25,BAT005525
INVT005526,20250309,PRD178,ST036,239,58,105,192,30,2027-08-14,BAT005526
INVT005527,20230818,PRD106,ST043,427,85,112,400,25,2026-01-19,BAT005527
INVT005528,20281022,PRD016,ST022,64,126,40,150,20,2031-03-15,BAT005528
INVT005529,20280913,PRD046,ST038,401,115,103,413,25,2030-09-17,BAT005529
INVT005530,20251127,PRD151,ST009,233,46,35,244,40,2028-04-14,BAT005530
INVT005531,20280624,PRD248,ST017,196,70,72,194,40,2030-03-21,BAT005531
INVT005532,20251001,PRD018,ST020,268,72,103,237,20,2026-11-19,BAT005532
INVT005533,20271116,PRD005,ST025,340,136,111,365,50,2029-04-02,BAT005533
INVT005534,20270518,PRD153,ST035,272,32,94,210,40,2029-05-24,BAT005534
INVT005535,20270204,PRD107,ST032,286,58,100,244,50,2029-01-29,BAT005535
INVT005536,20260403,PRD195,ST002,348,25,17,356,20,2027-04-25,BAT005536
INVT005537,20251107,PRD013,ST030,130,92,32,190,30,2027-05-28,BAT005537
INVT005538,20271118,PRD023,ST006,436,111,7,540,50,2030-08-08,BAT005538
INVT005539,20250630,PRD073,ST041,430,64,59,435,20,2027-09-23,BAT005539
INVT005540,20240810,PRD204,ST009,234,26,90,170,40,2026-06-09,BAT005540
INVT005541,20250404,PRD064,ST044,251,14,27,238,25,2027-04-19,BAT005541
INVT005542,20230829,PRD119,ST048,398,149,38,509,25,2026-07-19,BAT005542
INVT005543,20280913,PRD272,ST017,186,39,58,167,50,2031-04-22,BAT005543
INVT005544,20270104,PRD080,ST044,174,109,11,272,40,2029-08-31,BAT005544
INVT005545,20251219,PRD292,ST027,421,67,43,445,30,2028-08-29,BAT005545
INVT005546,20261222,PRD182,ST030,425,129,112,442,20,2028-06-16,BAT005546
INVT005547,20280112,PRD099,ST047,105,126,90,141,30,2030-12-09,BAT005547
INVT005548,20240811,PRD225,ST047,104,135,29,210,25,2026-01-06,BAT005548
INVT005549,20260220,PRD013,ST011,159,53,50,162,25,2028-06-21,BAT005549
INVT005550,20270507,PRD053,ST030,259,69,90,238,20,2030-03-19,BAT005550
INVT005551,20260207,PRD021,ST018,422,99,43,478,30,2027-05-19,BAT005551
INVT005552,20231127,PRD084,ST036,243,59,64,238,20,2025-03-31,BAT005552
INVT005553,20230307,PRD180,ST001,119,33,68,84,50,2024-08-18,BAT005553
INVT005554,20230605,PRD245,ST050,382,74,86,370,30,2026-01-26,BAT005554
INVT005555,20261231,PRD087,ST034,417,34,56,395,40,2029-05-16,BAT005555
INVT005556,20280526,PRD140,ST012,155,53,40,168,30,2030-01-03,BAT005556
INVT005557,20250727,PRD234,ST013,424,34,91,367,40,2028-01-10,BAT005557
INVT005558,20250603,PRD215,ST050,432,148,23,557,20,2027-05-21,BAT005558
INVT005559,20240505,PRD022,ST001,120,97,0,217,40,2026-07-30,BAT005559
INVT005560,20241107,PRD035,ST017,149,64,89,124,50,2026-12-06,BAT005560
INVT005561,20270417,PRD176,ST014,497,127,8,616,30,2029-04-16,BAT005561
INVT005562,20280505,PRD128,ST008,63,91,23,131,20,2030-11-29,BAT005562
INVT005563,20250307,PRD034,ST036,282,56,3,335,50,2027-03-12,BAT005563
INVT005564,20230731,PRD244,ST040,157,59,59,157,40,2025-03-20,BAT005564
INVT005565,20240307,PRD067,ST040,293,49,113,229,30,2025-06-02,BAT005565
INVT005566,20260629,PRD265,ST022,76,40,87,29,40,2029-05-14,BAT005566
INVT005567,20270309,PRD014,ST034,126,105,69,162,20,2028-03-08,BAT005567
INVT005568,20230829,PRD242,ST010,138,7,71,74,40,2024-11-23,BAT005568
INVT005569,20241003,PRD063,ST034,349,71,44,376,25,2026-06-11,BAT005569
INVT005570,20260817,PRD292,ST027,445,9,16,438,25,2028-03-18,BAT005570
INVT005571,20231105,PRD168,ST040,449,132,92,489,40,2025-10-29,BAT005571
INVT005572,20240415,PRD236,ST024,278,7,25,260,25,2025-11-02,BAT005572
INVT005573,20230226,PRD283,ST034,325,14,101,238,40,2024-02-29,BAT005573
INVT005574,20260305,PRD035,ST030,222,3,21,204,30,2027-07-07,BAT005574
INVT005575,20250624,PRD013,ST004,277,131,80,328,50,2027-08-31,BAT005575
INVT005576,20280714,PRD179,ST034,408,124,41,491,30,2031-06-13,BAT005576
INVT005577,20261016,PRD003,ST038,223,147,96,274,20,2028-08-21,BAT005577
INVT005578,20261005,PRD023,ST019,366,112,22,456,25,2028-11-08,BAT005578
INVT005579,20270816,PRD150,ST044,251,32,57,226,25,2030-01-10,BAT005579
INVT005580,20271025,PRD174,ST007,326,31,36,321,25,2028-12-03,BAT005580
INVT005581,20260617,PRD116,ST042,333,69,97,305,30,2027-08-03,BAT005581
INVT005582,20251127,PRD206,ST010,104,124,112,116,40,2027-08-21,BAT005582
INVT005583,20250303,PRD152,ST039,495,51,109,437,50,2026-12-21,BAT005583
INVT005584,20240312,PRD218,ST046,435,96,57,474,30,2025-04-15,BAT005584
INVT005585,20271214,PRD285,ST044,336,107,72,371,50,2030-11-26,BAT005585
INVT005586,20270114,PRD273,ST021,278,69,79,268,20,2028-04-11,BAT005586
INVT005587,20230812,PRD203,ST042,465,111,58,518,25,2025-10-24,BAT005587
INVT005588,20260401,PRD047,ST033,279,60,83,256,50,2028-07-04,BAT005588
INVT005589,20260722,PRD111,ST030,292,13,9,296,25,2028-05-02,BAT005589
INVT005590,20250521,PRD057,ST028,429,68,45,452,50,2027-11-06,BAT005590
INVT005591,20240826,PRD133,ST016,274,139,1,412,30,2026-11-19,BAT005591
INVT005592,20230112,PRD150,ST003,297,150,25,422,40,2024-12-29,BAT005592
INVT005593,20231007,PRD261,ST029,241,100,100,241,50,2025-04-06,BAT005593
INVT005594,20271105,PRD072,ST049,75,56,85,46,25,2030-02-27,BAT005594
INVT005595,20250503,PRD176,ST050,304,30,18,316,30,2027-06-05,BAT005595
INVT005596,20280604,PRD095,ST005,129,63,0,192,20,2030-12-21,BAT005596
INVT005597,20261030,PRD235,ST043,309,147,44,412,50,2028-02-24,BAT005597
INVT005598,20270213,PRD120,ST010,411,78,23,466,30,2029-03-16,BAT005598
INVT005599,20270409,PRD011,ST001,347,138,100,385,20,2029-03-15,BAT005599
INVT005600,20280704,PRD276,ST014,258,11,89,180,25,2029-08-04,BAT005600
INVT005601,20250408,PRD138,ST005,470,62,105,427,40,2027-03-20,BAT005601
INVT005602,20250213,PRD065,ST038,313,82,55,340,50,2026-11-13,BAT005602
INVT005603,20271223,PRD226,ST002,427,127,102,452,20,2030-03-03,BAT005603
INVT005604,20230630,PRD013,ST032,189,96,12,273,30,2025-03-01,BAT005604
INVT005605,20251010,PRD228,ST003,76,71,93,54,50,2026-12-30,BAT005605
INVT005606,20280622,PRD159,ST019,150,99,71,178,40,2029-09-14,BAT005606
INVT005607,20270412,PRD123,ST033,409,117,55,471,25,2028-07-01,BAT005607
INVT005608,20270105,PRD245,ST046,300,77,106,271,20,2028-12-02,BAT005608
INVT005609,20251110,PRD192,ST033,273,109,15,367,50,2027-04-11,BAT005609
INVT005610,20260404,PRD277,ST047,305,78,8,375,30,2027-09-25,BAT005610
INVT005611,20280626,PRD260,ST024,169,16,32,153,20,2031-03-06,BAT005611
INVT005612,20280822,PRD257,ST031,138,107,26,219,30,2031-07-25,BAT005612
INVT005613,20241205,PRD043,ST041,132,34,26,140,25,2027-07-18,BAT005613
INVT005614,20281116,PRD082,ST008,210,144,100,254,20,2029-11-30,BAT005614
INVT005615,20280303,PRD063,ST014,490,35,84,441,20,2029-12-24,BAT005615
INVT005616,20260123,PRD262,ST017,449,89,53,485,40,2028-05-31,BAT005616
INVT005617,20231019,PRD187,ST043,186,28,93,121,40,2026-08-14,BAT005617
INVT005618,20270405,PRD200,ST001,201,80,53,228,50,2029-11-28,BAT005618
INVT005619,20250802,PRD296,ST006,100,102,87,115,30,2027-08-16,BAT005619
INVT005620,20271208,PRD206,ST032,452,115,96,471,40,2029-12-23,BAT005620
INVT005621,20280424,PRD222,ST025,255,64,61,258,40,2029-06-10,BAT005621
INVT005622,20261216,PRD065,ST001,306,87,108,285,25,2029-08-07,BAT005622
INVT005623,20271120,PRD160,ST022,500,82,118,464,25,2029-01-30,BAT005623
INVT005624,20280704,PRD187,ST004,197,146,79,264,50,2030-12-17,BAT005624
INVT005625,20280720,PRD271,ST009,353,142,64,431,40,2029-12-14,BAT005625
INVT005626,20280401,PRD185,ST020,429,70,18,481,25,2029-04-06,BAT005626
INVT005627,20271101,PRD040,ST044,408,141,46,503,20,2029-12-29,BAT005627
INVT005628,20241128,PRD275,ST030,451,59,82,428,50,2027-02-13,BAT005628
INVT005629,20260202,PRD018,ST004,244,122,17,349,30,2028-04-01,BAT005629
INVT005630,20271104,PRD104,ST038,69,62,20,111,20,2029-07-24,BAT005630
INVT005631,20251009,PRD029,ST013,95,139,89,145,25,2028-05-11,BAT005631
INVT005632,20250906,PRD124,ST002,90,27,117,0,20,2028-02-08,BAT005632
INVT005633,20251212,PRD011,ST026,231,64,64,231,50,2027-11-08,BAT005633
INVT005634,20261106,PRD268,ST032,213,95,17,291,30,2028-11-04,BAT005634
INVT005635,20240920,PRD292,ST026,103,87,9,181,30,2026-04-05,BAT005635
INVT005636,20270815,PRD235,ST017,227,116,90,253,50,2029-03-18,BAT005636
INVT005637,20260723,PRD038,ST029,342,139,25,456,50,2028-11-01,BAT005637
INVT005638,20231231,PRD124,ST022,228,101,54,275,50,2026-03-17,BAT005638
INVT005639,20251010,PRD105,ST035,414,147,45,516,50,2027-12-31,BAT005639
INVT005640,20251022,PRD035,ST030,384,136,118,402,25,2027-09-21,BAT005640
INVT005641,20270505,PRD024,ST045,112,149,14,247,40,2028-09-13,BAT005641
INVT005642,20251216,PRD218,ST039,206,120,53,273,25,2028-08-13,BAT005642
INVT005643,20250313,PRD202,ST044,324,72,17,379,40,2027-09-01,BAT005643
INVT005644,20270122,PRD060,ST032,352,117,24,445,40,2029-05-28,BAT005644
INVT005645,20230719,PRD047,ST001,117,126,104,139,20,2026-03-31,BAT005645
INVT005646,20230827,PRD161,ST047,429,32,107,354,20,2025-03-06,BAT005646
INVT005647,20280204,PRD082,ST007,115,31,99,47,30,2030-11-17,BAT005647
INVT005648,20231105,PRD293,ST003,374,70,115,329,30,2025-11-30,BAT005648
INVT005649,20241203,PRD157,ST047,188,106,88,206,25,2026-05-06,BAT005649
INVT005650,20230527,PRD049,ST026,222,108,52,278,25,2026-03-04,BAT005650
INVT005651,20250823,PRD109,ST044,230,9,66,173,25,2027-06-13,BAT005651
INVT005652,20250211,PRD068,ST025,115,82,30,167,50,2026-05-15,BAT005652
INVT005653,20260206,PRD008,ST016,77,126,40,163,30,2028-10-07,BAT005653
INVT005654,20281128,PRD146,ST005,394,70,114,350,25,2030-01-29,BAT005654
INVT005655,20240801,PRD145,ST034,202,48,96,154,30,2025-09-20,BAT005655
INVT005656,20280621,PRD144,ST024,57,54,94,17,25,2029-12-26,BAT005656
INVT005657,20281012,PRD028,ST038,377,144,77,444,40,2029-11-06,BAT005657
INVT005658,20240726,PRD136,ST018,52,77,118,11,25,2025-10-22,BAT005658
INVT005659,20230409,PRD007,ST030,297,24,85,236,50,2024-10-03,BAT005659
INVT005660,20250823,PRD169,ST045,403,61,120,344,25,2028-01-05,BAT005660
INVT005661,20280428,PRD113,ST032,273,90,43,320,30,2030-07-23,BAT005661
INVT005662,20270618,PRD034,ST029,115,113,45,183,40,2029-02-02,BAT005662
INVT005663,20261014,PRD165,ST020,335,27,36,326,40,2028-01-21,BAT005663
INVT005664,20250106,PRD200,ST027,269,27,43,253,25,2027-08-23,BAT005664
INVT005665,20250608,PRD296,ST048,495,32,77,450,30,2026-12-08,BAT005665
INVT005666,20280310,PRD027,ST009,85,88,7,166,20,2029-10-08,BAT005666
INVT005667,20251109,PRD114,ST041,177,145,6,316,40,2027-04-19,BAT005667
INVT005668,20280419,PRD277,ST040,379,84,64,399,25,2030-02-07,BAT005668
INVT005669,20280103,PRD243,ST013,160,144,8,296,25,2030-09-11,BAT005669
INVT005670,20230627,PRD114,ST029,107,28,18,117,40,2025-06-15,BAT005670
INVT005671,20250919,PRD291,ST045,453,92,40,505,40,2028-08-02,BAT005671
INVT005672,20231225,PRD148,ST012,93,22,53,62,25,2025-06-23,BAT005672
INVT005673,20230518,PRD201,ST042,419,83,76,426,20,2024-07-02,BAT005673
INVT005674,20230116,PRD142,ST017,147,100,32,215,25,2025-02-20,BAT005674
INVT005675,20251229,PRD149,ST017,157,41,95,103,50,2028-03-01,BAT005675
INVT005676,20240116,PRD130,ST010,130,1,80,51,20,2026-05-04,BAT005676
INVT005677,20240907,PRD085,ST029,253,128,30,351,30,2026-02-14,BAT005677
INVT005678,20280306,PRD261,ST004,483,129,115,497,40,2030-09-15,BAT005678
INVT005679,20260802,PRD247,ST007,78,55,24,109,50,2028-08-17,BAT005679
INVT005680,20250612,PRD021,ST001,72,150,5,217,20,2028-04-23,BAT005680
INVT005681,20270929,PRD109,ST041,121,87,65,143,40,2030-07-20,BAT005681
INVT005682,20280503,PRD229,ST022,195,103,47,251,50,2030-06-30,BAT005682
INVT005683,20240508,PRD246,ST011,333,79,59,353,20,2026-01-10,BAT005683
INVT005684,20260330,PRD141,ST027,376,55,28,403,25,2029-03-27,BAT005684
INVT005685,20260321,PRD194,ST023,382,105,109,378,50,2028-01-06,BAT005685
INVT005686,20230924,PRD172,ST019,433,105,94,444,25,2025-08-29,BAT005686
INVT005687,20240510,PRD239,ST021,303,52,40,315,20,2026-10-19,BAT005687
INVT005688,20270209,PRD056,ST047,481,127,50,558,50,2029-12-30,BAT005688
INVT005689,20270503,PRD184,ST046,468,144,46,566,50,2029-06-24,BAT005689
INVT005690,20260902,PRD211,ST001,71,58,90,39,25,2028-12-03,BAT005690
INVT005691,20260713,PRD079,ST012,341,101,94,348,30,2028-12-22,BAT005691
INVT005692,20251115,PRD072,ST006,54,144,20,178,25,2027-03-25,BAT005692
INVT005693,20260828,PRD048,ST047,185,86,45,226,40,2029-04-20,BAT005693
INVT005694,20270217,PRD102,ST030,378,33,29,382,40,2029-03-29,BAT005694
INVT005695,20270820,PRD024,ST018,85,72,18,139,40,2029-06-29,BAT005695
INVT005696,20250526,PRD030,ST012,366,120,5,481,50,2026-08-13,BAT005696
INVT005697,20250622,PRD250,ST010,141,143,18,266,20,2026-07-08,BAT005697
INVT005698,20250331,PRD186,ST041,437,38,39,436,25,2027-12-11,BAT005698
INVT005699,20240917,PRD086,ST039,376,94,4,466,20,2027-08-07,BAT005699
INVT005700,20260605,PRD291,ST026,118,142,33,227,20,2028-09-18,BAT005700
INVT005701,20271107,PRD169,ST013,358,13,117,254,50,2030-02-28,BAT005701
INVT005702,20250520,PRD151,ST049,305,103,58,350,50,2026-06-13,BAT005702
INVT005703,20230726,PRD225,ST033,129,79,38,170,40,2025-10-09,BAT005703
INVT005704,20270526,PRD194,ST039,208,143,28,323,40,2030-04-25,BAT005704
INVT005705,20230120,PRD290,ST041,208,53,66,195,40,2025-06-20,BAT005705
INVT005706,20241012,PRD183,ST047,58,135,41,152,30,2027-05-28,BAT005706
INVT005707,20250110,PRD172,ST041,268,42,73,237,40,2026-07-17,BAT005707
INVT005708,20270325,PRD195,ST037,434,37,26,445,25,2029-02-22,BAT005708
INVT005709,20280109,PRD082,ST032,175,77,91,161,40,2030-07-15,BAT005709
INVT005710,20241109,PRD243,ST004,422,69,59,432,25,2026-05-25,BAT005710
INVT005711,20250913,PRD130,ST041,178,110,53,235,40,2026-12-29,BAT005711
INVT005712,20230708,PRD181,ST007,202,98,11,289,50,2024-08-25,BAT005712
INVT005713,20270331,PRD263,ST026,136,128,104,160,50,2029-04-29,BAT005713
INVT005714,20281030,PRD268,ST031,365,43,34,374,30,2031-07-10,BAT005714
INVT005715,20251109,PRD010,ST049,175,92,10,257,50,2028-01-20,BAT005715
INVT005716,20260820,PRD214,ST006,167,76,34,209,20,2029-03-16,BAT005716
INVT005717,20250722,PRD121,ST007,328,63,69,322,20,2026-11-23,BAT005717
INVT005718,20270607,PRD297,ST048,147,68,60,155,40,2030-01-26,BAT005718
INVT005719,20231007,PRD070,ST042,476,52,63,465,40,2026-06-14,BAT005719
INVT005720,20251011,PRD283,ST001,96,40,20,116,20,2026-12-28,BAT005720
INVT005721,20270429,PRD111,ST007,306,93,23,376,20,2028-05-04,BAT005721
INVT005722,20240919,PRD124,ST038,100,93,19,174,25,2025-12-02,BAT005722
INVT005723,20250309,PRD125,ST026,376,55,86,345,20,2027-01-01,BAT005723
INVT005724,20230120,PRD284,ST012,90,42,62,70,20,2024-07-25,BAT005724
INVT005725,20250928,PRD063,ST036,354,109,61,402,25,2026-11-02,BAT005725
INVT005726,20240405,PRD094,ST040,228,4,114,118,25,2025-07-14,BAT005726
INVT005727,20280213,PRD249,ST041,213,102,115,200,50,2031-01-27,BAT005727
INVT005728,20230226,PRD004,ST045,52,26,74,4,20,2025-06-14,BAT005728
INVT005729,20270321,PRD176,ST014,470,44,120,394,30,2029-01-30,BAT005729
INVT005730,20281209,PRD123,ST017,161,130,116,175,40,2030-04-04,BAT005730
INVT005731,20270307,PRD038,ST021,195,126,38,283,40,2029-11-29,BAT005731
INVT005732,20240417,PRD059,ST030,370,14,114,270,50,2026-07-24,BAT005732
INVT005733,20230214,PRD069,ST031,122,136,23,235,20,2024-10-31,BAT005733
INVT005734,20230807,PRD024,ST040,171,133,1,303,50,2025-02-28,BAT005734
INVT005735,20260305,PRD291,ST042,108,45,107,46,25,2027-08-23,BAT005735
INVT005736,20240408,PRD195,ST043,398,3,3,398,30,2026-12-13,BAT005736
INVT005737,20250529,PRD092,ST017,407,19,69,357,25,2026-10-18,BAT005737
INVT005738,20261205,PRD096,ST046,280,98,20,358,30,2028-05-04,BAT005738
INVT005739,20230625,PRD084,ST006,162,28,12,178,40,2025-10-15,BAT005739
INVT005740,20261119,PRD149,ST011,320,55,21,354,40,2029-04-07,BAT005740
INVT005741,20230419,PRD052,ST048,437,21,51,407,40,2025-09-17,BAT005741
INVT005742,20240329,PRD058,ST028,289,137,52,374,25,2026-12-01,BAT005742
INVT005743,20230129,PRD092,ST021,99,85,24,160,50,2025-03-10,BAT005743
INVT005744,20251116,PRD087,ST028,276,59,99,236,20,2027-05-09,BAT005744
INVT005745,20241201,PRD021,ST040,343,76,10,409,40,2027-11-03,BAT005745
INVT005746,20261016,PRD107,ST042,488,5,36,457,20,2028-10-19,BAT005746
INVT005747,20250319,PRD040,ST039,317,71,99,289,20,2026-05-20,BAT005747
INVT005748,20261104,PRD015,ST029,215,81,0,296,50,2028-07-26,BAT005748
INVT005749,20280817,PRD164,ST011,330,74,52,352,40,2030-11-17,BAT005749
INVT005750,20230913,PRD120,ST032,308,64,55,317,40,2026-05-29,BAT005750
INVT005751,20280708,PRD026,ST047,53,143,83,113,25,2029-08-01,BAT005751
INVT005752,20280116,PRD202,ST018,387,75,106,356,20,2029-12-28,BAT005752
INVT005753,20280919,PRD119,ST021,217,1,10,208,40,2030-03-05,BAT005753
INVT005754,20271215,PRD086,ST030,378,113,31,460,25,2030-06-28,BAT005754
INVT005755,20250206,PRD290,ST002,110,140,116,134,25,2026-06-19,BAT005755
INVT005756,20230214,PRD185,ST007,96,40,8,128,25,2024-11-01,BAT005756
INVT005757,20230424,PRD219,ST013,485,98,68,515,20,2024-07-06,BAT005757
INVT005758,20230611,PRD187,ST002,141,77,5,213,40,2025-04-28,BAT005758
INVT005759,20230921,PRD034,ST044,290,69,109,250,40,2024-12-08,BAT005759
INVT005760,20231230,PRD236,ST004,392,100,34,458,50,2025-12-24,BAT005760
INVT005761,20271207,PRD291,ST028,311,142,51,402,25,2030-09-12,BAT005761
INVT005762,20240102,PRD084,ST017,474,14,57,431,50,2025-01-26,BAT005762
INVT005763,20260615,PRD153,ST035,400,20,120,300,25,2028-12-21,BAT005763
INVT005764,20281104,PRD062,ST037,81,31,12,100,30,2030-10-13,BAT005764
INVT005765,20270725,PRD256,ST045,255,118,56,317,40,2028-10-04,BAT005765
INVT005766,20261017,PRD067,ST018,339,102,94,347,20,2028-01-23,BAT005766
INVT005767,20280605,PRD020,ST037,128,24,57,95,40,2030-04-14,BAT005767
INVT005768,20260918,PRD039,ST031,495,119,97,517,20,2028-01-28,BAT005768
INVT005769,20240916,PRD106,ST036,52,64,90,26,30,2026-05-09,BAT005769
INVT005770,20260604,PRD232,ST033,497,41,56,482,40,2029-04-06,BAT005770
INVT005771,20240710,PRD166,ST013,423,38,7,454,50,2026-07-06,BAT005771
INVT005772,20250117,PRD273,ST018,318,144,71,391,40,2026-09-15,BAT005772
INVT005773,20270117,PRD258,ST032,139,117,21,235,50,2029-09-30,BAT005773
INVT005774,20250217,PRD111,ST041,421,86,89,418,40,2028-01-18,BAT005774
INVT005775,20230307,PRD084,ST045,180,7,114,73,50,2024-11-09,BAT005775
INVT005776,20280822,PRD206,ST043,266,50,91,225,50,2031-02-14,BAT005776
INVT005777,20260616,PRD197,ST019,323,73,34,362,25,2029-05-09,BAT005777
INVT005778,20280207,PRD128,ST038,335,59,40,354,40,2030-12-31,BAT005778
INVT005779,20261121,PRD068,ST046,172,19,70,121,50,2029-01-20,BAT005779
INVT005780,20280203,PRD208,ST011,453,39,60,432,25,2030-01-09,BAT005780
INVT005781,20250713,PRD121,ST020,51,99,80,70,25,2026-09-08,BAT005781
INVT005782,20240303,PRD211,ST028,149,62,34,177,20,2025-06-30,BAT005782
INVT005783,20251208,PRD069,ST006,241,101,88,254,25,2027-08-26,BAT005783
INVT005784,20261107,PRD091,ST027,158,102,21,239,50,2029-05-29,BAT005784
INVT005785,20270915,PRD094,ST014,149,93,58,184,20,2029-07-01,BAT005785
INVT005786,20260204,PRD137,ST024,235,30,94,171,30,2027-08-31,BAT005786
INVT005787,20260114,PRD149,ST010,93,19,13,99,40,2027-12-27,BAT005787
INVT005788,20251222,PRD295,ST017,200,145,42,303,40,2028-10-08,BAT005788
INVT005789,20260329,PRD086,ST049,466,20,80,406,50,2028-09-23,BAT005789
INVT005790,20260510,PRD092,ST041,443,76,48,471,25,2028-10-08,BAT005790
INVT005791,20240325,PRD188,ST005,132,28,15,145,40,2025-12-29,BAT005791
INVT005792,20280704,PRD089,ST017,388,99,36,451,25,2031-02-24,BAT005792
INVT005793,20280814,PRD227,ST012,179,112,93,198,25,2030-07-10,BAT005793
INVT005794,20250528,PRD271,ST032,241,145,103,283,20,2027-05-31,BAT005794
INVT005795,20250909,PRD002,ST004,287,80,103,264,20,2027-06-03,BAT005795
INVT005796,20270218,PRD039,ST034,162,71,61,172,50,2028-08-17,BAT005796
INVT005797,20250818,PRD025,ST022,288,142,21,409,30,2027-07-16,BAT005797
INVT005798,20250316,PRD040,ST002,420,128,11,537,25,2026-11-28,BAT005798
INVT005799,20270715,PRD154,ST016,430,122,68,484,40,2029-01-02,BAT005799
INVT005800,20260617,PRD106,ST048,74,18,34,58,40,2027-06-30,BAT005800
INVT005801,20271010,PRD216,ST048,430,99,14,515,20,2029-10-30,BAT005801
INVT005802,20270820,PRD125,ST048,278,79,77,280,20,2029-01-16,BAT005802
INVT005803,20230919,PRD266,ST032,356,9,49,316,30,2024-09-27,BAT005803
INVT005804,20271006,PRD040,ST050,186,112,10,288,30,2030-05-23,BAT005804
INVT005805,20230206,PRD053,ST007,134,81,0,215,25,2024-08-19,BAT005805
INVT005806,20231130,PRD213,ST003,50,65,97,18,20,2025-06-08,BAT005806
INVT005807,20280522,PRD085,ST036,465,138,53,550,50,2030-01-09,BAT005807
INVT005808,20240701,PRD058,ST012,80,141,50,171,20,2026-03-28,BAT005808
INVT005809,20260424,PRD073,ST024,68,118,79,107,40,2028-05-17,BAT005809
INVT005810,20280129,PRD259,ST017,133,8,119,22,20,2030-11-21,BAT005810
INVT005811,20231004,PRD147,ST006,192,69,17,244,30,2025-11-08,BAT005811
INVT005812,20230226,PRD244,ST015,481,125,21,585,25,2026-02-17,BAT005812
INVT005813,20281224,PRD217,ST005,417,90,74,433,30,2030-06-15,BAT005813
INVT005814,20281026,PRD165,ST048,356,69,58,367,30,2031-09-01,BAT005814
INVT005815,20280411,PRD224,ST014,435,125,89,471,50,2030-09-08,BAT005815
INVT005816,20241129,PRD118,ST002,224,80,63,241,40,2027-07-10,BAT005816
INVT005817,20280405,PRD274,ST014,249,113,55,307,20,2030-07-29,BAT005817
INVT005818,20260701,PRD052,ST003,238,150,27,361,50,2028-04-05,BAT005818
INVT005819,20240228,PRD163,ST001,445,71,104,412,25,2026-10-03,BAT005819
INVT005820,20230817,PRD122,ST022,463,111,94,480,20,2024-12-30,BAT005820
INVT005821,20281213,PRD183,ST050,332,104,79,357,40,2031-02-21,BAT005821
INVT005822,20230303,PRD215,ST014,232,78,86,224,40,2025-04-08,BAT005822
INVT005823,20230312,PRD249,ST021,482,20,102,400,25,2024-06-08,BAT005823
INVT005824,20230822,PRD046,ST033,198,33,49,182,25,2026-07-01,BAT005824
INVT005825,20240714,PRD195,ST020,479,73,117,435,20,2027-01-04,BAT005825
INVT005826,20230406,PRD067,ST018,226,149,37,338,20,2025-08-31,BAT005826
INVT005827,20261130,PRD120,ST021,257,95,30,322,30,2028-05-09,BAT005827
INVT005828,20260206,PRD126,ST031,445,116,97,464,50,2028-01-10,BAT005828
INVT005829,20230605,PRD229,ST047,263,92,99,256,30,2025-09-16,BAT005829
INVT005830,20250704,PRD249,ST017,336,90,93,333,25,2027-06-07,BAT005830
INVT005831,20231108,PRD088,ST011,219,141,106,254,30,2026-01-10,BAT005831
INVT005832,20280219,PRD027,ST006,387,125,103,409,30,2029-08-10,BAT005832
INVT005833,20241008,PRD246,ST038,434,44,79,399,30,2027-05-07,BAT005833
INVT005834,20271020,PRD168,ST011,157,101,63,195,30,2030-09-13,BAT005834
INVT005835,20230805,PRD073,ST004,469,57,85,441,50,2025-07-17,BAT005835
INVT005836,20260107,PRD020,ST029,50,15,33,32,20,2027-12-23,BAT005836
INVT005837,20231203,PRD066,ST019,123,106,72,157,30,2026-03-28,BAT005837
INVT005838,20260804,PRD114,ST045,328,87,8,407,25,2029-06-25,BAT005838
INVT005839,20280528,PRD193,ST046,176,85,20,241,50,2030-03-15,BAT005839
INVT005840,20270905,PRD037,ST020,116,111,95,132,25,2028-09-26,BAT005840
INVT005841,20260115,PRD031,ST033,231,36,2,265,40,2027-09-23,BAT005841
INVT005842,20250417,PRD135,ST027,89,17,67,39,50,2027-09-09,BAT005842
INVT005843,20281122,PRD254,ST013,279,36,66,249,25,2031-09-19,BAT005843
INVT005844,20270416,PRD179,ST039,475,48,84,439,25,2030-03-24,BAT005844
INVT005845,20280910,PRD022,ST019,102,16,61,57,20,2030-10-08,BAT005845
INVT005846,20230717,PRD126,ST013,474,59,7,526,50,2025-08-02,BAT005846
INVT005847,20260410,PRD145,ST006,320,77,31,366,40,2029-02-06,BAT005847
INVT005848,20271027,PRD028,ST043,142,4,80,66,50,2029-05-17,BAT005848
INVT005849,20231224,PRD114,ST031,333,138,6,465,25,2026-11-23,BAT005849
INVT005850,20231001,PRD017,ST038,173,106,62,217,40,2026-02-22,BAT005850
INVT005851,20280218,PRD238,ST030,172,106,43,235,40,2030-03-10,BAT005851
INVT005852,20260628,PRD183,ST023,202,84,79,207,20,2028-01-27,BAT005852
INVT005853,20251021,PRD259,ST008,364,84,103,345,30,2027-05-15,BAT005853
INVT005854,20270107,PRD057,ST007,75,35,48,62,50,2028-08-03,BAT005854
INVT005855,20260714,PRD191,ST014,170,12,68,114,50,2027-11-29,BAT005855
INVT005856,20250226,PRD128,ST013,384,21,26,379,30,2028-01-22,BAT005856
INVT005857,20231014,PRD160,ST042,316,80,43,353,20,2026-01-31,BAT005857
INVT005858,20230404,PRD074,ST025,178,4,55,127,25,2025-06-09,BAT005858
INVT005859,20230228,PRD198,ST029,194,27,40,181,20,2024-12-28,BAT005859
INVT005860,20260606,PRD260,ST031,273,40,13,300,40,2028-03-24,BAT005860
INVT005861,20250929,PRD131,ST043,119,116,89,146,50,2028-01-06,BAT005861
INVT005862,20251017,PRD028,ST012,348,72,6,414,40,2028-05-19,BAT005862
INVT005863,20260902,PRD245,ST011,226,42,85,183,20,2028-02-10,BAT005863
INVT005864,20250726,PRD185,ST033,367,52,58,361,40,2026-11-17,BAT005864
INVT005865,20241020,PRD192,ST035,142,137,33,246,50,2027-05-15,BAT005865
INVT005866,20231213,PRD154,ST039,233,21,49,205,30,2026-09-12,BAT005866
INVT005867,20231003,PRD299,ST018,210,100,84,226,30,2025-08-03,BAT005867
INVT005868,20271107,PRD129,ST050,214,36,30,220,50,2028-11-12,BAT005868
INVT005869,20230504,PRD133,ST005,239,43,38,244,25,2025-10-23,BAT005869
INVT005870,20270319,PRD254,ST035,237,84,32,289,40,2028-03-27,BAT005870
INVT005871,20231011,PRD258,ST038,290,124,76,338,30,2024-11-25,BAT005871
INVT005872,20240526,PRD155,ST025,281,11,95,197,50,2027-04-21,BAT005872
INVT005873,20250724,PRD217,ST032,123,87,115,95,20,2026-12-02,BAT005873
INVT005874,20280824,PRD015,ST004,458,79,85,452,20,2030-12-09,BAT005874
INVT005875,20280603,PRD017,ST041,303,61,34,330,40,2029-07-16,BAT005875
INVT005876,20251013,PRD055,ST027,100,56,84,72,30,2026-10-25,BAT005876
INVT005877,20280619,PRD066,ST044,431,22,49,404,30,2030-06-12,BAT005877
INVT005878,20280525,PRD166,ST012,299,88,36,351,25,2030-10-21,BAT005878
INVT005879,20250404,PRD065,ST049,337,102,62,377,50,2027-03-16,BAT005879
INVT005880,20240105,PRD182,ST044,76,108,116,68,40,2026-06-21,BAT005880
INVT005881,20280912,PRD036,ST023,233,119,14,338,30,2030-09-20,BAT005881
INVT005882,20270831,PRD214,ST006,490,107,53,544,50,2030-04-18,BAT005882
INVT005883,20260520,PRD023,ST037,172,107,119,160,25,2028-06-20,BAT005883
INVT005884,20251024,PRD209,ST041,57,87,72,72,30,2027-09-10,BAT005884
INVT005885,20240504,PRD212,ST008,492,18,28,482,25,2026-12-26,BAT005885
INVT005886,20260930,PRD213,ST013,145,33,33,145,30,2027-12-15,BAT005886
INVT005887,20280923,PRD077,ST024,252,103,8,347,50,2030-02-01,BAT005887
INVT005888,20231130,PRD075,ST042,413,109,115,407,50,2026-03-05,BAT005888
INVT005889,20260701,PRD286,ST049,408,99,74,433,40,2029-01-17,BAT005889
INVT005890,20260530,PRD270,ST031,342,129,80,391,50,2028-07-21,BAT005890
INVT005891,20250322,PRD044,ST037,267,57,7,317,30,2026-09-03,BAT005891
INVT005892,20280719,PRD027,ST017,412,52,49,415,50,2030-01-22,BAT005892
INVT005893,20250109,PRD178,ST037,424,20,54,390,30,2026-05-25,BAT005893
INVT005894,20250820,PRD003,ST008,118,123,36,205,40,2028-04-11,BAT005894
INVT005895,20230210,PRD057,ST032,249,52,13,288,50,2024-05-12,BAT005895
INVT005896,20280819,PRD218,ST016,288,4,107,185,50,2030-08-25,BAT005896
INVT005897,20261117,PRD116,ST025,52,107,100,59,25,2028-05-12,BAT005897
INVT005898,20250228,PRD007,ST027,146,89,53,182,40,2026-09-27,BAT005898
INVT005899,20261216,PRD252,ST030,241,100,79,262,30,2028-06-03,BAT005899
INVT005900,20281103,PRD159,ST005,50,76,112,14,20,2031-10-30,BAT005900
INVT005901,20230525,PRD112,ST048,131,120,26,225,20,2025-01-02,BAT005901
INVT005902,20240606,PRD158,ST050,318,44,90,272,40,2026-04-13,BAT005902
INVT005903,20270410,PRD106,ST048,456,83,16,523,25,2029-03-24,BAT005903
INVT005904,20270820,PRD042,ST008,335,131,88,378,25,2028-09-01,BAT005904
INVT005905,20250921,PRD277,ST001,401,109,109,401,50,2027-08-24,BAT005905
INVT005906,20280901,PRD212,ST009,388,17,71,334,30,2030-03-24,BAT005906
INVT005907,20230920,PRD053,ST007,385,41,64,362,20,2026-01-09,BAT005907
INVT005908,20280607,PRD016,ST014,376,100,54,422,40,2030-07-14,BAT005908
INVT005909,20250725,PRD201,ST042,418,77,61,434,25,2027-12-26,BAT005909
INVT005910,20231029,PRD127,ST011,262,83,74,271,50,2025-08-10,BAT005910
INVT005911,20261009,PRD006,ST013,152,125,78,199,20,2028-04-03,BAT005911
INVT005912,20260213,PRD016,ST015,301,92,27,366,30,2028-11-22,BAT005912
INVT005913,20250321,PRD056,ST043,152,39,90,101,30,2027-03-07,BAT005913
INVT005914,20240531,PRD230,ST045,218,106,57,267,20,2027-01-17,BAT005914
INVT005915,20261103,PRD025,ST047,177,13,47,143,40,2029-03-30,BAT005915
INVT005916,20280206,PRD285,ST004,283,17,16,284,40,2030-01-08,BAT005916
INVT005917,20240913,PRD146,ST040,199,138,77,260,20,2027-02-07,BAT005917
INVT005918,20261227,PRD082,ST047,356,129,30,455,50,2029-05-24,BAT005918
INVT005919,20241124,PRD003,ST046,87,83,15,155,30,2027-07-18,BAT005919
INVT005920,20280327,PRD227,ST032,261,68,73,256,20,2029-12-03,BAT005920
INVT005921,20270627,PRD044,ST027,488,90,56,522,40,2029-06-15,BAT005921
INVT005922,20240717,PRD261,ST011,118,99,13,204,50,2027-05-19,BAT005922
INVT005923,20260904,PRD138,ST046,338,6,113,231,25,2029-04-02,BAT005923
INVT005924,20260602,PRD288,ST017,347,75,24,398,30,2028-04-24,BAT005924
INVT005925,20280220,PRD246,ST027,492,101,9,584,25,2030-08-28,BAT005925
INVT005926,20271125,PRD176,ST041,224,4,99,129,20,2030-11-18,BAT005926
INVT005927,20240106,PRD189,ST039,227,102,95,234,40,2026-06-16,BAT005927
INVT005928,20250207,PRD073,ST014,338,93,119,312,50,2026-08-18,BAT005928
INVT005929,20270421,PRD008,ST008,346,72,11,407,25,2030-02-01,BAT005929
INVT005930,20280226,PRD016,ST027,246,27,71,202,30,2031-01-13,BAT005930
INVT005931,20250730,PRD210,ST003,411,135,63,483,50,2026-09-10,BAT005931
INVT005932,20271201,PRD070,ST001,392,35,3,424,25,2030-09-10,BAT005932
INVT005933,20250529,PRD282,ST036,101,17,20,98,20,2028-01-10,BAT005933
INVT005934,20271015,PRD203,ST031,269,56,56,269,25,2028-10-31,BAT005934
INVT005935,20250327,PRD228,ST015,201,64,64,201,25,2027-04-15,BAT005935
INVT005936,20270121,PRD216,ST031,50,117,81,86,20,2029-09-05,BAT005936
INVT005937,20230111,PRD178,ST026,387,83,62,408,30,2024-07-27,BAT005937
INVT005938,20270730,PRD251,ST031,67,81,33,115,40,2029-11-02,BAT005938
INVT005939,20250404,PRD125,ST005,250,64,92,222,50,2026-04-09,BAT005939
INVT005940,20261031,PRD139,ST028,331,136,63,404,25,2029-09-06,BAT005940
INVT005941,20230725,PRD182,ST034,307,109,68,348,20,2024-09-21,BAT005941
INVT005942,20241020,PRD170,ST014,98,34,75,57,25,2026-12-26,BAT005942
INVT005943,20270915,PRD066,ST021,189,126,99,216,50,2028-11-02,BAT005943
INVT005944,20230514,PRD289,ST021,314,13,39,288,20,2024-08-13,BAT005944
INVT005945,20260418,PRD198,ST008,475,80,77,478,40,2027-05-01,BAT005945
INVT005946,20230617,PRD014,ST005,346,14,113,247,20,2025-09-20,BAT005946
INVT005947,20250508,PRD266,ST033,213,65,50,228,40,2028-05-03,BAT005947
INVT005948,20250807,PRD159,ST047,304,72,31,345,40,2028-03-15,BAT005948
INVT005949,20250808,PRD294,ST041,66,141,77,130,30,2026-11-23,BAT005949
INVT005950,20250512,PRD055,ST037,321,81,73,329,40,2027-10-03,BAT005950
INVT005951,20231005,PRD269,ST015,123,27,25,125,20,2025-09-27,BAT005951
INVT005952,20260418,PRD065,ST043,327,64,83,308,25,2028-04-19,BAT005952
INVT005953,20231005,PRD054,ST006,348,10,25,333,30,2026-06-11,BAT005953
INVT005954,20260514,PRD008,ST037,200,42,84,158,50,2028-02-27,BAT005954
INVT005955,20230916,PRD093,ST021,339,114,79,374,50,2026-05-11,BAT005955
INVT005956,20230529,PRD117,ST049,445,35,31,449,50,2025-12-04,BAT005956
INVT005957,20280108,PRD215,ST030,249,110,4,355,40,2029-06-25,BAT005957
INVT005958,20281114,PRD296,ST021,478,18,114,382,25,2030-09-27,BAT005958
INVT005959,20230310,PRD109,ST037,363,120,70,413,25,2025-09-06,BAT005959
INVT005960,20280303,PRD147,ST019,392,49,2,439,50,2029-06-13,BAT005960
INVT005961,20280922,PRD101,ST027,172,41,88,125,50,2031-08-03,BAT005961
INVT005962,20250417,PRD230,ST046,54,46,49,51,40,2026-12-21,BAT005962
INVT005963,20280919,PRD086,ST001,291,31,44,278,30,2031-04-14,BAT005963
INVT005964,20231124,PRD283,ST021,110,56,28,138,20,2025-02-10,BAT005964
INVT005965,20280408,PRD261,ST027,78,87,56,109,40,2030-05-28,BAT005965
INVT005966,20280127,PRD253,ST005,353,34,90,297,50,2030-08-14,BAT005966
INVT005967,20240706,PRD018,ST015,80,39,67,52,40,2026-05-29,BAT005967
INVT005968,20271129,PRD139,ST003,233,128,79,282,25,2029-07-29,BAT005968
INVT005969,20230222,PRD108,ST027,56,96,56,96,40,2025-08-17,BAT005969
INVT005970,20280528,PRD057,ST039,496,43,34,505,50,2030-09-23,BAT005970
INVT005971,20241217,PRD194,ST021,224,119,8,335,25,2027-02-04,BAT005971
INVT005972,20260228,PRD296,ST027,294,66,89,271,30,2027-06-05,BAT005972
INVT005973,20260620,PRD162,ST015,281,91,97,275,25,2028-06-17,BAT005973
INVT005974,20271222,PRD154,ST020,397,132,68,461,25,2029-11-16,BAT005974
INVT005975,20240725,PRD215,ST042,481,146,6,621,20,2027-01-09,BAT005975
INVT005976,20270205,PRD054,ST049,102,28,40,90,40,2029-06-06,BAT005976
INVT005977,20251019,PRD119,ST035,492,88,9,571,30,2028-02-01,BAT005977
INVT005978,20271019,PRD147,ST048,265,126,4,387,30,2028-12-18,BAT005978
INVT005979,20270822,PRD273,ST001,361,139,25,475,50,2029-03-23,BAT005979
INVT005980,20231005,PRD299,ST015,182,111,41,252,20,2025-04-03,BAT005980
INVT005981,20280609,PRD164,ST033,269,13,31,251,30,2030-05-27,BAT005981
INVT005982,20270324,PRD104,ST045,173,52,99,126,50,2029-11-04,BAT005982
INVT005983,20240909,PRD126,ST020,369,92,17,444,30,2026-08-03,BAT005983
INVT005984,20280126,PRD028,ST022,89,81,110,60,30,2030-05-21,BAT005984
INVT005985,20281212,PRD069,ST026,148,137,69,216,20,2031-09-28,BAT005985
INVT005986,20250409,PRD086,ST018,396,37,59,374,20,2027-04-30,BAT005986
INVT005987,20240326,PRD269,ST048,393,99,98,394,25,2027-02-28,BAT005987
INVT005988,20280925,PRD194,ST038,286,64,61,289,40,2030-03-28,BAT005988
INVT005989,20250602,PRD241,ST002,157,142,44,255,30,2027-09-25,BAT005989
INVT005990,20271224,PRD095,ST027,319,24,73,270,25,2029-04-27,BAT005990
INVT005991,20240926,PRD092,ST047,342,71,11,402,25,2027-09-14,BAT005991
INVT005992,20250702,PRD072,ST033,435,0,110,325,40,2027-01-07,BAT005992
INVT005993,20261128,PRD124,ST044,346,64,111,299,20,2029-04-24,BAT005993
INVT005994,20270116,PRD141,ST022,238,71,8,301,50,2029-10-04,BAT005994
INVT005995,20241103,PRD163,ST035,321,61,10,372,30,2025-11-06,BAT005995
INVT005996,20230729,PRD119,ST023,255,57,3,309,25,2025-01-06,BAT005996
INVT005997,20280830,PRD078,ST028,293,48,41,300,30,2031-05-19,BAT005997
INVT005998,20230207,PRD158,ST029,346,139,48,437,30,2025-05-05,BAT005998
INVT005999,20240215,PRD219,ST033,349,111,83,377,25,2025-05-19,BAT005999
INVT006000,20250308,PRD076,ST050,428,93,7,514,50,2027-05-09,BAT006000
INVT006001,20241208,PRD277,ST027,324,80,49,355,30,2027-09-09,BAT006001
INVT006002,20250511,PRD153,ST029,247,12,87,172,50,2027-11-13,BAT006002
INVT006003,20241217,PRD108,ST002,345,43,108,280,30,2027-06-27,BAT006003
INVT006004,20271205,PRD091,ST034,356,74,50,380,40,2030-10-15,BAT006004
INVT006005,20250524,PRD202,ST014,89,101,25,165,25,2026-06-09,BAT006005
INVT006006,20260417,PRD199,ST003,102,120,20,202,40,2027-09-19,BAT006006
INVT006007,20281006,PRD008,ST016,156,103,39,220,50,2029-11-25,BAT006007
INVT006008,20281012,PRD146,ST043,305,72,73,304,20,2031-07-20,BAT006008
INVT006009,20240105,PRD222,ST016,180,56,109,127,20,2025-08-26,BAT006009
INVT006010,20240125,PRD032,ST046,403,25,49,379,40,2025-09-21,BAT006010
INVT006011,20270318,PRD221,ST012,434,36,67,403,30,2029-03-23,BAT006011
INVT006012,20260727,PRD157,ST005,198,0,68,130,30,2028-11-02,BAT006012
INVT006013,20270330,PRD078,ST011,344,90,9,425,20,2030-01-07,BAT006013
INVT006014,20230108,PRD262,ST020,319,109,10,418,20,2025-02-02,BAT006014
INVT006015,20270826,PRD023,ST048,387,15,23,379,40,2028-08-31,BAT006015
INVT006016,20260428,PRD215,ST038,59,26,56,29,30,2029-01-14,BAT006016
INVT006017,20261006,PRD103,ST033,474,27,116,385,40,2028-02-20,BAT006017
INVT006018,20260703,PRD143,ST005,62,106,49,119,40,2029-01-11,BAT006018
INVT006019,20260325,PRD164,ST031,497,56,108,445,25,2027-06-10,BAT006019
INVT006020,20271030,PRD179,ST004,497,45,116,426,30,2029-04-03,BAT006020
INVT006021,20250516,PRD269,ST037,149,88,34,203,30,2026-05-30,BAT006021
INVT006022,20280302,PRD040,ST005,378,3,87,294,40,2029-08-24,BAT006022
INVT006023,20281013,PRD192,ST002,136,62,84,114,20,2030-10-02,BAT006023
INVT006024,20230505,PRD218,ST028,277,24,32,269,50,2025-04-16,BAT006024
INVT006025,20250816,PRD114,ST043,151,31,63,119,20,2027-05-03,BAT006025
INVT006026,20280208,PRD295,ST049,212,91,32,271,20,2029-07-31,BAT006026
INVT006027,20241110,PRD150,ST049,438,148,22,564,25,2025-11-15,BAT006027
INVT006028,20250106,PRD260,ST043,331,18,45,304,25,2026-02-23,BAT006028
INVT006029,20280915,PRD182,ST009,106,112,111,107,40,2031-03-29,BAT006029
INVT006030,20230115,PRD062,ST011,263,110,21,352,30,2024-03-01,BAT006030
INVT006031,20260903,PRD030,ST031,427,58,91,394,25,2028-06-14,BAT006031
INVT006032,20230917,PRD119,ST039,201,61,6,256,25,2026-08-21,BAT006032
INVT006033,20241122,PRD188,ST003,429,43,62,410,30,2027-07-29,BAT006033
INVT006034,20270616,PRD078,ST016,337,58,64,331,30,2029-04-13,BAT006034
INVT006035,20230713,PRD119,ST031,378,100,45,433,30,2025-02-12,BAT006035
INVT006036,20251225,PRD080,ST047,337,91,94,334,50,2027-01-13,BAT006036
INVT006037,20250221,PRD116,ST002,317,105,81,341,30,2026-05-30,BAT006037
INVT006038,20260323,PRD285,ST027,385,62,106,341,25,2028-11-16,BAT006038
INVT006039,20230711,PRD264,ST021,465,5,42,428,20,2025-04-14,BAT006039
INVT006040,20280924,PRD254,ST043,104,85,74,115,20,2030-08-12,BAT006040
INVT006041,20240427,PRD286,ST009,158,119,62,215,25,2025-08-12,BAT006041
INVT006042,20230901,PRD027,ST031,179,73,32,220,40,2026-04-09,BAT006042
INVT006043,20250806,PRD291,ST007,404,18,60,362,20,2027-12-15,BAT006043
INVT006044,20251026,PRD006,ST002,152,65,45,172,40,2028-04-18,BAT006044
INVT006045,20280826,PRD142,ST034,252,84,86,250,40,2030-03-27,BAT006045
INVT006046,20280515,PRD151,ST050,192,96,51,237,40,2029-05-20,BAT006046
INVT006047,20271218,PRD070,ST015,251,96,93,254,20,2029-10-12,BAT006047
INVT006048,20280408,PRD135,ST007,125,1,71,55,20,2030-10-16,BAT006048
INVT006049,20230107,PRD099,ST028,314,53,64,303,25,2025-01-05,BAT006049
INVT006050,20240627,PRD274,ST044,349,72,0,421,30,2026-02-03,BAT006050
INVT006051,20251008,PRD187,ST008,255,4,17,242,40,2028-06-21,BAT006051
INVT006052,20260907,PRD248,ST029,241,33,88,186,40,2028-11-08,BAT006052
INVT006053,20260401,PRD287,ST004,161,25,54,132,25,2028-05-14,BAT006053
INVT006054,20280408,PRD268,ST005,285,80,19,346,30,2031-01-31,BAT006054
INVT006055,20231002,PRD128,ST022,174,124,49,249,30,2025-03-10,BAT006055
INVT006056,20281011,PRD118,ST049,363,56,1,418,25,2031-07-12,BAT006056
INVT006057,20270105,PRD124,ST039,237,34,94,177,40,2028-02-16,BAT006057
INVT006058,20281107,PRD276,ST023,146,46,76,116,50,2031-03-01,BAT006058
INVT006059,20250827,PRD149,ST046,492,7,11,488,20,2027-05-14,BAT006059
INVT006060,20280625,PRD156,ST030,218,69,93,194,40,2030-01-17,BAT006060
INVT006061,20280116,PRD238,ST003,191,150,78,263,20,2030-08-27,BAT006061
INVT006062,20270905,PRD235,ST035,84,79,46,117,40,2029-08-14,BAT006062
INVT006063,20280517,PRD231,ST015,362,98,12,448,20,2031-03-27,BAT006063
INVT006064,20250401,PRD129,ST002,225,120,26,319,40,2027-10-07,BAT006064
INVT006065,20240131,PRD027,ST034,493,5,37,461,20,2027-01-22,BAT006065
INVT006066,20280728,PRD161,ST028,369,71,113,327,25,2029-08-29,BAT006066
INVT006067,20280424,PRD083,ST007,400,128,84,444,50,2030-08-04,BAT006067
INVT006068,20280203,PRD035,ST044,418,108,118,408,50,2030-09-27,BAT006068
INVT006069,20240218,PRD199,ST021,309,118,23,404,25,2026-04-13,BAT006069
INVT006070,20251009,PRD158,ST049,85,30,4,111,30,2028-04-11,BAT006070
INVT006071,20260921,PRD226,ST036,415,107,57,465,20,2028-02-16,BAT006071
INVT006072,20270427,PRD168,ST031,405,40,70,375,20,2029-11-13,BAT006072
INVT006073,20240811,PRD061,ST011,484,125,97,512,50,2027-05-11,BAT006073
INVT006074,20281227,PRD261,ST024,382,42,33,391,50,2031-11-16,BAT006074
INVT006075,20230920,PRD208,ST002,376,135,37,474,20,2026-09-01,BAT006075
INVT006076,20261125,PRD287,ST050,221,94,24,291,40,2029-11-24,BAT006076
INVT006077,20250718,PRD032,ST046,456,71,27,500,40,2027-09-17,BAT006077
INVT006078,20250412,PRD064,ST034,214,94,72,236,40,2027-08-30,BAT006078
INVT006079,20230331,PRD253,ST008,272,65,32,305,50,2026-03-27,BAT006079
INVT006080,20240127,PRD139,ST048,206,0,0,206,20,2025-10-31,BAT006080
INVT006081,20230529,PRD228,ST024,260,11,19,252,25,2024-09-30,BAT006081
INVT006082,20230728,PRD217,ST020,447,10,56,401,50,2025-12-06,BAT006082
INVT006083,20241012,PRD300,ST027,318,41,22,337,50,2027-03-11,BAT006083
INVT006084,20260914,PRD157,ST010,282,52,95,239,30,2028-06-04,BAT006084
INVT006085,20280611,PRD295,ST048,356,38,114,280,30,2029-10-06,BAT006085
INVT006086,20280521,PRD100,ST027,258,82,35,305,40,2030-05-31,BAT006086
INVT006087,20280914,PRD237,ST036,409,62,85,386,40,2029-11-21,BAT006087
INVT006088,20230903,PRD166,ST013,350,36,45,341,50,2024-10-28,BAT006088
INVT006089,20271028,PRD254,ST030,111,142,41,212,25,2029-12-11,BAT006089
INVT006090,20230109,PRD055,ST031,198,57,89,166,20,2024-09-28,BAT006090
INVT006091,20230908,PRD081,ST023,243,15,5,253,30,2025-01-08,BAT006091
INVT006092,20250403,PRD051,ST027,399,101,108,392,40,2027-07-23,BAT006092
INVT006093,20261213,PRD076,ST031,447,0,56,391,20,2028-05-20,BAT006093
INVT006094,20280109,PRD295,ST046,426,119,13,532,40,2030-03-24,BAT006094
INVT006095,20250522,PRD167,ST001,260,75,22,313,40,2026-10-30,BAT006095
INVT006096,20230407,PRD151,ST014,312,140,80,372,20,2025-08-17,BAT006096
INVT006097,20270726,PRD237,ST026,119,42,108,53,40,2028-08-29,BAT006097
INVT006098,20240812,PRD179,ST020,176,18,50,144,25,2027-03-23,BAT006098
INVT006099,20231001,PRD164,ST033,208,107,34,281,40,2025-02-06,BAT006099
INVT006100,20261006,PRD215,ST004,472,72,49,495,40,2029-03-13,BAT006100
INVT006101,20241007,PRD023,ST044,154,111,79,186,20,2026-11-11,BAT006101
INVT006102,20240316,PRD164,ST046,457,89,4,542,25,2026-04-22,BAT006102
INVT006103,20230922,PRD122,ST017,65,120,28,157,20,2025-02-06,BAT006103
INVT006104,20240925,PRD029,ST046,271,98,56,313,40,2026-11-14,BAT006104
INVT006105,20260815,PRD147,ST042,52,83,29,106,25,2028-05-25,BAT006105
INVT006106,20241004,PRD059,ST045,491,105,72,524,30,2026-05-18,BAT006106
INVT006107,20261003,PRD115,ST045,135,128,95,168,40,2027-12-17,BAT006107
INVT006108,20280325,PRD282,ST043,56,93,70,79,20,2029-11-25,BAT006108
INVT006109,20281028,PRD017,ST022,281,57,23,315,20,2030-06-13,BAT006109
INVT006110,20270329,PRD228,ST036,437,143,49,531,30,2029-03-28,BAT006110
INVT006111,20260922,PRD191,ST009,259,28,40,247,20,2027-10-22,BAT006111
INVT006112,20271210,PRD006,ST048,228,93,63,258,20,2029-12-16,BAT006112
INVT006113,20241002,PRD192,ST003,337,102,68,371,40,2026-07-02,BAT006113
INVT006114,20260330,PRD048,ST009,445,48,43,450,50,2028-11-15,BAT006114
INVT006115,20271113,PRD089,ST021,337,101,76,362,25,2029-12-25,BAT006115
INVT006116,20251006,PRD161,ST028,62,8,49,21,25,2027-09-13,BAT006116
INVT006117,20261117,PRD033,ST024,94,123,102,115,50,2029-02-16,BAT006117
INVT006118,20270127,PRD039,ST038,152,121,112,161,50,2028-10-09,BAT006118
INVT006119,20261002,PRD112,ST005,477,44,58,463,25,2028-07-01,BAT006119
INVT006120,20251025,PRD172,ST034,380,5,85,300,20,2028-07-25,BAT006120
INVT006121,20280710,PRD217,ST045,131,28,25,134,30,2030-09-09,BAT006121
INVT006122,20240101,PRD204,ST018,399,96,9,486,30,2025-06-01,BAT006122
INVT006123,20271103,PRD172,ST016,127,36,16,147,30,2030-02-05,BAT006123
INVT006124,20230610,PRD262,ST007,51,27,34,44,50,2026-05-17,BAT006124
INVT006125,20240318,PRD086,ST038,418,113,9,522,50,2026-10-10,BAT006125
INVT006126,20260121,PRD023,ST050,480,142,76,546,30,2027-09-30,BAT006126
INVT006127,20280107,PRD155,ST036,391,30,103,318,25,2030-02-21,BAT006127
INVT006128,20281011,PRD057,ST032,436,63,1,498,20,2031-03-28,BAT006128
INVT006129,20230316,PRD166,ST033,327,3,42,288,50,2024-04-26,BAT006129
INVT006130,20240509,PRD138,ST002,148,55,36,167,20,2026-04-22,BAT006130
INVT006131,20230517,PRD284,ST048,107,12,43,76,40,2026-05-13,BAT006131
INVT006132,20250625,PRD175,ST042,315,110,103,322,50,2028-02-19,BAT006132
INVT006133,20230605,PRD095,ST007,448,60,8,500,20,2025-07-29,BAT006133
INVT006134,20270827,PRD292,ST020,264,5,113,156,25,2030-06-08,BAT006134
INVT006135,20231104,PRD083,ST019,270,114,106,278,40,2025-07-25,BAT006135
INVT006136,20240813,PRD259,ST008,126,88,72,142,50,2026-02-23,BAT006136
INVT006137,20270613,PRD082,ST004,284,68,79,273,50,2030-01-06,BAT006137
INVT006138,20251215,PRD300,ST045,420,82,76,426,20,2027-06-09,BAT006138
INVT006139,20270512,PRD003,ST038,126,0,31,95,25,2028-07-30,BAT006139
INVT006140,20251129,PRD222,ST024,263,90,63,290,20,2028-02-01,BAT006140
INVT006141,20270520,PRD182,ST032,485,131,80,536,20,2028-12-21,BAT006141
INVT006142,20230403,PRD147,ST037,369,88,108,349,20,2025-02-06,BAT006142
INVT006143,20250821,PRD257,ST037,395,101,37,459,20,2027-10-02,BAT006143
INVT006144,20260113,PRD181,ST003,320,98,18,400,50,2027-12-09,BAT006144
INVT006145,20250217,PRD067,ST050,115,57,2,170,40,2026-07-18,BAT006145
INVT006146,20260115,PRD283,ST032,247,65,12,300,25,2028-03-13,BAT006146
INVT006147,20240209,PRD112,ST043,493,145,46,592,30,2026-06-24,BAT006147
INVT006148,20251026,PRD165,ST035,253,30,64,219,20,2028-09-29,BAT006148
INVT006149,20260815,PRD259,ST013,345,62,39,368,20,2029-01-26,BAT006149
INVT006150,20250617,PRD189,ST018,374,71,107,338,25,2028-05-08,BAT006150
INVT006151,20280424,PRD264,ST034,230,144,69,305,50,2029-08-29,BAT006151
INVT006152,20241205,PRD008,ST028,363,98,47,414,40,2027-08-24,BAT006152
INVT006153,20250314,PRD092,ST024,390,106,103,393,25,2027-06-26,BAT006153
INVT006154,20271120,PRD084,ST009,172,106,68,210,25,2029-02-11,BAT006154
INVT006155,20241213,PRD241,ST022,168,65,15,218,50,2026-07-11,BAT006155
INVT006156,20261111,PRD174,ST041,290,143,105,328,20,2028-04-23,BAT006156
INVT006157,20240703,PRD264,ST002,95,116,63,148,20,2027-05-28,BAT006157
INVT006158,20230420,PRD216,ST009,338,75,46,367,20,2024-09-02,BAT006158
INVT006159,20270503,PRD293,ST019,186,116,28,274,30,2030-03-15,BAT006159
INVT006160,20250524,PRD143,ST007,500,72,89,483,25,2028-02-19,BAT006160
INVT006161,20231027,PRD016,ST048,161,47,30,178,20,2026-04-20,BAT006161
INVT006162,20271102,PRD219,ST030,488,146,81,553,20,2030-01-09,BAT006162
INVT006163,20270925,PRD250,ST048,181,120,61,240,25,2028-11-15,BAT006163
INVT006164,20240204,PRD041,ST043,496,15,37,474,20,2026-08-21,BAT006164
INVT006165,20250801,PRD261,ST017,176,119,108,187,50,2027-01-25,BAT006165
INVT006166,20270603,PRD010,ST006,378,139,57,460,40,2030-05-31,BAT006166
INVT006167,20280502,PRD178,ST042,163,48,110,101,30,2029-09-24,BAT006167
INVT006168,20240629,PRD167,ST014,352,57,120,289,50,2025-11-08,BAT006168
INVT006169,20240702,PRD136,ST009,234,126,61,299,40,2026-01-03,BAT006169
INVT006170,20280211,PRD234,ST017,235,114,86,263,30,2029-03-31,BAT006170
INVT006171,20241106,PRD055,ST043,461,133,67,527,30,2026-05-16,BAT006171
INVT006172,20240117,PRD052,ST019,319,79,55,343,20,2025-09-05,BAT006172
INVT006173,20270331,PRD098,ST034,167,149,105,211,40,2030-03-28,BAT006173
INVT006174,20281228,PRD251,ST035,476,129,111,494,30,2030-06-26,BAT006174
INVT006175,20230306,PRD147,ST030,219,150,98,271,50,2024-11-12,BAT006175
INVT006176,20270218,PRD258,ST039,209,114,96,227,40,2028-04-15,BAT006176
INVT006177,20270420,PRD296,ST045,419,62,87,394,50,2028-10-17,BAT006177
INVT006178,20281125,PRD175,ST016,116,13,19,110,30,2030-10-08,BAT006178
INVT006179,20270727,PRD042,ST027,414,121,75,460,30,2029-09-20,BAT006179
INVT006180,20271229,PRD232,ST034,390,17,66,341,50,2030-06-10,BAT006180
INVT006181,20271115,PRD111,ST046,262,20,111,171,25,2030-06-24,BAT006181
INVT006182,20260826,PRD149,ST050,376,83,100,359,50,2028-01-11,BAT006182
INVT006183,20230922,PRD059,ST046,336,85,95,326,40,2025-03-17,BAT006183
INVT006184,20250729,PRD171,ST041,76,22,79,19,30,2027-11-12,BAT006184
INVT006185,20250525,PRD254,ST032,342,108,17,433,40,2028-04-14,BAT006185
INVT006186,20250316,PRD259,ST038,244,90,37,297,50,2027-12-13,BAT006186
INVT006187,20280714,PRD238,ST037,93,122,70,145,25,2029-11-29,BAT006187
INVT006188,20230325,PRD023,ST036,417,31,2,446,20,2024-07-01,BAT006188
INVT006189,20251112,PRD092,ST033,468,104,85,487,40,2028-07-14,BAT006189
INVT006190,20230825,PRD203,ST012,213,21,41,193,40,2025-07-21,BAT006190
INVT006191,20261025,PRD056,ST017,493,149,98,544,20,2029-05-25,BAT006191
INVT006192,20270617,PRD228,ST007,373,3,84,292,50,2028-06-24,BAT006192
INVT006193,20230107,PRD136,ST041,230,131,88,273,40,2024-07-12,BAT006193
INVT006194,20260122,PRD081,ST043,139,123,109,153,30,2028-12-30,BAT006194
INVT006195,20270603,PRD217,ST023,410,32,79,363,30,2029-11-12,BAT006195
INVT006196,20250323,PRD023,ST023,108,116,15,209,50,2027-07-11,BAT006196
INVT006197,20240928,PRD170,ST005,142,55,110,87,30,2026-04-26,BAT006197
INVT006198,20250820,PRD168,ST015,271,118,47,342,40,2028-07-16,BAT006198
INVT006199,20280605,PRD255,ST029,158,64,115,107,25,2030-07-07,BAT006199
INVT006200,20261003,PRD273,ST031,215,12,26,201,20,2027-10-12,BAT006200
INVT006201,20260511,PRD225,ST039,97,65,0,162,40,2028-09-10,BAT006201
INVT006202,20231104,PRD094,ST033,65,105,10,160,50,2026-07-06,BAT006202
INVT006203,20230525,PRD247,ST017,251,100,113,238,40,2026-02-01,BAT006203
INVT006204,20280730,PRD140,ST031,127,23,58,92,20,2030-01-20,BAT006204
INVT006205,20260402,PRD118,ST024,249,108,64,293,25,2027-05-23,BAT006205
INVT006206,20250612,PRD079,ST023,437,50,49,438,50,2027-06-27,BAT006206
INVT006207,20240814,PRD186,ST021,322,114,93,343,40,2026-12-28,BAT006207
INVT006208,20250427,PRD164,ST047,55,121,71,105,20,2026-06-22,BAT006208
INVT006209,20280806,PRD091,ST034,402,57,83,376,50,2030-06-06,BAT006209
INVT006210,20280304,PRD198,ST018,421,106,95,432,20,2029-09-07,BAT006210
INVT006211,20270401,PRD046,ST017,362,52,84,330,40,2030-02-15,BAT006211
INVT006212,20250826,PRD055,ST050,343,101,22,422,40,2027-08-02,BAT006212
INVT006213,20270604,PRD153,ST017,164,148,111,201,20,2030-01-21,BAT006213
INVT006214,20260728,PRD033,ST041,359,86,50,395,40,2028-03-06,BAT006214
INVT006215,20230309,PRD032,ST042,251,51,49,253,25,2026-03-06,BAT006215
INVT006216,20240428,PRD028,ST023,397,19,49,367,30,2025-06-24,BAT006216
INVT006217,20271230,PRD262,ST030,495,14,111,398,30,2030-05-26,BAT006217
INVT006218,20240318,PRD047,ST014,429,93,97,425,25,2027-02-20,BAT006218
INVT006219,20280505,PRD127,ST039,262,93,119,236,25,2030-09-11,BAT006219
INVT006220,20241030,PRD163,ST038,433,139,50,522,40,2027-02-13,BAT006220
INVT006221,20280404,PRD032,ST022,234,76,66,244,50,2030-11-23,BAT006221
INVT006222,20230601,PRD243,ST006,143,150,117,176,50,2025-06-28,BAT006222
INVT006223,20240129,PRD167,ST019,410,140,23,527,40,2025-02-06,BAT006223
INVT006224,20230723,PRD066,ST037,176,55,99,132,20,2025-02-24,BAT006224
INVT006225,20240611,PRD201,ST033,342,49,60,331,30,2026-08-15,BAT006225
INVT006226,20230322,PRD081,ST005,177,111,97,191,50,2025-09-20,BAT006226
INVT006227,20260322,PRD039,ST024,305,123,10,418,25,2028-12-03,BAT006227
INVT006228,20231004,PRD270,ST018,138,95,8,225,50,2025-09-29,BAT006228
INVT006229,20270822,PRD044,ST031,273,93,43,323,50,2030-04-27,BAT006229
INVT006230,20241003,PRD080,ST015,404,94,46,452,25,2027-09-10,BAT006230
INVT006231,20260816,PRD285,ST032,392,6,111,287,40,2028-03-02,BAT006231
INVT006232,20230124,PRD078,ST050,125,140,99,166,25,2025-10-07,BAT006232
INVT006233,20250701,PRD121,ST023,123,139,109,153,40,2027-12-22,BAT006233
INVT006234,20280801,PRD054,ST024,421,49,44,426,50,2031-05-27,BAT006234
INVT006235,20270807,PRD154,ST032,130,105,67,168,30,2029-12-29,BAT006235
INVT006236,20251225,PRD212,ST018,396,92,41,447,20,2028-04-03,BAT006236
INVT006237,20240910,PRD267,ST016,102,2,15,89,50,2026-09-06,BAT006237
INVT006238,20230721,PRD270,ST035,75,138,61,152,30,2025-09-05,BAT006238
INVT006239,20260625,PRD180,ST049,63,86,69,80,20,2029-04-21,BAT006239
INVT006240,20230219,PRD164,ST034,55,27,0,82,50,2025-12-07,BAT006240
INVT006241,20270919,PRD250,ST039,301,66,32,335,40,2029-12-07,BAT006241
INVT006242,20231122,PRD109,ST029,322,140,54,408,40,2025-06-07,BAT006242
INVT006243,20270423,PRD152,ST025,440,84,31,493,25,2028-12-17,BAT006243
INVT006244,20260515,PRD228,ST029,191,146,52,285,25,2027-12-04,BAT006244
INVT006245,20280518,PRD296,ST010,129,110,117,122,25,2030-10-14,BAT006245
INVT006246,20240413,PRD039,ST023,50,46,27,69,40,2026-02-04,BAT006246
INVT006247,20250426,PRD282,ST041,305,62,36,331,30,2026-06-16,BAT006247
INVT006248,20260816,PRD085,ST008,357,74,1,430,30,2029-05-25,BAT006248
INVT006249,20230116,PRD130,ST031,116,106,3,219,50,2025-05-19,BAT006249
INVT006250,20271016,PRD084,ST039,88,69,45,112,50,2030-02-25,BAT006250
INVT006251,20280121,PRD121,ST027,243,4,73,174,50,2029-12-10,BAT006251
INVT006252,20240415,PRD286,ST006,274,76,62,288,25,2026-05-18,BAT006252
INVT006253,20271121,PRD187,ST014,364,112,82,394,50,2030-05-13,BAT006253
INVT006254,20261204,PRD269,ST029,462,76,64,474,50,2029-11-02,BAT006254
INVT006255,20261119,PRD186,ST029,109,62,14,157,50,2029-05-20,BAT006255
INVT006256,20251102,PRD135,ST017,455,99,8,546,40,2027-07-08,BAT006256
INVT006257,20260804,PRD093,ST022,295,64,61,298,40,2028-12-10,BAT006257
INVT006258,20260211,PRD122,ST029,377,40,10,407,25,2027-09-26,BAT006258
INVT006259,20280910,PRD141,ST033,283,113,47,349,40,2029-11-23,BAT006259
INVT006260,20231130,PRD281,ST049,338,132,60,410,30,2025-12-16,BAT006260
INVT006261,20280711,PRD276,ST015,114,47,104,57,50,2029-08-21,BAT006261
INVT006262,20230427,PRD031,ST021,351,3,40,314,30,2025-04-20,BAT006262
INVT006263,20240409,PRD225,ST015,244,82,70,256,30,2026-01-25,BAT006263
INVT006264,20230513,PRD166,ST047,340,17,73,284,25,2025-02-19,BAT006264
INVT006265,20260525,PRD095,ST019,259,32,110,181,40,2027-09-07,BAT006265
INVT006266,20240705,PRD097,ST040,169,63,120,112,20,2026-08-25,BAT006266
INVT006267,20261009,PRD122,ST013,240,49,112,177,30,2029-06-27,BAT006267
INVT006268,20280418,PRD161,ST038,393,138,2,529,50,2030-05-28,BAT006268
INVT006269,20241002,PRD258,ST012,423,30,76,377,40,2025-10-02,BAT006269
INVT006270,20281121,PRD251,ST036,300,83,81,302,40,2031-04-21,BAT006270
INVT006271,20240822,PRD244,ST013,288,108,31,365,20,2027-04-16,BAT006271
INVT006272,20280404,PRD234,ST015,347,131,92,386,25,2030-06-25,BAT006272
INVT006273,20270426,PRD211,ST002,341,127,84,384,50,2029-09-17,BAT006273
INVT006274,20280823,PRD167,ST022,55,14,37,32,30,2030-08-30,BAT006274
INVT006275,20230709,PRD228,ST046,121,102,20,203,50,2024-08-04,BAT006275
INVT006276,20231201,PRD009,ST029,363,59,90,332,25,2026-11-06,BAT006276
INVT006277,20240827,PRD208,ST023,125,114,66,173,25,2026-08-15,BAT006277
INVT006278,20260401,PRD198,ST016,58,85,79,64,30,2029-02-15,BAT006278
INVT006279,20231118,PRD180,ST028,305,30,8,327,40,2026-02-12,BAT006279
INVT006280,20260801,PRD105,ST038,332,113,21,424,30,2029-05-14,BAT006280
INVT006281,20260717,PRD284,ST006,416,141,58,499,20,2028-12-16,BAT006281
INVT006282,20280813,PRD156,ST001,303,84,91,296,30,2030-03-06,BAT006282
INVT006283,20230110,PRD187,ST013,429,100,43,486,50,2025-10-12,BAT006283
INVT006284,20280508,PRD073,ST028,317,55,111,261,50,2030-05-22,BAT006284
INVT006285,20230517,PRD233,ST048,407,6,44,369,20,2024-11-26,BAT006285
INVT006286,20230706,PRD210,ST039,262,114,23,353,20,2024-11-13,BAT006286
INVT006287,20281230,PRD055,ST021,248,140,31,357,50,2031-04-04,BAT006287
INVT006288,20230426,PRD094,ST031,492,133,119,506,30,2024-12-10,BAT006288
INVT006289,20280117,PRD292,ST036,444,39,14,469,30,2030-08-26,BAT006289
INVT006290,20241129,PRD159,ST006,164,121,13,272,40,2026-08-03,BAT006290
INVT006291,20230111,PRD219,ST045,148,144,4,288,50,2025-01-25,BAT006291
INVT006292,20281213,PRD111,ST003,258,143,33,368,50,2030-07-10,BAT006292
INVT006293,20271008,PRD265,ST008,266,113,20,359,25,2030-04-08,BAT006293
INVT006294,20270605,PRD218,ST022,391,105,5,491,40,2029-10-03,BAT006294
INVT006295,20280523,PRD191,ST023,338,91,57,372,25,2030-04-22,BAT006295
INVT006296,20260405,PRD052,ST001,213,113,61,265,25,2028-04-01,BAT006296
INVT006297,20230218,PRD151,ST003,141,84,88,137,50,2025-12-15,BAT006297
INVT006298,20280818,PRD281,ST005,63,138,116,85,30,2030-07-17,BAT006298
INVT006299,20281205,PRD230,ST010,158,87,62,183,50,2030-09-29,BAT006299
INVT006300,20270113,PRD242,ST041,126,11,67,70,20,2028-06-17,BAT006300
INVT006301,20260326,PRD059,ST002,456,73,10,519,30,2027-05-25,BAT006301
INVT006302,20280327,PRD156,ST038,175,29,51,153,40,2029-04-10,BAT006302
INVT006303,20281112,PRD061,ST028,442,29,11,460,30,2031-08-24,BAT006303
INVT006304,20270211,PRD196,ST028,95,59,82,72,30,2028-02-28,BAT006304
INVT006305,20260202,PRD226,ST043,385,91,5,471,20,2027-03-16,BAT006305
INVT006306,20260701,PRD172,ST036,204,8,82,130,50,2029-02-21,BAT006306
INVT006307,20240718,PRD067,ST041,294,5,51,248,50,2027-04-16,BAT006307
INVT006308,20230602,PRD197,ST020,360,78,79,359,25,2025-05-07,BAT006308
INVT006309,20271126,PRD179,ST048,406,129,5,530,25,2030-09-27,BAT006309
INVT006310,20270601,PRD109,ST036,161,103,37,227,40,2028-10-21,BAT006310
INVT006311,20241105,PRD156,ST024,216,130,117,229,20,2027-03-16,BAT006311
INVT006312,20230607,PRD269,ST047,163,60,44,179,20,2025-04-05,BAT006312
INVT006313,20250123,PRD134,ST018,381,104,51,434,25,2027-12-11,BAT006313
INVT006314,20230525,PRD021,ST047,67,66,45,88,25,2026-01-19,BAT006314
INVT006315,20230316,PRD140,ST045,496,140,111,525,50,2025-05-16,BAT006315
INVT006316,20280723,PRD085,ST021,103,77,1,179,50,2030-08-12,BAT006316
INVT006317,20240324,PRD225,ST004,339,148,64,423,40,2025-10-25,BAT006317
INVT006318,20231029,PRD255,ST001,352,128,14,466,40,2025-12-18,BAT006318
INVT006319,20281224,PRD288,ST007,164,4,29,139,50,2030-10-21,BAT006319
INVT006320,20270405,PRD056,ST044,142,140,12,270,30,2028-05-29,BAT006320
INVT006321,20240219,PRD196,ST017,216,66,118,164,40,2026-03-19,BAT006321
INVT006322,20240920,PRD190,ST029,168,28,19,177,30,2026-05-02,BAT006322
INVT006323,20270924,PRD056,ST009,275,103,75,303,50,2029-12-30,BAT006323
INVT006324,20270605,PRD089,ST050,493,41,100,434,50,2029-06-02,BAT006324
INVT006325,20280802,PRD300,ST020,300,71,46,325,20,2031-02-21,BAT006325
INVT006326,20230903,PRD289,ST042,308,115,15,408,40,2025-04-27,BAT006326
INVT006327,20250622,PRD046,ST049,222,126,12,336,40,2026-07-29,BAT006327
INVT006328,20260211,PRD089,ST025,473,21,33,461,30,2028-05-14,BAT006328
INVT006329,20231225,PRD214,ST022,68,67,33,102,20,2026-01-06,BAT006329
INVT006330,20250129,PRD221,ST017,195,88,87,196,50,2027-11-08,BAT006330
INVT006331,20240810,PRD213,ST048,355,73,93,335,30,2026-04-30,BAT006331
INVT006332,20231220,PRD294,ST008,477,56,119,414,40,2026-07-13,BAT006332
INVT006333,20230702,PRD131,ST039,309,124,106,327,40,2024-11-16,BAT006333
INVT006334,20230327,PRD097,ST036,463,49,56,456,25,2025-11-24,BAT006334
INVT006335,20270526,PRD167,ST048,134,79,115,98,25,2029-09-23,BAT006335
INVT006336,20270904,PRD002,ST046,460,124,36,548,20,2029-07-18,BAT006336
INVT006337,20271124,PRD134,ST049,188,0,101,87,25,2030-02-11,BAT006337
INVT006338,20240522,PRD098,ST023,147,72,19,200,30,2026-05-18,BAT006338
INVT006339,20261030,PRD198,ST006,335,50,18,367,40,2028-04-03,BAT006339
INVT006340,20231228,PRD107,ST035,180,31,110,101,30,2025-12-14,BAT006340
INVT006341,20231024,PRD005,ST037,391,90,34,447,25,2026-07-28,BAT006341
INVT006342,20270122,PRD073,ST031,223,1,47,177,40,2029-07-29,BAT006342
INVT006343,20280823,PRD032,ST033,190,134,118,206,25,2031-08-06,BAT006343
INVT006344,20230224,PRD225,ST011,291,18,19,290,40,2024-09-03,BAT006344
INVT006345,20250421,PRD158,ST003,404,47,84,367,50,2026-11-23,BAT006345
INVT006346,20280624,PRD272,ST007,425,63,19,469,40,2030-10-18,BAT006346
INVT006347,20241010,PRD232,ST016,174,39,112,101,40,2026-02-15,BAT006347
INVT006348,20280113,PRD229,ST047,269,112,37,344,40,2030-10-03,BAT006348
INVT006349,20261007,PRD260,ST033,490,31,74,447,30,2028-11-04,BAT006349
INVT006350,20280103,PRD235,ST049,200,149,87,262,25,2030-08-13,BAT006350
INVT006351,20260331,PRD138,ST039,362,49,100,311,20,2027-10-23,BAT006351
INVT006352,20270905,PRD251,ST023,376,126,20,482,40,2029-10-27,BAT006352
INVT006353,20280828,PRD134,ST046,467,1,116,352,30,2030-04-20,BAT006353
INVT006354,20270715,PRD217,ST029,380,128,26,482,25,2028-08-15,BAT006354
INVT006355,20250222,PRD039,ST026,113,52,111,54,20,2027-07-02,BAT006355
INVT006356,20280118,PRD008,ST022,174,77,5,246,25,2030-08-07,BAT006356
INVT006357,20281227,PRD114,ST013,152,26,83,95,30,2031-11-07,BAT006357
INVT006358,20240128,PRD263,ST002,103,101,51,153,30,2026-08-03,BAT006358
INVT006359,20230216,PRD081,ST016,266,34,68,232,20,2024-06-17,BAT006359
INVT006360,20250628,PRD257,ST034,478,93,24,547,20,2026-10-18,BAT006360
INVT006361,20261219,PRD142,ST050,392,61,72,381,40,2029-06-28,BAT006361
INVT006362,20240122,PRD185,ST032,175,66,103,138,20,2025-12-12,BAT006362
INVT006363,20231212,PRD012,ST044,243,109,1,351,50,2026-02-14,BAT006363
INVT006364,20250121,PRD121,ST046,244,90,7,327,30,2027-03-03,BAT006364
INVT006365,20230605,PRD073,ST027,384,44,103,325,25,2025-04-18,BAT006365
INVT006366,20280718,PRD283,ST041,359,33,18,374,30,2029-11-02,BAT006366
INVT006367,20240822,PRD219,ST042,100,62,43,119,20,2026-10-21,BAT006367
INVT006368,20240528,PRD034,ST004,321,74,4,391,20,2026-04-23,BAT006368
INVT006369,20280520,PRD298,ST032,383,4,50,337,25,2031-05-16,BAT006369
INVT006370,20281114,PRD033,ST003,338,122,82,378,30,2030-05-21,BAT006370
INVT006371,20270928,PRD272,ST026,264,95,6,353,50,2029-05-04,BAT006371
INVT006372,20270912,PRD283,ST006,440,100,71,469,25,2029-01-05,BAT006372
INVT006373,20260406,PRD022,ST029,165,120,25,260,20,2028-09-25,BAT006373
INVT006374,20280201,PRD043,ST018,436,50,74,412,20,2029-08-18,BAT006374
INVT006375,20230211,PRD080,ST002,76,87,108,55,40,2024-08-10,BAT006375
INVT006376,20270618,PRD021,ST031,53,45,83,15,30,2029-11-03,BAT006376
INVT006377,20260315,PRD263,ST021,384,114,79,419,50,2028-09-12,BAT006377
INVT006378,20281209,PRD088,ST005,168,43,59,152,25,2031-06-07,BAT006378
INVT006379,20240425,PRD170,ST012,128,53,22,159,25,2026-12-04,BAT006379
INVT006380,20280201,PRD090,ST050,217,65,4,278,20,2029-11-30,BAT006380
INVT006381,20251016,PRD282,ST044,483,75,62,496,30,2027-08-10,BAT006381
INVT006382,20250819,PRD044,ST033,324,102,100,326,30,2027-08-23,BAT006382
INVT006383,20260103,PRD233,ST035,76,14,60,30,50,2027-06-29,BAT006383
INVT006384,20260109,PRD220,ST014,254,105,76,283,50,2027-09-13,BAT006384
INVT006385,20280512,PRD180,ST024,376,93,82,387,20,2030-02-22,BAT006385
INVT006386,20261009,PRD279,ST016,326,126,46,406,20,2027-10-22,BAT006386
INVT006387,20280809,PRD238,ST003,365,148,6,507,25,2029-12-05,BAT006387
INVT006388,20271223,PRD075,ST007,372,19,101,290,25,2029-12-28,BAT006388
INVT006389,20280811,PRD002,ST019,148,53,30,171,20,2030-08-29,BAT006389
INVT006390,20270919,PRD298,ST027,185,4,14,175,20,2028-12-12,BAT006390
INVT006391,20260703,PRD208,ST002,96,51,117,30,25,2028-06-01,BAT006391
INVT006392,20250130,PRD004,ST028,135,44,103,76,40,2026-03-26,BAT006392
INVT006393,20250428,PRD040,ST025,430,70,16,484,40,2027-06-10,BAT006393
INVT006394,20250717,PRD119,ST008,244,24,37,231,20,2028-01-30,BAT006394
INVT006395,20241001,PRD098,ST007,53,16,60,9,20,2027-09-08,BAT006395
INVT006396,20280113,PRD062,ST039,456,149,37,568,30,2030-05-03,BAT006396
INVT006397,20251021,PRD024,ST022,440,28,77,391,50,2027-10-26,BAT006397
INVT006398,20230429,PRD284,ST005,356,2,0,358,30,2025-06-24,BAT006398
INVT006399,20271212,PRD120,ST041,233,40,102,171,40,2029-07-30,BAT006399
INVT006400,20270203,PRD189,ST006,291,110,30,371,30,2028-08-07,BAT006400
INVT006401,20251216,PRD057,ST016,383,7,19,371,25,2028-06-07,BAT006401
INVT006402,20270322,PRD246,ST007,77,101,53,125,30,2029-05-28,BAT006402
INVT006403,20230330,PRD087,ST019,347,42,24,365,30,2025-06-28,BAT006403
INVT006404,20271209,PRD228,ST019,91,77,74,94,20,2029-12-19,BAT006404
INVT006405,20280412,PRD044,ST032,222,49,19,252,25,2031-04-12,BAT006405
INVT006406,20280724,PRD253,ST045,455,89,20,524,40,2029-11-25,BAT006406
INVT006407,20260717,PRD270,ST030,317,134,76,375,20,2028-08-30,BAT006407
INVT006408,20251018,PRD051,ST031,104,81,110,75,20,2027-01-21,BAT006408
INVT006409,20231001,PRD133,ST011,420,67,14,473,25,2025-07-26,BAT006409
INVT006410,20280813,PRD160,ST024,206,106,56,256,25,2029-10-28,BAT006410
INVT006411,20250415,PRD228,ST005,429,120,114,435,30,2026-07-18,BAT006411
INVT006412,20230103,PRD210,ST026,355,82,39,398,30,2025-11-03,BAT006412
INVT006413,20230808,PRD278,ST023,293,1,24,270,30,2024-08-14,BAT006413
INVT006414,20240515,PRD047,ST032,256,22,59,219,20,2026-06-15,BAT006414
INVT006415,20240303,PRD106,ST042,498,9,14,493,20,2027-01-20,BAT006415
INVT006416,20240529,PRD232,ST014,322,56,109,269,20,2027-04-09,BAT006416
INVT006417,20281109,PRD045,ST030,133,7,120,20,25,2030-09-30,BAT006417
INVT006418,20280409,PRD195,ST023,479,108,33,554,20,2029-05-10,BAT006418
INVT006419,20230918,PRD292,ST005,390,81,37,434,25,2025-10-30,BAT006419
INVT006420,20230823,PRD225,ST036,469,38,109,398,30,2024-11-06,BAT006420
INVT006421,20240518,PRD216,ST018,155,69,97,127,25,2026-03-24,BAT006421
INVT006422,20231013,PRD063,ST017,499,121,40,580,30,2026-08-17,BAT006422
INVT006423,20270610,PRD224,ST010,190,135,18,307,25,2029-01-29,BAT006423
INVT006424,20230913,PRD218,ST019,114,18,101,31,20,2025-11-18,BAT006424
INVT006425,20280924,PRD134,ST026,78,57,66,69,50,2030-09-15,BAT006425
INVT006426,20240205,PRD174,ST040,126,60,35,151,40,2026-03-11,BAT006426
INVT006427,20260728,PRD076,ST005,482,126,36,572,40,2028-04-16,BAT006427
INVT006428,20260823,PRD097,ST049,169,25,55,139,30,2029-04-08,BAT006428
INVT006429,20260712,PRD005,ST028,67,82,82,67,30,2027-10-25,BAT006429
INVT006430,20240129,PRD110,ST031,384,26,119,291,25,2026-11-16,BAT006430
INVT006431,20260405,PRD218,ST048,454,61,80,435,20,2029-03-05,BAT006431
INVT006432,20230218,PRD255,ST035,356,11,81,286,40,2025-08-19,BAT006432
INVT006433,20271021,PRD296,ST044,433,82,57,458,40,2028-12-13,BAT006433
INVT006434,20240401,PRD286,ST050,319,58,1,376,30,2025-07-19,BAT006434
INVT006435,20260814,PRD143,ST041,195,125,39,281,40,2028-04-16,BAT006435
INVT006436,20250902,PRD137,ST045,164,95,83,176,50,2027-12-26,BAT006436
INVT006437,20251015,PRD222,ST049,358,122,4,476,20,2028-08-25,BAT006437
INVT006438,20271014,PRD258,ST050,234,39,107,166,30,2029-06-17,BAT006438
INVT006439,20231110,PRD248,ST021,74,65,0,139,50,2025-06-16,BAT006439
INVT006440,20280424,PRD010,ST006,432,29,66,395,30,2031-01-20,BAT006440
INVT006441,20270618,PRD286,ST037,406,114,34,486,20,2030-03-14,BAT006441
INVT006442,20270108,PRD087,ST037,60,83,92,51,30,2028-02-10,BAT006442
INVT006443,20261205,PRD248,ST037,128,128,8,248,50,2028-09-03,BAT006443
INVT006444,20280105,PRD079,ST025,253,129,6,376,40,2029-08-02,BAT006444
INVT006445,20241205,PRD148,ST005,268,24,11,281,50,2026-11-24,BAT006445
INVT006446,20260108,PRD019,ST045,419,97,22,494,40,2028-06-16,BAT006446
INVT006447,20230417,PRD262,ST035,426,13,50,389,50,2024-11-08,BAT006447
INVT006448,20231231,PRD063,ST010,391,30,58,363,50,2025-12-05,BAT006448
INVT006449,20240725,PRD284,ST010,448,41,26,463,25,2025-10-16,BAT006449
INVT006450,20250129,PRD169,ST025,298,127,17,408,30,2026-01-31,BAT006450
INVT006451,20250527,PRD266,ST023,437,109,15,531,40,2026-11-22,BAT006451
INVT006452,20280301,PRD060,ST017,97,48,35,110,25,2030-07-22,BAT006452
INVT006453,20280718,PRD097,ST010,153,80,83,150,40,2030-03-13,BAT006453
INVT006454,20280630,PRD131,ST012,451,25,86,390,30,2029-12-01,BAT006454
INVT006455,20230218,PRD130,ST012,67,112,76,103,25,2025-06-24,BAT006455
INVT006456,20251204,PRD058,ST024,382,130,58,454,20,2028-08-27,BAT006456
INVT006457,20260323,PRD074,ST022,75,84,72,87,25,2029-01-30,BAT006457
INVT006458,20260913,PRD116,ST042,463,0,110,353,50,2028-09-19,BAT006458
INVT006459,20270110,PRD281,ST032,303,57,50,310,30,2029-11-27,BAT006459
INVT006460,20250116,PRD251,ST014,285,149,44,390,40,2026-06-17,BAT006460
INVT006461,20250630,PRD267,ST047,370,25,54,341,20,2026-11-07,BAT006461
INVT006462,20240831,PRD044,ST016,214,26,13,227,20,2026-05-03,BAT006462
INVT006463,20250429,PRD026,ST007,65,121,42,144,25,2027-05-15,BAT006463
INVT006464,20230701,PRD092,ST017,257,147,35,369,50,2025-04-21,BAT006464
INVT006465,20240229,PRD088,ST014,121,32,23,130,25,2025-08-21,BAT006465
INVT006466,20230517,PRD286,ST031,452,63,67,448,30,2026-05-06,BAT006466
INVT006467,20280427,PRD031,ST050,437,147,38,546,25,2030-12-16,BAT006467
INVT006468,20240305,PRD128,ST031,56,134,45,145,50,2026-05-29,BAT006468
INVT006469,20281027,PRD106,ST031,366,43,15,394,25,2030-02-18,BAT006469
INVT006470,20271004,PRD284,ST012,121,96,83,134,20,2030-03-15,BAT006470
INVT006471,20230127,PRD108,ST029,84,95,13,166,50,2024-09-20,BAT006471
INVT006472,20231102,PRD230,ST035,204,69,91,182,50,2026-05-12,BAT006472
INVT006473,20251006,PRD277,ST001,151,113,81,183,30,2028-08-01,BAT006473
INVT006474,20271128,PRD119,ST035,113,24,28,109,25,2030-02-26,BAT006474
INVT006475,20230908,PRD129,ST037,186,101,21,266,30,2025-09-17,BAT006475
INVT006476,20260706,PRD158,ST002,275,124,112,287,20,2027-07-21,BAT006476
INVT006477,20260807,PRD120,ST023,214,129,66,277,25,2028-03-03,BAT006477
INVT006478,20251216,PRD283,ST047,101,31,99,33,50,2027-01-13,BAT006478
INVT006479,20250103,PRD290,ST042,431,59,66,424,30,2026-03-03,BAT006479
INVT006480,20240712,PRD274,ST018,301,123,75,349,50,2025-12-28,BAT006480
INVT006481,20261027,PRD264,ST032,426,90,28,488,40,2028-01-06,BAT006481
INVT006482,20270301,PRD219,ST050,200,25,41,184,25,2028-10-07,BAT006482
INVT006483,20230517,PRD229,ST050,58,97,52,103,40,2026-04-13,BAT006483
INVT006484,20280714,PRD032,ST042,389,102,27,464,25,2029-10-14,BAT006484
INVT006485,20240214,PRD294,ST005,417,110,89,438,20,2025-05-30,BAT006485
INVT006486,20260923,PRD173,ST048,162,6,76,92,25,2029-02-05,BAT006486
INVT006487,20250421,PRD059,ST013,180,14,29,165,40,2027-09-07,BAT006487
INVT006488,20231113,PRD239,ST001,446,55,62,439,50,2026-08-20,BAT006488
INVT006489,20250515,PRD015,ST027,99,137,74,162,25,2026-07-06,BAT006489
INVT006490,20230301,PRD147,ST024,314,33,5,342,40,2024-07-25,BAT006490
INVT006491,20240131,PRD201,ST012,474,69,57,486,30,2025-06-09,BAT006491
INVT006492,20260507,PRD221,ST036,188,122,31,279,25,2028-05-09,BAT006492
INVT006493,20260808,PRD032,ST050,267,84,106,245,25,2029-03-19,BAT006493
INVT006494,20230409,PRD172,ST046,162,98,103,157,40,2026-01-07,BAT006494
INVT006495,20240505,PRD067,ST002,466,115,20,561,20,2027-01-31,BAT006495
INVT006496,20261116,PRD245,ST036,466,5,108,363,25,2028-10-02,BAT006496
INVT006497,20260807,PRD006,ST035,100,145,77,168,40,2029-02-09,BAT006497
INVT006498,20251213,PRD143,ST021,272,83,90,265,40,2028-11-25,BAT006498
INVT006499,20231122,PRD229,ST017,200,47,4,243,30,2025-08-14,BAT006499
INVT006500,20230816,PRD186,ST006,239,83,53,269,40,2025-05-29,BAT006500
INVT006501,20230209,PRD289,ST012,74,29,93,10,40,2025-12-01,BAT006501
INVT006502,20280803,PRD162,ST039,426,62,4,484,20,2029-10-15,BAT006502
INVT006503,20250706,PRD132,ST041,90,77,111,56,20,2027-06-28,BAT006503
INVT006504,20230802,PRD199,ST041,295,4,73,226,20,2025-04-18,BAT006504
INVT006505,20260118,PRD222,ST023,208,132,32,308,20,2027-03-09,BAT006505
INVT006506,20230225,PRD021,ST019,69,5,37,37,40,2024-11-11,BAT006506
INVT006507,20270109,PRD129,ST040,286,98,67,317,25,2028-11-06,BAT006507
INVT006508,20271211,PRD180,ST011,234,104,2,336,30,2030-06-27,BAT006508
INVT006509,20240804,PRD145,ST026,267,34,40,261,40,2026-10-10,BAT006509
INVT006510,20230905,PRD043,ST013,321,10,89,242,40,2026-05-13,BAT006510
INVT006511,20260919,PRD041,ST006,309,28,21,316,20,2028-10-16,BAT006511
INVT006512,20261216,PRD091,ST044,386,95,7,474,50,2029-11-06,BAT006512
INVT006513,20240426,PRD189,ST037,218,5,39,184,25,2025-08-15,BAT006513
INVT006514,20261017,PRD012,ST029,494,18,99,413,40,2028-07-05,BAT006514
INVT006515,20231019,PRD222,ST044,190,123,102,211,40,2026-08-26,BAT006515
INVT006516,20270506,PRD097,ST050,476,25,80,421,20,2030-04-12,BAT006516
INVT006517,20250725,PRD081,ST045,176,31,74,133,40,2027-09-09,BAT006517
INVT006518,20280416,PRD030,ST011,235,78,48,265,20,2030-06-13,BAT006518
INVT006519,20280919,PRD131,ST019,192,97,75,214,40,2030-07-05,BAT006519
INVT006520,20270205,PRD259,ST039,438,46,32,452,30,2028-05-01,BAT006520
INVT006521,20250722,PRD095,ST033,445,17,110,352,20,2027-03-26,BAT006521
INVT006522,20271224,PRD066,ST018,431,71,98,404,40,2030-12-22,BAT006522
INVT006523,20241005,PRD297,ST030,433,83,73,443,20,2026-07-04,BAT006523
INVT006524,20260511,PRD272,ST037,206,5,113,98,20,2028-12-19,BAT006524
INVT006525,20260621,PRD197,ST022,485,139,32,592,40,2028-02-16,BAT006525
INVT006526,20240925,PRD149,ST036,429,128,63,494,50,2025-10-13,BAT006526
INVT006527,20280506,PRD125,ST031,253,122,53,322,30,2030-12-12,BAT006527
INVT006528,20280409,PRD106,ST029,321,11,41,291,25,2030-01-14,BAT006528
INVT006529,20240829,PRD180,ST008,338,25,109,254,50,2026-12-07,BAT006529
INVT006530,20240517,PRD217,ST009,483,137,73,547,40,2026-03-26,BAT006530
INVT006531,20271214,PRD223,ST030,271,108,88,291,40,2029-02-09,BAT006531
INVT006532,20231201,PRD062,ST039,147,93,20,220,40,2025-08-16,BAT006532
INVT006533,20240531,PRD176,ST037,386,53,14,425,40,2026-08-19,BAT006533
INVT006534,20280725,PRD008,ST034,456,90,53,493,40,2030-06-16,BAT006534
INVT006535,20240423,PRD014,ST041,241,111,93,259,25,2026-12-19,BAT006535
INVT006536,20270830,PRD249,ST003,388,77,109,356,30,2029-11-28,BAT006536
INVT006537,20280509,PRD247,ST008,189,8,45,152,40,2030-08-31,BAT006537
INVT006538,20230815,PRD070,ST024,433,4,89,348,20,2025-08-17,BAT006538
INVT006539,20270218,PRD145,ST017,366,72,4,434,50,2030-01-26,BAT006539
INVT006540,20260806,PRD235,ST021,117,94,49,162,25,2028-12-20,BAT006540
INVT006541,20251124,PRD137,ST048,331,68,45,354,30,2027-11-03,BAT006541
INVT006542,20280423,PRD200,ST049,394,104,26,472,25,2030-04-04,BAT006542
INVT006543,20260117,PRD095,ST001,412,85,3,494,50,2028-01-01,BAT006543
INVT006544,20250602,PRD006,ST044,280,41,60,261,40,2026-10-13,BAT006544
INVT006545,20281202,PRD074,ST031,249,146,41,354,50,2031-06-24,BAT006545
INVT006546,20280801,PRD031,ST046,334,148,34,448,25,2031-05-23,BAT006546
INVT006547,20271013,PRD207,ST002,170,104,118,156,40,2030-06-28,BAT006547
INVT006548,20230508,PRD096,ST050,287,111,87,311,30,2025-02-01,BAT006548
INVT006549,20241207,PRD147,ST013,404,92,5,491,20,2027-04-14,BAT006549
INVT006550,20270619,PRD053,ST028,231,57,61,227,40,2029-10-09,BAT006550
INVT006551,20281122,PRD132,ST009,192,125,13,304,40,2030-09-12,BAT006551
INVT006552,20230922,PRD058,ST025,148,109,74,183,30,2024-10-13,BAT006552
INVT006553,20280412,PRD089,ST022,360,45,44,361,20,2029-07-22,BAT006553
INVT006554,20270510,PRD038,ST023,268,121,67,322,20,2029-09-12,BAT006554
INVT006555,20280918,PRD073,ST014,77,122,85,114,20,2029-10-09,BAT006555
INVT006556,20281115,PRD033,ST013,160,78,105,133,50,2029-12-03,BAT006556
INVT006557,20240802,PRD107,ST050,295,76,29,342,25,2026-10-18,BAT006557
INVT006558,20241220,PRD143,ST040,194,25,70,149,20,2026-03-22,BAT006558
INVT006559,20270403,PRD296,ST041,230,30,15,245,25,2029-11-09,BAT006559
INVT006560,20260515,PRD216,ST017,70,63,8,125,20,2028-11-20,BAT006560
INVT006561,20240929,PRD284,ST030,356,24,33,347,40,2026-09-29,BAT006561
INVT006562,20261130,PRD050,ST006,384,37,3,418,25,2028-07-23,BAT006562
INVT006563,20230901,PRD189,ST039,247,110,87,270,40,2026-06-23,BAT006563
INVT006564,20251105,PRD079,ST014,343,74,105,312,25,2028-05-29,BAT006564
INVT006565,20250501,PRD247,ST023,500,73,113,460,25,2027-10-25,BAT006565
INVT006566,20280813,PRD154,ST025,174,121,92,203,40,2030-04-17,BAT006566
INVT006567,20260609,PRD282,ST041,448,83,6,525,25,2027-06-18,BAT006567
INVT006568,20250104,PRD230,ST031,454,34,87,401,20,2027-04-13,BAT006568
INVT006569,20250417,PRD039,ST026,131,91,5,217,30,2027-04-12,BAT006569
INVT006570,20250321,PRD081,ST028,277,37,35,279,30,2028-02-10,BAT006570
INVT006571,20280924,PRD126,ST045,288,36,50,274,50,2031-01-09,BAT006571
INVT006572,20280619,PRD124,ST047,311,134,72,373,30,2031-02-17,BAT006572
INVT006573,20231121,PRD088,ST034,273,113,21,365,50,2026-04-03,BAT006573
INVT006574,20280520,PRD132,ST032,453,137,49,541,50,2029-08-13,BAT006574
INVT006575,20230802,PRD151,ST002,276,97,90,283,25,2026-04-04,BAT006575
INVT006576,20270325,PRD196,ST021,143,72,12,203,30,2029-08-03,BAT006576
INVT006577,20250621,PRD039,ST043,313,12,18,307,20,2027-04-09,BAT006577
INVT006578,20230324,PRD136,ST005,410,2,58,354,20,2025-10-24,BAT006578
INVT006579,20231010,PRD069,ST039,447,71,31,487,25,2026-01-19,BAT006579
INVT006580,20230819,PRD093,ST028,236,112,67,281,20,2025-06-12,BAT006580
INVT006581,20270609,PRD114,ST023,212,7,10,209,50,2029-01-08,BAT006581
INVT006582,20270224,PRD108,ST005,388,20,3,405,20,2029-01-20,BAT006582
INVT006583,20280924,PRD155,ST024,252,113,107,258,25,2029-12-26,BAT006583
INVT006584,20250615,PRD245,ST004,405,11,92,324,20,2028-04-25,BAT006584
INVT006585,20280303,PRD141,ST037,147,23,115,55,40,2030-03-06,BAT006585
INVT006586,20270827,PRD015,ST032,169,1,23,147,20,2030-08-18,BAT006586
INVT006587,20271229,PRD110,ST030,159,60,106,113,50,2030-05-04,BAT006587
INVT006588,20230701,PRD043,ST001,100,74,72,102,25,2025-08-27,BAT006588
INVT006589,20241002,PRD040,ST036,365,40,117,288,25,2027-08-26,BAT006589
INVT006590,20251205,PRD008,ST001,262,19,26,255,50,2027-12-30,BAT006590
INVT006591,20261002,PRD139,ST045,353,109,118,344,40,2027-11-25,BAT006591
INVT006592,20241201,PRD161,ST006,188,63,43,208,50,2026-01-12,BAT006592
INVT006593,20260207,PRD242,ST006,82,142,91,133,20,2027-03-12,BAT006593
INVT006594,20260525,PRD174,ST004,92,80,95,77,25,2027-08-04,BAT006594
INVT006595,20240405,PRD293,ST021,362,104,7,459,25,2026-08-11,BAT006595
INVT006596,20270722,PRD098,ST045,491,70,101,460,40,2029-11-29,BAT006596
INVT006597,20271126,PRD214,ST004,483,83,32,534,50,2029-10-31,BAT006597
INVT006598,20270321,PRD077,ST021,291,89,1,379,30,2028-09-09,BAT006598
INVT006599,20250105,PRD159,ST026,492,66,96,462,20,2027-02-05,BAT006599
INVT006600,20251215,PRD257,ST027,437,28,99,366,40,2027-11-25,BAT006600
INVT006601,20251122,PRD055,ST048,315,40,63,292,40,2027-03-13,BAT006601
INVT006602,20240419,PRD154,ST036,335,24,48,311,20,2026-05-01,BAT006602
INVT006603,20230328,PRD039,ST037,305,84,45,344,40,2024-05-09,BAT006603
INVT006604,20241128,PRD206,ST032,427,140,48,519,30,2026-01-14,BAT006604
INVT006605,20251211,PRD139,ST047,198,23,115,106,30,2027-09-22,BAT006605
INVT006606,20240716,PRD134,ST050,124,103,63,164,20,2027-01-09,BAT006606
INVT006607,20230906,PRD178,ST003,83,84,104,63,20,2025-04-25,BAT006607
INVT006608,20271201,PRD263,ST043,262,45,52,255,50,2029-08-15,BAT006608
INVT006609,20271225,PRD023,ST019,123,65,8,180,40,2030-07-23,BAT006609
INVT006610,20280830,PRD060,ST019,126,1,56,71,40,2031-07-06,BAT006610
INVT006611,20231118,PRD225,ST042,55,11,54,12,50,2025-02-04,BAT006611
INVT006612,20251220,PRD113,ST028,234,147,60,321,25,2028-11-06,BAT006612
INVT006613,20250713,PRD240,ST026,260,26,87,199,20,2027-05-29,BAT006613
INVT006614,20251027,PRD063,ST030,451,21,41,431,20,2026-11-25,BAT006614
INVT006615,20280717,PRD222,ST001,91,117,44,164,20,2031-07-14,BAT006615
INVT006616,20230125,PRD003,ST029,292,141,32,401,25,2025-06-27,BAT006616
INVT006617,20260309,PRD189,ST024,283,111,13,381,50,2028-12-08,BAT006617
INVT006618,20271019,PRD248,ST031,459,11,55,415,40,2030-03-01,BAT006618
INVT006619,20240621,PRD048,ST039,421,40,102,359,25,2027-01-08,BAT006619
INVT006620,20250810,PRD154,ST038,492,30,33,489,25,2026-08-20,BAT006620
INVT006621,20240910,PRD057,ST024,131,115,22,224,30,2027-06-09,BAT006621
INVT006622,20280610,PRD274,ST015,150,108,106,152,40,2030-03-24,BAT006622
INVT006623,20230811,PRD269,ST044,345,26,21,350,20,2025-07-29,BAT006623
INVT006624,20260101,PRD147,ST045,288,100,75,313,50,2028-07-06,BAT006624
INVT006625,20230430,PRD047,ST012,393,42,43,392,40,2024-09-08,BAT006625
INVT006626,20230907,PRD273,ST014,262,24,95,191,20,2026-04-01,BAT006626
INVT006627,20230606,PRD077,ST023,301,9,101,209,20,2025-07-23,BAT006627
INVT006628,20241120,PRD025,ST048,384,101,91,394,25,2027-03-03,BAT006628
INVT006629,20230913,PRD116,ST024,222,90,113,199,50,2024-12-29,BAT006629
INVT006630,20260726,PRD064,ST026,274,96,96,274,20,2028-10-14,BAT006630
INVT006631,20270821,PRD078,ST037,257,88,69,276,40,2029-03-05,BAT006631
INVT006632,20270430,PRD028,ST009,449,92,31,510,40,2029-10-06,BAT006632
INVT006633,20280622,PRD097,ST010,464,15,79,400,25,2029-12-21,BAT006633
INVT006634,20260829,PRD142,ST024,73,140,120,93,20,2028-09-28,BAT006634
INVT006635,20260103,PRD010,ST040,274,143,102,315,40,2027-07-31,BAT006635
INVT006636,20280801,PRD050,ST035,152,73,114,111,20,2029-09-27,BAT006636
INVT006637,20230728,PRD003,ST028,249,82,69,262,30,2026-01-05,BAT006637
INVT006638,20260322,PRD124,ST046,436,144,29,551,20,2027-03-27,BAT006638
INVT006639,20260207,PRD221,ST004,165,80,107,138,40,2027-02-08,BAT006639
INVT006640,20281225,PRD255,ST003,246,70,72,244,25,2031-04-20,BAT006640
INVT006641,20270308,PRD003,ST019,194,119,113,200,50,2028-04-28,BAT006641
INVT006642,20260713,PRD284,ST016,79,67,60,86,20,2027-11-19,BAT006642
INVT006643,20280624,PRD272,ST037,62,40,58,44,40,2030-03-20,BAT006643
INVT006644,20270217,PRD059,ST013,52,12,41,23,20,2028-06-17,BAT006644
INVT006645,20260904,PRD252,ST022,202,123,26,299,50,2029-02-05,BAT006645
INVT006646,20230101,PRD278,ST019,142,124,39,227,20,2025-01-26,BAT006646
INVT006647,20241017,PRD262,ST011,306,83,100,289,20,2027-01-15,BAT006647
INVT006648,20241101,PRD177,ST021,164,47,1,210,30,2027-10-12,BAT006648
INVT006649,20240727,PRD275,ST024,87,81,107,61,30,2025-09-22,BAT006649
INVT006650,20240424,PRD097,ST022,130,64,59,135,20,2025-07-27,BAT006650
INVT006651,20271128,PRD284,ST033,292,88,1,379,30,2029-04-01,BAT006651
INVT006652,20250503,PRD062,ST034,375,68,11,432,50,2026-05-28,BAT006652
INVT006653,20270109,PRD048,ST019,102,32,2,132,20,2029-05-27,BAT006653
INVT006654,20251123,PRD022,ST018,426,95,8,513,30,2028-02-04,BAT006654
INVT006655,20250521,PRD111,ST050,128,121,52,197,50,2026-10-16,BAT006655
INVT006656,20270417,PRD288,ST037,348,67,57,358,25,2029-09-21,BAT006656
INVT006657,20280321,PRD104,ST003,340,38,86,292,30,2029-09-19,BAT006657
INVT006658,20250414,PRD025,ST025,76,93,52,117,25,2027-06-09,BAT006658
INVT006659,20230705,PRD225,ST006,126,77,106,97,20,2025-01-28,BAT006659
INVT006660,20280508,PRD106,ST040,482,76,78,480,20,2029-09-25,BAT006660
INVT006661,20260705,PRD275,ST005,340,56,114,282,40,2028-08-06,BAT006661
INVT006662,20260322,PRD098,ST028,202,53,54,201,30,2029-02-13,BAT006662
INVT006663,20250309,PRD044,ST043,206,80,88,198,50,2026-12-20,BAT006663
INVT006664,20270308,PRD216,ST036,439,30,47,422,20,2029-09-14,BAT006664
INVT006665,20260802,PRD056,ST019,245,59,101,203,20,2029-01-29,BAT006665
INVT006666,20280108,PRD282,ST038,295,105,99,301,25,2029-09-09,BAT006666
INVT006667,20230709,PRD066,ST013,54,71,19,106,25,2025-03-11,BAT006667
INVT006668,20250628,PRD266,ST034,373,61,13,421,50,2027-07-28,BAT006668
INVT006669,20230117,PRD075,ST021,63,39,63,39,20,2024-10-07,BAT006669
INVT006670,20230124,PRD013,ST050,208,62,99,171,50,2025-04-13,BAT006670
INVT006671,20270404,PRD220,ST033,205,119,5,319,40,2030-01-30,BAT006671
INVT006672,20240917,PRD200,ST003,427,41,59,409,30,2027-01-18,BAT006672
INVT006673,20280904,PRD215,ST028,153,105,64,194,20,2030-09-04,BAT006673
INVT006674,20250420,PRD249,ST013,321,14,107,228,50,2027-10-10,BAT006674
INVT006675,20240826,PRD104,ST013,487,11,72,426,40,2025-09-25,BAT006675
INVT006676,20240118,PRD298,ST035,136,75,59,152,40,2025-03-09,BAT006676
INVT006677,20280326,PRD186,ST007,318,101,17,402,20,2029-03-29,BAT006677
INVT006678,20280907,PRD212,ST013,256,117,67,306,25,2031-02-06,BAT006678
INVT006679,20231006,PRD217,ST035,343,99,1,441,20,2025-10-27,BAT006679
INVT006680,20270623,PRD259,ST044,318,16,112,222,25,2029-11-02,BAT006680
INVT006681,20230712,PRD160,ST047,493,41,47,487,25,2026-01-19,BAT006681
INVT006682,20251226,PRD194,ST021,307,5,54,258,50,2027-03-12,BAT006682
INVT006683,20280116,PRD069,ST011,373,73,12,434,50,2030-10-01,BAT006683
INVT006684,20280213,PRD227,ST001,161,31,5,187,50,2029-04-16,BAT006684
INVT006685,20281215,PRD109,ST017,336,1,79,258,50,2030-12-04,BAT006685
INVT006686,20251124,PRD132,ST034,283,141,73,351,20,2027-08-29,BAT006686
INVT006687,20281227,PRD127,ST013,180,106,115,171,30,2031-07-02,BAT006687
INVT006688,20270325,PRD235,ST048,374,34,49,359,20,2028-09-27,BAT006688
INVT006689,20240214,PRD111,ST005,393,129,88,434,20,2026-04-21,BAT006689
INVT006690,20270927,PRD213,ST020,78,81,118,41,50,2030-05-10,BAT006690
INVT006691,20280505,PRD156,ST015,377,6,67,316,40,2030-11-25,BAT006691
INVT006692,20230205,PRD109,ST029,318,44,118,244,30,2026-01-27,BAT006692
INVT006693,20250914,PRD225,ST007,114,107,94,127,50,2028-03-07,BAT006693
INVT006694,20280726,PRD012,ST019,91,85,100,76,30,2030-12-06,BAT006694
INVT006695,20240208,PRD121,ST041,425,112,25,512,20,2025-11-24,BAT006695
INVT006696,20241115,PRD062,ST031,392,86,49,429,25,2026-08-18,BAT006696
INVT006697,20280522,PRD142,ST047,179,63,25,217,20,2030-10-12,BAT006697
INVT006698,20241013,PRD231,ST015,419,9,45,383,50,2027-02-14,BAT006698
INVT006699,20270801,PRD223,ST009,66,135,39,162,20,2029-10-25,BAT006699
INVT006700,20281103,PRD141,ST046,255,64,114,205,20,2030-02-28,BAT006700
INVT006701,20260922,PRD227,ST029,200,104,49,255,25,2028-01-19,BAT006701
INVT006702,20280612,PRD262,ST043,212,109,43,278,25,2030-05-01,BAT006702
INVT006703,20261108,PRD154,ST010,184,85,71,198,40,2028-12-23,BAT006703
INVT006704,20280205,PRD090,ST040,141,146,77,210,20,2030-05-24,BAT006704
INVT006705,20241025,PRD070,ST046,265,120,78,307,30,2025-12-08,BAT006705
INVT006706,20271111,PRD013,ST007,210,66,13,263,25,2030-04-23,BAT006706
INVT006707,20241101,PRD225,ST046,169,142,52,259,50,2027-04-23,BAT006707
INVT006708,20250614,PRD122,ST040,119,51,106,64,50,2028-04-26,BAT006708
INVT006709,20281119,PRD200,ST009,129,91,82,138,30,2031-01-26,BAT006709
INVT006710,20280814,PRD216,ST012,338,105,114,329,40,2029-11-10,BAT006710
INVT006711,20230905,PRD117,ST024,255,95,63,287,30,2026-06-22,BAT006711
INVT006712,20230801,PRD287,ST020,152,125,83,194,20,2026-07-23,BAT006712
INVT006713,20260604,PRD297,ST011,260,37,61,236,25,2029-03-06,BAT006713
INVT006714,20270206,PRD003,ST042,254,8,6,256,20,2028-07-07,BAT006714
INVT006715,20271019,PRD212,ST019,487,99,81,505,20,2030-06-09,BAT006715
INVT006716,20271113,PRD039,ST019,359,9,72,296,20,2028-11-18,BAT006716
INVT006717,20230712,PRD055,ST028,250,91,106,235,50,2025-06-06,BAT006717
INVT006718,20260619,PRD174,ST020,418,63,4,477,20,2027-09-25,BAT006718
INVT006719,20280427,PRD266,ST018,487,102,16,573,40,2030-02-26,BAT006719
INVT006720,20241002,PRD003,ST042,211,46,105,152,25,2026-09-15,BAT006720
INVT006721,20280905,PRD235,ST044,472,50,7,515,40,2030-03-27,BAT006721
INVT006722,20241008,PRD056,ST027,253,95,105,243,40,2027-05-14,BAT006722
INVT006723,20240310,PRD024,ST048,279,15,80,214,50,2027-02-03,BAT006723
INVT006724,20270713,PRD034,ST008,466,126,11,581,25,2030-05-28,BAT006724
INVT006725,20251101,PRD001,ST041,125,91,4,212,20,2027-12-22,BAT006725
INVT006726,20260109,PRD091,ST010,284,107,116,275,30,2027-09-17,BAT006726
INVT006727,20260624,PRD295,ST042,206,105,43,268,25,2028-09-07,BAT006727
INVT006728,20261229,PRD032,ST021,148,72,63,157,40,2029-11-16,BAT006728
INVT006729,20251214,PRD041,ST006,260,3,20,243,50,2027-12-31,BAT006729
INVT006730,20261214,PRD099,ST046,479,140,68,551,40,2028-11-29,BAT006730
INVT006731,20270111,PRD288,ST032,212,144,119,237,25,2028-03-11,BAT006731
INVT006732,20251202,PRD036,ST044,226,82,20,288,50,2027-05-19,BAT006732
INVT006733,20250724,PRD026,ST007,254,70,93,231,25,2026-08-13,BAT006733
INVT006734,20251005,PRD069,ST039,303,117,90,330,30,2027-08-02,BAT006734
INVT006735,20260322,PRD117,ST015,447,37,75,409,30,2028-03-09,BAT006735
INVT006736,20280214,PRD269,ST028,305,72,112,265,20,2029-12-12,BAT006736
INVT006737,20280419,PRD233,ST009,184,100,92,192,30,2031-01-14,BAT006737
INVT006738,20280523,PRD077,ST048,462,130,27,565,30,2029-09-05,BAT006738
INVT006739,20230211,PRD210,ST029,371,19,2,388,20,2025-10-13,BAT006739
INVT006740,20271217,PRD287,ST019,199,44,78,165,50,2029-06-03,BAT006740
INVT006741,20251011,PRD034,ST025,375,66,16,425,20,2027-02-19,BAT006741
INVT006742,20280821,PRD065,ST028,232,129,44,317,50,2030-12-15,BAT006742
INVT006743,20230726,PRD093,ST019,314,18,0,332,30,2026-05-14,BAT006743
INVT006744,20270129,PRD241,ST037,343,145,11,477,30,2029-07-23,BAT006744
INVT006745,20251205,PRD118,ST017,397,89,114,372,40,2027-11-28,BAT006745
INVT006746,20240424,PRD076,ST050,164,73,26,211,30,2026-01-30,BAT006746
INVT006747,20230817,PRD240,ST045,63,131,98,96,20,2025-10-14,BAT006747
INVT006748,20250605,PRD037,ST047,172,84,78,178,30,2027-02-04,BAT006748
INVT006749,20260814,PRD231,ST035,433,68,109,392,30,2029-05-09,BAT006749
INVT006750,20230326,PRD242,ST014,403,31,19,415,50,2024-09-08,BAT006750
INVT006751,20231028,PRD052,ST005,143,100,39,204,25,2025-01-31,BAT006751
INVT006752,20280923,PRD041,ST021,181,67,98,150,40,2031-04-12,BAT006752
INVT006753,20280831,PRD299,ST014,442,118,81,479,40,2029-10-23,BAT006753
INVT006754,20280620,PRD030,ST024,488,7,56,439,20,2031-03-18,BAT006754
INVT006755,20270228,PRD011,ST041,255,33,49,239,25,2028-09-04,BAT006755
INVT006756,20271223,PRD208,ST012,180,51,16,215,40,2029-11-29,BAT006756
INVT006757,20280130,PRD079,ST001,443,126,77,492,50,2029-03-23,BAT006757
INVT006758,20251111,PRD252,ST003,296,131,79,348,25,2028-02-05,BAT006758
INVT006759,20281019,PRD256,ST032,389,84,20,453,25,2031-07-16,BAT006759
INVT006760,20271116,PRD100,ST025,339,27,103,263,50,2029-09-18,BAT006760
INVT006761,20270122,PRD142,ST018,105,150,69,186,25,2029-06-24,BAT006761
INVT006762,20270124,PRD232,ST046,341,39,67,313,25,2029-03-08,BAT006762
INVT006763,20240824,PRD010,ST007,264,90,13,341,30,2027-05-03,BAT006763
INVT006764,20260708,PRD085,ST031,195,114,109,200,50,2028-11-24,BAT006764
INVT006765,20240209,PRD185,ST042,219,57,24,252,25,2025-04-21,BAT006765
INVT006766,20280101,PRD294,ST050,166,18,101,83,25,2030-10-18,BAT006766
INVT006767,20260508,PRD254,ST022,246,16,78,184,40,2027-08-13,BAT006767
INVT006768,20280318,PRD195,ST024,372,12,18,366,20,2029-04-07,BAT006768
INVT006769,20230325,PRD023,ST011,305,135,54,386,30,2026-01-31,BAT006769
INVT006770,20270101,PRD268,ST043,436,118,7,547,20,2028-12-25,BAT006770
INVT006771,20240509,PRD065,ST021,166,131,114,183,20,2027-03-05,BAT006771
INVT006772,20270924,PRD099,ST007,364,0,42,322,25,2030-02-12,BAT006772
INVT006773,20270419,PRD107,ST011,423,142,59,506,50,2030-03-19,BAT006773
INVT006774,20241118,PRD255,ST019,395,98,99,394,25,2026-05-20,BAT006774
INVT006775,20270607,PRD264,ST044,362,121,40,443,25,2028-09-04,BAT006775
INVT006776,20231111,PRD179,ST011,392,66,97,361,25,2026-05-15,BAT006776
INVT006777,20280708,PRD069,ST043,63,113,41,135,40,2031-03-17,BAT006777
INVT006778,20250228,PRD050,ST020,490,76,32,534,50,2026-11-29,BAT006778
INVT006779,20240416,PRD290,ST025,387,69,40,416,50,2027-02-12,BAT006779
INVT006780,20270424,PRD091,ST041,184,51,70,165,30,2028-04-29,BAT006780
INVT006781,20240731,PRD253,ST029,390,19,108,301,30,2026-11-04,BAT006781
INVT006782,20250725,PRD212,ST034,219,1,82,138,40,2026-09-23,BAT006782
INVT006783,20260805,PRD057,ST035,129,89,11,207,20,2027-09-05,BAT006783
INVT006784,20250223,PRD046,ST042,322,111,57,376,25,2026-03-14,BAT006784
INVT006785,20280507,PRD182,ST038,103,70,35,138,30,2030-07-05,BAT006785
INVT006786,20271026,PRD040,ST040,258,103,93,268,40,2030-09-27,BAT006786
INVT006787,20270322,PRD005,ST006,418,85,6,497,30,2028-11-16,BAT006787
INVT006788,20260119,PRD001,ST050,91,0,23,68,40,2028-11-18,BAT006788
INVT006789,20270304,PRD176,ST030,243,77,59,261,30,2029-05-06,BAT006789
INVT006790,20270606,PRD186,ST048,284,49,92,241,25,2030-01-28,BAT006790
INVT006791,20280506,PRD246,ST020,92,15,43,64,20,2030-07-23,BAT006791
INVT006792,20281029,PRD167,ST040,60,38,30,68,25,2029-12-23,BAT006792
INVT006793,20260501,PRD219,ST049,409,47,15,441,30,2029-04-19,BAT006793
INVT006794,20280610,PRD012,ST027,478,25,107,396,40,2030-05-18,BAT006794
INVT006795,20250621,PRD237,ST015,478,3,41,440,25,2027-04-20,BAT006795
INVT006796,20241106,PRD279,ST039,50,125,90,85,50,2026-01-16,BAT006796
INVT006797,20270908,PRD077,ST038,153,15,119,49,50,2030-07-03,BAT006797
INVT006798,20270328,PRD058,ST023,494,14,61,447,20,2028-05-17,BAT006798
INVT006799,20271104,PRD204,ST008,253,13,28,238,40,2030-02-16,BAT006799
INVT006800,20230825,PRD170,ST037,80,68,15,133,20,2025-12-08,BAT006800
INVT006801,20280406,PRD227,ST039,270,51,13,308,50,2030-11-16,BAT006801
INVT006802,20260313,PRD212,ST029,66,145,119,92,50,2028-04-12,BAT006802
INVT006803,20230719,PRD282,ST030,188,107,105,190,20,2024-12-17,BAT006803
INVT006804,20240904,PRD262,ST015,59,131,85,105,40,2027-03-12,BAT006804
INVT006805,20281018,PRD160,ST046,290,115,108,297,50,2031-04-23,BAT006805
INVT006806,20280913,PRD259,ST010,181,55,58,178,30,2031-06-11,BAT006806
INVT006807,20270710,PRD272,ST048,250,137,87,300,40,2029-01-06,BAT006807
INVT006808,20280105,PRD130,ST033,145,59,1,203,20,2030-08-10,BAT006808
INVT006809,20271209,PRD034,ST021,181,124,104,201,30,2030-08-04,BAT006809
INVT006810,20261224,PRD009,ST008,465,49,109,405,25,2029-01-20,BAT006810
INVT006811,20280127,PRD078,ST047,386,22,8,400,30,2030-02-21,BAT006811
INVT006812,20280102,PRD268,ST005,191,4,68,127,25,2030-07-02,BAT006812
INVT006813,20250117,PRD151,ST049,476,103,39,540,50,2027-11-05,BAT006813
INVT006814,20240502,PRD123,ST029,90,107,101,96,30,2025-06-28,BAT006814
INVT006815,20260214,PRD086,ST043,464,55,84,435,20,2028-03-02,BAT006815
INVT006816,20270731,PRD121,ST031,325,21,101,245,25,2028-11-27,BAT006816
INVT006817,20230914,PRD187,ST007,312,19,90,241,25,2025-10-08,BAT006817
INVT006818,20230406,PRD014,ST018,275,12,38,249,40,2025-02-11,BAT006818
INVT006819,20260226,PRD135,ST004,444,88,87,445,50,2027-05-03,BAT006819
INVT006820,20260907,PRD051,ST039,439,57,78,418,30,2028-02-13,BAT006820
INVT006821,20280718,PRD287,ST037,97,18,79,36,25,2030-10-05,BAT006821
INVT006822,20281230,PRD028,ST002,369,128,108,389,40,2031-11-24,BAT006822
INVT006823,20230724,PRD217,ST034,87,74,39,122,20,2025-10-05,BAT006823
INVT006824,20271014,PRD200,ST007,102,122,97,127,40,2030-09-14,BAT006824
INVT006825,20240915,PRD143,ST011,51,104,113,42,40,2025-11-05,BAT006825
INVT006826,20230503,PRD176,ST048,315,88,70,333,25,2025-02-12,BAT006826
INVT006827,20230217,PRD131,ST040,381,122,62,441,50,2026-02-05,BAT006827
INVT006828,20260813,PRD248,ST012,195,1,4,192,25,2027-10-12,BAT006828
INVT006829,20250319,PRD043,ST024,83,133,110,106,40,2026-06-21,BAT006829
INVT006830,20280107,PRD178,ST038,335,111,22,424,25,2030-12-09,BAT006830
INVT006831,20260624,PRD156,ST041,289,107,33,363,20,2029-03-09,BAT006831
INVT006832,20260112,PRD178,ST033,158,46,46,158,20,2028-09-16,BAT006832
INVT006833,20230605,PRD043,ST001,119,103,29,193,25,2025-02-27,BAT006833
INVT006834,20240702,PRD075,ST029,434,124,89,469,40,2025-08-27,BAT006834
INVT006835,20281217,PRD168,ST037,206,42,54,194,50,2030-06-11,BAT006835
INVT006836,20250819,PRD185,ST048,239,67,25,281,30,2027-05-08,BAT006836
INVT006837,20250114,PRD047,ST016,317,1,15,303,20,2026-11-30,BAT006837
INVT006838,20261020,PRD245,ST026,358,70,99,329,20,2029-09-07,BAT006838
INVT006839,20270227,PRD053,ST014,368,139,97,410,30,2029-03-10,BAT006839
INVT006840,20251014,PRD081,ST014,290,92,1,381,50,2027-05-22,BAT006840
INVT006841,20280720,PRD125,ST008,286,81,114,253,25,2030-06-12,BAT006841
INVT006842,20240904,PRD113,ST010,192,60,32,220,25,2025-12-11,BAT006842
INVT006843,20250417,PRD292,ST023,458,123,101,480,50,2027-07-03,BAT006843
INVT006844,20260827,PRD224,ST011,332,1,62,271,25,2028-04-11,BAT006844
INVT006845,20270312,PRD010,ST001,265,66,109,222,30,2029-02-07,BAT006845
INVT006846,20281113,PRD023,ST020,450,132,21,561,50,2030-09-08,BAT006846
INVT006847,20230620,PRD244,ST044,327,40,66,301,40,2024-12-27,BAT006847
INVT006848,20270205,PRD178,ST034,275,46,73,248,25,2029-05-12,BAT006848
INVT006849,20230406,PRD220,ST049,130,92,111,111,50,2025-07-23,BAT006849
INVT006850,20250610,PRD195,ST002,318,15,47,286,30,2027-12-13,BAT006850
INVT006851,20240628,PRD070,ST027,123,51,119,55,20,2026-08-20,BAT006851
INVT006852,20280228,PRD192,ST002,82,21,47,56,25,2029-07-15,BAT006852
INVT006853,20280115,PRD013,ST050,160,76,98,138,20,2029-11-02,BAT006853
INVT006854,20271223,PRD245,ST022,437,97,108,426,50,2030-05-27,BAT006854
INVT006855,20270923,PRD109,ST048,299,22,30,291,40,2030-05-19,BAT006855
INVT006856,20280419,PRD005,ST034,65,85,31,119,50,2029-10-24,BAT006856
INVT006857,20231105,PRD091,ST046,126,57,84,99,50,2025-12-08,BAT006857
INVT006858,20260914,PRD232,ST045,432,93,108,417,25,2029-07-05,BAT006858
INVT006859,20280616,PRD200,ST018,462,73,42,493,20,2029-11-25,BAT006859
INVT006860,20260904,PRD197,ST010,136,39,1,174,50,2029-07-07,BAT006860
INVT006861,20250421,PRD144,ST050,258,65,86,237,30,2026-09-02,BAT006861
INVT006862,20270503,PRD063,ST014,315,14,57,272,20,2029-11-25,BAT006862
INVT006863,20270321,PRD023,ST047,271,145,75,341,25,2029-11-29,BAT006863
INVT006864,20251213,PRD175,ST005,68,98,84,82,50,2027-07-05,BAT006864
INVT006865,20281025,PRD078,ST040,122,18,48,92,25,2031-06-13,BAT006865
INVT006866,20281015,PRD194,ST001,206,47,62,191,50,2030-11-01,BAT006866
INVT006867,20280722,PRD055,ST049,79,62,53,88,25,2031-05-02,BAT006867
INVT006868,20230221,PRD185,ST025,356,85,83,358,40,2024-08-19,BAT006868
INVT006869,20260718,PRD018,ST044,347,98,78,367,30,2027-10-01,BAT006869
INVT006870,20240728,PRD110,ST021,136,140,67,209,50,2027-04-18,BAT006870
INVT006871,20230107,PRD281,ST033,438,132,119,451,40,2024-02-07,BAT006871
INVT006872,20281121,PRD036,ST006,51,117,12,156,30,2031-07-24,BAT006872
INVT006873,20241215,PRD105,ST046,254,6,31,229,40,2027-05-22,BAT006873
INVT006874,20230501,PRD260,ST042,220,142,84,278,50,2025-02-17,BAT006874
INVT006875,20251205,PRD140,ST014,460,124,17,567,20,2027-06-26,BAT006875
INVT006876,20241212,PRD221,ST046,413,126,63,476,40,2026-07-17,BAT006876
INVT006877,20250705,PRD038,ST046,350,19,87,282,50,2026-08-30,BAT006877
INVT006878,20260531,PRD120,ST033,202,61,5,258,50,2028-09-22,BAT006878
INVT006879,20280622,PRD169,ST050,242,131,91,282,30,2029-12-19,BAT006879
INVT006880,20240425,PRD285,ST008,334,8,8,334,50,2026-08-21,BAT006880
INVT006881,20260217,PRD237,ST011,356,23,91,288,25,2027-06-04,BAT006881
INVT006882,20240518,PRD082,ST025,232,112,39,305,40,2025-05-25,BAT006882
INVT006883,20250608,PRD030,ST009,401,54,13,442,25,2026-08-20,BAT006883
INVT006884,20280627,PRD271,ST008,279,4,39,244,25,2031-06-17,BAT006884
INVT006885,20250928,PRD072,ST032,488,80,67,501,50,2028-04-14,BAT006885
INVT006886,20240112,PRD041,ST035,212,42,3,251,40,2025-08-22,BAT006886
INVT006887,20230410,PRD134,ST008,245,88,16,317,40,2024-09-27,BAT006887
INVT006888,20270612,PRD046,ST036,340,26,1,365,50,2029-05-29,BAT006888
INVT006889,20250711,PRD050,ST003,59,17,58,18,50,2028-05-15,BAT006889
INVT006890,20250110,PRD166,ST005,165,101,111,155,25,2026-06-18,BAT006890
INVT006891,20250309,PRD279,ST042,59,19,27,51,40,2026-04-10,BAT006891
INVT006892,20241224,PRD016,ST037,384,143,113,414,20,2027-08-27,BAT006892
INVT006893,20260630,PRD003,ST005,493,70,49,514,50,2028-07-30,BAT006893
INVT006894,20231204,PRD121,ST026,68,119,63,124,25,2026-04-19,BAT006894
INVT006895,20241003,PRD019,ST041,430,72,46,456,20,2027-09-15,BAT006895
INVT006896,20230130,PRD223,ST048,481,52,88,445,30,2024-09-20,BAT006896
INVT006897,20250914,PRD106,ST024,63,28,51,40,25,2027-11-19,BAT006897
INVT006898,20240624,PRD167,ST005,68,79,107,40,50,2026-03-29,BAT006898
INVT006899,20270328,PRD062,ST032,175,9,112,72,30,2030-02-06,BAT006899
INVT006900,20231102,PRD174,ST007,155,56,84,127,25,2024-12-01,BAT006900
INVT006901,20270610,PRD227,ST013,78,150,106,122,25,2029-04-05,BAT006901
INVT006902,20230101,PRD245,ST020,97,51,43,105,50,2025-10-08,BAT006902
INVT006903,20270915,PRD213,ST022,172,60,72,160,20,2029-04-29,BAT006903
INVT006904,20270422,PRD116,ST043,314,92,61,345,30,2028-11-12,BAT006904
INVT006905,20250625,PRD052,ST038,213,129,2,340,20,2026-07-23,BAT006905
INVT006906,20260507,PRD053,ST026,122,96,62,156,30,2027-06-20,BAT006906
INVT006907,20240114,PRD159,ST028,315,61,82,294,20,2025-10-14,BAT006907
INVT006908,20270522,PRD186,ST001,475,4,28,451,50,2029-02-06,BAT006908
INVT006909,20270225,PRD185,ST033,416,74,49,441,30,2029-12-14,BAT006909
INVT006910,20241022,PRD031,ST007,307,27,97,237,50,2025-11-12,BAT006910
INVT006911,20240729,PRD110,ST011,51,24,48,27,30,2025-11-13,BAT006911
INVT006912,20281109,PRD281,ST039,53,103,95,61,20,2031-07-10,BAT006912
INVT006913,20240404,PRD250,ST050,228,8,58,178,30,2025-08-04,BAT006913
INVT006914,20241023,PRD200,ST030,292,90,102,280,20,2026-08-06,BAT006914
INVT006915,20270702,PRD049,ST026,381,40,84,337,25,2030-05-21,BAT006915
INVT006916,20281011,PRD146,ST013,425,110,44,491,40,2031-04-14,BAT006916
INVT006917,20280806,PRD085,ST001,122,0,32,90,50,2030-12-16,BAT006917
INVT006918,20231126,PRD016,ST015,246,86,29,303,30,2026-04-08,BAT006918
INVT006919,20270323,PRD152,ST006,179,74,100,153,25,2030-03-19,BAT006919
INVT006920,20280405,PRD059,ST044,348,112,120,340,30,2030-03-16,BAT006920
INVT006921,20250611,PRD033,ST019,236,148,47,337,30,2026-06-26,BAT006921
INVT006922,20230728,PRD026,ST010,371,4,54,321,50,2025-07-20,BAT006922
INVT006923,20260603,PRD241,ST013,211,108,116,203,30,2027-10-19,BAT006923
INVT006924,20280114,PRD072,ST038,180,52,52,180,20,2029-02-20,BAT006924
INVT006925,20230412,PRD290,ST034,131,66,41,156,20,2026-01-31,BAT006925
INVT006926,20281106,PRD060,ST017,413,110,85,438,30,2031-02-01,BAT006926
INVT006927,20230618,PRD078,ST013,264,1,56,209,30,2024-10-10,BAT006927
INVT006928,20280708,PRD031,ST028,56,42,22,76,30,2029-12-28,BAT006928
INVT006929,20261006,PRD166,ST013,388,20,24,384,30,2028-01-09,BAT006929
INVT006930,20280118,PRD216,ST012,145,139,3,281,50,2030-01-06,BAT006930
INVT006931,20260510,PRD036,ST032,239,68,86,221,20,2027-08-16,BAT006931
INVT006932,20270510,PRD127,ST029,364,9,44,329,50,2029-02-07,BAT006932
INVT006933,20241105,PRD284,ST008,278,48,78,248,25,2026-06-09,BAT006933
INVT006934,20270722,PRD053,ST002,439,139,20,558,50,2029-09-27,BAT006934
INVT006935,20261220,PRD223,ST007,119,15,100,34,40,2028-10-06,BAT006935
INVT006936,20270502,PRD143,ST047,259,122,48,333,30,2029-08-18,BAT006936
INVT006937,20261227,PRD196,ST011,219,12,71,160,30,2028-12-22,BAT006937
INVT006938,20230826,PRD040,ST042,493,78,31,540,50,2026-04-11,BAT006938
INVT006939,20240927,PRD183,ST030,57,148,74,131,25,2027-03-07,BAT006939
INVT006940,20271105,PRD062,ST001,123,133,44,212,30,2029-02-21,BAT006940
INVT006941,20251024,PRD123,ST034,396,39,41,394,30,2027-03-17,BAT006941
INVT006942,20230215,PRD127,ST012,394,138,97,435,40,2025-01-25,BAT006942
INVT006943,20240427,PRD275,ST049,112,144,101,155,50,2025-06-02,BAT006943
INVT006944,20261130,PRD096,ST034,488,52,103,437,50,2028-01-12,BAT006944
INVT006945,20261019,PRD100,ST001,271,125,28,368,20,2029-09-04,BAT006945
INVT006946,20250710,PRD028,ST015,337,134,37,434,20,2026-10-25,BAT006946
INVT006947,20271031,PRD244,ST030,455,102,75,482,25,2030-10-12,BAT006947
INVT006948,20230924,PRD298,ST042,112,4,42,74,20,2026-02-06,BAT006948
INVT006949,20240220,PRD297,ST030,67,90,62,95,30,2025-12-29,BAT006949
INVT006950,20261127,PRD143,ST002,485,111,75,521,20,2028-10-08,BAT006950
INVT006951,20251009,PRD262,ST030,458,111,60,509,25,2028-04-26,BAT006951
INVT006952,20260604,PRD126,ST008,445,81,95,431,30,2028-07-31,BAT006952
INVT006953,20280721,PRD218,ST039,211,118,79,250,25,2031-02-17,BAT006953
INVT006954,20270325,PRD093,ST048,259,58,21,296,40,2028-11-02,BAT006954
INVT006955,20241116,PRD136,ST015,300,10,24,286,50,2026-02-04,BAT006955
INVT006956,20230615,PRD168,ST027,257,82,87,252,20,2025-03-12,BAT006956
INVT006957,20230915,PRD120,ST020,147,5,114,38,40,2025-10-25,BAT006957
INVT006958,20281024,PRD119,ST010,345,129,56,418,40,2031-10-05,BAT006958
INVT006959,20231218,PRD221,ST003,231,22,74,179,20,2026-04-13,BAT006959
INVT006960,20230131,PRD082,ST044,187,47,110,124,25,2025-04-13,BAT006960
INVT006961,20250911,PRD227,ST017,423,55,59,419,25,2028-03-10,BAT006961
INVT006962,20230705,PRD035,ST014,88,134,33,189,25,2025-04-24,BAT006962
INVT006963,20231104,PRD097,ST023,490,123,91,522,20,2026-01-24,BAT006963
INVT006964,20240808,PRD212,ST008,83,27,94,16,30,2026-11-23,BAT006964
INVT006965,20270413,PRD088,ST002,277,52,32,297,40,2029-10-15,BAT006965
INVT006966,20280526,PRD118,ST047,226,79,15,290,30,2030-04-22,BAT006966
INVT006967,20261130,PRD214,ST020,281,49,8,322,20,2029-01-08,BAT006967
INVT006968,20280927,PRD274,ST021,353,45,51,347,40,2030-05-21,BAT006968
INVT006969,20280423,PRD010,ST001,329,133,113,349,50,2030-01-22,BAT006969
INVT006970,20250704,PRD281,ST013,73,31,38,66,50,2028-05-17,BAT006970
INVT006971,20270207,PRD243,ST033,426,26,51,401,30,2029-04-25,BAT006971
INVT006972,20230210,PRD266,ST034,74,67,114,27,20,2025-07-14,BAT006972
INVT006973,20230604,PRD067,ST019,195,102,103,194,25,2025-12-24,BAT006973
INVT006974,20281128,PRD088,ST028,83,119,26,176,30,2031-11-07,BAT006974
INVT006975,20270327,PRD018,ST035,284,55,97,242,40,2028-10-18,BAT006975
INVT006976,20231117,PRD135,ST037,149,23,66,106,20,2025-05-29,BAT006976
INVT006977,20280124,PRD069,ST049,127,150,94,183,25,2030-07-09,BAT006977
INVT006978,20230129,PRD157,ST022,53,58,0,111,50,2024-09-20,BAT006978
INVT006979,20260209,PRD291,ST008,385,20,51,354,30,2028-06-24,BAT006979
INVT006980,20270817,PRD131,ST038,144,122,25,241,50,2030-07-24,BAT006980
INVT006981,20270726,PRD285,ST007,154,59,118,95,40,2030-05-20,BAT006981
INVT006982,20240622,PRD083,ST041,299,142,13,428,50,2025-09-06,BAT006982
INVT006983,20270130,PRD177,ST014,387,148,23,512,30,2030-01-03,BAT006983
INVT006984,20280825,PRD274,ST016,67,44,11,100,25,2030-10-06,BAT006984
INVT006985,20280616,PRD033,ST027,76,61,31,106,50,2030-04-30,BAT006985
INVT006986,20231025,PRD243,ST049,316,116,51,381,20,2025-03-31,BAT006986
INVT006987,20280923,PRD253,ST020,356,3,60,299,25,2030-11-20,BAT006987
INVT006988,20251024,PRD272,ST033,86,0,43,43,20,2027-07-05,BAT006988
INVT006989,20231227,PRD214,ST031,324,19,22,321,50,2026-06-01,BAT006989
INVT006990,20250923,PRD228,ST040,374,56,77,353,50,2027-08-25,BAT006990
INVT006991,20250703,PRD030,ST050,334,39,101,272,25,2027-10-04,BAT006991
INVT006992,20281018,PRD050,ST018,267,146,44,369,25,2031-06-17,BAT006992
INVT006993,20260721,PRD126,ST050,265,132,93,304,25,2028-03-25,BAT006993
INVT006994,20241215,PRD022,ST029,135,76,104,107,50,2027-02-12,BAT006994
INVT006995,20240211,PRD044,ST022,271,40,29,282,20,2027-01-22,BAT006995
INVT006996,20270512,PRD256,ST036,65,16,73,8,30,2029-06-09,BAT006996
INVT006997,20280705,PRD020,ST006,191,19,108,102,25,2031-01-30,BAT006997
INVT006998,20230104,PRD131,ST019,274,26,113,187,25,2024-02-11,BAT006998
INVT006999,20250405,PRD215,ST009,195,140,57,278,30,2027-09-02,BAT006999
INVT007000,20260912,PRD207,ST012,159,114,69,204,50,2028-11-20,BAT007000
INVT007001,20231015,PRD246,ST015,461,33,102,392,40,2026-01-27,BAT007001
INVT007002,20270727,PRD013,ST046,262,48,78,232,30,2030-05-12,BAT007002
INVT007003,20230929,PRD123,ST027,335,145,110,370,50,2024-11-17,BAT007003
INVT007004,20271014,PRD185,ST050,292,74,9,357,40,2030-06-12,BAT007004
INVT007005,20251025,PRD113,ST027,257,62,86,233,25,2028-02-24,BAT007005
INVT007006,20270302,PRD214,ST050,93,129,34,188,30,2028-10-13,BAT007006
INVT007007,20261104,PRD247,ST029,296,126,113,309,50,2028-11-08,BAT007007
INVT007008,20240719,PRD142,ST022,308,59,52,315,20,2027-01-18,BAT007008
INVT007009,20281002,PRD099,ST029,199,79,69,209,50,2030-03-21,BAT007009
INVT007010,20250217,PRD194,ST003,194,33,34,193,30,2027-01-15,BAT007010
INVT007011,20230118,PRD094,ST023,476,99,63,512,20,2024-06-25,BAT007011
INVT007012,20240508,PRD246,ST034,138,85,101,122,50,2026-11-27,BAT007012
INVT007013,20231021,PRD204,ST049,105,0,29,76,40,2025-12-14,BAT007013
INVT007014,20250503,PRD083,ST038,199,0,28,171,50,2026-06-03,BAT007014
INVT007015,20260530,PRD110,ST032,180,23,80,123,25,2028-08-19,BAT007015
INVT007016,20230209,PRD263,ST047,242,81,40,283,20,2024-02-24,BAT007016
INVT007017,20281116,PRD212,ST050,486,26,78,434,50,2031-03-04,BAT007017
INVT007018,20230113,PRD254,ST047,432,128,26,534,50,2024-08-11,BAT007018
INVT007019,20231124,PRD121,ST009,368,77,4,441,25,2026-10-16,BAT007019
INVT007020,20280413,PRD188,ST038,198,46,45,199,20,2029-06-19,BAT007020
INVT007021,20270711,PRD192,ST029,236,93,40,289,40,2029-05-14,BAT007021
INVT007022,20281105,PRD194,ST014,374,38,71,341,20,2029-11-16,BAT007022
INVT007023,20280722,PRD002,ST022,251,15,111,155,30,2030-06-09,BAT007023
INVT007024,20280515,PRD108,ST034,417,72,14,475,20,2030-12-21,BAT007024
INVT007025,20270716,PRD004,ST050,64,110,118,56,40,2028-11-11,BAT007025
INVT007026,20270730,PRD035,ST043,225,49,10,264,40,2029-08-20,BAT007026
INVT007027,20270721,PRD011,ST045,134,75,37,172,30,2029-08-09,BAT007027
INVT007028,20280311,PRD047,ST033,93,75,27,141,25,2031-02-16,BAT007028
INVT007029,20270505,PRD232,ST022,284,85,108,261,30,2029-01-28,BAT007029
INVT007030,20270530,PRD009,ST025,334,48,34,348,25,2029-07-30,BAT007030
INVT007031,20230329,PRD191,ST013,170,134,69,235,25,2026-01-01,BAT007031
INVT007032,20260624,PRD223,ST038,254,96,92,258,20,2029-01-03,BAT007032
INVT007033,20240417,PRD264,ST030,437,81,66,452,50,2025-05-24,BAT007033
INVT007034,20260327,PRD056,ST019,377,5,24,358,40,2027-11-10,BAT007034
INVT007035,20260606,PRD270,ST029,183,85,13,255,25,2028-07-09,BAT007035
INVT007036,20240510,PRD289,ST016,493,115,78,530,20,2025-10-25,BAT007036
INVT007037,20241009,PRD107,ST002,357,74,37,394,25,2025-12-19,BAT007037
INVT007038,20241030,PRD044,ST013,190,82,42,230,40,2027-07-13,BAT007038
INVT007039,20230506,PRD021,ST031,144,87,51,180,40,2025-11-26,BAT007039
INVT007040,20280610,PRD068,ST016,79,97,82,94,25,2030-08-13,BAT007040
INVT007041,20261128,PRD229,ST034,151,113,89,175,20,2029-09-20,BAT007041
INVT007042,20270225,PRD056,ST004,195,25,30,190,40,2029-07-06,BAT007042
INVT007043,20280209,PRD248,ST025,299,92,102,289,50,2030-12-12,BAT007043
INVT007044,20250406,PRD066,ST047,117,69,111,75,50,2027-05-03,BAT007044
INVT007045,20280517,PRD112,ST030,90,150,53,187,40,2030-04-03,BAT007045
INVT007046,20260907,PRD232,ST038,110,33,3,140,50,2028-07-16,BAT007046
INVT007047,20261002,PRD136,ST043,62,41,68,35,50,2029-09-05,BAT007047
INVT007048,20260211,PRD153,ST014,336,135,17,454,40,2028-10-05,BAT007048
INVT007049,20280105,PRD207,ST037,192,30,30,192,40,2030-02-04,BAT007049
INVT007050,20280617,PRD139,ST050,329,133,54,408,50,2031-02-25,BAT007050
INVT007051,20270520,PRD005,ST034,442,122,66,498,40,2029-01-11,BAT007051
INVT007052,20231119,PRD153,ST008,326,61,41,346,50,2024-12-27,BAT007052
INVT007053,20260314,PRD028,ST044,194,74,33,235,40,2027-12-24,BAT007053
INVT007054,20250201,PRD235,ST004,281,35,46,270,30,2026-11-07,BAT007054
INVT007055,20261108,PRD078,ST031,337,105,8,434,20,2029-07-16,BAT007055
INVT007056,20260930,PRD130,ST030,473,41,70,444,40,2028-07-09,BAT007056
INVT007057,20230813,PRD234,ST021,96,62,78,80,20,2025-04-27,BAT007057
INVT007058,20270413,PRD004,ST016,279,139,21,397,50,2028-05-13,BAT007058
INVT007059,20250724,PRD161,ST027,317,29,86,260,20,2028-02-17,BAT007059
INVT007060,20270305,PRD274,ST032,295,117,0,412,40,2029-03-05,BAT007060
INVT007061,20230501,PRD055,ST013,344,55,107,292,50,2026-02-01,BAT007061
INVT007062,20241211,PRD166,ST026,281,122,88,315,30,2027-11-03,BAT007062
INVT007063,20270604,PRD126,ST006,440,122,99,463,40,2028-08-10,BAT007063
INVT007064,20281025,PRD207,ST012,258,104,93,269,40,2031-04-18,BAT007064
INVT007065,20270812,PRD036,ST026,169,57,97,129,50,2029-09-16,BAT007065
INVT007066,20250430,PRD274,ST008,173,2,120,55,25,2026-09-22,BAT007066
INVT007067,20270807,PRD067,ST020,400,132,53,479,30,2028-09-02,BAT007067
INVT007068,20251101,PRD207,ST026,237,70,72,235,40,2028-02-07,BAT007068
INVT007069,20230505,PRD161,ST015,251,76,34,293,25,2025-01-21,BAT007069
INVT007070,20261010,PRD148,ST007,117,27,83,61,40,2028-11-02,BAT007070
INVT007071,20241128,PRD025,ST035,383,8,108,283,20,2027-11-15,BAT007071
INVT007072,20241224,PRD272,ST040,177,65,117,125,50,2026-06-09,BAT007072
INVT007073,20281221,PRD005,ST002,454,150,20,584,20,2030-12-19,BAT007073
INVT007074,20251005,PRD198,ST021,63,73,81,55,30,2027-11-17,BAT007074
INVT007075,20281118,PRD219,ST040,264,10,4,270,20,2031-07-26,BAT007075
INVT007076,20241124,PRD112,ST013,95,80,17,158,30,2025-12-08,BAT007076
INVT007077,20260120,PRD063,ST021,376,116,41,451,50,2028-12-26,BAT007077
INVT007078,20251229,PRD075,ST030,266,132,53,345,20,2028-10-26,BAT007078
INVT007079,20241215,PRD246,ST029,466,146,95,517,25,2026-08-19,BAT007079
INVT007080,20250715,PRD123,ST022,273,79,115,237,25,2026-08-04,BAT007080
INVT007081,20240119,PRD283,ST018,181,82,57,206,40,2026-02-09,BAT007081
INVT007082,20231210,PRD213,ST046,392,44,113,323,50,2025-12-16,BAT007082
INVT007083,20230806,PRD213,ST019,83,3,27,59,20,2026-02-03,BAT007083
INVT007084,20260611,PRD033,ST041,383,124,113,394,25,2029-04-25,BAT007084
INVT007085,20250109,PRD209,ST024,473,35,27,481,30,2027-10-20,BAT007085
INVT007086,20271020,PRD190,ST045,235,72,54,253,20,2029-02-26,BAT007086
INVT007087,20230910,PRD113,ST049,438,138,35,541,40,2025-12-18,BAT007087
INVT007088,20241211,PRD224,ST017,204,13,9,208,50,2027-05-20,BAT007088
INVT007089,20241209,PRD262,ST039,108,76,86,98,25,2026-11-15,BAT007089
INVT007090,20250518,PRD174,ST041,184,46,43,187,40,2026-09-23,BAT007090
INVT007091,20281222,PRD217,ST048,381,0,63,318,50,2030-03-18,BAT007091
INVT007092,20251013,PRD260,ST019,414,116,101,429,30,2026-12-26,BAT007092
INVT007093,20250929,PRD132,ST050,72,118,86,104,30,2028-06-23,BAT007093
INVT007094,20231228,PRD258,ST048,212,4,47,169,50,2025-05-17,BAT007094
INVT007095,20251202,PRD027,ST049,227,80,98,209,30,2028-02-02,BAT007095
INVT007096,20261210,PRD040,ST009,80,102,78,104,20,2029-10-17,BAT007096
INVT007097,20271031,PRD056,ST007,369,89,98,360,50,2030-02-07,BAT007097
INVT007098,20250614,PRD226,ST010,218,61,101,178,20,2027-02-06,BAT007098
INVT007099,20240501,PRD162,ST035,189,96,39,246,25,2027-01-01,BAT007099
INVT007100,20251022,PRD139,ST049,115,140,2,253,30,2027-07-09,BAT007100
INVT007101,20230311,PRD032,ST038,134,53,13,174,50,2025-03-08,BAT007101
INVT007102,20230715,PRD242,ST036,304,62,1,365,30,2026-06-14,BAT007102
INVT007103,20250212,PRD298,ST002,484,9,30,463,30,2027-11-23,BAT007103
INVT007104,20250506,PRD096,ST048,368,40,112,296,40,2026-09-28,BAT007104
INVT007105,20230413,PRD170,ST044,236,94,90,240,30,2025-05-08,BAT007105
INVT007106,20240827,PRD259,ST020,360,127,47,440,40,2026-08-15,BAT007106
INVT007107,20271218,PRD280,ST045,162,58,76,144,25,2030-08-25,BAT007107
INVT007108,20260330,PRD107,ST005,65,148,87,126,30,2027-06-19,BAT007108
INVT007109,20280828,PRD261,ST023,440,113,70,483,40,2031-02-22,BAT007109
INVT007110,20250204,PRD272,ST001,397,144,43,498,40,2026-08-07,BAT007110
INVT007111,20280918,PRD125,ST039,278,132,25,385,20,2031-08-17,BAT007111
INVT007112,20231019,PRD288,ST039,337,110,104,343,30,2026-07-26,BAT007112
INVT007113,20281110,PRD150,ST026,437,4,106,335,40,2030-09-05,BAT007113
INVT007114,20261030,PRD215,ST011,392,81,86,387,40,2029-08-15,BAT007114
INVT007115,20280330,PRD002,ST014,130,114,12,232,50,2031-01-13,BAT007115
INVT007116,20280910,PRD229,ST023,316,115,105,326,30,2029-11-03,BAT007116
INVT007117,20230511,PRD068,ST003,298,87,113,272,25,2024-06-25,BAT007117
INVT007118,20251029,PRD205,ST038,74,118,36,156,25,2028-06-14,BAT007118
INVT007119,20230327,PRD205,ST017,322,64,61,325,40,2024-10-06,BAT007119
INVT007120,20241118,PRD022,ST010,202,65,105,162,30,2025-12-01,BAT007120
INVT007121,20280510,PRD121,ST041,101,146,61,186,20,2030-11-15,BAT007121
INVT007122,20230102,PRD062,ST005,142,14,96,60,25,2025-02-12,BAT007122
INVT007123,20280623,PRD093,ST040,398,18,94,322,40,2031-03-18,BAT007123
INVT007124,20251031,PRD065,ST028,92,100,53,139,40,2027-08-08,BAT007124
INVT007125,20280603,PRD034,ST002,300,146,28,418,30,2029-12-07,BAT007125
INVT007126,20271220,PRD175,ST027,237,34,89,182,20,2030-06-28,BAT007126
INVT007127,20251012,PRD055,ST044,440,49,1,488,20,2026-12-28,BAT007127
INVT007128,20270502,PRD041,ST041,493,134,28,599,25,2028-08-01,BAT007128
INVT007129,20260915,PRD082,ST037,73,15,63,25,30,2027-11-25,BAT007129
INVT007130,20270419,PRD194,ST046,406,68,26,448,20,2029-11-02,BAT007130
INVT007131,20270328,PRD013,ST019,125,142,109,158,25,2028-07-03,BAT007131
INVT007132,20270618,PRD252,ST009,158,33,108,83,30,2029-07-13,BAT007132
INVT007133,20251029,PRD144,ST031,109,9,48,70,20,2027-12-05,BAT007133
INVT007134,20230909,PRD221,ST030,379,60,62,377,40,2026-03-03,BAT007134
INVT007135,20281217,PRD085,ST005,180,31,69,142,20,2030-01-26,BAT007135
INVT007136,20230903,PRD236,ST011,462,6,64,404,30,2025-12-28,BAT007136
INVT007137,20281223,PRD024,ST047,103,24,58,69,20,2030-12-11,BAT007137
INVT007138,20270520,PRD139,ST030,376,109,94,391,30,2029-11-22,BAT007138
INVT007139,20270226,PRD233,ST049,236,115,75,276,20,2028-10-13,BAT007139
INVT007140,20250710,PRD205,ST041,286,81,81,286,50,2027-04-22,BAT007140
INVT007141,20280626,PRD043,ST002,468,149,97,520,50,2031-03-21,BAT007141
INVT007142,20250609,PRD248,ST034,194,138,91,241,40,2027-04-27,BAT007142
INVT007143,20241026,PRD112,ST050,72,137,0,209,30,2026-09-14,BAT007143
INVT007144,20250526,PRD100,ST017,499,54,3,550,30,2028-02-11,BAT007144
INVT007145,20241214,PRD014,ST030,484,8,0,492,20,2026-05-20,BAT007145
INVT007146,20270528,PRD240,ST023,222,67,57,232,30,2028-12-20,BAT007146
INVT007147,20271114,PRD149,ST046,95,108,26,177,50,2029-04-04,BAT007147
INVT007148,20261030,PRD042,ST007,291,36,104,223,25,2027-12-22,BAT007148
INVT007149,20250227,PRD179,ST033,133,22,60,95,25,2027-03-31,BAT007149
INVT007150,20250711,PRD128,ST002,328,13,100,241,30,2028-01-28,BAT007150
INVT007151,20230223,PRD275,ST045,313,109,112,310,20,2024-06-11,BAT007151
INVT007152,20241112,PRD189,ST033,60,77,38,99,25,2026-01-12,BAT007152
INVT007153,20270618,PRD164,ST044,474,118,118,474,40,2028-10-24,BAT007153
INVT007154,20240115,PRD052,ST009,277,27,89,215,40,2026-06-26,BAT007154
INVT007155,20240308,PRD001,ST037,321,24,108,237,40,2026-05-07,BAT007155
INVT007156,20271023,PRD120,ST024,115,21,42,94,25,2029-12-24,BAT007156
INVT007157,20280605,PRD104,ST042,281,29,9,301,20,2030-09-10,BAT007157
INVT007158,20230127,PRD203,ST035,260,134,82,312,40,2024-11-02,BAT007158
INVT007159,20270913,PRD158,ST007,198,121,113,206,25,2029-09-05,BAT007159
INVT007160,20260627,PRD219,ST036,341,85,24,402,40,2028-04-20,BAT007160
INVT007161,20250130,PRD176,ST012,212,117,56,273,40,2027-08-04,BAT007161
INVT007162,20280705,PRD247,ST049,163,146,47,262,20,2030-08-06,BAT007162
INVT007163,20270430,PRD018,ST015,421,41,85,377,25,2030-03-02,BAT007163
INVT007164,20280521,PRD016,ST007,185,4,112,77,50,2030-05-17,BAT007164
INVT007165,20230911,PRD226,ST042,465,19,44,440,20,2026-06-07,BAT007165
INVT007166,20270406,PRD114,ST010,164,14,83,95,30,2029-08-17,BAT007166
INVT007167,20280705,PRD078,ST022,417,107,9,515,20,2030-07-10,BAT007167
INVT007168,20261112,PRD118,ST015,461,129,99,491,30,2028-02-13,BAT007168
INVT007169,20270531,PRD065,ST049,399,148,87,460,20,2029-08-17,BAT007169
INVT007170,20250128,PRD281,ST048,441,130,11,560,30,2028-01-10,BAT007170
INVT007171,20270801,PRD204,ST004,388,49,3,434,50,2030-01-29,BAT007171
INVT007172,20230826,PRD180,ST006,377,133,27,483,30,2025-03-17,BAT007172
INVT007173,20260127,PRD291,ST014,258,63,41,280,40,2028-07-20,BAT007173
INVT007174,20230908,PRD268,ST032,276,63,36,303,40,2025-02-02,BAT007174
INVT007175,20260422,PRD134,ST007,410,108,59,459,40,2027-09-16,BAT007175
INVT007176,20240122,PRD275,ST032,431,74,30,475,20,2026-10-15,BAT007176
INVT007177,20270726,PRD147,ST032,204,33,77,160,25,2028-12-15,BAT007177
INVT007178,20270520,PRD271,ST016,423,77,66,434,40,2028-06-12,BAT007178
INVT007179,20241206,PRD299,ST022,103,107,86,124,25,2027-07-02,BAT007179
INVT007180,20230615,PRD285,ST020,228,67,67,228,25,2025-07-05,BAT007180
INVT007181,20240726,PRD225,ST031,155,57,13,199,25,2026-07-06,BAT007181
INVT007182,20281104,PRD050,ST009,393,143,116,420,40,2030-12-11,BAT007182
INVT007183,20270707,PRD115,ST018,53,65,102,16,20,2030-04-04,BAT007183
INVT007184,20271217,PRD130,ST017,289,108,43,354,25,2029-04-27,BAT007184
INVT007185,20260527,PRD206,ST040,255,132,102,285,30,2027-09-21,BAT007185
INVT007186,20270816,PRD092,ST005,294,94,9,379,40,2028-11-29,BAT007186
INVT007187,20251010,PRD191,ST045,386,36,80,342,50,2027-08-10,BAT007187
INVT007188,20260904,PRD134,ST042,282,7,91,198,30,2027-09-11,BAT007188
INVT007189,20230405,PRD182,ST029,183,85,90,178,50,2024-05-18,BAT007189
INVT007190,20280608,PRD213,ST027,209,136,58,287,50,2030-04-09,BAT007190
INVT007191,20240416,PRD116,ST035,391,63,15,439,25,2026-07-27,BAT007191
INVT007192,20271120,PRD024,ST032,324,60,25,359,30,2030-08-02,BAT007192
INVT007193,20260318,PRD277,ST012,376,32,117,291,30,2028-03-23,BAT007193
INVT007194,20240603,PRD147,ST049,327,137,15,449,40,2025-06-18,BAT007194
INVT007195,20250213,PRD187,ST016,208,27,62,173,40,2028-01-30,BAT007195
INVT007196,20261216,PRD160,ST027,104,67,12,159,20,2029-10-06,BAT007196
INVT007197,20240323,PRD017,ST042,101,74,86,89,40,2025-11-05,BAT007197
INVT007198,20231122,PRD087,ST037,309,60,120,249,30,2026-05-07,BAT007198
INVT007199,20251022,PRD145,ST036,413,2,86,329,20,2027-03-08,BAT007199
INVT007200,20280222,PRD244,ST005,119,113,62,170,20,2030-01-16,BAT007200
INVT007201,20270427,PRD257,ST022,149,1,106,44,50,2028-08-02,BAT007201
INVT007202,20280121,PRD145,ST018,299,145,116,328,30,2029-02-03,BAT007202
INVT007203,20281125,PRD002,ST043,148,7,101,54,50,2031-07-27,BAT007203
INVT007204,20241017,PRD086,ST037,375,11,110,276,40,2026-07-11,BAT007204
INVT007205,20240201,PRD200,ST021,334,75,4,405,25,2027-01-12,BAT007205
INVT007206,20250930,PRD238,ST027,178,82,16,244,40,2028-07-16,BAT007206
INVT007207,20260730,PRD285,ST029,116,134,1,249,25,2028-03-29,BAT007207
INVT007208,20270426,PRD164,ST027,141,105,5,241,20,2029-11-13,BAT007208
INVT007209,20230203,PRD187,ST038,328,6,85,249,20,2025-07-25,BAT007209
INVT007210,20280925,PRD007,ST001,407,63,0,470,20,2030-08-31,BAT007210
INVT007211,20250310,PRD234,ST035,128,139,50,217,50,2027-07-13,BAT007211
INVT007212,20241018,PRD080,ST004,436,48,1,483,40,2025-12-29,BAT007212
INVT007213,20230909,PRD278,ST005,440,108,73,475,25,2025-02-25,BAT007213
INVT007214,20250419,PRD240,ST025,381,100,21,460,20,2027-04-29,BAT007214
INVT007215,20260107,PRD036,ST023,485,17,74,428,50,2027-03-08,BAT007215
INVT007216,20271230,PRD002,ST050,397,32,58,371,25,2030-09-24,BAT007216
INVT007217,20241113,PRD158,ST010,389,143,52,480,25,2026-10-19,BAT007217
INVT007218,20250831,PRD157,ST038,135,99,25,209,50,2028-04-18,BAT007218
INVT007219,20280619,PRD138,ST040,215,89,77,227,20,2029-08-12,BAT007219
INVT007220,20240730,PRD118,ST016,234,92,108,218,50,2026-12-28,BAT007220
INVT007221,20261128,PRD234,ST010,313,56,33,336,40,2029-09-28,BAT007221
INVT007222,20250601,PRD265,ST039,99,111,10,200,50,2026-06-28,BAT007222
INVT007223,20261205,PRD165,ST036,299,93,26,366,20,2029-11-18,BAT007223
INVT007224,20240904,PRD210,ST006,189,149,76,262,20,2027-07-28,BAT007224
INVT007225,20260504,PRD034,ST028,289,144,41,392,25,2029-03-01,BAT007225
INVT007226,20230622,PRD096,ST030,355,130,78,407,20,2025-03-29,BAT007226
INVT007227,20260906,PRD135,ST035,91,18,71,38,50,2028-01-07,BAT007227
INVT007228,20280422,PRD083,ST033,193,86,100,179,50,2030-02-24,BAT007228
INVT007229,20280604,PRD139,ST038,181,10,107,84,20,2031-01-15,BAT007229
INVT007230,20241214,PRD216,ST012,332,132,50,414,30,2027-06-20,BAT007230
INVT007231,20230401,PRD253,ST043,144,5,106,43,20,2025-10-22,BAT007231
INVT007232,20230403,PRD183,ST030,460,5,10,455,50,2025-08-24,BAT007232
INVT007233,20260314,PRD108,ST049,386,82,57,411,30,2029-02-13,BAT007233
INVT007234,20240824,PRD066,ST022,226,95,111,210,40,2027-01-18,BAT007234
INVT007235,20230411,PRD281,ST018,267,3,0,270,20,2025-03-23,BAT007235
INVT007236,20240331,PRD066,ST050,158,97,109,146,25,2026-01-04,BAT007236
INVT007237,20250205,PRD151,ST040,380,73,100,353,40,2027-12-31,BAT007237
INVT007238,20230602,PRD003,ST009,226,29,73,182,20,2025-07-08,BAT007238
INVT007239,20280111,PRD072,ST020,405,68,99,374,40,2029-03-02,BAT007239
INVT007240,20270112,PRD243,ST045,298,40,107,231,30,2029-07-10,BAT007240
INVT007241,20280516,PRD249,ST019,284,98,31,351,20,2031-04-18,BAT007241
INVT007242,20281216,PRD109,ST022,275,33,85,223,50,2031-08-25,BAT007242
INVT007243,20230502,PRD049,ST044,79,9,88,0,40,2025-01-11,BAT007243
INVT007244,20251229,PRD236,ST020,371,20,64,327,20,2027-09-25,BAT007244
INVT007245,20240705,PRD024,ST044,128,40,24,144,20,2026-05-24,BAT007245
INVT007246,20280506,PRD177,ST030,177,54,99,132,40,2030-11-25,BAT007246
INVT007247,20250205,PRD257,ST031,243,88,57,274,30,2027-02-05,BAT007247
INVT007248,20261122,PRD072,ST022,310,105,71,344,30,2028-12-19,BAT007248
INVT007249,20270114,PRD013,ST047,268,98,34,332,50,2029-05-16,BAT007249
INVT007250,20281120,PRD086,ST043,255,79,111,223,50,2031-03-19,BAT007250
INVT007251,20240401,PRD115,ST003,76,13,22,67,30,2026-03-27,BAT007251
INVT007252,20251205,PRD208,ST042,185,87,108,164,25,2027-08-06,BAT007252
INVT007253,20260316,PRD228,ST040,310,89,17,382,50,2027-12-12,BAT007253
INVT007254,20280914,PRD147,ST019,283,1,36,248,20,2031-08-20,BAT007254
INVT007255,20260629,PRD191,ST003,218,98,27,289,25,2028-11-03,BAT007255
INVT007256,20230615,PRD219,ST039,221,27,109,139,20,2025-12-01,BAT007256
INVT007257,20240303,PRD202,ST042,111,50,68,93,40,2026-03-10,BAT007257
INVT007258,20261127,PRD167,ST037,193,41,22,212,50,2029-05-17,BAT007258
INVT007259,20240227,PRD098,ST016,381,38,36,383,20,2026-11-18,BAT007259
INVT007260,20280229,PRD237,ST047,94,20,66,48,20,2029-06-18,BAT007260
INVT007261,20270326,PRD227,ST045,451,117,37,531,25,2029-04-17,BAT007261
INVT007262,20230731,PRD136,ST035,369,0,110,259,50,2026-01-13,BAT007262
INVT007263,20260921,PRD080,ST029,100,66,28,138,40,2029-04-30,BAT007263
INVT007264,20260116,PRD241,ST017,359,52,81,330,30,2028-05-21,BAT007264
INVT007265,20270519,PRD265,ST035,348,54,91,311,50,2029-07-19,BAT007265
INVT007266,20231130,PRD201,ST041,427,23,89,361,50,2026-10-11,BAT007266
INVT007267,20280522,PRD236,ST025,207,80,67,220,20,2030-11-25,BAT007267
INVT007268,20260414,PRD097,ST006,454,106,81,479,30,2027-09-27,BAT007268
INVT007269,20231003,PRD229,ST037,426,9,81,354,20,2025-08-26,BAT007269
INVT007270,20250304,PRD034,ST009,264,5,47,222,30,2028-02-15,BAT007270
INVT007271,20280630,PRD154,ST004,121,136,96,161,30,2030-06-09,BAT007271
INVT007272,20270213,PRD276,ST049,276,108,73,311,30,2029-03-02,BAT007272
INVT007273,20240121,PRD088,ST027,314,23,29,308,20,2026-06-11,BAT007273
INVT007274,20281024,PRD124,ST029,493,53,13,533,50,2031-10-05,BAT007274
INVT007275,20250917,PRD179,ST038,207,27,21,213,25,2027-06-11,BAT007275
INVT007276,20260904,PRD299,ST046,138,51,22,167,30,2029-08-13,BAT007276
INVT007277,20281015,PRD029,ST048,142,73,44,171,30,2031-03-10,BAT007277
INVT007278,20231114,PRD053,ST050,246,45,103,188,40,2025-08-16,BAT007278
INVT007279,20250430,PRD171,ST007,451,72,76,447,25,2027-10-08,BAT007279
INVT007280,20270814,PRD103,ST009,303,14,19,298,25,2028-11-23,BAT007280
INVT007281,20280318,PRD132,ST041,67,33,67,33,20,2029-05-02,BAT007281
INVT007282,20270407,PRD002,ST050,373,124,49,448,25,2029-02-03,BAT007282
INVT007283,20260126,PRD107,ST014,193,106,0,299,25,2028-11-21,BAT007283
INVT007284,20270318,PRD107,ST016,420,93,50,463,30,2028-05-31,BAT007284
INVT007285,20270711,PRD092,ST038,462,140,84,518,40,2028-08-17,BAT007285
INVT007286,20241201,PRD170,ST010,98,92,92,98,20,2026-09-02,BAT007286
INVT007287,20250721,PRD180,ST007,293,33,83,243,25,2028-06-04,BAT007287
INVT007288,20270411,PRD260,ST024,72,67,93,46,30,2029-10-10,BAT007288
INVT007289,20270129,PRD087,ST025,76,36,105,7,25,2029-01-04,BAT007289
INVT007290,20260322,PRD241,ST010,499,43,32,510,20,2028-02-12,BAT007290
INVT007291,20270115,PRD122,ST003,441,103,114,430,20,2028-05-12,BAT007291
INVT007292,20250713,PRD009,ST001,186,93,83,196,50,2028-03-22,BAT007292
INVT007293,20240707,PRD243,ST024,482,42,25,499,30,2025-08-28,BAT007293
INVT007294,20280905,PRD252,ST003,435,95,53,477,50,2031-07-17,BAT007294
INVT007295,20250712,PRD113,ST022,237,91,51,277,25,2027-12-15,BAT007295
INVT007296,20270227,PRD285,ST005,319,39,71,287,30,2028-09-28,BAT007296
INVT007297,20271203,PRD153,ST034,454,99,74,479,50,2029-01-14,BAT007297
INVT007298,20230629,PRD177,ST046,234,125,91,268,25,2025-01-21,BAT007298
INVT007299,20281118,PRD002,ST030,369,32,51,350,40,2029-11-18,BAT007299
INVT007300,20260329,PRD006,ST020,178,116,113,181,30,2027-04-24,BAT007300
INVT007301,20240225,PRD233,ST021,57,85,52,90,40,2026-02-14,BAT007301
INVT007302,20260816,PRD265,ST039,441,9,82,368,40,2028-07-11,BAT007302
INVT007303,20281230,PRD204,ST038,304,34,20,318,25,2030-06-21,BAT007303
INVT007304,20260331,PRD094,ST003,179,61,2,238,20,2028-05-12,BAT007304
INVT007305,20250906,PRD033,ST037,103,9,105,7,40,2028-04-05,BAT007305
INVT007306,20280406,PRD052,ST048,484,63,48,499,25,2030-03-20,BAT007306
INVT007307,20231118,PRD047,ST020,417,37,106,348,20,2025-04-23,BAT007307
INVT007308,20270618,PRD056,ST009,467,36,27,476,25,2030-01-05,BAT007308
INVT007309,20270812,PRD062,ST018,51,33,81,3,30,2029-07-14,BAT007309
INVT007310,20260505,PRD070,ST010,183,39,21,201,30,2028-01-05,BAT007310
INVT007311,20230402,PRD077,ST015,403,33,99,337,20,2024-04-16,BAT007311
INVT007312,20230422,PRD050,ST013,116,114,67,163,50,2024-10-13,BAT007312
INVT007313,20241021,PRD136,ST043,170,85,7,248,50,2027-03-05,BAT007313
INVT007314,20240128,PRD120,ST022,167,41,77,131,30,2026-02-20,BAT007314
INVT007315,20240422,PRD249,ST027,144,150,35,259,50,2026-01-28,BAT007315
INVT007316,20270729,PRD250,ST025,196,14,115,95,50,2030-03-30,BAT007316
INVT007317,20280204,PRD235,ST038,235,55,48,242,20,2029-11-11,BAT007317
INVT007318,20230115,PRD283,ST013,50,119,5,164,50,2024-03-10,BAT007318
INVT007319,20270526,PRD126,ST016,242,14,16,240,40,2028-12-03,BAT007319
INVT007320,20240514,PRD172,ST028,290,41,53,278,20,2026-09-27,BAT007320
INVT007321,20250321,PRD220,ST012,350,37,37,350,30,2027-11-23,BAT007321
INVT007322,20280411,PRD231,ST030,150,139,92,197,25,2031-03-19,BAT007322
INVT007323,20260516,PRD100,ST033,129,16,35,110,40,2027-11-02,BAT007323
INVT007324,20241017,PRD085,ST012,132,135,109,158,25,2026-05-06,BAT007324
INVT007325,20281108,PRD043,ST013,306,83,22,367,25,2030-06-18,BAT007325
INVT007326,20261015,PRD015,ST025,124,124,87,161,20,2029-05-31,BAT007326
INVT007327,20260408,PRD022,ST047,401,24,35,390,30,2027-06-23,BAT007327
INVT007328,20241204,PRD160,ST022,132,47,75,104,25,2026-08-18,BAT007328
INVT007329,20270223,PRD199,ST029,395,6,66,335,50,2028-10-05,BAT007329
INVT007330,20250717,PRD179,ST003,193,106,116,183,25,2028-06-26,BAT007330
INVT007331,20250213,PRD101,ST042,285,71,14,342,30,2026-09-02,BAT007331
INVT007332,20261101,PRD284,ST047,492,59,26,525,50,2029-01-31,BAT007332
INVT007333,20280913,PRD299,ST024,453,20,93,380,50,2029-10-05,BAT007333
INVT007334,20261026,PRD125,ST049,66,148,81,133,30,2028-10-08,BAT007334
INVT007335,20280529,PRD186,ST037,226,15,65,176,25,2030-05-17,BAT007335
INVT007336,20280507,PRD067,ST015,143,48,1,190,20,2030-09-12,BAT007336
INVT007337,20230119,PRD287,ST027,497,17,71,443,40,2025-09-27,BAT007337
INVT007338,20260528,PRD258,ST020,251,116,36,331,40,2029-03-03,BAT007338
INVT007339,20261204,PRD087,ST048,367,25,34,358,50,2028-08-15,BAT007339
INVT007340,20270211,PRD195,ST024,71,142,81,132,40,2029-09-18,BAT007340
INVT007341,20240712,PRD072,ST030,482,0,95,387,25,2026-06-17,BAT007341
INVT007342,20240617,PRD189,ST041,392,67,114,345,20,2025-10-08,BAT007342
INVT007343,20230912,PRD189,ST023,428,105,22,511,30,2024-11-23,BAT007343
INVT007344,20240808,PRD217,ST043,258,114,53,319,50,2025-09-03,BAT007344
INVT007345,20251222,PRD026,ST048,210,145,51,304,30,2028-04-30,BAT007345
INVT007346,20230526,PRD128,ST013,267,68,21,314,30,2025-04-22,BAT007346
INVT007347,20250324,PRD080,ST002,270,81,34,317,25,2026-08-14,BAT007347
INVT007348,20270730,PRD035,ST019,162,76,111,127,20,2030-07-11,BAT007348
INVT007349,20250430,PRD245,ST005,226,38,113,151,30,2026-11-10,BAT007349
INVT007350,20240505,PRD023,ST039,83,85,86,82,40,2026-11-02,BAT007350
INVT007351,20251010,PRD016,ST040,427,93,30,490,20,2027-04-18,BAT007351
INVT007352,20241031,PRD187,ST011,427,102,35,494,50,2027-01-28,BAT007352
INVT007353,20260227,PRD225,ST036,287,15,55,247,40,2028-12-24,BAT007353
INVT007354,20270411,PRD149,ST019,133,129,52,210,25,2028-05-17,BAT007354
INVT007355,20280326,PRD016,ST030,318,20,94,244,20,2029-06-04,BAT007355
INVT007356,20230531,PRD056,ST009,200,74,67,207,20,2025-06-14,BAT007356
INVT007357,20270524,PRD153,ST009,103,28,94,37,50,2029-09-28,BAT007357
INVT007358,20260613,PRD011,ST002,193,65,74,184,20,2027-08-07,BAT007358
INVT007359,20230910,PRD225,ST011,407,49,88,368,20,2025-07-06,BAT007359
INVT007360,20241209,PRD016,ST019,341,53,2,392,40,2026-10-01,BAT007360
INVT007361,20230820,PRD136,ST006,116,18,7,127,40,2024-09-29,BAT007361
INVT007362,20260129,PRD106,ST005,64,89,47,106,20,2027-09-08,BAT007362
INVT007363,20231228,PRD187,ST047,317,131,58,390,50,2025-11-16,BAT007363
INVT007364,20230609,PRD199,ST027,57,110,56,111,30,2026-04-02,BAT007364
INVT007365,20240419,PRD137,ST008,185,133,29,289,30,2025-07-01,BAT007365
INVT007366,20260922,PRD207,ST002,340,89,15,414,30,2028-02-03,BAT007366
INVT007367,20280219,PRD243,ST004,400,39,8,431,30,2029-10-11,BAT007367
INVT007368,20270510,PRD059,ST007,221,31,15,237,20,2030-05-05,BAT007368
INVT007369,20271115,PRD090,ST047,291,24,32,283,25,2029-11-27,BAT007369
INVT007370,20250228,PRD135,ST008,68,100,13,155,40,2027-01-27,BAT007370
INVT007371,20230212,PRD131,ST045,497,127,23,601,30,2025-02-02,BAT007371
INVT007372,20250601,PRD063,ST045,68,127,25,170,40,2026-08-16,BAT007372
INVT007373,20250204,PRD075,ST001,274,37,41,270,20,2027-08-16,BAT007373
INVT007374,20260608,PRD165,ST047,432,45,38,439,20,2028-12-20,BAT007374
INVT007375,20281020,PRD224,ST047,455,8,94,369,50,2031-01-01,BAT007375
INVT007376,20240609,PRD163,ST050,167,60,52,175,20,2025-09-18,BAT007376
INVT007377,20230303,PRD299,ST048,385,147,30,502,20,2025-10-27,BAT007377
INVT007378,20240207,PRD138,ST050,80,6,76,10,50,2027-01-06,BAT007378
INVT007379,20280830,PRD059,ST011,477,115,120,472,20,2031-04-23,BAT007379
INVT007380,20240709,PRD095,ST034,316,114,109,321,30,2025-09-25,BAT007380
INVT007381,20261005,PRD132,ST040,126,91,33,184,25,2028-08-05,BAT007381
INVT007382,20260916,PRD023,ST010,257,109,33,333,25,2029-01-18,BAT007382
INVT007383,20250921,PRD273,ST046,271,100,107,264,40,2027-07-03,BAT007383
INVT007384,20230914,PRD043,ST003,221,17,98,140,25,2026-04-15,BAT007384
INVT007385,20240709,PRD240,ST010,469,69,24,514,20,2026-09-18,BAT007385
INVT007386,20280711,PRD242,ST032,366,132,29,469,40,2030-10-20,BAT007386
INVT007387,20280223,PRD260,ST005,55,126,0,181,50,2031-01-30,BAT007387
INVT007388,20240705,PRD129,ST004,307,57,81,283,30,2025-09-28,BAT007388
INVT007389,20250615,PRD098,ST048,440,24,45,419,40,2028-01-26,BAT007389
INVT007390,20241231,PRD029,ST036,142,63,101,104,40,2027-01-29,BAT007390
INVT007391,20231210,PRD199,ST042,133,4,10,127,40,2025-05-12,BAT007391
INVT007392,20260825,PRD060,ST044,121,97,82,136,40,2027-10-23,BAT007392
INVT007393,20270911,PRD217,ST050,106,22,108,20,20,2030-03-31,BAT007393
INVT007394,20260114,PRD001,ST044,172,6,95,83,50,2027-07-17,BAT007394
INVT007395,20280509,PRD201,ST031,160,105,2,263,50,2030-07-10,BAT007395
INVT007396,20250725,PRD106,ST014,467,149,76,540,30,2026-09-08,BAT007396
INVT007397,20270522,PRD201,ST045,257,126,54,329,20,2029-05-04,BAT007397
INVT007398,20261221,PRD011,ST034,380,6,83,303,20,2028-12-02,BAT007398
INVT007399,20230719,PRD028,ST036,161,11,53,119,50,2025-01-25,BAT007399
INVT007400,20270117,PRD025,ST045,413,129,106,436,20,2029-01-10,BAT007400
INVT007401,20270227,PRD221,ST019,209,19,74,154,50,2028-12-17,BAT007401
INVT007402,20231004,PRD065,ST017,158,106,8,256,40,2024-11-21,BAT007402
INVT007403,20270303,PRD007,ST045,142,149,78,213,20,2029-05-26,BAT007403
INVT007404,20270623,PRD048,ST038,110,129,14,225,30,2030-03-09,BAT007404
INVT007405,20250512,PRD212,ST032,317,67,78,306,20,2027-01-09,BAT007405
INVT007406,20240702,PRD048,ST029,276,71,72,275,20,2025-10-31,BAT007406
INVT007407,20280512,PRD223,ST029,220,95,2,313,20,2030-02-21,BAT007407
INVT007408,20250210,PRD253,ST022,378,50,94,334,20,2027-01-16,BAT007408
INVT007409,20271231,PRD182,ST042,390,33,114,309,25,2030-09-26,BAT007409
INVT007410,20260812,PRD027,ST046,325,63,105,283,50,2028-09-18,BAT007410
INVT007411,20230527,PRD102,ST038,80,54,54,80,40,2025-03-20,BAT007411
INVT007412,20271025,PRD227,ST024,252,120,47,325,25,2029-09-21,BAT007412
INVT007413,20231104,PRD162,ST016,182,126,36,272,25,2026-07-08,BAT007413
INVT007414,20240713,PRD255,ST001,315,26,21,320,20,2026-10-25,BAT007414
INVT007415,20230703,PRD014,ST014,302,138,11,429,20,2024-10-28,BAT007415
INVT007416,20230113,PRD128,ST041,123,1,64,60,25,2024-09-14,BAT007416
INVT007417,20251119,PRD050,ST050,257,2,76,183,50,2026-12-14,BAT007417
INVT007418,20280315,PRD178,ST032,410,133,68,475,30,2029-07-09,BAT007418
INVT007419,20270629,PRD205,ST006,338,4,63,279,40,2029-03-21,BAT007419
INVT007420,20260703,PRD137,ST039,74,71,28,117,50,2028-04-23,BAT007420
INVT007421,20270621,PRD039,ST028,381,36,16,401,25,2029-10-10,BAT007421
INVT007422,20271224,PRD068,ST028,103,4,43,64,30,2030-10-17,BAT007422
INVT007423,20230604,PRD087,ST047,245,4,95,154,25,2025-11-20,BAT007423
INVT007424,20260523,PRD212,ST023,419,84,74,429,25,2027-08-24,BAT007424
INVT007425,20281212,PRD163,ST025,326,129,103,352,40,2030-08-25,BAT007425
INVT007426,20250608,PRD099,ST043,349,115,35,429,30,2026-12-19,BAT007426
INVT007427,20230917,PRD273,ST003,140,59,69,130,30,2026-04-08,BAT007427
INVT007428,20271211,PRD211,ST006,451,77,38,490,30,2029-07-27,BAT007428
INVT007429,20250708,PRD226,ST015,243,9,79,173,20,2027-12-14,BAT007429
INVT007430,20260910,PRD225,ST022,164,119,77,206,30,2028-12-06,BAT007430
INVT007431,20270527,PRD111,ST007,320,55,83,292,30,2028-11-26,BAT007431
INVT007432,20230307,PRD007,ST011,196,42,82,156,40,2025-09-07,BAT007432
INVT007433,20261101,PRD081,ST013,201,102,92,211,20,2028-09-20,BAT007433
INVT007434,20231012,PRD082,ST008,436,109,62,483,40,2024-10-15,BAT007434
INVT007435,20281112,PRD210,ST003,95,5,48,52,40,2030-10-02,BAT007435
INVT007436,20280902,PRD229,ST033,396,40,90,346,30,2030-01-12,BAT007436
INVT007437,20270222,PRD216,ST024,332,33,96,269,50,2028-10-02,BAT007437
INVT007438,20260912,PRD129,ST045,376,10,80,306,30,2028-07-09,BAT007438
INVT007439,20261011,PRD010,ST045,169,147,70,246,40,2028-04-26,BAT007439
INVT007440,20281128,PRD102,ST048,179,96,49,226,50,2029-12-21,BAT007440
INVT007441,20281112,PRD062,ST017,200,135,50,285,20,2030-04-01,BAT007441
INVT007442,20270715,PRD170,ST015,143,142,90,195,25,2028-09-30,BAT007442
INVT007443,20261112,PRD104,ST002,295,4,59,240,50,2028-02-26,BAT007443
INVT007444,20230623,PRD150,ST046,319,127,66,380,40,2024-07-15,BAT007444
INVT007445,20231107,PRD184,ST004,313,57,116,254,25,2025-08-16,BAT007445
INVT007446,20260729,PRD037,ST012,360,135,19,476,50,2029-05-20,BAT007446
INVT007447,20251027,PRD178,ST018,435,22,65,392,25,2027-05-19,BAT007447
INVT007448,20280725,PRD287,ST034,105,77,83,99,40,2031-07-20,BAT007448
INVT007449,20260613,PRD075,ST023,62,117,102,77,30,2028-01-26,BAT007449
INVT007450,20281125,PRD069,ST003,470,51,76,445,30,2031-10-15,BAT007450
INVT007451,20230901,PRD029,ST029,310,109,57,362,40,2025-08-06,BAT007451
INVT007452,20260930,PRD001,ST003,447,82,24,505,30,2029-02-06,BAT007452
INVT007453,20270421,PRD031,ST042,162,100,109,153,40,2028-11-19,BAT007453
INVT007454,20250608,PRD200,ST005,187,46,32,201,40,2027-03-22,BAT007454
INVT007455,20231213,PRD183,ST049,474,23,106,391,40,2025-07-29,BAT007455
INVT007456,20240905,PRD162,ST028,262,16,82,196,30,2027-02-07,BAT007456
INVT007457,20241002,PRD136,ST042,173,106,38,241,50,2026-09-17,BAT007457
INVT007458,20231104,PRD228,ST034,132,115,87,160,30,2026-03-25,BAT007458
INVT007459,20280425,PRD104,ST004,440,99,8,531,30,2030-05-30,BAT007459
INVT007460,20230501,PRD041,ST032,392,65,98,359,20,2025-12-30,BAT007460
INVT007461,20270328,PRD157,ST002,421,15,7,429,50,2028-09-01,BAT007461
INVT007462,20260903,PRD212,ST044,311,51,115,247,30,2029-05-09,BAT007462
INVT007463,20271014,PRD065,ST029,316,63,80,299,50,2030-02-10,BAT007463
INVT007464,20280510,PRD246,ST025,218,66,0,284,25,2029-12-25,BAT007464
INVT007465,20260504,PRD242,ST049,112,72,44,140,20,2027-11-17,BAT007465
INVT007466,20280125,PRD140,ST043,499,1,99,401,25,2030-07-22,BAT007466
INVT007467,20241031,PRD215,ST023,458,110,43,525,25,2027-06-06,BAT007467
INVT007468,20250701,PRD193,ST031,235,99,22,312,40,2027-07-14,BAT007468
INVT007469,20251028,PRD175,ST044,472,66,1,537,25,2027-09-05,BAT007469
INVT007470,20280920,PRD294,ST016,359,114,46,427,50,2030-09-21,BAT007470
INVT007471,20260910,PRD122,ST026,386,76,80,382,25,2028-03-13,BAT007471
INVT007472,20230721,PRD297,ST017,274,8,42,240,30,2025-04-12,BAT007472
INVT007473,20280720,PRD204,ST023,308,51,78,281,20,2029-09-27,BAT007473
INVT007474,20280402,PRD198,ST050,403,42,106,339,40,2029-06-04,BAT007474
INVT007475,20260121,PRD123,ST033,326,84,115,295,25,2028-07-05,BAT007475
INVT007476,20280121,PRD033,ST023,443,132,29,546,30,2030-11-18,BAT007476
INVT007477,20251227,PRD116,ST002,117,149,79,187,40,2027-08-29,BAT007477
INVT007478,20260726,PRD160,ST018,496,45,102,439,30,2027-09-26,BAT007478
INVT007479,20240930,PRD133,ST035,441,1,38,404,40,2027-03-11,BAT007479
INVT007480,20281121,PRD198,ST045,420,142,81,481,50,2030-01-07,BAT007480
INVT007481,20280123,PRD206,ST013,480,65,120,425,25,2030-06-05,BAT007481
INVT007482,20241109,PRD158,ST029,462,119,13,568,20,2026-11-03,BAT007482
INVT007483,20271230,PRD282,ST030,149,122,100,171,50,2029-03-26,BAT007483
INVT007484,20261030,PRD209,ST008,479,103,20,562,20,2029-03-13,BAT007484
INVT007485,20250516,PRD194,ST031,482,21,30,473,50,2027-10-05,BAT007485
INVT007486,20250319,PRD033,ST019,60,55,115,0,20,2027-10-22,BAT007486
INVT007487,20240425,PRD204,ST028,262,30,54,238,25,2026-03-09,BAT007487
INVT007488,20270615,PRD280,ST034,420,147,82,485,40,2029-10-18,BAT007488
INVT007489,20270530,PRD089,ST048,88,128,17,199,25,2029-04-13,BAT007489
INVT007490,20280317,PRD292,ST041,372,46,16,402,30,2030-08-04,BAT007490
INVT007491,20270717,PRD283,ST028,275,10,87,198,40,2028-10-28,BAT007491
INVT007492,20270527,PRD227,ST006,376,68,66,378,50,2029-05-28,BAT007492
INVT007493,20280229,PRD073,ST022,283,137,47,373,25,2029-09-12,BAT007493
INVT007494,20260716,PRD078,ST039,307,14,3,318,50,2028-01-25,BAT007494
INVT007495,20260412,PRD036,ST015,447,113,30,530,30,2028-03-26,BAT007495
INVT007496,20260108,PRD066,ST019,294,24,8,310,30,2027-11-26,BAT007496
INVT007497,20281022,PRD096,ST012,83,142,14,211,50,2030-09-28,BAT007497
INVT007498,20231212,PRD228,ST006,450,0,57,393,20,2026-03-01,BAT007498
INVT007499,20280212,PRD242,ST042,268,50,105,213,20,2029-09-13,BAT007499
INVT007500,20240203,PRD201,ST020,210,62,70,202,25,2025-08-18,BAT007500
INVT007501,20270628,PRD152,ST011,228,82,1,309,25,2029-07-01,BAT007501
INVT007502,20250929,PRD125,ST045,427,44,104,367,20,2026-11-01,BAT007502
INVT007503,20240215,PRD083,ST022,203,103,57,249,30,2026-10-17,BAT007503
INVT007504,20231010,PRD150,ST038,351,91,108,334,50,2026-01-11,BAT007504
INVT007505,20280414,PRD022,ST015,98,122,0,220,30,2030-06-26,BAT007505
INVT007506,20281222,PRD065,ST024,332,50,23,359,20,2030-02-28,BAT007506
INVT007507,20251224,PRD111,ST022,206,94,49,251,25,2028-02-02,BAT007507
INVT007508,20280412,PRD262,ST033,401,58,55,404,50,2030-06-29,BAT007508
INVT007509,20250821,PRD215,ST041,486,76,85,477,30,2027-07-03,BAT007509
INVT007510,20280910,PRD060,ST002,388,103,119,372,25,2030-01-23,BAT007510
INVT007511,20270817,PRD230,ST049,148,144,17,275,20,2029-09-06,BAT007511
INVT007512,20230405,PRD141,ST009,494,148,37,605,25,2025-12-25,BAT007512
INVT007513,20240728,PRD040,ST006,364,44,34,374,40,2026-04-22,BAT007513
INVT007514,20250520,PRD175,ST004,270,123,69,324,25,2026-07-20,BAT007514
INVT007515,20250428,PRD258,ST031,118,30,12,136,25,2026-05-16,BAT007515
INVT007516,20250601,PRD262,ST010,420,129,24,525,50,2028-02-01,BAT007516
INVT007517,20230617,PRD054,ST024,51,94,79,66,30,2025-04-17,BAT007517
INVT007518,20280630,PRD219,ST006,272,143,96,319,20,2031-04-04,BAT007518
INVT007519,20270510,PRD263,ST003,171,9,39,141,20,2028-05-15,BAT007519
INVT007520,20260831,PRD139,ST027,316,4,10,310,25,2027-12-30,BAT007520
INVT007521,20260128,PRD109,ST016,263,0,117,146,30,2028-06-16,BAT007521
INVT007522,20251209,PRD101,ST012,102,27,15,114,30,2027-09-07,BAT007522
INVT007523,20260923,PRD067,ST037,91,121,76,136,20,2029-05-25,BAT007523
INVT007524,20270402,PRD025,ST039,492,17,30,479,40,2029-01-25,BAT007524
INVT007525,20230927,PRD251,ST042,263,81,89,255,50,2025-02-04,BAT007525
INVT007526,20230316,PRD189,ST037,204,138,81,261,25,2025-04-26,BAT007526
INVT007527,20230413,PRD292,ST002,499,19,53,465,50,2024-04-25,BAT007527
INVT007528,20240315,PRD043,ST022,471,55,94,432,40,2025-04-02,BAT007528
INVT007529,20270426,PRD150,ST014,361,76,46,391,25,2030-02-24,BAT007529
INVT007530,20251228,PRD253,ST014,114,15,0,129,50,2028-02-24,BAT007530
INVT007531,20230517,PRD060,ST024,150,85,25,210,20,2025-05-18,BAT007531
INVT007532,20250621,PRD092,ST050,226,110,95,241,25,2027-05-02,BAT007532
INVT007533,20230313,PRD154,ST039,303,11,33,281,40,2024-12-19,BAT007533
INVT007534,20260915,PRD166,ST023,99,103,72,130,25,2028-02-28,BAT007534
INVT007535,20260304,PRD017,ST022,441,115,96,460,30,2027-06-14,BAT007535
INVT007536,20231126,PRD290,ST014,239,50,72,217,20,2026-08-28,BAT007536
INVT007537,20230107,PRD121,ST033,379,148,9,518,40,2025-02-19,BAT007537
INVT007538,20280731,PRD226,ST044,63,92,19,136,20,2031-01-01,BAT007538
INVT007539,20260922,PRD259,ST025,321,10,33,298,25,2029-06-03,BAT007539
INVT007540,20251202,PRD074,ST038,57,8,65,0,50,2028-07-25,BAT007540
INVT007541,20240808,PRD168,ST050,453,138,106,485,30,2026-12-16,BAT007541
INVT007542,20281006,PRD103,ST039,416,139,5,550,25,2031-02-07,BAT007542
INVT007543,20230408,PRD110,ST029,291,52,96,247,20,2024-09-11,BAT007543
INVT007544,20230731,PRD189,ST036,454,142,52,544,50,2026-05-18,BAT007544
INVT007545,20260606,PRD266,ST023,155,15,58,112,30,2028-11-19,BAT007545
INVT007546,20280223,PRD283,ST005,461,48,32,477,20,2030-10-21,BAT007546
INVT007547,20261130,PRD061,ST018,57,81,7,131,20,2029-06-18,BAT007547
INVT007548,20240218,PRD125,ST046,482,98,9,571,40,2025-03-23,BAT007548
INVT007549,20230110,PRD020,ST018,313,91,38,366,20,2024-05-27,BAT007549
INVT007550,20250226,PRD129,ST033,103,2,92,13,50,2026-12-14,BAT007550
INVT007551,20260825,PRD085,ST021,217,63,89,191,50,2028-09-22,BAT007551
INVT007552,20240821,PRD166,ST024,270,20,34,256,30,2025-12-02,BAT007552
INVT007553,20240928,PRD289,ST035,278,15,8,285,20,2027-06-16,BAT007553
INVT007554,20250220,PRD067,ST008,220,37,75,182,30,2026-06-10,BAT007554
INVT007555,20280725,PRD221,ST008,106,24,113,17,30,2031-01-03,BAT007555
INVT007556,20250817,PRD081,ST017,434,9,76,367,40,2027-08-03,BAT007556
INVT007557,20240709,PRD211,ST005,117,31,49,99,40,2027-02-06,BAT007557
INVT007558,20260507,PRD265,ST006,409,15,0,424,20,2027-07-11,BAT007558
INVT007559,20241105,PRD107,ST015,406,5,15,396,40,2027-02-13,BAT007559
INVT007560,20270412,PRD173,ST024,370,99,83,386,40,2028-12-18,BAT007560
INVT007561,20250203,PRD114,ST036,422,49,49,422,50,2026-12-14,BAT007561
INVT007562,20240212,PRD151,ST016,207,72,50,229,25,2025-08-09,BAT007562
INVT007563,20280831,PRD012,ST048,299,67,84,282,50,2031-06-20,BAT007563
INVT007564,20230817,PRD161,ST013,312,146,99,359,20,2025-08-01,BAT007564
INVT007565,20270213,PRD004,ST040,440,69,20,489,50,2029-11-30,BAT007565
INVT007566,20231009,PRD224,ST035,168,101,19,250,30,2026-01-07,BAT007566
INVT007567,20280707,PRD092,ST006,63,128,62,129,25,2030-10-28,BAT007567
INVT007568,20260320,PRD063,ST004,476,95,74,497,20,2028-03-12,BAT007568
INVT007569,20280301,PRD294,ST033,432,21,47,406,30,2030-02-08,BAT007569
INVT007570,20240109,PRD283,ST020,353,91,91,353,30,2025-06-28,BAT007570
INVT007571,20271004,PRD132,ST016,370,81,17,434,25,2029-01-09,BAT007571
INVT007572,20280605,PRD102,ST009,332,78,18,392,30,2030-11-24,BAT007572
INVT007573,20280518,PRD088,ST037,323,15,84,254,25,2029-06-10,BAT007573
INVT007574,20240926,PRD039,ST042,284,44,49,279,30,2026-01-12,BAT007574
INVT007575,20250926,PRD135,ST010,66,79,80,65,30,2028-02-10,BAT007575
INVT007576,20281013,PRD057,ST016,104,74,46,132,40,2030-03-02,BAT007576
INVT007577,20270308,PRD117,ST004,161,15,113,63,25,2028-12-19,BAT007577
INVT007578,20230925,PRD113,ST002,57,29,14,72,25,2024-11-30,BAT007578
INVT007579,20260227,PRD218,ST020,476,78,23,531,20,2027-12-12,BAT007579
INVT007580,20251014,PRD239,ST042,294,128,86,336,20,2027-10-29,BAT007580
INVT007581,20261007,PRD071,ST048,118,122,60,180,20,2029-08-13,BAT007581
INVT007582,20240603,PRD219,ST004,429,78,72,435,40,2026-07-17,BAT007582
INVT007583,20280421,PRD299,ST048,315,115,89,341,25,2030-04-15,BAT007583
INVT007584,20270709,PRD224,ST042,449,78,9,518,20,2029-02-09,BAT007584
INVT007585,20261125,PRD008,ST029,403,111,100,414,30,2029-08-18,BAT007585
INVT007586,20270407,PRD232,ST011,408,114,90,432,40,2028-10-17,BAT007586
INVT007587,20250610,PRD290,ST027,309,6,5,310,40,2026-10-03,BAT007587
INVT007588,20240310,PRD145,ST032,210,12,84,138,30,2026-12-20,BAT007588
INVT007589,20250123,PRD066,ST003,98,16,18,96,40,2026-01-31,BAT007589
INVT007590,20260228,PRD073,ST009,408,94,119,383,50,2027-10-14,BAT007590
INVT007591,20250822,PRD071,ST014,441,141,10,572,30,2027-04-16,BAT007591
INVT007592,20250519,PRD058,ST027,88,110,51,147,50,2028-03-29,BAT007592
INVT007593,20280415,PRD158,ST044,207,105,74,238,40,2029-05-25,BAT007593
INVT007594,20280620,PRD059,ST008,359,134,103,390,50,2030-05-24,BAT007594
INVT007595,20231006,PRD057,ST008,239,126,69,296,40,2025-02-13,BAT007595
INVT007596,20250909,PRD299,ST004,150,126,15,261,30,2028-07-02,BAT007596
INVT007597,20270220,PRD265,ST026,55,46,51,50,30,2028-07-02,BAT007597
INVT007598,20250511,PRD207,ST012,420,77,43,454,50,2027-11-12,BAT007598
INVT007599,20260315,PRD193,ST048,347,52,57,342,20,2027-12-27,BAT007599
INVT007600,20280306,PRD283,ST032,227,6,66,167,20,2030-03-06,BAT007600
INVT007601,20280226,PRD034,ST005,469,127,67,529,30,2030-12-04,BAT007601
INVT007602,20260610,PRD143,ST004,80,39,93,26,40,2028-03-02,BAT007602
INVT007603,20280915,PRD131,ST011,191,78,119,150,25,2030-12-11,BAT007603
INVT007604,20250419,PRD208,ST025,269,13,36,246,30,2027-10-22,BAT007604
INVT007605,20270616,PRD235,ST008,111,137,67,181,20,2029-08-05,BAT007605
INVT007606,20231005,PRD270,ST011,428,125,91,462,40,2026-07-26,BAT007606
INVT007607,20250621,PRD152,ST029,287,73,75,285,40,2027-09-12,BAT007607
INVT007608,20281022,PRD150,ST024,408,32,59,381,25,2031-09-30,BAT007608
INVT007609,20250919,PRD053,ST041,314,133,13,434,30,2027-11-18,BAT007609
INVT007610,20280722,PRD168,ST019,111,54,101,64,30,2030-05-01,BAT007610
INVT007611,20261212,PRD176,ST043,274,116,81,309,20,2029-03-27,BAT007611
INVT007612,20230907,PRD244,ST029,378,14,106,286,30,2026-06-14,BAT007612
INVT007613,20270309,PRD173,ST014,63,5,9,59,40,2028-09-24,BAT007613
INVT007614,20240301,PRD135,ST007,127,120,22,225,30,2026-10-23,BAT007614
INVT007615,20241219,PRD056,ST041,143,147,80,210,50,2026-12-19,BAT007615
INVT007616,20270414,PRD230,ST045,115,66,6,175,30,2029-04-22,BAT007616
INVT007617,20261101,PRD084,ST021,485,26,63,448,40,2028-08-22,BAT007617
INVT007618,20281218,PRD182,ST028,214,39,118,135,40,2030-10-29,BAT007618
INVT007619,20240929,PRD139,ST014,274,78,19,333,50,2026-02-14,BAT007619
INVT007620,20240922,PRD013,ST012,115,13,35,93,20,2025-09-25,BAT007620
INVT007621,20270910,PRD150,ST037,257,10,58,209,25,2029-09-29,BAT007621
INVT007622,20261026,PRD081,ST046,81,27,92,16,30,2029-04-03,BAT007622
INVT007623,20280304,PRD215,ST004,368,105,57,416,25,2030-05-27,BAT007623
INVT007624,20241128,PRD192,ST003,78,146,30,194,25,2026-03-28,BAT007624
INVT007625,20261103,PRD200,ST047,479,49,101,427,25,2028-01-02,BAT007625
INVT007626,20270314,PRD001,ST028,422,88,5,505,40,2029-10-15,BAT007626
INVT007627,20270510,PRD059,ST044,419,85,117,387,50,2029-10-23,BAT007627
INVT007628,20251104,PRD140,ST043,229,32,27,234,40,2027-07-18,BAT007628
INVT007629,20251218,PRD037,ST007,430,6,102,334,20,2028-11-10,BAT007629
INVT007630,20241129,PRD017,ST035,341,96,62,375,40,2026-01-02,BAT007630
INVT007631,20260503,PRD030,ST027,123,62,23,162,20,2028-05-08,BAT007631
INVT007632,20240505,PRD239,ST021,113,96,60,149,50,2025-11-04,BAT007632
INVT007633,20270729,PRD015,ST022,317,110,45,382,25,2028-10-18,BAT007633
INVT007634,20260113,PRD109,ST018,141,45,4,182,40,2027-03-01,BAT007634
INVT007635,20260320,PRD112,ST006,454,11,119,346,40,2028-06-30,BAT007635
INVT007636,20241120,PRD085,ST010,337,119,32,424,50,2027-07-24,BAT007636
INVT007637,20260923,PRD260,ST037,148,102,62,188,30,2028-03-09,BAT007637
INVT007638,20270617,PRD017,ST006,298,100,113,285,40,2030-04-30,BAT007638
INVT007639,20281210,PRD231,ST014,307,132,7,432,20,2030-03-26,BAT007639
INVT007640,20230919,PRD106,ST003,384,89,22,451,50,2025-02-19,BAT007640
INVT007641,20250501,PRD272,ST015,236,42,18,260,25,2027-08-20,BAT007641
INVT007642,20280715,PRD172,ST003,188,73,101,160,50,2029-08-14,BAT007642
INVT007643,20270617,PRD124,ST041,145,67,35,177,50,2030-05-14,BAT007643
INVT007644,20270623,PRD282,ST017,259,8,35,232,20,2030-06-22,BAT007644
INVT007645,20241124,PRD215,ST007,252,93,41,304,30,2026-04-05,BAT007645
INVT007646,20280328,PRD300,ST016,150,150,73,227,40,2029-05-24,BAT007646
INVT007647,20240625,PRD062,ST020,393,97,9,481,40,2027-03-14,BAT007647
INVT007648,20230523,PRD160,ST031,392,97,9,480,20,2024-10-21,BAT007648
INVT007649,20271017,PRD188,ST017,200,21,75,146,20,2029-07-14,BAT007649
INVT007650,20250323,PRD251,ST030,493,8,21,480,50,2028-01-28,BAT007650
INVT007651,20270825,PRD235,ST003,219,2,26,195,30,2029-10-21,BAT007651
INVT007652,20241120,PRD122,ST029,468,47,96,419,30,2026-12-31,BAT007652
INVT007653,20260104,PRD167,ST026,54,75,68,61,30,2027-04-02,BAT007653
INVT007654,20231215,PRD300,ST038,66,103,40,129,40,2025-08-11,BAT007654
INVT007655,20241221,PRD096,ST044,256,124,77,303,20,2026-04-18,BAT007655
INVT007656,20231112,PRD252,ST033,222,29,23,228,30,2026-07-21,BAT007656
INVT007657,20241202,PRD233,ST012,457,148,9,596,40,2027-08-05,BAT007657
INVT007658,20260407,PRD072,ST049,124,33,112,45,50,2027-08-30,BAT007658
INVT007659,20261127,PRD127,ST035,181,18,70,129,40,2028-10-30,BAT007659
INVT007660,20280513,PRD200,ST006,300,103,47,356,40,2029-10-25,BAT007660
INVT007661,20241016,PRD133,ST024,480,133,114,499,50,2026-06-14,BAT007661
INVT007662,20271121,PRD222,ST001,305,149,71,383,25,2029-07-18,BAT007662
INVT007663,20260303,PRD025,ST033,152,49,60,141,50,2027-10-12,BAT007663
INVT007664,20270527,PRD058,ST023,476,147,23,600,40,2029-07-24,BAT007664
INVT007665,20281109,PRD208,ST025,379,132,3,508,50,2029-12-01,BAT007665
INVT007666,20280525,PRD190,ST027,221,61,6,276,20,2029-07-14,BAT007666
INVT007667,20250202,PRD074,ST032,236,3,78,161,25,2028-01-11,BAT007667
INVT007668,20270803,PRD009,ST018,290,1,79,212,25,2030-02-26,BAT007668
INVT007669,20230527,PRD121,ST015,281,22,33,270,25,2026-04-24,BAT007669
INVT007670,20240401,PRD111,ST031,197,115,105,207,25,2026-08-24,BAT007670
INVT007671,20250721,PRD297,ST012,373,36,87,322,40,2028-07-10,BAT007671
INVT007672,20280823,PRD143,ST037,217,66,20,263,40,2030-10-23,BAT007672
INVT007673,20240530,PRD127,ST047,423,63,120,366,40,2027-01-07,BAT007673
INVT007674,20280923,PRD110,ST010,435,79,3,511,40,2030-03-20,BAT007674
INVT007675,20281010,PRD044,ST040,474,88,78,484,50,2030-01-25,BAT007675
INVT007676,20270902,PRD039,ST043,306,6,75,237,50,2028-10-02,BAT007676
INVT007677,20281228,PRD288,ST047,81,67,2,146,50,2030-07-28,BAT007677
INVT007678,20250804,PRD202,ST047,140,112,18,234,30,2027-06-09,BAT007678
INVT007679,20260910,PRD066,ST012,297,92,77,312,30,2028-01-27,BAT007679
INVT007680,20270516,PRD251,ST015,458,34,88,404,40,2028-11-14,BAT007680
INVT007681,20250129,PRD076,ST007,459,80,44,495,25,2026-06-27,BAT007681
INVT007682,20260804,PRD026,ST050,99,100,79,120,50,2028-02-12,BAT007682
INVT007683,20250131,PRD291,ST029,179,92,12,259,20,2028-01-22,BAT007683
INVT007684,20270605,PRD174,ST045,449,17,54,412,20,2029-12-15,BAT007684
INVT007685,20270623,PRD089,ST050,201,83,112,172,20,2029-02-07,BAT007685
INVT007686,20250327,PRD298,ST028,268,1,94,175,30,2027-07-15,BAT007686
INVT007687,20260818,PRD077,ST042,344,103,50,397,30,2028-12-20,BAT007687
INVT007688,20230927,PRD048,ST033,93,54,116,31,25,2026-08-01,BAT007688
INVT007689,20230116,PRD233,ST010,148,146,15,279,50,2026-01-11,BAT007689
INVT007690,20231224,PRD276,ST017,254,84,118,220,30,2025-02-16,BAT007690
INVT007691,20270810,PRD112,ST028,347,130,43,434,20,2029-08-31,BAT007691
INVT007692,20280220,PRD216,ST042,497,92,45,544,50,2030-11-14,BAT007692
INVT007693,20231105,PRD195,ST027,349,113,51,411,20,2025-05-11,BAT007693
INVT007694,20240718,PRD102,ST025,190,78,73,195,50,2026-07-08,BAT007694
INVT007695,20240302,PRD149,ST016,280,1,94,187,30,2025-09-19,BAT007695
INVT007696,20251028,PRD080,ST019,360,26,109,277,40,2027-04-05,BAT007696
INVT007697,20271027,PRD102,ST008,304,119,60,363,30,2030-10-21,BAT007697
INVT007698,20260124,PRD076,ST012,124,25,109,40,25,2028-12-20,BAT007698
INVT007699,20260520,PRD068,ST042,105,122,24,203,50,2027-08-22,BAT007699
INVT007700,20230426,PRD120,ST017,277,52,13,316,40,2025-03-25,BAT007700
INVT007701,20240218,PRD017,ST043,140,93,69,164,25,2026-09-12,BAT007701
INVT007702,20260901,PRD008,ST033,426,52,30,448,25,2028-12-29,BAT007702
INVT007703,20240219,PRD013,ST020,210,53,94,169,30,2025-05-18,BAT007703
INVT007704,20250610,PRD163,ST042,268,51,86,233,30,2027-01-26,BAT007704
INVT007705,20230926,PRD226,ST005,359,16,114,261,40,2025-05-18,BAT007705
INVT007706,20250312,PRD179,ST017,278,21,89,210,30,2026-12-03,BAT007706
INVT007707,20250514,PRD125,ST041,374,129,120,383,25,2027-04-10,BAT007707
INVT007708,20260524,PRD056,ST032,460,105,69,496,50,2027-10-15,BAT007708
INVT007709,20240825,PRD017,ST026,326,34,72,288,50,2026-05-12,BAT007709
INVT007710,20261028,PRD283,ST045,71,44,65,50,30,2028-10-16,BAT007710
INVT007711,20280302,PRD061,ST044,335,106,73,368,20,2030-09-30,BAT007711
INVT007712,20281007,PRD044,ST028,430,45,47,428,30,2031-06-10,BAT007712
INVT007713,20250311,PRD055,ST020,214,63,93,184,40,2027-02-20,BAT007713
INVT007714,20240213,PRD103,ST014,314,111,14,411,25,2026-04-12,BAT007714
INVT007715,20280323,PRD149,ST025,91,110,12,189,40,2029-04-03,BAT007715
INVT007716,20260729,PRD140,ST016,165,115,87,193,20,2028-12-05,BAT007716
INVT007717,20250828,PRD196,ST031,90,32,63,59,30,2028-01-05,BAT007717
INVT007718,20230117,PRD214,ST039,435,95,30,500,20,2024-07-13,BAT007718
INVT007719,20240318,PRD233,ST034,467,77,109,435,20,2027-01-25,BAT007719
INVT007720,20270508,PRD231,ST009,354,109,57,406,25,2028-06-29,BAT007720
INVT007721,20260122,PRD046,ST036,270,43,78,235,25,2027-03-29,BAT007721
INVT007722,20240309,PRD194,ST029,332,115,40,407,50,2026-04-07,BAT007722
INVT007723,20251122,PRD252,ST017,57,29,77,9,25,2028-09-05,BAT007723
INVT007724,20270129,PRD177,ST016,499,30,57,472,30,2028-12-28,BAT007724
INVT007725,20230105,PRD134,ST026,479,26,55,450,20,2024-11-02,BAT007725
INVT007726,20250816,PRD278,ST047,189,12,29,172,50,2027-12-06,BAT007726
INVT007727,20240529,PRD194,ST031,222,72,44,250,40,2026-07-31,BAT007727
INVT007728,20230824,PRD298,ST019,95,66,16,145,30,2026-06-29,BAT007728
INVT007729,20230911,PRD181,ST026,150,104,86,168,20,2025-04-21,BAT007729
INVT007730,20280917,PRD170,ST042,214,41,64,191,50,2030-03-26,BAT007730
INVT007731,20250216,PRD060,ST014,126,109,62,173,50,2026-09-25,BAT007731
INVT007732,20260618,PRD104,ST023,324,93,79,338,50,2027-10-06,BAT007732
INVT007733,20280312,PRD239,ST027,176,131,46,261,50,2030-04-17,BAT007733
INVT007734,20240829,PRD073,ST022,414,69,29,454,40,2027-08-07,BAT007734
INVT007735,20270726,PRD101,ST027,257,45,64,238,40,2028-11-01,BAT007735
INVT007736,20231111,PRD237,ST008,463,111,47,527,25,2026-08-24,BAT007736
INVT007737,20261103,PRD171,ST023,149,68,118,99,30,2027-12-21,BAT007737
INVT007738,20271007,PRD291,ST034,365,86,64,387,25,2030-06-19,BAT007738
INVT007739,20251215,PRD276,ST027,170,15,77,108,50,2028-03-31,BAT007739
INVT007740,20240908,PRD267,ST022,216,70,15,271,40,2027-04-25,BAT007740
INVT007741,20250417,PRD154,ST015,93,79,114,58,50,2028-04-07,BAT007741
INVT007742,20240501,PRD135,ST011,86,91,32,145,30,2025-06-03,BAT007742
INVT007743,20270703,PRD237,ST025,125,79,116,88,25,2030-01-16,BAT007743
INVT007744,20270117,PRD254,ST017,66,79,2,143,30,2028-06-27,BAT007744
INVT007745,20280609,PRD239,ST002,152,94,32,214,40,2030-08-24,BAT007745
INVT007746,20270407,PRD119,ST004,281,113,73,321,50,2029-08-19,BAT007746
INVT007747,20260805,PRD040,ST043,380,0,74,306,20,2028-09-12,BAT007747
INVT007748,20261219,PRD051,ST040,485,72,2,555,40,2028-06-09,BAT007748
INVT007749,20250724,PRD144,ST027,102,92,92,102,20,2027-04-28,BAT007749
INVT007750,20240429,PRD033,ST032,75,131,19,187,50,2025-10-01,BAT007750
INVT007751,20240723,PRD027,ST038,123,81,11,193,25,2027-04-17,BAT007751
INVT007752,20230427,PRD003,ST012,349,91,5,435,20,2024-07-30,BAT007752
INVT007753,20260529,PRD226,ST017,395,114,22,487,50,2029-01-03,BAT007753
INVT007754,20230813,PRD178,ST024,214,32,30,216,40,2026-01-10,BAT007754
INVT007755,20250208,PRD015,ST017,363,126,44,445,40,2028-01-28,BAT007755
INVT007756,20260414,PRD161,ST025,328,72,36,364,25,2028-05-09,BAT007756
INVT007757,20250807,PRD101,ST014,471,62,99,434,50,2028-02-15,BAT007757
INVT007758,20260613,PRD213,ST022,83,146,117,112,20,2028-01-11,BAT007758
INVT007759,20260406,PRD288,ST013,455,13,71,397,25,2028-02-01,BAT007759
INVT007760,20240101,PRD107,ST003,110,108,101,117,20,2026-02-19,BAT007760
INVT007761,20251109,PRD135,ST038,71,51,46,76,50,2027-07-15,BAT007761
INVT007762,20260405,PRD061,ST032,399,123,94,428,25,2027-10-30,BAT007762
INVT007763,20260312,PRD120,ST049,412,10,97,325,40,2027-07-03,BAT007763
INVT007764,20240914,PRD052,ST041,485,136,20,601,20,2026-10-11,BAT007764
INVT007765,20230311,PRD223,ST043,146,145,21,270,25,2024-05-17,BAT007765
INVT007766,20281203,PRD193,ST030,375,133,14,494,20,2031-10-11,BAT007766
INVT007767,20230422,PRD279,ST004,128,60,117,71,50,2025-11-12,BAT007767
INVT007768,20250914,PRD205,ST037,398,122,116,404,20,2028-08-05,BAT007768
INVT007769,20240729,PRD183,ST029,361,81,30,412,30,2026-10-05,BAT007769
INVT007770,20260622,PRD139,ST043,82,17,77,22,25,2028-06-13,BAT007770
INVT007771,20260410,PRD232,ST045,144,133,50,227,25,2028-12-06,BAT007771
INVT007772,20270526,PRD084,ST020,463,4,84,383,25,2029-01-17,BAT007772
INVT007773,20280819,PRD135,ST040,123,14,28,109,20,2030-12-18,BAT007773
INVT007774,20261114,PRD039,ST017,214,2,77,139,20,2029-07-21,BAT007774
INVT007775,20230407,PRD098,ST040,395,93,98,390,40,2024-08-25,BAT007775
INVT007776,20281104,PRD193,ST040,173,87,30,230,50,2031-08-20,BAT007776
INVT007777,20240103,PRD013,ST025,485,123,28,580,25,2025-08-08,BAT007777
INVT007778,20281029,PRD095,ST029,246,81,104,223,25,2030-08-27,BAT007778
INVT007779,20230803,PRD092,ST045,203,147,49,301,40,2026-01-17,BAT007779
INVT007780,20241202,PRD121,ST036,235,140,44,331,30,2026-06-06,BAT007780
INVT007781,20230422,PRD038,ST001,398,28,81,345,30,2026-03-16,BAT007781
INVT007782,20260624,PRD156,ST050,207,140,108,239,30,2028-11-08,BAT007782
INVT007783,20240801,PRD003,ST029,188,14,46,156,20,2027-07-09,BAT007783
INVT007784,20280324,PRD008,ST013,397,34,21,410,20,2031-01-20,BAT007784
INVT007785,20280126,PRD234,ST022,365,13,17,361,30,2029-10-09,BAT007785
INVT007786,20281209,PRD124,ST037,88,6,26,68,25,2029-12-15,BAT007786
INVT007787,20260128,PRD055,ST047,76,58,81,53,40,2027-06-11,BAT007787
INVT007788,20280912,PRD035,ST004,126,116,22,220,50,2030-08-27,BAT007788
INVT007789,20280110,PRD168,ST023,108,39,55,92,25,2030-04-28,BAT007789
INVT007790,20230817,PRD029,ST032,440,109,98,451,25,2025-03-16,BAT007790
INVT007791,20230405,PRD093,ST011,228,26,59,195,40,2025-06-17,BAT007791
INVT007792,20271125,PRD273,ST040,362,44,15,391,25,2030-04-08,BAT007792
INVT007793,20260316,PRD214,ST011,100,53,27,126,30,2028-03-23,BAT007793
INVT007794,20261124,PRD288,ST012,377,94,50,421,30,2029-01-04,BAT007794
INVT007795,20241015,PRD033,ST038,137,83,108,112,50,2025-11-17,BAT007795
INVT007796,20260529,PRD153,ST005,434,76,63,447,30,2027-12-28,BAT007796
INVT007797,20271204,PRD219,ST013,436,115,97,454,50,2030-11-30,BAT007797
INVT007798,20241219,PRD179,ST027,199,130,45,284,50,2027-03-02,BAT007798
INVT007799,20260630,PRD255,ST028,263,149,45,367,30,2029-05-23,BAT007799
INVT007800,20280727,PRD249,ST047,52,82,15,119,50,2030-09-16,BAT007800
INVT007801,20270205,PRD027,ST026,287,148,52,383,30,2029-01-15,BAT007801
INVT007802,20230930,PRD051,ST024,349,1,40,310,50,2025-02-16,BAT007802
INVT007803,20260919,PRD212,ST033,283,0,39,244,25,2028-11-26,BAT007803
INVT007804,20251210,PRD194,ST040,305,91,5,391,50,2027-01-27,BAT007804
INVT007805,20260511,PRD204,ST027,479,1,88,392,40,2027-12-22,BAT007805
INVT007806,20280908,PRD094,ST033,240,8,91,157,30,2029-12-21,BAT007806
INVT007807,20270907,PRD073,ST049,287,84,0,371,25,2028-10-04,BAT007807
INVT007808,20241008,PRD093,ST022,139,28,23,144,25,2027-05-05,BAT007808
INVT007809,20230221,PRD090,ST038,468,72,33,507,40,2024-07-07,BAT007809
INVT007810,20280710,PRD194,ST016,215,24,113,126,30,2030-12-15,BAT007810
INVT007811,20280315,PRD135,ST038,486,120,80,526,20,2030-01-31,BAT007811
INVT007812,20240204,PRD068,ST044,355,84,35,404,30,2026-08-30,BAT007812
INVT007813,20250911,PRD280,ST021,164,58,42,180,50,2028-07-18,BAT007813
INVT007814,20260416,PRD293,ST039,371,17,55,333,50,2028-04-05,BAT007814
INVT007815,20250701,PRD179,ST049,380,86,18,448,25,2028-01-15,BAT007815
INVT007816,20280423,PRD165,ST006,116,1,73,44,20,2029-06-29,BAT007816
INVT007817,20240103,PRD255,ST043,204,147,58,293,25,2025-03-07,BAT007817
INVT007818,20240516,PRD041,ST019,360,108,30,438,25,2026-07-23,BAT007818
INVT007819,20230415,PRD290,ST035,362,24,118,268,20,2025-03-02,BAT007819
INVT007820,20230112,PRD145,ST044,434,82,77,439,40,2025-10-23,BAT007820
INVT007821,20240222,PRD232,ST042,187,15,3,199,30,2026-11-14,BAT007821
INVT007822,20280703,PRD188,ST050,316,53,33,336,30,2030-07-04,BAT007822
INVT007823,20260121,PRD087,ST006,58,76,20,114,20,2028-12-13,BAT007823
INVT007824,20280915,PRD151,ST006,498,131,23,606,50,2031-06-19,BAT007824
INVT007825,20270726,PRD165,ST018,341,9,106,244,40,2030-02-05,BAT007825
INVT007826,20271220,PRD090,ST021,218,8,90,136,30,2029-11-02,BAT007826
INVT007827,20240504,PRD172,ST008,360,12,73,299,25,2026-08-15,BAT007827
INVT007828,20270223,PRD230,ST049,288,0,107,181,40,2029-10-08,BAT007828
INVT007829,20270402,PRD016,ST044,255,23,116,162,40,2029-11-23,BAT007829
INVT007830,20260202,PRD058,ST014,439,93,104,428,20,2027-07-27,BAT007830
INVT007831,20251211,PRD285,ST014,244,80,99,225,30,2028-08-04,BAT007831
INVT007832,20270201,PRD276,ST011,298,118,94,322,20,2030-01-10,BAT007832
INVT007833,20270804,PRD299,ST040,483,33,113,403,25,2029-10-02,BAT007833
INVT007834,20240328,PRD192,ST025,338,64,76,326,20,2026-06-16,BAT007834
INVT007835,20230327,PRD269,ST042,141,127,54,214,20,2024-04-14,BAT007835
INVT007836,20230214,PRD087,ST046,165,90,104,151,20,2025-12-18,BAT007836
INVT007837,20240717,PRD014,ST040,440,66,46,460,50,2027-07-12,BAT007837
INVT007838,20270421,PRD299,ST008,221,120,26,315,30,2029-12-26,BAT007838
INVT007839,20251206,PRD100,ST036,227,108,25,310,25,2028-04-07,BAT007839
INVT007840,20270108,PRD291,ST033,405,68,75,398,20,2028-09-12,BAT007840
INVT007841,20280423,PRD271,ST032,495,0,14,481,50,2030-10-03,BAT007841
INVT007842,20231229,PRD045,ST008,419,59,29,449,40,2026-09-13,BAT007842
INVT007843,20260827,PRD082,ST014,153,24,34,143,25,2028-02-13,BAT007843
INVT007844,20260202,PRD042,ST041,276,3,85,194,40,2027-05-13,BAT007844
INVT007845,20240815,PRD251,ST033,298,106,30,374,25,2027-01-19,BAT007845
INVT007846,20280610,PRD021,ST033,421,17,24,414,25,2029-12-03,BAT007846
INVT007847,20230726,PRD260,ST010,142,13,39,116,30,2026-01-07,BAT007847
INVT007848,20260418,PRD123,ST021,107,125,65,167,50,2027-07-27,BAT007848
INVT007849,20270829,PRD131,ST038,230,121,14,337,20,2029-06-21,BAT007849
INVT007850,20240801,PRD175,ST040,352,4,1,355,25,2027-01-06,BAT007850
INVT007851,20260421,PRD085,ST009,190,24,63,151,20,2029-04-13,BAT007851
INVT007852,20240524,PRD277,ST050,384,57,109,332,20,2026-01-23,BAT007852
INVT007853,20280718,PRD253,ST044,191,53,32,212,20,2030-03-04,BAT007853
INVT007854,20230831,PRD175,ST048,391,121,73,439,25,2025-08-05,BAT007854
INVT007855,20240108,PRD255,ST015,164,62,117,109,30,2026-06-24,BAT007855
INVT007856,20240416,PRD120,ST027,306,41,97,250,25,2025-06-03,BAT007856
INVT007857,20231201,PRD172,ST010,363,124,78,409,40,2026-06-19,BAT007857
INVT007858,20270216,PRD148,ST026,139,20,11,148,40,2029-05-23,BAT007858
INVT007859,20230205,PRD028,ST027,134,11,65,80,25,2024-05-23,BAT007859
INVT007860,20240627,PRD138,ST001,284,96,55,325,30,2027-04-09,BAT007860
INVT007861,20261015,PRD110,ST025,128,147,16,259,20,2029-09-26,BAT007861
INVT007862,20251001,PRD171,ST003,374,25,13,386,25,2027-07-05,BAT007862
INVT007863,20251115,PRD194,ST035,402,148,41,509,20,2028-07-11,BAT007863
INVT007864,20240627,PRD289,ST006,481,134,36,579,50,2027-02-16,BAT007864
INVT007865,20251116,PRD183,ST018,392,149,35,506,50,2028-02-08,BAT007865
INVT007866,20240730,PRD181,ST019,288,37,84,241,20,2026-05-21,BAT007866
INVT007867,20280627,PRD129,ST020,114,27,57,84,30,2030-08-22,BAT007867
INVT007868,20250803,PRD292,ST017,350,0,120,230,30,2027-08-31,BAT007868
INVT007869,20260826,PRD052,ST019,204,66,39,231,40,2029-08-05,BAT007869
INVT007870,20270127,PRD249,ST020,314,17,102,229,30,2028-12-17,BAT007870
INVT007871,20241017,PRD163,ST009,410,130,96,444,50,2027-04-16,BAT007871
INVT007872,20270602,PRD153,ST025,212,4,113,103,50,2030-02-16,BAT007872
INVT007873,20250728,PRD013,ST017,171,21,60,132,50,2027-05-24,BAT007873
INVT007874,20240927,PRD040,ST016,355,25,28,352,40,2027-09-16,BAT007874
INVT007875,20280806,PRD175,ST017,319,56,78,297,25,2030-12-18,BAT007875
INVT007876,20280609,PRD248,ST009,433,112,94,451,20,2030-06-14,BAT007876
INVT007877,20251026,PRD078,ST011,181,29,21,189,30,2026-10-27,BAT007877
INVT007878,20250413,PRD270,ST044,157,70,96,131,20,2026-10-20,BAT007878
INVT007879,20260325,PRD244,ST009,142,58,110,90,40,2027-08-21,BAT007879
INVT007880,20230628,PRD228,ST020,85,123,44,164,25,2025-10-28,BAT007880
INVT007881,20230721,PRD027,ST028,170,41,30,181,50,2026-03-30,BAT007881
INVT007882,20280628,PRD234,ST014,165,95,20,240,20,2029-06-28,BAT007882
INVT007883,20281214,PRD175,ST034,146,117,46,217,30,2031-11-12,BAT007883
INVT007884,20250104,PRD213,ST015,131,22,67,86,50,2026-10-18,BAT007884
INVT007885,20270222,PRD052,ST047,81,142,66,157,30,2029-07-25,BAT007885
INVT007886,20281014,PRD048,ST034,112,25,102,35,50,2031-07-11,BAT007886
INVT007887,20260112,PRD093,ST036,111,127,104,134,50,2027-09-09,BAT007887
INVT007888,20260314,PRD070,ST050,378,0,52,326,30,2027-09-24,BAT007888
INVT007889,20250401,PRD164,ST022,146,79,25,200,25,2027-01-16,BAT007889
INVT007890,20280202,PRD051,ST050,355,113,16,452,20,2029-11-04,BAT007890
INVT007891,20230726,PRD290,ST044,160,47,37,170,25,2025-05-04,BAT007891
INVT007892,20250313,PRD017,ST002,363,20,87,296,40,2026-10-29,BAT007892
INVT007893,20240402,PRD193,ST013,163,34,37,160,25,2025-04-05,BAT007893
INVT007894,20281013,PRD255,ST049,137,78,32,183,40,2031-03-11,BAT007894
INVT007895,20250906,PRD294,ST048,64,124,15,173,25,2026-11-30,BAT007895
INVT007896,20241115,PRD188,ST032,367,138,120,385,50,2027-01-31,BAT007896
INVT007897,20231116,PRD026,ST010,205,28,72,161,50,2026-09-20,BAT007897
INVT007898,20250103,PRD242,ST049,133,71,37,167,50,2027-01-06,BAT007898
INVT007899,20241223,PRD020,ST029,246,146,74,318,20,2026-12-22,BAT007899
INVT007900,20240810,PRD277,ST014,93,23,99,17,50,2026-11-27,BAT007900
INVT007901,20280712,PRD260,ST037,232,27,54,205,40,2030-07-13,BAT007901
INVT007902,20230819,PRD055,ST035,74,13,47,40,30,2025-06-17,BAT007902
INVT007903,20230327,PRD074,ST030,274,99,7,366,20,2026-02-05,BAT007903
INVT007904,20240601,PRD114,ST007,249,35,43,241,40,2026-06-12,BAT007904
INVT007905,20240113,PRD013,ST003,59,55,49,65,40,2026-07-16,BAT007905
INVT007906,20261129,PRD242,ST020,172,149,99,222,40,2029-09-17,BAT007906
INVT007907,20250827,PRD281,ST018,489,115,81,523,20,2028-08-05,BAT007907
INVT007908,20260108,PRD188,ST033,88,99,29,158,20,2027-07-07,BAT007908
INVT007909,20240314,PRD090,ST038,462,19,68,413,25,2025-09-26,BAT007909
INVT007910,20270726,PRD100,ST031,118,84,105,97,20,2028-10-28,BAT007910
INVT007911,20240724,PRD267,ST003,430,52,96,386,20,2025-09-15,BAT007911
INVT007912,20240923,PRD195,ST010,169,112,3,278,30,2025-10-30,BAT007912
INVT007913,20270421,PRD233,ST044,200,142,92,250,25,2030-03-13,BAT007913
INVT007914,20261206,PRD082,ST010,344,40,41,343,30,2029-01-11,BAT007914
INVT007915,20261010,PRD143,ST032,242,56,103,195,20,2028-12-25,BAT007915
INVT007916,20240113,PRD153,ST024,231,13,26,218,40,2025-12-24,BAT007916
INVT007917,20250711,PRD182,ST048,486,72,20,538,25,2027-10-05,BAT007917
INVT007918,20241014,PRD131,ST028,267,115,110,272,40,2026-02-19,BAT007918
INVT007919,20241116,PRD210,ST045,296,99,9,386,40,2026-09-23,BAT007919
INVT007920,20271209,PRD007,ST018,462,91,96,457,30,2029-05-27,BAT007920
INVT007921,20240807,PRD151,ST047,437,43,88,392,20,2026-08-10,BAT007921
INVT007922,20271015,PRD134,ST010,237,73,77,233,40,2030-04-12,BAT007922
INVT007923,20230804,PRD193,ST018,167,123,10,280,50,2026-06-04,BAT007923
INVT007924,20270619,PRD021,ST045,381,48,37,392,50,2030-03-17,BAT007924
INVT007925,20280612,PRD114,ST005,105,109,5,209,20,2030-06-03,BAT007925
INVT007926,20270406,PRD176,ST016,339,94,23,410,20,2028-07-12,BAT007926
INVT007927,20260726,PRD144,ST012,180,1,11,170,30,2027-08-18,BAT007927
INVT007928,20251205,PRD110,ST041,288,15,90,213,50,2028-02-03,BAT007928
INVT007929,20230420,PRD272,ST033,173,86,67,192,30,2025-04-14,BAT007929
INVT007930,20280820,PRD115,ST028,183,82,33,232,50,2030-11-22,BAT007930
INVT007931,20270309,PRD230,ST037,339,123,33,429,25,2029-02-28,BAT007931
INVT007932,20260412,PRD083,ST041,347,14,93,268,30,2027-11-16,BAT007932
INVT007933,20270425,PRD272,ST011,458,122,41,539,40,2029-10-03,BAT007933
INVT007934,20251113,PRD300,ST032,394,135,41,488,20,2028-10-22,BAT007934
INVT007935,20280130,PRD268,ST042,497,110,116,491,40,2029-08-02,BAT007935
INVT007936,20260724,PRD120,ST004,438,130,13,555,30,2029-01-16,BAT007936
INVT007937,20230124,PRD279,ST026,274,133,86,321,50,2024-10-17,BAT007937
INVT007938,20270309,PRD056,ST007,483,56,86,453,25,2028-12-23,BAT007938
INVT007939,20270818,PRD247,ST005,380,144,78,446,50,2029-01-22,BAT007939
INVT007940,20280316,PRD173,ST011,160,112,115,157,20,2029-04-05,BAT007940
INVT007941,20230204,PRD076,ST047,457,94,111,440,50,2025-11-21,BAT007941
INVT007942,20270429,PRD098,ST021,87,143,108,122,40,2029-04-22,BAT007942
INVT007943,20280128,PRD029,ST024,154,46,5,195,50,2029-10-05,BAT007943
INVT007944,20270322,PRD040,ST015,400,5,8,397,30,2029-02-03,BAT007944
INVT007945,20270727,PRD141,ST007,368,123,20,471,50,2030-05-29,BAT007945
INVT007946,20260329,PRD037,ST043,79,54,54,79,40,2028-02-27,BAT007946
INVT007947,20281213,PRD008,ST025,340,56,19,377,50,2031-08-10,BAT007947
INVT007948,20251226,PRD021,ST005,96,116,9,203,25,2027-01-29,BAT007948
INVT007949,20251014,PRD249,ST002,366,117,12,471,50,2027-07-11,BAT007949
INVT007950,20270815,PRD235,ST038,79,141,59,161,40,2030-07-29,BAT007950
INVT007951,20250816,PRD244,ST014,376,27,53,350,50,2027-01-09,BAT007951
INVT007952,20280107,PRD177,ST040,136,125,39,222,40,2029-02-23,BAT007952
INVT007953,20231212,PRD023,ST002,254,113,60,307,30,2025-02-01,BAT007953
INVT007954,20230107,PRD237,ST004,82,131,27,186,25,2025-01-20,BAT007954
INVT007955,20270620,PRD196,ST048,493,18,69,442,20,2029-07-10,BAT007955
INVT007956,20240120,PRD002,ST034,223,62,103,182,40,2025-03-01,BAT007956
INVT007957,20230127,PRD256,ST004,474,5,12,467,20,2024-06-28,BAT007957
INVT007958,20240729,PRD068,ST047,109,43,89,63,40,2027-02-22,BAT007958
INVT007959,20250612,PRD022,ST021,99,9,15,93,20,2027-12-23,BAT007959
INVT007960,20231007,PRD194,ST037,150,68,92,126,50,2025-01-28,BAT007960
INVT007961,20230122,PRD196,ST030,273,132,115,290,40,2024-03-28,BAT007961
INVT007962,20230612,PRD057,ST019,364,78,10,432,20,2025-08-20,BAT007962
INVT007963,20250728,PRD092,ST036,126,38,46,118,20,2028-02-29,BAT007963
INVT007964,20270411,PRD132,ST050,119,84,64,139,40,2028-08-12,BAT007964
INVT007965,20271108,PRD229,ST010,105,16,114,7,40,2028-11-27,BAT007965
INVT007966,20240930,PRD168,ST017,487,77,100,464,50,2026-11-03,BAT007966
INVT007967,20260718,PRD168,ST003,130,70,118,82,25,2027-10-11,BAT007967
INVT007968,20281023,PRD073,ST021,476,67,81,462,50,2029-12-13,BAT007968
INVT007969,20260919,PRD239,ST023,366,84,0,450,25,2028-07-16,BAT007969
INVT007970,20240803,PRD129,ST042,442,35,53,424,25,2026-04-10,BAT007970
INVT007971,20270316,PRD092,ST015,109,118,80,147,30,2029-01-03,BAT007971
INVT007972,20280823,PRD227,ST032,113,49,19,143,20,2030-01-28,BAT007972
INVT007973,20230310,PRD206,ST006,403,52,78,377,25,2024-03-23,BAT007973
INVT007974,20250820,PRD055,ST050,318,106,57,367,40,2027-12-06,BAT007974
INVT007975,20260221,PRD158,ST034,135,45,65,115,40,2028-09-10,BAT007975
INVT007976,20230214,PRD256,ST013,364,15,5,374,30,2025-11-01,BAT007976
INVT007977,20271107,PRD118,ST003,407,148,117,438,40,2030-01-07,BAT007977
INVT007978,20270523,PRD230,ST049,478,111,22,567,50,2029-06-13,BAT007978
INVT007979,20230510,PRD081,ST046,361,111,83,389,30,2026-01-23,BAT007979
INVT007980,20231015,PRD022,ST017,455,126,15,566,40,2025-08-14,BAT007980
INVT007981,20260904,PRD132,ST021,376,128,108,396,30,2028-07-11,BAT007981
INVT007982,20270726,PRD177,ST030,286,30,31,285,40,2028-11-15,BAT007982
INVT007983,20261112,PRD102,ST017,135,119,64,190,50,2028-06-15,BAT007983
INVT007984,20241215,PRD267,ST030,444,55,18,481,25,2027-04-08,BAT007984
INVT007985,20270327,PRD219,ST021,181,136,80,237,30,2028-08-04,BAT007985
INVT007986,20280808,PRD157,ST050,354,74,54,374,30,2030-07-24,BAT007986
INVT007987,20260131,PRD031,ST013,423,7,92,338,20,2027-07-09,BAT007987
INVT007988,20240215,PRD154,ST015,246,106,41,311,50,2025-12-11,BAT007988
INVT007989,20270110,PRD104,ST036,333,44,27,350,25,2028-09-20,BAT007989
INVT007990,20260605,PRD171,ST047,175,55,44,186,40,2028-08-05,BAT007990
INVT007991,20281009,PRD083,ST009,446,134,76,504,40,2030-10-17,BAT007991
INVT007992,20280606,PRD189,ST020,359,38,85,312,20,2030-01-18,BAT007992
INVT007993,20230103,PRD058,ST013,169,119,81,207,40,2024-03-17,BAT007993
INVT007994,20231116,PRD188,ST044,283,123,1,405,20,2025-09-29,BAT007994
INVT007995,20240101,PRD059,ST006,232,135,13,354,40,2025-06-06,BAT007995
INVT007996,20250517,PRD036,ST023,174,69,20,223,50,2026-07-31,BAT007996
INVT007997,20240408,PRD184,ST035,286,103,43,346,20,2026-11-19,BAT007997
INVT007998,20230920,PRD193,ST013,357,114,112,359,30,2024-10-12,BAT007998
INVT007999,20270220,PRD225,ST048,360,35,15,380,30,2028-04-25,BAT007999
INVT008000,20230607,PRD286,ST006,81,7,82,6,50,2025-03-04,BAT008000
INVT008001,20260422,PRD114,ST001,68,35,58,45,40,2027-12-08,BAT008001
INVT008002,20240720,PRD008,ST044,242,85,50,277,50,2026-05-12,BAT008002
INVT008003,20240821,PRD229,ST042,261,48,70,239,20,2027-05-31,BAT008003
INVT008004,20281125,PRD089,ST025,492,50,119,423,25,2031-01-02,BAT008004
INVT008005,20271229,PRD214,ST048,165,25,11,179,30,2029-09-06,BAT008005
INVT008006,20231121,PRD032,ST030,223,58,110,171,50,2026-04-19,BAT008006
INVT008007,20280502,PRD041,ST018,105,68,108,65,25,2030-07-18,BAT008007
INVT008008,20260410,PRD069,ST038,163,7,101,69,40,2029-02-24,BAT008008
INVT008009,20251119,PRD196,ST008,194,50,64,180,25,2028-04-20,BAT008009
INVT008010,20230917,PRD212,ST032,203,34,88,149,50,2026-05-18,BAT008010
INVT008011,20260705,PRD160,ST004,232,136,36,332,40,2028-03-26,BAT008011
INVT008012,20251005,PRD286,ST038,199,125,112,212,30,2027-02-18,BAT008012
INVT008013,20280912,PRD248,ST011,383,78,42,419,50,2030-12-25,BAT008013
INVT008014,20250101,PRD096,ST019,224,88,88,224,30,2026-01-28,BAT008014
INVT008015,20260219,PRD078,ST008,60,2,7,55,30,2028-12-01,BAT008015
INVT008016,20270625,PRD061,ST008,439,121,57,503,50,2029-05-19,BAT008016
INVT008017,20260219,PRD191,ST014,339,8,92,255,30,2028-05-14,BAT008017
INVT008018,20270407,PRD197,ST009,430,110,76,464,25,2028-11-12,BAT008018
INVT008019,20250828,PRD291,ST022,460,61,118,403,20,2026-09-30,BAT008019
INVT008020,20240607,PRD178,ST048,229,50,76,203,30,2027-04-12,BAT008020
INVT008021,20250120,PRD190,ST026,404,52,58,398,40,2027-12-05,BAT008021
INVT008022,20250612,PRD055,ST012,468,91,20,539,30,2027-06-17,BAT008022
INVT008023,20281214,PRD251,ST003,112,56,12,156,20,2030-02-16,BAT008023
INVT008024,20271228,PRD180,ST008,301,60,85,276,25,2030-01-04,BAT008024
INVT008025,20250314,PRD211,ST010,200,144,80,264,25,2026-07-19,BAT008025
INVT008026,20261011,PRD045,ST022,269,148,39,378,30,2028-05-23,BAT008026
INVT008027,20280722,PRD281,ST031,85,117,119,83,20,2030-03-15,BAT008027
INVT008028,20260818,PRD111,ST023,406,131,87,450,50,2027-11-11,BAT008028
INVT008029,20230820,PRD180,ST018,325,44,42,327,40,2025-01-28,BAT008029
INVT008030,20280605,PRD110,ST040,267,71,25,313,25,2029-10-10,BAT008030
INVT008031,20271030,PRD043,ST050,128,0,82,46,50,2030-07-22,BAT008031
INVT008032,20240801,PRD282,ST027,388,136,84,440,40,2027-02-23,BAT008032
INVT008033,20260416,PRD079,ST043,405,120,61,464,30,2027-07-30,BAT008033
INVT008034,20260712,PRD114,ST026,386,112,101,397,25,2027-08-29,BAT008034
INVT008035,20271206,PRD182,ST003,473,98,48,523,50,2030-08-04,BAT008035
INVT008036,20240301,PRD066,ST047,329,80,109,300,40,2026-08-13,BAT008036
INVT008037,20260912,PRD290,ST018,199,20,53,166,30,2029-04-19,BAT008037
INVT008038,20250827,PRD106,ST007,442,21,11,452,30,2027-09-21,BAT008038
INVT008039,20260725,PRD160,ST002,137,99,95,141,25,2027-11-03,BAT008039
INVT008040,20281022,PRD022,ST026,416,2,91,327,25,2030-12-14,BAT008040
INVT008041,20251020,PRD087,ST015,400,94,94,400,20,2028-05-05,BAT008041
INVT008042,20260825,PRD088,ST010,354,22,54,322,30,2028-10-06,BAT008042
INVT008043,20240118,PRD103,ST045,81,112,94,99,25,2026-10-14,BAT008043
INVT008044,20281012,PRD225,ST006,381,74,65,390,30,2031-09-09,BAT008044
INVT008045,20260809,PRD139,ST020,495,50,3,542,20,2028-11-26,BAT008045
INVT008046,20260412,PRD173,ST044,440,115,94,461,40,2028-08-04,BAT008046
INVT008047,20260406,PRD063,ST042,200,107,105,202,30,2027-07-17,BAT008047
INVT008048,20280815,PRD108,ST007,255,62,25,292,25,2030-08-25,BAT008048
INVT008049,20250627,PRD125,ST046,271,50,5,316,30,2027-10-07,BAT008049
INVT008050,20261217,PRD238,ST045,308,97,51,354,20,2029-03-25,BAT008050
INVT008051,20230828,PRD096,ST022,61,116,92,85,40,2025-11-07,BAT008051
INVT008052,20271014,PRD023,ST025,344,91,2,433,50,2029-10-17,BAT008052
INVT008053,20240829,PRD219,ST006,74,107,65,116,50,2026-10-22,BAT008053
INVT008054,20270306,PRD178,ST048,157,34,49,142,30,2029-07-26,BAT008054
INVT008055,20260115,PRD055,ST042,413,66,8,471,25,2028-12-03,BAT008055
INVT008056,20260119,PRD008,ST044,435,66,25,476,50,2028-04-09,BAT008056
INVT008057,20281101,PRD146,ST033,482,53,40,495,50,2030-12-03,BAT008057
INVT008058,20230725,PRD004,ST001,84,141,84,141,25,2024-07-31,BAT008058
INVT008059,20281004,PRD250,ST007,248,55,67,236,50,2030-02-05,BAT008059
INVT008060,20250601,PRD298,ST041,378,37,61,354,20,2028-01-01,BAT008060
INVT008061,20240125,PRD260,ST038,344,56,71,329,20,2026-10-11,BAT008061
INVT008062,20281228,PRD245,ST039,115,24,52,87,30,2029-12-30,BAT008062
INVT008063,20240203,PRD269,ST005,288,92,58,322,40,2025-02-10,BAT008063
INVT008064,20240225,PRD262,ST003,316,110,91,335,40,2027-01-25,BAT008064
INVT008065,20260801,PRD065,ST009,260,33,39,254,50,2027-10-28,BAT008065
INVT008066,20260929,PRD066,ST044,315,57,21,351,50,2028-01-16,BAT008066
INVT008067,20270712,PRD224,ST022,456,20,62,414,40,2029-02-01,BAT008067
INVT008068,20231115,PRD106,ST006,483,117,115,485,30,2026-06-20,BAT008068
INVT008069,20251004,PRD060,ST016,216,35,91,160,40,2028-08-26,BAT008069
INVT008070,20271014,PRD094,ST023,225,63,62,226,40,2030-08-19,BAT008070
INVT008071,20270224,PRD033,ST006,491,132,112,511,25,2029-01-17,BAT008071
INVT008072,20271127,PRD218,ST041,446,86,14,518,40,2029-07-03,BAT008072
INVT008073,20240325,PRD234,ST011,290,24,98,216,30,2025-12-07,BAT008073
INVT008074,20281230,PRD100,ST027,138,136,11,263,25,2030-10-20,BAT008074
INVT008075,20240512,PRD120,ST022,62,48,25,85,30,2026-06-27,BAT008075
INVT008076,20230220,PRD243,ST020,353,106,108,351,50,2025-05-16,BAT008076
INVT008077,20260827,PRD229,ST020,380,75,54,401,30,2028-07-03,BAT008077
INVT008078,20251102,PRD276,ST010,108,131,108,131,40,2027-06-12,BAT008078
INVT008079,20241225,PRD055,ST049,115,84,115,84,30,2027-05-31,BAT008079
INVT008080,20280628,PRD242,ST018,470,10,115,365,30,2029-08-26,BAT008080
INVT008081,20250611,PRD034,ST022,83,53,39,97,40,2027-06-28,BAT008081
INVT008082,20230809,PRD280,ST046,389,106,41,454,40,2026-05-04,BAT008082
INVT008083,20271023,PRD113,ST035,301,68,37,332,40,2030-03-09,BAT008083
INVT008084,20231117,PRD117,ST020,94,42,43,93,25,2026-09-03,BAT008084
INVT008085,20281025,PRD128,ST017,492,22,3,511,40,2030-11-06,BAT008085
INVT008086,20280222,PRD070,ST040,423,114,53,484,40,2030-03-03,BAT008086
INVT008087,20270924,PRD081,ST046,445,10,112,343,40,2030-02-15,BAT008087
INVT008088,20230721,PRD121,ST039,169,54,48,175,40,2026-06-16,BAT008088
INVT008089,20280617,PRD233,ST017,209,24,4,229,50,2030-03-01,BAT008089
INVT008090,20250411,PRD300,ST031,112,28,66,74,25,2028-04-01,BAT008090
INVT008091,20230814,PRD007,ST014,393,70,4,459,50,2025-04-21,BAT008091
INVT008092,20261005,PRD262,ST012,294,29,117,206,40,2028-04-24,BAT008092
INVT008093,20240707,PRD028,ST014,90,2,55,37,40,2026-08-15,BAT008093
INVT008094,20260226,PRD224,ST045,234,24,107,151,50,2027-11-26,BAT008094
INVT008095,20280429,PRD261,ST033,305,119,67,357,50,2030-10-05,BAT008095
INVT008096,20260601,PRD180,ST033,370,125,79,416,30,2028-09-19,BAT008096
INVT008097,20280508,PRD044,ST007,199,22,58,163,50,2030-03-04,BAT008097
INVT008098,20270903,PRD035,ST042,494,13,119,388,40,2030-04-28,BAT008098
INVT008099,20241225,PRD116,ST041,417,146,102,461,30,2026-04-02,BAT008099
INVT008100,20230326,PRD276,ST042,488,52,17,523,40,2026-02-09,BAT008100
INVT008101,20281017,PRD204,ST026,316,108,69,355,50,2031-05-25,BAT008101
INVT008102,20281121,PRD155,ST010,59,5,29,35,25,2030-12-20,BAT008102
INVT008103,20260917,PRD031,ST042,166,12,112,66,30,2028-02-07,BAT008103
INVT008104,20251207,PRD049,ST007,189,43,5,227,40,2028-01-27,BAT008104
INVT008105,20270312,PRD049,ST015,160,86,22,224,50,2028-12-25,BAT008105
INVT008106,20270311,PRD244,ST028,77,63,91,49,50,2029-05-11,BAT008106
INVT008107,20231017,PRD016,ST035,188,145,21,312,50,2026-02-17,BAT008107
INVT008108,20230809,PRD155,ST050,212,52,66,198,40,2026-02-14,BAT008108
INVT008109,20271225,PRD204,ST005,123,145,57,211,40,2030-05-10,BAT008109
INVT008110,20270324,PRD078,ST008,375,50,42,383,30,2029-12-29,BAT008110
INVT008111,20260807,PRD207,ST049,84,71,92,63,25,2027-12-08,BAT008111
INVT008112,20261111,PRD102,ST043,312,48,87,273,30,2029-06-04,BAT008112
INVT008113,20270125,PRD126,ST005,141,12,4,149,50,2028-12-29,BAT008113
INVT008114,20230624,PRD160,ST004,448,7,111,344,25,2025-04-05,BAT008114
INVT008115,20240301,PRD231,ST003,160,103,91,172,30,2025-09-04,BAT008115
INVT008116,20250924,PRD252,ST047,177,55,9,223,25,2027-07-27,BAT008116
INVT008117,20240902,PRD160,ST005,199,112,15,296,50,2027-04-11,BAT008117
INVT008118,20280529,PRD202,ST011,482,19,97,404,40,2030-09-21,BAT008118
INVT008119,20260420,PRD073,ST042,362,45,12,395,20,2027-08-04,BAT008119
INVT008120,20280720,PRD070,ST032,186,138,98,226,25,2029-10-10,BAT008120
INVT008121,20261027,PRD045,ST031,442,86,2,526,40,2029-09-26,BAT008121
INVT008122,20270924,PRD121,ST006,165,36,35,166,20,2030-08-02,BAT008122
INVT008123,20260129,PRD200,ST006,368,107,89,386,30,2027-05-03,BAT008123
INVT008124,20270612,PRD201,ST011,296,23,35,284,30,2029-10-19,BAT008124
INVT008125,20230731,PRD218,ST021,403,136,115,424,40,2025-12-31,BAT008125
INVT008126,20271121,PRD084,ST050,483,54,56,481,50,2029-12-05,BAT008126
INVT008127,20280112,PRD237,ST007,396,118,15,499,25,2029-03-19,BAT008127
INVT008128,20250309,PRD045,ST032,244,122,0,366,40,2027-12-21,BAT008128
INVT008129,20230216,PRD001,ST009,137,112,73,176,40,2024-07-29,BAT008129
INVT008130,20260207,PRD157,ST022,143,113,64,192,30,2027-08-26,BAT008130
INVT008131,20230101,PRD006,ST015,360,139,63,436,50,2025-10-14,BAT008131
INVT008132,20230613,PRD216,ST019,266,87,106,247,50,2025-04-22,BAT008132
INVT008133,20231226,PRD277,ST027,327,77,76,328,50,2026-05-07,BAT008133
INVT008134,20260118,PRD100,ST045,141,1,26,116,50,2027-06-11,BAT008134
INVT008135,20241114,PRD194,ST036,489,103,64,528,40,2025-12-10,BAT008135
INVT008136,20250427,PRD241,ST024,240,125,68,297,30,2027-02-14,BAT008136
INVT008137,20260904,PRD248,ST046,405,98,113,390,30,2028-04-10,BAT008137
INVT008138,20230118,PRD297,ST010,183,107,36,254,25,2024-02-05,BAT008138
INVT008139,20280831,PRD058,ST015,116,38,22,132,30,2030-12-15,BAT008139
INVT008140,20270227,PRD010,ST017,88,35,20,103,40,2029-04-04,BAT008140
INVT008141,20260607,PRD123,ST045,458,95,93,460,20,2029-01-12,BAT008141
INVT008142,20260225,PRD162,ST024,428,113,29,512,20,2027-12-15,BAT008142
INVT008143,20240909,PRD218,ST028,140,37,103,74,30,2027-01-25,BAT008143
INVT008144,20271201,PRD220,ST001,153,142,19,276,50,2029-01-29,BAT008144
INVT008145,20280525,PRD036,ST004,75,36,32,79,30,2030-11-14,BAT008145
INVT008146,20281203,PRD220,ST018,107,117,83,141,50,2030-08-05,BAT008146
INVT008147,20270513,PRD245,ST039,175,57,96,136,50,2028-12-05,BAT008147
INVT008148,20251003,PRD259,ST013,420,50,67,403,40,2027-12-16,BAT008148
INVT008149,20280929,PRD108,ST036,418,102,66,454,50,2031-03-25,BAT008149
INVT008150,20240904,PRD177,ST033,112,114,26,200,50,2026-11-22,BAT008150
INVT008151,20240224,PRD194,ST023,142,36,31,147,30,2025-04-02,BAT008151
INVT008152,20280704,PRD121,ST031,328,125,29,424,30,2029-11-17,BAT008152
INVT008153,20240411,PRD297,ST039,317,6,48,275,50,2025-12-28,BAT008153
INVT008154,20270713,PRD016,ST043,150,53,118,85,30,2029-01-08,BAT008154
INVT008155,20261208,PRD030,ST035,252,118,19,351,25,2029-01-29,BAT008155
INVT008156,20271113,PRD095,ST035,95,14,57,52,40,2030-02-05,BAT008156
INVT008157,20280215,PRD228,ST050,325,105,56,374,25,2031-02-02,BAT008157
INVT008158,20280528,PRD039,ST035,84,11,45,50,50,2030-08-19,BAT008158
INVT008159,20251220,PRD221,ST033,453,146,114,485,50,2027-08-10,BAT008159
INVT008160,20250608,PRD017,ST024,160,124,35,249,20,2028-04-22,BAT008160
INVT008161,20271005,PRD081,ST017,121,99,15,205,20,2030-09-30,BAT008161
INVT008162,20250822,PRD124,ST010,193,142,88,247,40,2028-01-14,BAT008162
INVT008163,20250208,PRD200,ST023,105,135,68,172,30,2027-10-21,BAT008163
INVT008164,20240330,PRD275,ST027,436,100,10,526,25,2025-08-21,BAT008164
INVT008165,20260518,PRD011,ST026,171,93,60,204,25,2028-02-12,BAT008165
INVT008166,20280328,PRD207,ST014,356,140,44,452,40,2029-08-25,BAT008166
INVT008167,20270614,PRD268,ST021,67,2,59,10,25,2029-12-31,BAT008167
INVT008168,20260509,PRD117,ST033,381,90,67,404,20,2027-06-05,BAT008168
INVT008169,20280923,PRD220,ST028,401,145,20,526,30,2031-07-15,BAT008169
INVT008170,20260706,PRD009,ST021,83,68,78,73,20,2028-05-18,BAT008170
INVT008171,20280823,PRD240,ST048,164,88,92,160,50,2031-01-04,BAT008171
INVT008172,20270315,PRD140,ST015,478,73,101,450,30,2028-11-09,BAT008172
INVT008173,20270413,PRD151,ST040,339,100,12,427,20,2029-08-24,BAT008173
INVT008174,20280807,PRD294,ST039,375,113,58,430,25,2030-01-07,BAT008174
INVT008175,20241020,PRD073,ST045,269,78,111,236,40,2027-09-11,BAT008175
INVT008176,20231213,PRD166,ST016,171,8,1,178,25,2026-05-04,BAT008176
INVT008177,20230215,PRD070,ST030,446,93,94,445,20,2025-06-16,BAT008177
INVT008178,20270915,PRD241,ST049,404,111,88,427,50,2029-05-21,BAT008178
INVT008179,20230608,PRD164,ST007,179,91,30,240,50,2025-06-28,BAT008179
INVT008180,20230210,PRD060,ST028,314,18,19,313,20,2025-07-03,BAT008180
INVT008181,20261101,PRD004,ST004,62,103,78,87,50,2029-10-01,BAT008181
INVT008182,20231128,PRD179,ST024,321,88,118,291,50,2025-07-09,BAT008182
INVT008183,20241004,PRD074,ST017,181,81,45,217,40,2026-09-15,BAT008183
INVT008184,20250118,PRD109,ST012,115,24,38,101,50,2027-10-09,BAT008184
INVT008185,20260620,PRD144,ST050,92,48,79,61,50,2029-01-28,BAT008185
INVT008186,20270311,PRD044,ST029,255,144,76,323,25,2028-10-09,BAT008186
INVT008187,20230801,PRD123,ST036,90,81,55,116,50,2025-06-30,BAT008187
INVT008188,20230620,PRD247,ST001,228,111,76,263,30,2026-06-14,BAT008188
INVT008189,20230924,PRD007,ST028,470,53,52,471,20,2026-07-21,BAT008189
INVT008190,20230918,PRD072,ST034,486,124,37,573,20,2026-09-08,BAT008190
INVT008191,20280820,PRD058,ST005,282,48,3,327,40,2031-04-03,BAT008191
INVT008192,20250727,PRD272,ST010,85,70,40,115,25,2028-02-05,BAT008192
INVT008193,20271211,PRD266,ST038,358,148,113,393,50,2030-01-20,BAT008193
INVT008194,20240706,PRD259,ST037,170,1,99,72,25,2027-01-22,BAT008194
INVT008195,20260321,PRD029,ST024,123,19,64,78,30,2027-05-08,BAT008195
INVT008196,20260805,PRD197,ST004,336,48,95,289,20,2029-03-11,BAT008196
INVT008197,20240129,PRD077,ST042,259,13,33,239,50,2026-01-25,BAT008197
INVT008198,20281203,PRD291,ST027,216,67,78,205,50,2030-02-10,BAT008198
INVT008199,20260118,PRD140,ST001,354,61,69,346,40,2028-01-14,BAT008199
INVT008200,20260614,PRD236,ST005,368,47,115,300,40,2029-03-31,BAT008200
INVT008201,20230730,PRD191,ST017,311,117,39,389,50,2025-11-24,BAT008201
INVT008202,20230601,PRD173,ST026,244,39,28,255,20,2024-07-18,BAT008202
INVT008203,20270302,PRD201,ST001,349,79,34,394,40,2028-06-19,BAT008203
INVT008204,20270117,PRD006,ST007,120,56,117,59,30,2028-03-10,BAT008204
INVT008205,20270905,PRD203,ST041,241,96,55,282,20,2029-09-07,BAT008205
INVT008206,20230430,PRD179,ST040,60,130,109,81,30,2026-02-17,BAT008206
INVT008207,20270307,PRD235,ST028,218,124,68,274,50,2028-10-09,BAT008207
INVT008208,20280504,PRD294,ST045,177,149,12,314,50,2030-03-15,BAT008208
INVT008209,20280619,PRD137,ST015,286,38,112,212,50,2031-02-16,BAT008209
INVT008210,20230620,PRD098,ST021,495,39,10,524,50,2025-07-20,BAT008210
INVT008211,20230316,PRD064,ST002,120,116,54,182,30,2025-08-06,BAT008211
INVT008212,20231019,PRD158,ST012,178,58,21,215,20,2025-01-29,BAT008212
INVT008213,20231101,PRD298,ST004,116,111,82,145,40,2026-09-20,BAT008213
INVT008214,20240701,PRD121,ST032,280,49,80,249,50,2025-10-20,BAT008214
INVT008215,20250616,PRD128,ST001,363,137,31,469,20,2027-03-12,BAT008215
INVT008216,20270224,PRD084,ST016,301,136,117,320,20,2028-09-23,BAT008216
INVT008217,20260618,PRD198,ST014,459,50,94,415,25,2028-11-26,BAT008217
INVT008218,20271220,PRD136,ST041,128,93,53,168,30,2030-02-05,BAT008218
INVT008219,20270528,PRD212,ST049,322,8,95,235,30,2029-12-15,BAT008219
INVT008220,20230616,PRD017,ST004,416,92,116,392,50,2026-01-25,BAT008220
INVT008221,20261203,PRD111,ST035,109,83,60,132,30,2028-01-26,BAT008221
INVT008222,20240115,PRD161,ST018,163,139,88,214,30,2026-04-23,BAT008222
INVT008223,20240312,PRD287,ST041,75,123,58,140,50,2027-03-11,BAT008223
INVT008224,20260126,PRD055,ST019,500,135,66,569,20,2028-01-16,BAT008224
INVT008225,20240412,PRD152,ST018,268,104,11,361,50,2027-02-14,BAT008225
INVT008226,20261029,PRD130,ST008,282,23,4,301,20,2028-12-18,BAT008226
INVT008227,20270128,PRD213,ST010,252,100,54,298,50,2029-08-16,BAT008227
INVT008228,20270122,PRD149,ST021,391,85,30,446,40,2028-09-03,BAT008228
INVT008229,20280731,PRD255,ST028,271,92,77,286,50,2030-07-26,BAT008229
INVT008230,20230706,PRD087,ST043,167,70,36,201,25,2025-02-28,BAT008230
INVT008231,20240223,PRD220,ST012,144,97,54,187,30,2026-07-29,BAT008231
INVT008232,20260622,PRD056,ST034,381,100,12,469,30,2028-07-20,BAT008232
INVT008233,20241018,PRD281,ST034,169,103,27,245,30,2027-04-21,BAT008233
INVT008234,20230902,PRD192,ST049,155,51,11,195,30,2024-11-24,BAT008234
INVT008235,20250328,PRD040,ST044,150,88,55,183,20,2026-07-17,BAT008235
INVT008236,20271225,PRD003,ST011,298,129,37,390,40,2029-07-04,BAT008236
INVT008237,20260501,PRD158,ST030,475,147,100,522,25,2028-07-30,BAT008237
INVT008238,20241130,PRD090,ST015,444,28,61,411,40,2026-02-15,BAT008238
INVT008239,20270727,PRD286,ST011,137,88,66,159,50,2029-07-10,BAT008239
INVT008240,20281110,PRD140,ST043,150,30,27,153,30,2031-10-23,BAT008240
INVT008241,20280722,PRD156,ST001,320,114,39,395,40,2030-04-28,BAT008241
INVT008242,20230424,PRD232,ST013,362,122,19,465,50,2026-01-26,BAT008242
INVT008243,20270916,PRD054,ST048,299,88,52,335,30,2029-12-08,BAT008243
INVT008244,20280609,PRD293,ST004,247,31,64,214,25,2030-04-01,BAT008244
INVT008245,20251211,PRD077,ST022,113,22,64,71,20,2028-08-13,BAT008245
INVT008246,20260719,PRD134,ST022,210,19,74,155,25,2028-05-10,BAT008246
INVT008247,20240303,PRD189,ST009,313,110,30,393,30,2026-09-14,BAT008247
INVT008248,20251025,PRD004,ST005,268,22,85,205,40,2026-12-13,BAT008248
INVT008249,20270409,PRD129,ST039,110,77,39,148,30,2028-11-11,BAT008249
INVT008250,20251002,PRD253,ST045,228,45,2,271,20,2027-10-05,BAT008250
INVT008251,20270411,PRD049,ST018,272,27,48,251,30,2028-06-27,BAT008251
INVT008252,20261207,PRD243,ST015,146,121,54,213,50,2028-09-08,BAT008252
INVT008253,20230130,PRD046,ST013,186,18,80,124,40,2025-07-01,BAT008253
INVT008254,20231009,PRD008,ST040,52,124,14,162,50,2025-10-26,BAT008254
INVT008255,20280527,PRD053,ST043,203,88,13,278,30,2031-01-13,BAT008255
INVT008256,20270108,PRD051,ST018,348,91,41,398,50,2028-07-19,BAT008256
INVT008257,20280615,PRD109,ST025,331,9,111,229,40,2029-12-11,BAT008257
INVT008258,20270603,PRD219,ST047,89,132,6,215,50,2029-02-20,BAT008258
INVT008259,20250915,PRD267,ST034,85,97,105,77,50,2027-07-30,BAT008259
INVT008260,20281208,PRD072,ST030,415,43,25,433,20,2031-08-08,BAT008260
INVT008261,20230509,PRD234,ST002,453,79,92,440,40,2025-02-14,BAT008261
INVT008262,20251024,PRD175,ST001,170,5,84,91,20,2027-11-14,BAT008262
INVT008263,20230111,PRD134,ST023,415,31,86,360,50,2025-10-01,BAT008263
INVT008264,20230714,PRD262,ST006,479,131,61,549,25,2025-02-14,BAT008264
INVT008265,20230805,PRD015,ST012,302,96,30,368,25,2025-11-14,BAT008265
INVT008266,20250120,PRD086,ST014,450,127,28,549,40,2027-10-09,BAT008266
INVT008267,20260820,PRD031,ST017,475,53,18,510,40,2027-10-04,BAT008267
INVT008268,20260921,PRD300,ST004,183,118,29,272,30,2028-04-23,BAT008268
INVT008269,20260902,PRD073,ST011,264,93,33,324,50,2028-03-30,BAT008269
INVT008270,20230803,PRD177,ST014,338,119,113,344,25,2025-06-10,BAT008270
INVT008271,20270221,PRD050,ST013,396,88,103,381,50,2029-10-14,BAT008271
INVT008272,20271115,PRD152,ST010,265,15,81,199,40,2029-01-16,BAT008272
INVT008273,20230415,PRD288,ST040,411,117,20,508,40,2024-12-31,BAT008273
INVT008274,20230215,PRD161,ST006,182,62,14,230,40,2024-12-08,BAT008274
INVT008275,20240109,PRD036,ST039,364,22,89,297,25,2026-03-28,BAT008275
INVT008276,20270212,PRD215,ST020,417,12,82,347,25,2030-01-26,BAT008276
INVT008277,20270117,PRD148,ST012,269,10,5,274,40,2028-05-26,BAT008277
INVT008278,20250120,PRD086,ST013,316,66,26,356,30,2027-05-08,BAT008278
INVT008279,20250207,PRD276,ST042,355,81,118,318,50,2026-12-11,BAT008279
INVT008280,20270213,PRD288,ST037,135,39,41,133,20,2029-11-30,BAT008280
INVT008281,20280530,PRD143,ST032,214,45,76,183,30,2031-02-26,BAT008281
INVT008282,20271229,PRD235,ST023,253,93,40,306,20,2029-06-12,BAT008282
INVT008283,20281010,PRD263,ST044,366,85,55,396,25,2031-04-11,BAT008283
INVT008284,20250209,PRD220,ST032,258,108,44,322,40,2026-04-09,BAT008284
INVT008285,20250510,PRD042,ST048,51,20,21,50,25,2028-02-11,BAT008285
INVT008286,20231020,PRD126,ST015,379,132,63,448,30,2025-05-22,BAT008286
INVT008287,20251208,PRD092,ST005,204,73,94,183,50,2027-07-15,BAT008287
INVT008288,20261007,PRD148,ST044,447,84,96,435,40,2028-07-28,BAT008288
INVT008289,20280905,PRD270,ST046,371,59,79,351,40,2031-02-19,BAT008289
INVT008290,20250331,PRD288,ST045,115,92,19,188,30,2027-01-18,BAT008290
INVT008291,20250531,PRD019,ST040,488,49,120,417,30,2028-05-05,BAT008291
INVT008292,20251016,PRD174,ST012,82,90,8,164,40,2027-05-04,BAT008292
INVT008293,20260319,PRD195,ST027,485,5,120,370,40,2028-09-14,BAT008293
INVT008294,20240913,PRD131,ST031,102,91,60,133,30,2026-11-12,BAT008294
INVT008295,20240307,PRD009,ST035,73,19,4,88,25,2025-03-27,BAT008295
INVT008296,20241026,PRD092,ST007,416,35,26,425,50,2026-10-07,BAT008296
INVT008297,20270128,PRD055,ST012,99,106,76,129,50,2028-09-13,BAT008297
INVT008298,20240712,PRD098,ST010,334,90,116,308,30,2025-10-21,BAT008298
INVT008299,20251208,PRD065,ST011,259,59,80,238,25,2028-02-03,BAT008299
INVT008300,20240606,PRD059,ST019,185,81,25,241,40,2025-09-22,BAT008300
INVT008301,20261008,PRD019,ST018,214,31,106,139,50,2028-11-13,BAT008301
INVT008302,20280623,PRD279,ST029,302,140,64,378,20,2029-09-11,BAT008302
INVT008303,20240525,PRD181,ST049,360,25,26,359,25,2026-07-31,BAT008303
INVT008304,20260507,PRD096,ST013,139,100,24,215,30,2028-05-04,BAT008304
INVT008305,20260105,PRD213,ST040,398,10,26,382,25,2028-02-05,BAT008305
INVT008306,20250210,PRD045,ST003,498,87,56,529,20,2027-09-14,BAT008306
INVT008307,20280207,PRD127,ST012,152,140,12,280,30,2029-12-03,BAT008307
INVT008308,20261027,PRD174,ST009,282,143,93,332,40,2029-01-16,BAT008308
INVT008309,20241024,PRD196,ST001,500,46,112,434,25,2026-09-26,BAT008309
INVT008310,20271026,PRD146,ST002,396,149,29,516,20,2030-07-24,BAT008310
INVT008311,20281227,PRD222,ST033,360,20,76,304,30,2030-01-08,BAT008311
INVT008312,20280527,PRD288,ST028,303,145,50,398,50,2031-01-02,BAT008312
INVT008313,20250609,PRD269,ST007,341,31,113,259,50,2027-04-02,BAT008313
INVT008314,20280228,PRD140,ST025,110,44,30,124,20,2030-11-01,BAT008314
INVT008315,20230205,PRD019,ST010,198,23,46,175,30,2024-05-30,BAT008315
INVT008316,20280718,PRD168,ST034,439,101,115,425,25,2030-10-24,BAT008316
INVT008317,20250513,PRD171,ST014,153,42,112,83,40,2026-06-17,BAT008317
INVT008318,20240618,PRD259,ST050,467,102,52,517,40,2026-11-13,BAT008318
INVT008319,20271108,PRD273,ST024,466,138,106,498,30,2029-06-12,BAT008319
INVT008320,20231013,PRD046,ST025,132,17,7,142,40,2025-10-10,BAT008320
INVT008321,20231212,PRD157,ST045,365,64,107,322,40,2025-07-10,BAT008321
INVT008322,20270707,PRD187,ST044,454,74,95,433,25,2028-09-24,BAT008322
INVT008323,20230316,PRD175,ST023,274,126,8,392,20,2024-10-10,BAT008323
INVT008324,20230814,PRD074,ST030,219,146,53,312,20,2026-03-06,BAT008324
INVT008325,20260916,PRD281,ST025,362,115,77,400,25,2028-08-20,BAT008325
INVT008326,20281105,PRD154,ST014,180,41,24,197,20,2030-07-31,BAT008326
INVT008327,20260206,PRD171,ST011,429,25,21,433,30,2029-01-30,BAT008327
INVT008328,20271110,PRD024,ST028,121,1,96,26,50,2030-04-17,BAT008328
INVT008329,20240316,PRD283,ST003,399,69,6,462,50,2026-12-09,BAT008329
INVT008330,20240417,PRD163,ST008,458,77,95,440,20,2026-02-09,BAT008330
INVT008331,20230109,PRD184,ST004,335,89,1,423,20,2025-12-29,BAT008331
INVT008332,20250918,PRD137,ST031,372,69,91,350,25,2028-05-25,BAT008332
INVT008333,20270703,PRD113,ST027,180,18,113,85,25,2028-12-24,BAT008333
INVT008334,20270815,PRD156,ST029,119,81,88,112,30,2030-07-20,BAT008334
INVT008335,20250616,PRD295,ST048,491,45,36,500,30,2027-01-18,BAT008335
INVT008336,20270618,PRD007,ST019,114,64,3,175,50,2028-09-10,BAT008336
INVT008337,20280201,PRD145,ST046,372,70,17,425,30,2030-12-20,BAT008337
INVT008338,20250829,PRD293,ST045,409,102,67,444,30,2028-05-30,BAT008338
INVT008339,20250130,PRD232,ST028,307,45,2,350,50,2026-05-10,BAT008339
INVT008340,20240223,PRD085,ST010,207,98,49,256,20,2025-11-14,BAT008340
INVT008341,20241015,PRD275,ST003,359,124,0,483,25,2025-10-23,BAT008341
INVT008342,20280401,PRD008,ST039,272,63,45,290,20,2031-03-04,BAT008342
INVT008343,20260727,PRD040,ST005,290,87,83,294,25,2028-03-24,BAT008343
INVT008344,20240425,PRD226,ST004,119,89,114,94,25,2025-12-25,BAT008344
INVT008345,20280805,PRD243,ST001,322,99,6,415,30,2031-05-29,BAT008345
INVT008346,20250823,PRD240,ST049,295,88,70,313,40,2027-02-23,BAT008346
INVT008347,20270215,PRD102,ST030,94,126,17,203,20,2030-01-16,BAT008347
INVT008348,20240415,PRD166,ST015,172,58,3,227,20,2025-11-05,BAT008348
INVT008349,20250202,PRD173,ST025,344,106,34,416,40,2026-10-17,BAT008349
INVT008350,20231003,PRD098,ST016,85,25,45,65,20,2026-06-03,BAT008350
INVT008351,20270826,PRD258,ST015,362,74,69,367,30,2029-02-02,BAT008351
INVT008352,20240731,PRD212,ST042,271,50,11,310,30,2026-06-05,BAT008352
INVT008353,20250519,PRD010,ST038,500,7,26,481,30,2028-04-26,BAT008353
INVT008354,20240426,PRD127,ST005,232,97,81,248,30,2025-11-12,BAT008354
INVT008355,20270403,PRD222,ST032,95,53,51,97,30,2029-06-04,BAT008355
INVT008356,20250312,PRD169,ST006,432,77,41,468,25,2026-09-16,BAT008356
INVT008357,20281010,PRD070,ST014,121,83,87,117,25,2030-08-22,BAT008357
INVT008358,20280926,PRD165,ST047,145,114,97,162,50,2031-04-30,BAT008358
INVT008359,20250517,PRD131,ST039,484,104,45,543,40,2027-08-27,BAT008359
INVT008360,20260715,PRD282,ST016,378,56,44,390,25,2027-11-14,BAT008360
INVT008361,20280725,PRD001,ST044,248,75,0,323,40,2030-05-16,BAT008361
INVT008362,20231228,PRD074,ST013,404,19,41,382,30,2025-02-06,BAT008362
INVT008363,20240929,PRD158,ST017,285,128,26,387,20,2027-01-05,BAT008363
INVT008364,20260930,PRD008,ST007,254,50,18,286,40,2029-07-10,BAT008364
INVT008365,20230327,PRD098,ST042,187,146,14,319,30,2024-07-08,BAT008365
INVT008366,20230309,PRD178,ST009,244,101,25,320,40,2025-01-06,BAT008366
INVT008367,20241115,PRD238,ST010,423,18,23,418,40,2026-08-09,BAT008367
INVT008368,20260707,PRD146,ST013,248,124,53,319,50,2029-04-30,BAT008368
INVT008369,20280524,PRD222,ST031,387,78,49,416,40,2031-02-27,BAT008369
INVT008370,20250131,PRD198,ST039,313,104,90,327,25,2026-02-04,BAT008370
INVT008371,20231231,PRD120,ST014,162,33,62,133,50,2026-07-27,BAT008371
INVT008372,20240706,PRD049,ST029,50,43,82,11,40,2027-05-19,BAT008372
INVT008373,20280605,PRD062,ST039,340,98,9,429,30,2031-02-12,BAT008373
INVT008374,20260305,PRD049,ST035,230,30,39,221,40,2028-03-02,BAT008374
INVT008375,20270927,PRD064,ST027,428,10,101,337,25,2030-04-06,BAT008375
INVT008376,20260305,PRD299,ST021,403,38,50,391,20,2028-05-06,BAT008376
INVT008377,20281012,PRD095,ST011,306,117,72,351,30,2031-10-09,BAT008377
INVT008378,20270713,PRD037,ST020,448,21,96,373,20,2030-02-11,BAT008378
INVT008379,20270407,PRD196,ST005,394,94,78,410,25,2030-01-01,BAT008379
INVT008380,20250217,PRD081,ST047,222,115,67,270,50,2026-04-05,BAT008380
INVT008381,20280829,PRD172,ST003,266,145,1,410,25,2029-10-24,BAT008381
INVT008382,20250630,PRD147,ST048,433,123,94,462,20,2026-09-18,BAT008382
INVT008383,20250123,PRD026,ST009,290,54,3,341,25,2026-09-19,BAT008383
INVT008384,20281203,PRD186,ST041,343,84,89,338,20,2031-11-13,BAT008384
INVT008385,20240724,PRD079,ST003,287,39,18,308,25,2025-09-08,BAT008385
INVT008386,20250418,PRD125,ST024,426,141,19,548,25,2026-12-03,BAT008386
INVT008387,20270111,PRD035,ST007,407,30,30,407,50,2029-08-29,BAT008387
INVT008388,20280729,PRD241,ST016,327,117,77,367,25,2030-10-21,BAT008388
INVT008389,20280331,PRD200,ST029,323,40,31,332,40,2029-04-07,BAT008389
INVT008390,20260415,PRD094,ST009,353,98,103,348,40,2028-03-16,BAT008390
INVT008391,20240302,PRD156,ST017,401,66,101,366,50,2026-03-22,BAT008391
INVT008392,20261019,PRD236,ST018,151,6,114,43,40,2028-03-25,BAT008392
INVT008393,20230406,PRD196,ST034,83,79,86,76,50,2026-01-16,BAT008393
INVT008394,20260508,PRD290,ST040,370,31,75,326,50,2029-04-26,BAT008394
INVT008395,20271204,PRD073,ST004,138,131,10,259,20,2029-07-04,BAT008395
INVT008396,20230211,PRD003,ST034,189,60,118,131,25,2025-10-02,BAT008396
INVT008397,20240505,PRD149,ST006,346,140,14,472,20,2027-04-22,BAT008397
INVT008398,20271130,PRD211,ST016,149,5,80,74,30,2028-11-30,BAT008398
INVT008399,20280205,PRD144,ST037,223,13,111,125,30,2029-11-20,BAT008399
INVT008400,20250906,PRD088,ST029,99,42,73,68,50,2028-07-02,BAT008400
INVT008401,20230125,PRD073,ST046,316,71,83,304,30,2024-05-18,BAT008401
INVT008402,20270804,PRD045,ST044,243,54,87,210,40,2029-02-02,BAT008402
INVT008403,20260123,PRD030,ST034,429,134,98,465,30,2027-05-20,BAT008403
INVT008404,20271019,PRD120,ST009,173,129,13,289,25,2030-03-03,BAT008404
INVT008405,20230227,PRD164,ST031,414,75,9,480,20,2024-11-01,BAT008405
INVT008406,20280503,PRD211,ST011,139,106,109,136,30,2031-01-08,BAT008406
INVT008407,20260101,PRD063,ST046,217,32,46,203,50,2027-08-04,BAT008407
INVT008408,20281126,PRD180,ST006,460,110,29,541,30,2031-04-14,BAT008408
INVT008409,20281018,PRD038,ST008,260,72,100,232,30,2031-01-05,BAT008409
INVT008410,20270809,PRD257,ST018,462,122,13,571,25,2029-01-29,BAT008410
INVT008411,20230829,PRD052,ST050,80,45,106,19,50,2026-06-23,BAT008411
INVT008412,20240218,PRD174,ST034,445,87,87,445,20,2025-05-28,BAT008412
INVT008413,20270214,PRD270,ST006,111,13,12,112,30,2029-03-13,BAT008413
INVT008414,20230706,PRD068,ST013,442,94,31,505,30,2026-04-15,BAT008414
INVT008415,20270615,PRD261,ST011,311,3,12,302,30,2028-08-02,BAT008415
INVT008416,20240410,PRD072,ST045,174,86,54,206,25,2025-07-02,BAT008416
INVT008417,20270623,PRD254,ST025,252,12,18,246,40,2028-09-27,BAT008417
INVT008418,20270615,PRD288,ST038,142,118,67,193,50,2030-01-04,BAT008418
INVT008419,20260129,PRD240,ST033,444,117,11,550,50,2027-04-17,BAT008419
INVT008420,20250325,PRD273,ST015,207,127,85,249,40,2026-05-10,BAT008420
INVT008421,20261126,PRD046,ST001,381,65,60,386,25,2027-11-27,BAT008421
INVT008422,20230506,PRD095,ST034,134,24,27,131,20,2026-04-26,BAT008422
INVT008423,20231119,PRD153,ST033,138,79,80,137,20,2025-09-22,BAT008423
INVT008424,20250816,PRD011,ST018,439,75,39,475,40,2028-03-18,BAT008424
INVT008425,20280317,PRD273,ST041,351,75,18,408,30,2030-10-14,BAT008425
INVT008426,20270818,PRD114,ST020,346,4,97,253,20,2028-11-18,BAT008426
INVT008427,20280124,PRD215,ST034,418,57,31,444,30,2030-01-26,BAT008427
INVT008428,20230130,PRD032,ST017,103,93,11,185,20,2024-08-19,BAT008428
INVT008429,20230629,PRD110,ST002,276,99,109,266,40,2024-09-08,BAT008429
INVT008430,20280506,PRD003,ST025,409,27,49,387,40,2030-11-26,BAT008430
INVT008431,20260101,PRD212,ST020,457,137,86,508,25,2028-10-18,BAT008431
INVT008432,20230507,PRD268,ST032,114,135,39,210,50,2024-07-17,BAT008432
INVT008433,20280927,PRD055,ST035,249,146,50,345,50,2030-02-17,BAT008433
INVT008434,20250716,PRD144,ST017,181,14,41,154,30,2027-10-09,BAT008434
INVT008435,20240805,PRD159,ST032,437,118,21,534,20,2026-03-20,BAT008435
INVT008436,20270807,PRD101,ST042,256,39,3,292,50,2028-10-21,BAT008436
INVT008437,20270730,PRD004,ST043,189,149,86,252,30,2028-11-18,BAT008437
INVT008438,20280508,PRD081,ST013,84,7,8,83,40,2029-07-04,BAT008438
INVT008439,20270518,PRD217,ST034,242,62,104,200,40,2028-10-01,BAT008439
INVT008440,20240214,PRD280,ST024,452,142,73,521,25,2026-02-02,BAT008440
INVT008441,20281004,PRD129,ST047,418,13,103,328,30,2031-02-08,BAT008441
INVT008442,20230611,PRD188,ST045,283,22,105,200,25,2025-08-10,BAT008442
INVT008443,20260725,PRD199,ST023,246,71,12,305,40,2028-06-12,BAT008443
INVT008444,20270607,PRD200,ST027,284,24,42,266,40,2028-09-28,BAT008444
INVT008445,20231207,PRD061,ST009,69,126,2,193,20,2026-05-24,BAT008445
INVT008446,20230314,PRD173,ST041,319,145,24,440,30,2025-10-17,BAT008446
INVT008447,20270928,PRD252,ST041,351,47,102,296,40,2029-04-01,BAT008447
INVT008448,20270120,PRD174,ST009,226,117,53,290,20,2029-01-11,BAT008448
INVT008449,20230426,PRD122,ST013,227,131,82,276,30,2025-10-25,BAT008449
INVT008450,20230713,PRD265,ST027,83,129,55,157,50,2025-01-23,BAT008450
INVT008451,20230211,PRD130,ST014,193,37,20,210,50,2025-10-20,BAT008451
INVT008452,20280724,PRD277,ST024,161,33,105,89,20,2031-07-01,BAT008452
INVT008453,20230114,PRD034,ST046,173,56,115,114,50,2025-07-24,BAT008453
INVT008454,20250608,PRD005,ST037,57,71,0,128,20,2027-02-16,BAT008454
INVT008455,20280629,PRD216,ST023,333,79,106,306,50,2031-05-07,BAT008455
INVT008456,20230307,PRD055,ST020,71,86,55,102,30,2024-03-06,BAT008456
INVT008457,20240829,PRD181,ST029,330,125,4,451,50,2025-10-15,BAT008457
INVT008458,20260823,PRD029,ST010,399,118,94,423,50,2029-03-22,BAT008458
INVT008459,20230129,PRD139,ST026,148,101,77,172,20,2025-09-29,BAT008459
INVT008460,20240401,PRD265,ST049,148,133,53,228,30,2026-09-26,BAT008460
INVT008461,20250207,PRD195,ST009,259,150,116,293,40,2026-04-29,BAT008461
INVT008462,20270819,PRD100,ST025,277,121,113,285,20,2029-11-27,BAT008462
INVT008463,20280218,PRD163,ST012,356,105,91,370,50,2031-02-10,BAT008463
INVT008464,20260510,PRD093,ST045,246,25,45,226,30,2029-05-03,BAT008464
INVT008465,20280307,PRD277,ST035,423,22,85,360,30,2029-06-13,BAT008465
INVT008466,20240720,PRD133,ST021,476,41,101,416,40,2026-11-15,BAT008466
INVT008467,20230526,PRD186,ST003,455,136,102,489,40,2025-05-05,BAT008467
INVT008468,20261016,PRD021,ST021,270,41,33,278,30,2029-04-15,BAT008468
INVT008469,20231126,PRD279,ST048,458,137,68,527,40,2026-02-20,BAT008469
INVT008470,20281016,PRD189,ST002,101,57,113,45,50,2030-02-08,BAT008470
INVT008471,20250402,PRD270,ST030,81,112,117,76,30,2026-06-23,BAT008471
INVT008472,20260508,PRD087,ST002,101,61,35,127,50,2029-03-10,BAT008472
INVT008473,20260622,PRD109,ST036,432,44,69,407,20,2028-05-05,BAT008473
INVT008474,20230310,PRD150,ST025,140,79,60,159,50,2025-05-30,BAT008474
INVT008475,20250313,PRD184,ST029,435,47,27,455,40,2028-01-21,BAT008475
INVT008476,20241027,PRD247,ST015,169,12,64,117,50,2025-11-07,BAT008476
INVT008477,20250917,PRD157,ST021,447,75,39,483,40,2028-07-19,BAT008477
INVT008478,20280810,PRD146,ST016,439,45,106,378,20,2029-09-22,BAT008478
INVT008479,20260811,PRD152,ST039,248,143,53,338,20,2028-12-21,BAT008479
INVT008480,20280301,PRD097,ST004,450,120,72,498,20,2030-10-08,BAT008480
INVT008481,20231108,PRD293,ST040,378,128,108,398,30,2025-12-18,BAT008481
INVT008482,20280101,PRD215,ST005,288,4,76,216,50,2030-01-16,BAT008482
INVT008483,20240428,PRD048,ST049,70,55,91,34,30,2026-06-15,BAT008483
INVT008484,20241029,PRD164,ST031,404,101,17,488,20,2025-12-26,BAT008484
INVT008485,20230518,PRD073,ST034,63,88,58,93,50,2026-05-06,BAT008485
INVT008486,20261107,PRD192,ST002,62,14,32,44,30,2028-08-13,BAT008486
INVT008487,20231029,PRD177,ST028,485,97,87,495,25,2024-12-09,BAT008487
INVT008488,20270314,PRD230,ST011,304,95,55,344,25,2028-09-20,BAT008488
INVT008489,20230331,PRD084,ST008,280,81,69,292,50,2024-09-29,BAT008489
INVT008490,20250518,PRD289,ST045,61,82,24,119,40,2026-06-16,BAT008490
INVT008491,20240426,PRD117,ST042,294,100,89,305,20,2027-03-08,BAT008491
INVT008492,20280213,PRD095,ST001,393,55,19,429,30,2030-07-28,BAT008492
INVT008493,20250302,PRD073,ST015,381,119,114,386,40,2027-03-11,BAT008493
INVT008494,20270919,PRD252,ST031,363,69,119,313,40,2029-10-20,BAT008494
INVT008495,20260824,PRD105,ST012,191,29,97,123,30,2029-01-22,BAT008495
INVT008496,20260304,PRD080,ST027,382,143,77,448,50,2028-09-17,BAT008496
INVT008497,20230525,PRD250,ST029,233,121,111,243,30,2025-08-14,BAT008497
INVT008498,20261112,PRD272,ST022,396,112,70,438,30,2028-12-19,BAT008498
INVT008499,20260510,PRD188,ST006,447,148,22,573,30,2027-09-27,BAT008499
INVT008500,20280111,PRD291,ST016,185,98,68,215,25,2030-11-09,BAT008500
INVT008501,20270127,PRD047,ST026,227,36,23,240,50,2029-06-12,BAT008501
INVT008502,20250501,PRD168,ST007,94,140,59,175,40,2027-10-26,BAT008502
INVT008503,20270530,PRD124,ST017,371,17,35,353,30,2029-12-23,BAT008503
INVT008504,20280513,PRD249,ST029,203,113,120,196,40,2029-11-30,BAT008504
INVT008505,20271231,PRD040,ST002,148,17,67,98,50,2030-03-24,BAT008505
INVT008506,20250103,PRD255,ST032,497,145,53,589,20,2027-02-26,BAT008506
INVT008507,20280901,PRD268,ST043,245,112,85,272,30,2030-02-26,BAT008507
INVT008508,20230207,PRD170,ST044,409,7,85,331,30,2025-06-02,BAT008508
INVT008509,20281231,PRD152,ST026,139,36,105,70,20,2031-02-18,BAT008509
INVT008510,20250507,PRD135,ST050,258,84,11,331,50,2027-06-25,BAT008510
INVT008511,20260726,PRD059,ST023,169,21,16,174,20,2028-05-21,BAT008511
INVT008512,20231021,PRD120,ST046,316,32,80,268,50,2026-03-17,BAT008512
INVT008513,20280606,PRD025,ST035,433,110,84,459,50,2030-08-17,BAT008513
INVT008514,20260713,PRD056,ST041,179,111,107,183,40,2027-09-05,BAT008514
INVT008515,20240224,PRD254,ST001,459,89,72,476,25,2026-11-13,BAT008515
INVT008516,20270826,PRD238,ST003,104,85,47,142,25,2029-03-01,BAT008516
INVT008517,20270507,PRD158,ST005,427,34,33,428,40,2029-05-24,BAT008517
INVT008518,20261003,PRD079,ST045,386,92,91,387,40,2029-04-29,BAT008518
INVT008519,20280127,PRD101,ST021,108,97,69,136,25,2029-06-17,BAT008519
INVT008520,20230124,PRD093,ST011,458,118,91,485,20,2024-04-17,BAT008520
INVT008521,20250527,PRD042,ST033,75,15,18,72,20,2027-03-07,BAT008521
INVT008522,20281026,PRD027,ST003,418,136,32,522,40,2031-09-28,BAT008522
INVT008523,20260714,PRD171,ST024,278,124,31,371,30,2029-06-16,BAT008523
INVT008524,20250606,PRD077,ST036,142,58,113,87,50,2026-08-14,BAT008524
INVT008525,20250210,PRD066,ST043,411,16,70,357,25,2027-04-11,BAT008525
INVT008526,20270518,PRD298,ST047,184,132,31,285,30,2030-01-08,BAT008526
INVT008527,20281002,PRD006,ST034,189,99,76,212,50,2031-02-23,BAT008527
INVT008528,20250425,PRD071,ST037,450,116,114,452,30,2027-09-29,BAT008528
INVT008529,20260122,PRD172,ST028,122,121,13,230,25,2028-05-13,BAT008529
INVT008530,20230807,PRD074,ST017,203,100,108,195,50,2026-01-25,BAT008530
INVT008531,20260207,PRD179,ST037,327,7,77,257,20,2028-03-01,BAT008531
INVT008532,20270624,PRD015,ST037,202,119,67,254,25,2028-08-17,BAT008532
INVT008533,20270903,PRD076,ST028,198,103,92,209,30,2030-01-29,BAT008533
INVT008534,20281218,PRD290,ST038,333,127,22,438,30,2030-09-18,BAT008534
INVT008535,20260515,PRD200,ST016,92,36,93,35,50,2029-04-14,BAT008535
INVT008536,20260221,PRD072,ST044,71,148,22,197,40,2027-12-31,BAT008536
INVT008537,20251003,PRD291,ST003,351,132,11,472,20,2027-02-26,BAT008537
INVT008538,20240720,PRD020,ST012,434,18,43,409,20,2025-12-08,BAT008538
INVT008539,20280910,PRD182,ST006,157,98,65,190,30,2029-10-12,BAT008539
INVT008540,20260822,PRD149,ST007,416,99,85,430,30,2028-02-07,BAT008540
INVT008541,20250730,PRD251,ST001,50,137,110,77,40,2027-12-22,BAT008541
INVT008542,20280504,PRD191,ST005,364,13,96,281,20,2029-11-30,BAT008542
INVT008543,20241221,PRD082,ST047,270,6,60,216,25,2026-10-10,BAT008543
INVT008544,20280316,PRD261,ST048,196,61,20,237,40,2030-07-07,BAT008544
INVT008545,20251116,PRD273,ST020,266,69,81,254,25,2027-02-03,BAT008545
INVT008546,20230911,PRD107,ST009,161,59,69,151,30,2025-05-31,BAT008546
INVT008547,20250921,PRD229,ST046,272,123,30,365,20,2027-09-20,BAT008547
INVT008548,20261105,PRD276,ST012,89,108,113,84,30,2028-10-19,BAT008548
INVT008549,20270915,PRD280,ST010,120,69,26,163,20,2029-01-31,BAT008549
INVT008550,20231124,PRD077,ST023,237,128,64,301,50,2026-05-09,BAT008550
INVT008551,20250311,PRD087,ST045,155,5,61,99,50,2026-07-11,BAT008551
INVT008552,20251230,PRD057,ST009,447,84,59,472,20,2028-11-07,BAT008552
INVT008553,20270817,PRD231,ST004,284,127,106,305,50,2030-08-06,BAT008553
INVT008554,20250202,PRD154,ST017,414,87,38,463,40,2027-01-01,BAT008554
INVT008555,20271130,PRD036,ST007,168,28,47,149,40,2030-05-22,BAT008555
INVT008556,20280615,PRD108,ST008,394,10,16,388,30,2029-11-23,BAT008556
INVT008557,20270505,PRD152,ST021,357,109,113,353,25,2029-12-10,BAT008557
INVT008558,20260219,PRD219,ST034,196,95,65,226,25,2029-02-13,BAT008558
INVT008559,20240212,PRD007,ST037,57,49,44,62,50,2027-01-07,BAT008559
INVT008560,20261113,PRD258,ST046,293,34,48,279,25,2029-10-10,BAT008560
INVT008561,20250206,PRD243,ST023,67,47,62,52,20,2027-10-19,BAT008561
INVT008562,20240925,PRD200,ST020,144,28,95,77,20,2026-03-21,BAT008562
INVT008563,20250821,PRD282,ST050,274,41,118,197,50,2028-03-03,BAT008563
INVT008564,20230508,PRD251,ST016,272,106,119,259,30,2025-12-10,BAT008564
INVT008565,20280714,PRD022,ST025,382,80,74,388,50,2029-07-16,BAT008565
INVT008566,20240424,PRD289,ST026,389,68,28,429,25,2026-04-12,BAT008566
INVT008567,20270823,PRD074,ST013,347,85,100,332,20,2029-02-14,BAT008567
INVT008568,20231027,PRD040,ST008,310,120,0,430,20,2024-10-30,BAT008568
INVT008569,20230614,PRD276,ST009,141,32,7,166,30,2025-02-09,BAT008569
INVT008570,20240621,PRD086,ST003,327,150,30,447,50,2026-06-23,BAT008570
INVT008571,20270420,PRD026,ST034,342,135,3,474,30,2029-06-27,BAT008571
INVT008572,20270418,PRD037,ST029,109,3,110,2,20,2029-02-03,BAT008572
INVT008573,20280409,PRD275,ST012,184,119,105,198,30,2030-11-08,BAT008573
INVT008574,20240213,PRD063,ST032,148,145,5,288,40,2026-04-16,BAT008574
INVT008575,20260820,PRD030,ST048,256,131,67,320,50,2028-08-27,BAT008575
INVT008576,20280307,PRD220,ST050,69,46,59,56,25,2029-07-09,BAT008576
INVT008577,20271006,PRD011,ST016,474,89,6,557,25,2030-09-10,BAT008577
INVT008578,20260604,PRD175,ST001,251,51,16,286,40,2027-08-05,BAT008578
INVT008579,20261202,PRD080,ST018,95,109,77,127,30,2029-09-12,BAT008579
INVT008580,20260709,PRD221,ST020,245,137,53,329,40,2028-10-29,BAT008580
INVT008581,20270613,PRD131,ST027,364,30,35,359,25,2029-11-11,BAT008581
INVT008582,20260603,PRD005,ST002,52,3,53,2,20,2028-01-05,BAT008582
INVT008583,20271222,PRD135,ST013,279,130,34,375,40,2029-03-30,BAT008583
INVT008584,20230312,PRD244,ST016,309,45,24,330,25,2024-08-08,BAT008584
INVT008585,20260824,PRD278,ST045,164,57,61,160,40,2028-02-08,BAT008585
INVT008586,20240801,PRD108,ST047,170,68,42,196,20,2025-11-27,BAT008586
INVT008587,20261103,PRD142,ST008,291,126,51,366,30,2029-02-17,BAT008587
INVT008588,20270923,PRD224,ST006,71,12,4,79,20,2029-09-16,BAT008588
INVT008589,20231220,PRD063,ST034,245,41,82,204,30,2026-05-14,BAT008589
INVT008590,20250904,PRD111,ST041,155,77,65,167,50,2026-11-30,BAT008590
INVT008591,20260314,PRD029,ST009,252,150,82,320,40,2027-10-30,BAT008591
INVT008592,20231220,PRD164,ST045,227,89,86,230,50,2025-02-05,BAT008592
INVT008593,20230319,PRD258,ST031,239,127,98,268,30,2025-07-02,BAT008593
INVT008594,20260907,PRD051,ST045,158,28,65,121,25,2029-03-24,BAT008594
INVT008595,20240710,PRD099,ST032,77,137,35,179,30,2026-03-29,BAT008595
INVT008596,20270509,PRD275,ST041,213,4,13,204,25,2030-02-13,BAT008596
INVT008597,20231225,PRD126,ST033,237,76,109,204,20,2026-07-09,BAT008597
INVT008598,20260618,PRD091,ST040,165,41,51,155,30,2028-05-13,BAT008598
INVT008599,20280201,PRD024,ST005,290,114,31,373,25,2030-06-13,BAT008599
INVT008600,20230605,PRD035,ST004,266,92,24,334,40,2024-07-19,BAT008600
INVT008601,20261118,PRD151,ST047,473,144,62,555,20,2028-05-24,BAT008601
INVT008602,20280421,PRD296,ST015,90,9,68,31,25,2030-05-23,BAT008602
INVT008603,20241106,PRD247,ST030,210,107,108,209,50,2027-07-19,BAT008603
INVT008604,20230102,PRD223,ST045,61,76,14,123,50,2025-03-21,BAT008604
INVT008605,20270510,PRD006,ST040,234,98,51,281,20,2028-08-03,BAT008605
INVT008606,20250204,PRD282,ST037,116,22,90,48,20,2027-06-11,BAT008606
INVT008607,20260706,PRD258,ST028,205,56,46,215,50,2028-03-05,BAT008607
INVT008608,20230402,PRD300,ST032,214,57,25,246,40,2024-10-20,BAT008608
INVT008609,20240407,PRD135,ST038,492,34,64,462,50,2026-05-29,BAT008609
INVT008610,20240122,PRD265,ST044,256,30,84,202,40,2025-12-14,BAT008610
INVT008611,20270605,PRD280,ST028,161,64,115,110,30,2030-04-10,BAT008611
INVT008612,20260130,PRD196,ST018,391,43,22,412,20,2028-03-31,BAT008612
INVT008613,20240919,PRD174,ST050,225,135,99,261,25,2025-11-13,BAT008613
INVT008614,20230214,PRD102,ST023,323,15,84,254,50,2025-05-30,BAT008614
INVT008615,20270217,PRD208,ST041,175,65,95,145,30,2029-11-09,BAT008615
INVT008616,20240201,PRD021,ST033,315,89,107,297,25,2025-11-24,BAT008616
INVT008617,20250910,PRD044,ST039,476,47,56,467,25,2027-12-17,BAT008617
INVT008618,20271218,PRD260,ST014,197,12,63,146,50,2030-11-19,BAT008618
INVT008619,20250208,PRD071,ST033,90,142,11,221,40,2027-12-18,BAT008619
INVT008620,20280424,PRD045,ST032,281,24,15,290,20,2029-12-11,BAT008620
INVT008621,20260311,PRD023,ST012,77,125,111,91,25,2028-05-31,BAT008621
INVT008622,20230928,PRD256,ST020,213,116,96,233,30,2025-01-13,BAT008622
INVT008623,20280424,PRD034,ST033,189,135,0,324,20,2029-06-26,BAT008623
INVT008624,20230426,PRD008,ST006,166,61,7,220,25,2024-08-23,BAT008624
INVT008625,20260205,PRD281,ST038,59,65,117,7,20,2027-04-27,BAT008625
INVT008626,20240119,PRD127,ST050,378,146,20,504,20,2026-01-16,BAT008626
INVT008627,20231116,PRD298,ST010,288,125,120,293,25,2025-08-14,BAT008627
INVT008628,20260328,PRD128,ST042,279,107,36,350,30,2028-04-17,BAT008628
INVT008629,20231106,PRD266,ST047,429,79,54,454,50,2026-06-15,BAT008629
INVT008630,20240209,PRD192,ST045,375,139,95,419,25,2025-09-07,BAT008630
INVT008631,20270615,PRD169,ST040,439,113,39,513,40,2028-07-29,BAT008631
INVT008632,20240303,PRD150,ST033,286,30,77,239,25,2027-02-15,BAT008632
INVT008633,20230303,PRD262,ST015,164,133,113,184,25,2025-03-21,BAT008633
INVT008634,20261124,PRD217,ST008,340,120,68,392,50,2028-12-15,BAT008634
INVT008635,20231016,PRD070,ST025,256,105,87,274,50,2026-06-01,BAT008635
INVT008636,20240429,PRD198,ST047,483,146,108,521,50,2025-10-07,BAT008636
INVT008637,20280218,PRD232,ST044,63,128,103,88,40,2031-01-30,BAT008637
INVT008638,20270324,PRD182,ST030,455,75,118,412,50,2029-05-31,BAT008638
INVT008639,20270301,PRD231,ST029,389,81,76,394,40,2029-07-15,BAT008639
INVT008640,20271112,PRD247,ST014,404,129,2,531,20,2030-02-27,BAT008640
INVT008641,20260726,PRD018,ST047,467,105,67,505,25,2028-02-07,BAT008641
INVT008642,20251013,PRD244,ST016,478,57,72,463,25,2027-07-25,BAT008642
INVT008643,20280330,PRD145,ST045,97,44,55,86,40,2030-10-26,BAT008643
INVT008644,20280810,PRD208,ST022,279,13,57,235,25,2031-06-01,BAT008644
INVT008645,20270216,PRD134,ST026,51,92,19,124,20,2029-05-31,BAT008645
INVT008646,20250510,PRD070,ST005,177,55,0,232,30,2027-10-18,BAT008646
INVT008647,20271203,PRD287,ST038,135,130,67,198,20,2029-05-19,BAT008647
INVT008648,20241002,PRD178,ST022,447,127,50,524,50,2026-05-13,BAT008648
INVT008649,20230814,PRD263,ST034,325,55,63,317,20,2025-11-05,BAT008649
INVT008650,20231008,PRD006,ST027,115,48,87,76,20,2025-09-26,BAT008650
INVT008651,20260301,PRD116,ST050,206,75,79,202,20,2028-09-27,BAT008651
INVT008652,20280708,PRD159,ST030,51,139,113,77,30,2031-01-13,BAT008652
INVT008653,20270615,PRD250,ST008,107,112,96,123,25,2029-04-10,BAT008653
INVT008654,20281204,PRD162,ST038,243,61,32,272,25,2031-02-09,BAT008654
INVT008655,20270311,PRD025,ST040,178,26,53,151,25,2029-12-16,BAT008655
INVT008656,20270524,PRD234,ST012,186,2,64,124,50,2029-06-15,BAT008656
INVT008657,20241102,PRD287,ST043,302,14,10,306,25,2026-03-28,BAT008657
INVT008658,20240218,PRD191,ST026,267,114,7,374,20,2027-01-11,BAT008658
INVT008659,20231110,PRD262,ST030,110,118,14,214,20,2025-08-10,BAT008659
INVT008660,20260928,PRD294,ST039,131,11,60,82,20,2029-03-09,BAT008660
INVT008661,20230402,PRD077,ST012,90,62,13,139,50,2025-11-18,BAT008661
INVT008662,20270617,PRD017,ST021,67,48,39,76,40,2028-10-05,BAT008662
INVT008663,20240104,PRD243,ST016,201,23,120,104,40,2026-12-27,BAT008663
INVT008664,20251117,PRD046,ST018,258,88,46,300,30,2027-10-18,BAT008664
INVT008665,20231218,PRD094,ST016,490,52,119,423,30,2025-12-24,BAT008665
INVT008666,20231104,PRD213,ST049,204,22,44,182,40,2025-12-23,BAT008666
INVT008667,20250303,PRD013,ST045,150,97,25,222,25,2027-08-09,BAT008667
INVT008668,20270815,PRD158,ST033,254,85,2,337,20,2029-11-14,BAT008668
INVT008669,20260421,PRD135,ST014,216,45,115,146,30,2029-02-16,BAT008669
INVT008670,20230106,PRD033,ST037,94,105,46,153,25,2025-02-16,BAT008670
INVT008671,20251129,PRD237,ST002,463,100,83,480,40,2028-08-18,BAT008671
INVT008672,20271016,PRD246,ST032,309,25,105,229,25,2029-07-13,BAT008672
INVT008673,20230922,PRD159,ST022,126,70,109,87,30,2026-04-04,BAT008673
INVT008674,20271110,PRD141,ST050,348,16,87,277,30,2029-06-18,BAT008674
INVT008675,20261118,PRD013,ST037,58,67,25,100,30,2028-02-03,BAT008675
INVT008676,20281102,PRD142,ST003,243,53,76,220,25,2031-07-10,BAT008676
INVT008677,20251120,PRD207,ST024,100,52,18,134,40,2027-02-15,BAT008677
INVT008678,20230721,PRD018,ST020,366,149,13,502,25,2025-10-02,BAT008678
INVT008679,20260221,PRD121,ST034,185,120,91,214,20,2028-11-06,BAT008679
INVT008680,20240206,PRD295,ST011,381,4,46,339,20,2026-10-18,BAT008680
INVT008681,20240125,PRD197,ST014,172,145,86,231,25,2026-11-29,BAT008681
INVT008682,20250925,PRD201,ST009,212,149,28,333,25,2028-04-12,BAT008682
INVT008683,20271022,PRD185,ST032,432,30,14,448,50,2029-04-11,BAT008683
INVT008684,20260415,PRD294,ST048,105,35,65,75,25,2027-04-17,BAT008684
INVT008685,20230419,PRD219,ST012,495,61,97,459,50,2024-08-11,BAT008685
INVT008686,20280929,PRD109,ST042,368,43,34,377,30,2030-01-25,BAT008686
INVT008687,20270825,PRD253,ST037,95,126,57,164,40,2028-12-27,BAT008687
INVT008688,20271124,PRD005,ST032,367,21,12,376,40,2029-04-16,BAT008688
INVT008689,20240903,PRD122,ST015,410,83,72,421,20,2026-05-15,BAT008689
INVT008690,20250508,PRD186,ST014,92,95,31,156,30,2027-07-24,BAT008690
INVT008691,20241117,PRD279,ST030,418,35,91,362,30,2026-11-14,BAT008691
INVT008692,20230401,PRD140,ST046,404,7,73,338,30,2024-07-15,BAT008692
INVT008693,20251227,PRD229,ST043,304,23,96,231,40,2028-07-12,BAT008693
INVT008694,20241110,PRD273,ST043,362,137,22,477,20,2027-05-13,BAT008694
INVT008695,20240610,PRD149,ST019,247,140,20,367,20,2026-07-24,BAT008695
INVT008696,20250308,PRD193,ST009,356,124,0,480,25,2027-08-25,BAT008696
INVT008697,20271102,PRD146,ST042,493,112,112,493,25,2029-03-25,BAT008697
INVT008698,20241027,PRD112,ST009,120,64,20,164,40,2026-05-19,BAT008698
INVT008699,20280130,PRD285,ST047,159,100,65,194,20,2029-07-10,BAT008699
INVT008700,20261026,PRD129,ST007,200,87,17,270,50,2029-03-05,BAT008700
INVT008701,20260221,PRD245,ST023,362,1,35,328,30,2028-06-11,BAT008701
INVT008702,20260305,PRD047,ST029,267,79,27,319,30,2027-12-05,BAT008702
INVT008703,20231116,PRD002,ST023,284,150,38,396,20,2025-12-15,BAT008703
INVT008704,20260810,PRD094,ST049,229,55,22,262,50,2028-04-18,BAT008704
INVT008705,20240609,PRD138,ST020,477,68,84,461,50,2026-02-01,BAT008705
INVT008706,20260211,PRD192,ST008,345,150,47,448,30,2027-02-16,BAT008706
INVT008707,20280116,PRD248,ST021,464,67,63,468,25,2030-07-25,BAT008707
INVT008708,20240510,PRD165,ST043,280,7,116,171,40,2026-07-17,BAT008708
INVT008709,20241229,PRD178,ST046,50,26,54,22,25,2026-07-08,BAT008709
INVT008710,20230418,PRD154,ST013,387,114,56,445,20,2025-01-07,BAT008710
INVT008711,20260314,PRD281,ST031,134,72,66,140,30,2028-11-01,BAT008711
INVT008712,20240613,PRD220,ST008,228,44,118,154,50,2027-05-15,BAT008712
INVT008713,20250831,PRD003,ST021,434,108,70,472,25,2026-10-22,BAT008713
INVT008714,20230712,PRD261,ST012,60,121,82,99,50,2024-07-15,BAT008714
INVT008715,20280816,PRD264,ST012,137,9,74,72,25,2030-08-15,BAT008715
INVT008716,20241225,PRD059,ST001,381,70,98,353,25,2026-07-13,BAT008716
INVT008717,20261116,PRD133,ST032,339,20,27,332,20,2028-04-24,BAT008717
INVT008718,20280629,PRD298,ST009,350,148,1,497,25,2030-05-17,BAT008718
INVT008719,20231222,PRD012,ST001,457,42,21,478,40,2026-08-25,BAT008719
INVT008720,20240711,PRD185,ST030,342,146,106,382,50,2026-12-31,BAT008720
INVT008721,20251011,PRD171,ST040,403,64,118,349,25,2027-04-01,BAT008721
INVT008722,20271102,PRD018,ST015,141,43,38,146,20,2030-05-19,BAT008722
INVT008723,20230119,PRD240,ST031,378,8,1,385,25,2025-05-25,BAT008723
INVT008724,20281227,PRD054,ST032,104,88,6,186,40,2031-07-05,BAT008724
INVT008725,20260904,PRD076,ST019,245,3,64,184,50,2029-04-01,BAT008725
INVT008726,20270221,PRD295,ST011,395,12,69,338,30,2028-06-19,BAT008726
INVT008727,20270106,PRD044,ST050,145,35,82,98,50,2029-03-07,BAT008727
INVT008728,20270419,PRD024,ST002,343,149,79,413,40,2030-03-25,BAT008728
INVT008729,20260401,PRD296,ST018,106,26,99,33,40,2027-07-22,BAT008729
INVT008730,20270309,PRD299,ST004,170,103,37,236,50,2029-07-21,BAT008730
INVT008731,20251013,PRD242,ST009,406,88,78,416,20,2027-01-29,BAT008731
INVT008732,20240820,PRD162,ST039,344,109,64,389,30,2027-02-04,BAT008732
INVT008733,20250414,PRD138,ST049,167,34,72,129,40,2027-10-19,BAT008733
INVT008734,20271013,PRD252,ST005,221,79,120,180,25,2030-05-15,BAT008734
INVT008735,20261023,PRD166,ST032,91,148,38,201,40,2029-09-09,BAT008735
INVT008736,20280727,PRD027,ST003,289,22,76,235,20,2031-05-17,BAT008736
INVT008737,20230712,PRD119,ST024,146,56,51,151,25,2025-07-03,BAT008737
INVT008738,20240831,PRD059,ST041,290,45,25,310,30,2025-09-11,BAT008738
INVT008739,20261018,PRD045,ST024,214,136,92,258,50,2029-08-09,BAT008739
INVT008740,20271113,PRD216,ST016,468,28,84,412,30,2030-09-25,BAT008740
INVT008741,20250625,PRD278,ST030,78,96,14,160,20,2027-06-11,BAT008741
INVT008742,20260529,PRD075,ST008,107,133,97,143,50,2029-02-22,BAT008742
INVT008743,20261016,PRD132,ST039,413,29,79,363,25,2029-10-12,BAT008743
INVT008744,20270502,PRD167,ST043,347,85,15,417,40,2028-11-27,BAT008744
INVT008745,20250811,PRD202,ST042,249,108,39,318,50,2026-12-11,BAT008745
INVT008746,20260215,PRD115,ST006,161,115,115,161,30,2027-03-10,BAT008746
INVT008747,20230103,PRD048,ST037,329,14,113,230,20,2024-04-22,BAT008747
INVT008748,20230120,PRD210,ST016,334,42,23,353,30,2024-10-23,BAT008748
INVT008749,20250821,PRD082,ST025,227,67,117,177,50,2027-07-08,BAT008749
INVT008750,20231125,PRD264,ST039,370,128,15,483,50,2026-04-06,BAT008750
INVT008751,20280812,PRD170,ST021,83,115,76,122,20,2030-08-01,BAT008751
INVT008752,20260313,PRD123,ST026,346,142,115,373,20,2028-12-28,BAT008752
INVT008753,20250524,PRD139,ST024,358,65,68,355,50,2026-12-19,BAT008753
INVT008754,20230428,PRD146,ST040,189,12,67,134,20,2026-01-09,BAT008754
INVT008755,20231012,PRD018,ST001,263,150,41,372,40,2026-06-30,BAT008755
INVT008756,20240118,PRD275,ST045,160,48,119,89,25,2025-04-14,BAT008756
INVT008757,20270617,PRD241,ST038,438,43,49,432,40,2029-04-06,BAT008757
INVT008758,20230312,PRD122,ST046,74,114,44,144,20,2025-02-18,BAT008758
INVT008759,20230421,PRD221,ST018,60,132,14,178,20,2025-05-09,BAT008759
INVT008760,20280107,PRD057,ST004,344,26,56,314,50,2030-01-25,BAT008760
INVT008761,20270222,PRD051,ST002,461,83,77,467,25,2028-03-19,BAT008761
INVT008762,20270416,PRD169,ST014,420,127,37,510,50,2029-01-18,BAT008762
INVT008763,20261220,PRD183,ST046,322,50,76,296,25,2028-03-16,BAT008763
INVT008764,20281121,PRD187,ST047,272,98,93,277,30,2030-08-10,BAT008764
INVT008765,20251003,PRD131,ST030,311,27,101,237,25,2027-11-27,BAT008765
INVT008766,20281019,PRD281,ST033,424,31,0,455,40,2031-07-23,BAT008766
INVT008767,20270320,PRD123,ST012,80,20,76,24,40,2028-04-28,BAT008767
INVT008768,20250611,PRD012,ST032,371,134,15,490,40,2027-08-18,BAT008768
INVT008769,20240610,PRD128,ST046,138,83,42,179,50,2026-12-19,BAT008769
INVT008770,20240411,PRD044,ST042,429,29,21,437,40,2026-07-29,BAT008770
INVT008771,20270911,PRD051,ST024,485,24,69,440,20,2029-12-14,BAT008771
INVT008772,20280821,PRD137,ST020,114,67,49,132,40,2030-11-09,BAT008772
INVT008773,20230321,PRD032,ST017,495,35,102,428,30,2025-12-02,BAT008773
INVT008774,20271223,PRD211,ST021,304,23,23,304,30,2029-09-10,BAT008774
INVT008775,20260506,PRD180,ST035,204,112,72,244,30,2027-08-03,BAT008775
INVT008776,20270521,PRD033,ST017,343,4,108,239,20,2030-03-26,BAT008776
INVT008777,20251219,PRD015,ST045,499,150,2,647,30,2027-10-25,BAT008777
INVT008778,20260516,PRD160,ST037,266,43,83,226,30,2027-10-11,BAT008778
INVT008779,20240324,PRD216,ST023,176,141,115,202,50,2026-07-04,BAT008779
INVT008780,20250608,PRD299,ST044,74,117,115,76,40,2027-07-12,BAT008780
INVT008781,20270706,PRD249,ST023,409,38,108,339,30,2030-04-25,BAT008781
INVT008782,20260503,PRD094,ST001,481,61,13,529,30,2028-09-06,BAT008782
INVT008783,20280715,PRD005,ST026,227,142,8,361,20,2029-11-26,BAT008783
INVT008784,20260210,PRD189,ST049,79,121,56,144,50,2027-10-07,BAT008784
INVT008785,20271120,PRD115,ST021,71,107,94,84,50,2029-01-07,BAT008785
INVT008786,20240226,PRD292,ST009,124,117,15,226,40,2026-04-26,BAT008786
INVT008787,20241202,PRD106,ST039,380,58,45,393,25,2027-02-04,BAT008787
INVT008788,20230106,PRD044,ST030,372,114,22,464,40,2024-12-22,BAT008788
INVT008789,20261007,PRD259,ST005,478,52,16,514,40,2028-01-15,BAT008789
INVT008790,20250216,PRD172,ST042,456,66,120,402,25,2027-05-25,BAT008790
INVT008791,20230123,PRD043,ST043,480,141,16,605,25,2024-08-17,BAT008791
INVT008792,20240627,PRD030,ST004,135,83,110,108,25,2025-08-10,BAT008792
INVT008793,20260202,PRD205,ST031,425,79,2,502,40,2027-05-09,BAT008793
INVT008794,20270305,PRD113,ST015,107,19,43,83,40,2028-12-31,BAT008794
INVT008795,20280908,PRD113,ST021,485,106,22,569,50,2030-12-23,BAT008795
INVT008796,20261022,PRD099,ST044,104,130,33,201,50,2028-06-20,BAT008796
INVT008797,20250831,PRD194,ST019,338,38,14,362,30,2027-01-31,BAT008797
INVT008798,20270827,PRD130,ST024,316,119,96,339,20,2029-09-17,BAT008798
INVT008799,20270422,PRD100,ST042,363,53,91,325,20,2028-11-19,BAT008799
INVT008800,20240627,PRD083,ST007,272,141,91,322,50,2025-08-13,BAT008800
INVT008801,20280325,PRD002,ST007,312,39,111,240,20,2031-03-12,BAT008801
INVT008802,20261001,PRD173,ST032,184,22,114,92,25,2028-10-11,BAT008802
INVT008803,20240216,PRD092,ST007,328,139,24,443,25,2025-12-09,BAT008803
INVT008804,20230304,PRD040,ST031,344,18,75,287,30,2024-11-30,BAT008804
INVT008805,20261101,PRD188,ST031,273,99,118,254,50,2029-10-29,BAT008805
INVT008806,20270324,PRD078,ST023,153,105,57,201,20,2028-07-05,BAT008806
INVT008807,20280611,PRD063,ST048,119,11,29,101,30,2030-06-21,BAT008807
INVT008808,20280518,PRD138,ST008,373,113,43,443,40,2030-05-05,BAT008808
INVT008809,20241208,PRD107,ST001,74,33,23,84,30,2026-06-08,BAT008809
INVT008810,20240612,PRD119,ST029,96,103,49,150,30,2026-01-31,BAT008810
INVT008811,20250608,PRD099,ST048,459,91,117,433,20,2028-02-11,BAT008811
INVT008812,20280124,PRD082,ST005,83,17,40,60,25,2030-10-13,BAT008812
INVT008813,20241024,PRD227,ST049,482,2,107,377,50,2027-09-21,BAT008813
INVT008814,20250519,PRD029,ST027,465,120,54,531,30,2026-09-24,BAT008814
INVT008815,20230714,PRD060,ST047,445,23,63,405,25,2024-09-27,BAT008815
INVT008816,20230614,PRD040,ST003,363,29,3,389,30,2025-07-19,BAT008816
INVT008817,20230527,PRD025,ST022,145,11,39,117,50,2025-05-09,BAT008817
INVT008818,20270505,PRD214,ST035,465,102,90,477,30,2028-08-03,BAT008818
INVT008819,20230327,PRD103,ST036,481,91,26,546,40,2026-02-26,BAT008819
INVT008820,20250113,PRD070,ST030,445,135,29,551,50,2026-07-19,BAT008820
INVT008821,20230203,PRD086,ST022,454,54,23,485,30,2024-11-03,BAT008821
INVT008822,20281205,PRD279,ST035,493,5,62,436,40,2031-08-09,BAT008822
INVT008823,20271120,PRD183,ST030,292,102,40,354,30,2029-06-25,BAT008823
INVT008824,20261214,PRD085,ST036,340,25,32,333,40,2028-08-11,BAT008824
INVT008825,20231026,PRD086,ST042,444,75,43,476,25,2025-07-17,BAT008825
INVT008826,20280201,PRD134,ST038,410,16,9,417,40,2029-03-06,BAT008826
INVT008827,20280917,PRD136,ST044,462,119,69,512,20,2031-04-11,BAT008827
INVT008828,20241009,PRD075,ST011,159,68,86,141,30,2027-07-20,BAT008828
INVT008829,20260401,PRD143,ST030,453,77,68,462,30,2028-09-19,BAT008829
INVT008830,20261225,PRD203,ST050,367,79,38,408,30,2028-03-16,BAT008830
INVT008831,20251211,PRD091,ST008,372,94,59,407,25,2028-09-06,BAT008831
INVT008832,20240117,PRD132,ST009,244,14,61,197,20,2025-08-28,BAT008832
INVT008833,20250411,PRD297,ST006,188,59,115,132,50,2026-08-21,BAT008833
INVT008834,20271211,PRD207,ST019,389,101,14,476,25,2029-07-14,BAT008834
INVT008835,20261211,PRD166,ST017,237,37,114,160,30,2029-07-17,BAT008835
INVT008836,20240402,PRD107,ST029,138,2,105,35,40,2026-07-25,BAT008836
INVT008837,20271213,PRD112,ST004,367,117,71,413,20,2029-08-15,BAT008837
INVT008838,20250525,PRD131,ST026,336,101,20,417,20,2027-09-27,BAT008838
INVT008839,20261108,PRD109,ST037,109,22,97,34,50,2028-05-20,BAT008839
INVT008840,20241009,PRD265,ST044,338,21,65,294,25,2026-09-02,BAT008840
INVT008841,20230223,PRD227,ST016,368,128,38,458,50,2025-12-07,BAT008841
INVT008842,20260811,PRD174,ST001,235,9,50,194,50,2027-12-10,BAT008842
INVT008843,20261117,PRD049,ST044,94,67,53,108,25,2029-03-02,BAT008843
INVT008844,20280819,PRD171,ST026,444,104,20,528,20,2030-12-12,BAT008844
INVT008845,20270528,PRD083,ST044,286,45,39,292,25,2029-10-26,BAT008845
INVT008846,20240519,PRD157,ST018,496,92,52,536,30,2025-08-12,BAT008846
INVT008847,20260104,PRD232,ST022,154,8,8,154,30,2027-09-26,BAT008847
INVT008848,20270426,PRD109,ST016,328,66,41,353,30,2029-02-09,BAT008848
INVT008849,20260928,PRD002,ST006,114,36,17,133,20,2029-06-20,BAT008849
INVT008850,20281104,PRD258,ST020,336,25,26,335,20,2030-03-15,BAT008850
INVT008851,20230808,PRD184,ST039,175,14,70,119,50,2026-01-21,BAT008851
INVT008852,20250817,PRD013,ST037,409,38,83,364,25,2027-01-19,BAT008852
INVT008853,20230612,PRD085,ST046,208,17,103,122,40,2025-08-21,BAT008853
INVT008854,20270728,PRD225,ST003,469,103,111,461,50,2029-02-18,BAT008854
INVT008855,20241012,PRD283,ST011,243,104,57,290,30,2025-12-12,BAT008855
INVT008856,20230317,PRD004,ST039,389,123,62,450,25,2025-02-14,BAT008856
INVT008857,20260417,PRD298,ST043,259,47,46,260,50,2028-04-09,BAT008857
INVT008858,20230316,PRD060,ST010,96,55,46,105,30,2024-09-24,BAT008858
INVT008859,20230801,PRD061,ST011,223,56,32,247,25,2025-10-16,BAT008859
INVT008860,20251124,PRD200,ST028,347,56,59,344,20,2028-02-03,BAT008860
INVT008861,20280501,PRD169,ST028,202,74,2,274,25,2031-02-04,BAT008861
INVT008862,20231220,PRD138,ST033,139,46,15,170,20,2026-09-14,BAT008862
INVT008863,20251202,PRD170,ST049,407,126,23,510,20,2027-11-22,BAT008863
INVT008864,20270316,PRD164,ST015,133,25,50,108,50,2029-02-10,BAT008864
INVT008865,20261211,PRD163,ST001,128,99,105,122,50,2028-09-27,BAT008865
INVT008866,20270213,PRD008,ST023,317,53,93,277,40,2028-04-08,BAT008866
INVT008867,20280309,PRD082,ST010,336,128,36,428,50,2030-10-20,BAT008867
INVT008868,20250327,PRD297,ST010,456,136,81,511,50,2028-03-24,BAT008868
INVT008869,20270723,PRD199,ST033,346,135,1,480,20,2028-08-22,BAT008869
INVT008870,20270627,PRD175,ST050,420,46,67,399,30,2029-04-13,BAT008870
INVT008871,20260630,PRD101,ST003,210,44,84,170,25,2028-09-07,BAT008871
INVT008872,20240227,PRD131,ST049,98,110,106,102,25,2026-12-26,BAT008872
INVT008873,20271229,PRD010,ST030,376,41,63,354,30,2030-12-20,BAT008873
INVT008874,20240724,PRD015,ST003,497,89,6,580,25,2027-05-20,BAT008874
INVT008875,20260418,PRD003,ST029,341,58,77,322,40,2028-08-15,BAT008875
INVT008876,20280930,PRD043,ST004,184,130,47,267,50,2030-01-10,BAT008876
INVT008877,20261126,PRD013,ST048,233,67,21,279,30,2029-06-17,BAT008877
INVT008878,20280106,PRD268,ST019,374,11,39,346,20,2029-11-15,BAT008878
INVT008879,20280807,PRD054,ST017,53,131,110,74,50,2030-11-24,BAT008879
INVT008880,20280621,PRD296,ST049,228,19,41,206,40,2031-03-07,BAT008880
INVT008881,20241019,PRD069,ST038,108,51,58,101,50,2025-11-22,BAT008881
INVT008882,20230916,PRD204,ST036,318,72,86,304,20,2025-07-27,BAT008882
INVT008883,20280510,PRD207,ST045,170,58,1,227,50,2031-04-18,BAT008883
INVT008884,20260623,PRD242,ST050,378,25,39,364,20,2028-05-09,BAT008884
INVT008885,20250131,PRD257,ST020,120,119,112,127,40,2027-06-17,BAT008885
INVT008886,20280214,PRD143,ST007,271,86,30,327,40,2029-11-26,BAT008886
INVT008887,20270730,PRD193,ST049,275,142,43,374,40,2029-02-24,BAT008887
INVT008888,20271221,PRD052,ST025,201,60,50,211,20,2030-10-19,BAT008888
INVT008889,20240410,PRD049,ST026,462,132,47,547,50,2026-04-25,BAT008889
INVT008890,20240720,PRD160,ST005,303,30,55,278,50,2026-12-07,BAT008890
INVT008891,20260517,PRD252,ST036,133,80,52,161,25,2028-02-20,BAT008891
INVT008892,20250415,PRD089,ST021,94,2,15,81,20,2026-05-12,BAT008892
INVT008893,20241109,PRD286,ST034,153,30,100,83,30,2027-06-17,BAT008893
INVT008894,20231004,PRD139,ST005,77,21,11,87,25,2024-11-18,BAT008894
INVT008895,20231201,PRD233,ST020,289,66,89,266,50,2025-03-05,BAT008895
INVT008896,20260707,PRD244,ST037,273,24,75,222,30,2027-11-16,BAT008896
INVT008897,20250212,PRD257,ST004,145,17,22,140,30,2027-01-07,BAT008897
INVT008898,20240923,PRD135,ST050,294,2,65,231,20,2027-02-15,BAT008898
INVT008899,20230626,PRD300,ST012,286,132,82,336,30,2025-09-27,BAT008899
INVT008900,20260107,PRD099,ST027,405,73,20,458,30,2027-10-15,BAT008900
INVT008901,20241231,PRD159,ST044,286,15,22,279,40,2027-10-01,BAT008901
INVT008902,20240318,PRD164,ST043,199,102,51,250,40,2026-11-29,BAT008902
INVT008903,20240623,PRD001,ST031,446,44,73,417,40,2025-11-22,BAT008903
INVT008904,20240622,PRD121,ST045,109,133,82,160,40,2025-07-18,BAT008904
INVT008905,20280914,PRD211,ST045,173,53,105,121,30,2030-06-24,BAT008905
INVT008906,20261206,PRD119,ST038,275,92,111,256,20,2029-06-20,BAT008906
INVT008907,20241207,PRD292,ST042,60,51,65,46,30,2027-01-09,BAT008907
INVT008908,20280816,PRD024,ST009,335,77,35,377,20,2030-01-20,BAT008908
INVT008909,20280121,PRD265,ST013,264,33,84,213,40,2030-08-08,BAT008909
INVT008910,20260204,PRD152,ST007,400,75,103,372,40,2028-10-09,BAT008910
INVT008911,20230815,PRD136,ST019,283,83,10,356,30,2025-04-11,BAT008911
INVT008912,20280702,PRD086,ST026,376,4,107,273,40,2029-07-23,BAT008912
INVT008913,20240613,PRD128,ST044,314,37,1,350,20,2025-06-27,BAT008913
INVT008914,20241206,PRD242,ST035,54,107,81,80,40,2027-06-24,BAT008914
INVT008915,20240723,PRD138,ST028,210,80,25,265,20,2027-04-08,BAT008915
INVT008916,20240826,PRD077,ST012,137,30,16,151,50,2027-03-09,BAT008916
INVT008917,20240228,PRD205,ST040,60,52,101,11,30,2026-08-30,BAT008917
INVT008918,20250608,PRD090,ST046,126,58,21,163,40,2026-11-02,BAT008918
INVT008919,20250712,PRD157,ST017,120,68,9,179,40,2026-09-09,BAT008919
INVT008920,20281013,PRD110,ST036,318,20,32,306,50,2031-06-03,BAT008920
INVT008921,20260115,PRD278,ST043,135,42,27,150,25,2027-05-24,BAT008921
INVT008922,20241223,PRD258,ST047,204,108,96,216,40,2026-04-24,BAT008922
INVT008923,20271227,PRD042,ST003,310,24,98,236,50,2030-02-08,BAT008923
INVT008924,20250317,PRD076,ST008,172,58,57,173,30,2028-02-12,BAT008924
INVT008925,20250101,PRD042,ST050,183,88,84,187,30,2026-11-06,BAT008925
INVT008926,20251120,PRD229,ST009,129,122,3,248,20,2027-08-17,BAT008926
INVT008927,20281014,PRD253,ST017,445,65,21,489,25,2031-08-18,BAT008927
INVT008928,20261106,PRD232,ST013,66,55,62,59,30,2029-04-16,BAT008928
INVT008929,20270202,PRD027,ST034,158,112,107,163,30,2028-09-16,BAT008929
INVT008930,20240817,PRD026,ST049,76,102,84,94,20,2027-06-11,BAT008930
INVT008931,20251006,PRD002,ST041,282,124,31,375,40,2028-08-16,BAT008931
INVT008932,20270413,PRD248,ST049,236,129,45,320,50,2029-09-25,BAT008932
INVT008933,20271215,PRD250,ST006,422,81,59,444,25,2029-08-02,BAT008933
INVT008934,20250810,PRD171,ST015,306,54,63,297,50,2026-09-17,BAT008934
INVT008935,20250125,PRD127,ST035,420,74,100,394,20,2026-12-25,BAT008935
INVT008936,20271125,PRD149,ST044,475,117,48,544,20,2030-08-12,BAT008936
INVT008937,20241122,PRD238,ST048,318,30,19,329,20,2027-03-09,BAT008937
INVT008938,20270630,PRD080,ST018,326,9,112,223,50,2030-03-19,BAT008938
INVT008939,20261217,PRD082,ST011,184,34,96,122,40,2028-11-16,BAT008939
INVT008940,20271014,PRD060,ST029,416,62,114,364,40,2029-03-16,BAT008940
INVT008941,20230811,PRD041,ST031,485,5,8,482,20,2025-11-09,BAT008941
INVT008942,20260808,PRD170,ST022,405,100,58,447,40,2028-06-04,BAT008942
INVT008943,20280519,PRD127,ST024,107,11,113,5,40,2030-08-26,BAT008943
INVT008944,20260528,PRD153,ST017,404,130,72,462,20,2029-05-23,BAT008944
INVT008945,20280703,PRD064,ST045,254,124,80,298,40,2030-12-16,BAT008945
INVT008946,20281011,PRD027,ST016,59,42,36,65,50,2030-02-26,BAT008946
INVT008947,20250616,PRD001,ST001,336,54,28,362,30,2026-10-17,BAT008947
INVT008948,20281224,PRD246,ST008,449,81,90,440,30,2031-11-25,BAT008948
INVT008949,20230316,PRD101,ST040,370,49,7,412,25,2025-08-18,BAT008949
INVT008950,20230210,PRD098,ST049,239,68,26,281,20,2024-10-22,BAT008950
INVT008951,20271212,PRD113,ST007,127,146,47,226,20,2029-09-14,BAT008951
INVT008952,20281009,PRD280,ST007,444,138,63,519,30,2031-05-10,BAT008952
INVT008953,20280309,PRD117,ST009,405,45,82,368,50,2029-07-23,BAT008953
INVT008954,20280524,PRD269,ST003,368,36,116,288,50,2030-01-19,BAT008954
INVT008955,20270611,PRD108,ST037,98,9,53,54,25,2028-07-11,BAT008955
INVT008956,20260206,PRD220,ST030,337,106,116,327,25,2027-03-19,BAT008956
INVT008957,20250630,PRD278,ST005,486,99,74,511,20,2028-02-05,BAT008957
INVT008958,20251120,PRD280,ST026,295,10,59,246,40,2028-11-04,BAT008958
INVT008959,20270725,PRD132,ST018,472,70,75,467,20,2028-11-23,BAT008959
INVT008960,20261208,PRD042,ST003,104,87,33,158,25,2029-03-02,BAT008960
INVT008961,20241218,PRD166,ST022,285,58,1,342,20,2027-05-18,BAT008961
INVT008962,20230710,PRD270,ST032,119,86,64,141,30,2025-01-04,BAT008962
INVT008963,20250707,PRD009,ST009,132,121,118,135,25,2027-11-15,BAT008963
INVT008964,20270306,PRD082,ST008,401,88,107,382,25,2029-07-16,BAT008964
INVT008965,20240825,PRD124,ST005,493,30,89,434,30,2026-04-08,BAT008965
INVT008966,20260322,PRD035,ST047,247,98,110,235,25,2028-09-27,BAT008966
INVT008967,20241011,PRD214,ST030,274,93,101,266,50,2027-01-03,BAT008967
INVT008968,20240624,PRD239,ST029,288,28,83,233,50,2026-11-27,BAT008968
INVT008969,20260131,PRD209,ST002,230,48,89,189,30,2028-03-09,BAT008969
INVT008970,20260919,PRD226,ST019,438,15,78,375,40,2029-03-23,BAT008970
INVT008971,20250809,PRD133,ST045,381,136,55,462,50,2028-01-07,BAT008971
INVT008972,20280628,PRD049,ST028,405,74,96,383,40,2029-12-07,BAT008972
INVT008973,20240530,PRD290,ST006,440,127,61,506,25,2026-07-02,BAT008973
INVT008974,20230321,PRD167,ST016,437,0,117,320,50,2024-05-24,BAT008974
INVT008975,20231216,PRD007,ST002,66,123,108,81,40,2026-06-21,BAT008975
INVT008976,20250826,PRD060,ST034,475,40,93,422,40,2027-03-22,BAT008976
INVT008977,20280506,PRD129,ST005,350,138,62,426,20,2029-12-04,BAT008977
INVT008978,20250121,PRD096,ST021,78,131,11,198,50,2026-08-12,BAT008978
INVT008979,20250803,PRD077,ST011,293,66,83,276,30,2027-08-16,BAT008979
INVT008980,20251221,PRD180,ST047,195,72,116,151,40,2027-06-03,BAT008980
INVT008981,20271223,PRD266,ST032,413,44,37,420,30,2030-03-15,BAT008981
INVT008982,20280226,PRD039,ST030,209,6,52,163,40,2030-09-19,BAT008982
INVT008983,20270507,PRD231,ST037,444,147,95,496,30,2028-09-11,BAT008983
INVT008984,20230124,PRD193,ST008,161,120,54,227,50,2025-07-21,BAT008984
INVT008985,20241108,PRD098,ST029,242,21,105,158,50,2026-03-22,BAT008985
INVT008986,20260723,PRD105,ST002,328,126,66,388,40,2029-02-19,BAT008986
INVT008987,20230430,PRD036,ST012,306,19,22,303,20,2024-10-11,BAT008987
INVT008988,20270721,PRD112,ST021,458,142,14,586,30,2029-10-07,BAT008988
INVT008989,20280512,PRD039,ST003,138,99,21,216,25,2031-05-08,BAT008989
INVT008990,20260822,PRD053,ST039,152,49,40,161,40,2028-01-02,BAT008990
INVT008991,20280909,PRD148,ST019,167,124,86,205,25,2031-03-17,BAT008991
INVT008992,20250122,PRD257,ST017,64,25,21,68,30,2028-01-05,BAT008992
INVT008993,20240627,PRD030,ST003,185,62,23,224,20,2027-01-24,BAT008993
INVT008994,20231012,PRD277,ST011,306,30,19,317,30,2026-02-16,BAT008994
INVT008995,20270616,PRD215,ST028,458,119,65,512,25,2028-07-11,BAT008995
INVT008996,20250228,PRD050,ST032,136,68,6,198,50,2027-11-14,BAT008996
INVT008997,20250603,PRD244,ST023,91,54,62,83,40,2028-05-01,BAT008997
INVT008998,20281231,PRD133,ST034,107,77,94,90,20,2031-12-31,BAT008998
INVT008999,20270409,PRD254,ST037,364,25,71,318,30,2029-03-08,BAT008999
INVT009000,20231007,PRD079,ST001,310,69,79,300,40,2025-09-29,BAT009000
INVT009001,20251019,PRD263,ST022,96,145,33,208,20,2027-11-05,BAT009001
INVT009002,20270710,PRD277,ST019,435,88,81,442,50,2029-02-13,BAT009002
INVT009003,20251029,PRD028,ST007,74,118,46,146,25,2028-05-12,BAT009003
INVT009004,20280129,PRD243,ST011,121,86,60,147,30,2029-03-17,BAT009004
INVT009005,20240611,PRD090,ST022,365,63,114,314,20,2027-04-19,BAT009005
INVT009006,20241003,PRD095,ST031,136,95,34,197,30,2027-08-27,BAT009006
INVT009007,20270207,PRD162,ST041,56,63,87,32,20,2029-05-15,BAT009007
INVT009008,20260723,PRD280,ST009,219,64,100,183,40,2028-11-14,BAT009008
INVT009009,20271209,PRD077,ST016,366,96,56,406,40,2030-05-24,BAT009009
INVT009010,20250222,PRD289,ST001,277,81,114,244,20,2027-04-14,BAT009010
INVT009011,20250405,PRD279,ST001,255,109,23,341,40,2027-08-12,BAT009011
INVT009012,20260509,PRD007,ST039,405,148,107,446,20,2028-08-21,BAT009012
INVT009013,20250504,PRD239,ST047,119,43,79,83,20,2027-09-27,BAT009013
INVT009014,20270518,PRD141,ST035,57,55,51,61,20,2029-03-05,BAT009014
INVT009015,20261228,PRD156,ST017,62,46,76,32,20,2029-09-14,BAT009015
INVT009016,20270123,PRD196,ST022,59,83,95,47,50,2028-11-05,BAT009016
INVT009017,20260516,PRD037,ST041,188,146,22,312,25,2028-11-16,BAT009017
INVT009018,20250706,PRD168,ST046,255,8,90,173,25,2026-11-21,BAT009018
INVT009019,20250816,PRD183,ST005,91,124,98,117,30,2028-01-21,BAT009019
INVT009020,20270722,PRD097,ST027,368,62,118,312,50,2028-09-06,BAT009020
INVT009021,20261205,PRD276,ST017,250,8,60,198,20,2029-10-11,BAT009021
INVT009022,20251212,PRD118,ST022,393,26,62,357,30,2028-08-23,BAT009022
INVT009023,20250223,PRD042,ST029,132,108,118,122,20,2026-03-29,BAT009023
INVT009024,20251212,PRD168,ST026,152,19,96,75,30,2028-03-13,BAT009024
INVT009025,20270615,PRD054,ST050,141,107,42,206,20,2029-12-06,BAT009025
INVT009026,20280615,PRD185,ST022,308,81,24,365,40,2031-02-09,BAT009026
INVT009027,20280507,PRD276,ST033,479,20,54,445,40,2030-10-16,BAT009027
INVT009028,20230626,PRD208,ST022,89,26,73,42,50,2025-11-26,BAT009028
INVT009029,20271230,PRD147,ST042,205,121,24,302,25,2029-03-24,BAT009029
INVT009030,20280428,PRD232,ST033,441,82,37,486,30,2030-08-13,BAT009030
INVT009031,20260314,PRD245,ST044,286,5,50,241,20,2028-08-28,BAT009031
INVT009032,20261101,PRD174,ST036,419,129,85,463,25,2028-09-15,BAT009032
INVT009033,20270309,PRD213,ST019,435,59,118,376,25,2029-06-28,BAT009033
INVT009034,20270204,PRD158,ST006,86,82,54,114,30,2028-07-06,BAT009034
INVT009035,20280420,PRD233,ST004,93,88,104,77,40,2029-10-02,BAT009035
INVT009036,20270516,PRD206,ST049,369,144,68,445,20,2029-11-18,BAT009036
INVT009037,20230821,PRD189,ST009,280,150,19,411,20,2024-10-05,BAT009037
INVT009038,20260827,PRD131,ST026,171,26,54,143,30,2029-08-26,BAT009038
INVT009039,20270803,PRD021,ST026,401,102,81,422,30,2030-03-02,BAT009039
INVT009040,20250403,PRD083,ST016,298,85,42,341,50,2026-11-04,BAT009040
INVT009041,20281011,PRD267,ST013,421,57,29,449,20,2030-07-07,BAT009041
INVT009042,20251016,PRD080,ST023,485,73,65,493,30,2028-05-29,BAT009042
INVT009043,20241105,PRD257,ST041,139,2,120,21,40,2027-01-18,BAT009043
INVT009044,20271116,PRD165,ST014,182,127,78,231,40,2030-10-30,BAT009044
INVT009045,20231226,PRD018,ST037,60,5,19,46,50,2025-03-19,BAT009045
INVT009046,20230101,PRD021,ST002,155,42,95,102,40,2025-02-12,BAT009046
INVT009047,20270804,PRD047,ST030,337,3,65,275,50,2029-09-22,BAT009047
INVT009048,20251117,PRD158,ST045,369,148,114,403,20,2027-12-22,BAT009048
INVT009049,20240811,PRD254,ST045,298,105,44,359,20,2026-01-09,BAT009049
INVT009050,20260423,PRD083,ST023,81,21,19,83,25,2028-11-30,BAT009050
INVT009051,20240421,PRD186,ST013,238,51,58,231,30,2026-12-11,BAT009051
INVT009052,20241002,PRD247,ST005,353,118,110,361,40,2026-11-09,BAT009052
INVT009053,20240421,PRD193,ST011,197,34,77,154,25,2025-11-24,BAT009053
INVT009054,20281213,PRD013,ST008,469,12,97,384,40,2031-11-11,BAT009054
INVT009055,20230702,PRD060,ST029,286,75,39,322,40,2024-07-21,BAT009055
INVT009056,20250624,PRD152,ST036,242,67,73,236,20,2027-11-05,BAT009056
INVT009057,20260817,PRD005,ST030,330,51,12,369,25,2028-03-13,BAT009057
INVT009058,20250630,PRD060,ST021,487,57,34,510,50,2027-11-22,BAT009058
INVT009059,20270326,PRD089,ST007,478,125,36,567,20,2030-01-07,BAT009059
INVT009060,20230503,PRD114,ST029,228,26,38,216,20,2025-05-25,BAT009060
INVT009061,20260221,PRD288,ST047,427,104,88,443,40,2028-08-14,BAT009061
INVT009062,20250204,PRD098,ST040,417,116,86,447,25,2027-11-29,BAT009062
INVT009063,20240619,PRD228,ST034,251,8,20,239,50,2026-04-11,BAT009063
INVT009064,20270820,PRD111,ST024,237,91,83,245,20,2028-10-27,BAT009064
INVT009065,20240801,PRD034,ST043,357,145,103,399,20,2026-04-26,BAT009065
INVT009066,20261126,PRD067,ST021,147,86,73,160,30,2028-07-25,BAT009066
INVT009067,20230131,PRD043,ST050,343,99,46,396,30,2025-09-04,BAT009067
INVT009068,20280621,PRD030,ST022,455,74,32,497,30,2031-05-16,BAT009068
INVT009069,20240215,PRD134,ST021,125,18,0,143,25,2025-03-24,BAT009069
INVT009070,20250418,PRD259,ST035,391,121,0,512,40,2026-07-01,BAT009070
INVT009071,20251008,PRD220,ST002,484,73,120,437,25,2026-12-15,BAT009071
INVT009072,20240801,PRD051,ST001,67,73,52,88,50,2026-12-10,BAT009072
INVT009073,20280415,PRD182,ST010,91,10,7,94,50,2030-01-31,BAT009073
INVT009074,20271103,PRD161,ST020,139,88,86,141,30,2030-10-27,BAT009074
INVT009075,20271111,PRD265,ST025,466,36,23,479,25,2030-08-04,BAT009075
INVT009076,20230814,PRD165,ST018,195,24,58,161,20,2024-08-31,BAT009076
INVT009077,20261123,PRD196,ST032,159,36,79,116,25,2029-11-06,BAT009077
INVT009078,20270813,PRD294,ST003,288,2,106,184,40,2029-04-26,BAT009078
INVT009079,20281015,PRD253,ST010,416,61,42,435,50,2030-04-25,BAT009079
INVT009080,20260929,PRD043,ST030,498,93,81,510,25,2027-11-23,BAT009080
INVT009081,20260530,PRD238,ST031,61,10,39,32,50,2027-12-16,BAT009081
INVT009082,20230130,PRD229,ST026,116,118,112,122,25,2024-07-22,BAT009082
INVT009083,20270122,PRD176,ST014,329,40,58,311,30,2028-08-30,BAT009083
INVT009084,20250817,PRD080,ST045,469,101,97,473,25,2026-12-25,BAT009084
INVT009085,20261013,PRD030,ST028,496,53,38,511,50,2028-05-15,BAT009085
INVT009086,20280209,PRD121,ST048,398,35,114,319,25,2029-02-10,BAT009086
INVT009087,20231020,PRD134,ST027,181,108,61,228,30,2024-11-18,BAT009087
INVT009088,20251016,PRD272,ST004,456,83,94,445,30,2027-01-11,BAT009088
INVT009089,20260715,PRD085,ST004,158,149,63,244,20,2027-08-28,BAT009089
INVT009090,20240510,PRD011,ST018,436,69,27,478,25,2025-06-15,BAT009090
INVT009091,20270129,PRD023,ST038,326,13,104,235,50,2029-09-21,BAT009091
INVT009092,20250915,PRD131,ST003,389,148,107,430,40,2028-08-28,BAT009092
INVT009093,20230322,PRD029,ST047,320,123,112,331,40,2025-08-18,BAT009093
INVT009094,20260409,PRD270,ST026,241,83,66,258,30,2027-09-15,BAT009094
INVT009095,20241028,PRD180,ST012,484,118,56,546,40,2027-04-16,BAT009095
INVT009096,20261211,PRD240,ST022,237,111,107,241,30,2028-10-25,BAT009096
INVT009097,20240802,PRD298,ST012,303,126,43,386,20,2025-10-29,BAT009097
INVT009098,20250510,PRD075,ST024,116,104,105,115,40,2027-03-25,BAT009098
INVT009099,20260218,PRD071,ST012,440,44,11,473,40,2028-03-18,BAT009099
INVT009100,20230826,PRD182,ST012,147,130,101,176,20,2025-06-02,BAT009100
INVT009101,20280118,PRD039,ST045,197,46,95,148,20,2031-01-04,BAT009101
INVT009102,20250629,PRD163,ST030,305,115,79,341,25,2026-10-30,BAT009102
INVT009103,20241225,PRD130,ST004,198,150,31,317,50,2027-01-21,BAT009103
INVT009104,20250523,PRD193,ST010,436,58,8,486,40,2027-05-04,BAT009104
INVT009105,20261209,PRD105,ST014,424,119,25,518,30,2029-04-16,BAT009105
INVT009106,20280331,PRD222,ST014,81,111,40,152,50,2030-03-30,BAT009106
INVT009107,20280917,PRD074,ST030,461,110,45,526,30,2031-06-23,BAT009107
INVT009108,20270510,PRD035,ST023,396,141,72,465,40,2028-12-19,BAT009108
INVT009109,20230427,PRD126,ST046,301,130,118,313,30,2025-10-18,BAT009109
INVT009110,20240226,PRD138,ST043,446,79,81,444,25,2026-09-28,BAT009110
INVT009111,20281116,PRD103,ST027,322,119,52,389,20,2031-08-17,BAT009111
INVT009112,20230328,PRD236,ST021,62,81,50,93,20,2024-07-06,BAT009112
INVT009113,20261122,PRD181,ST024,461,24,5,480,40,2028-09-23,BAT009113
INVT009114,20240517,PRD288,ST034,255,97,113,239,20,2025-08-13,BAT009114
INVT009115,20270305,PRD285,ST034,361,7,8,360,40,2028-05-16,BAT009115
INVT009116,20280821,PRD225,ST009,353,116,115,354,20,2029-11-10,BAT009116
INVT009117,20250201,PRD213,ST033,159,29,45,143,40,2026-07-23,BAT009117
INVT009118,20251204,PRD096,ST004,249,12,47,214,20,2027-03-12,BAT009118
INVT009119,20270712,PRD247,ST027,362,2,43,321,30,2029-03-20,BAT009119
INVT009120,20260928,PRD078,ST026,498,141,100,539,25,2027-12-05,BAT009120
INVT009121,20260503,PRD230,ST006,347,0,88,259,25,2029-03-15,BAT009121
INVT009122,20251009,PRD089,ST032,411,26,4,433,40,2027-06-18,BAT009122
INVT009123,20240531,PRD175,ST029,237,35,15,257,25,2026-01-31,BAT009123
INVT009124,20230527,PRD104,ST020,310,144,97,357,20,2025-04-23,BAT009124
INVT009125,20270806,PRD129,ST014,498,20,56,462,25,2028-10-24,BAT009125
INVT009126,20230824,PRD144,ST026,157,17,101,73,20,2026-02-11,BAT009126
INVT009127,20270502,PRD233,ST002,383,17,72,328,50,2029-09-19,BAT009127
INVT009128,20281229,PRD108,ST023,60,81,38,103,30,2031-01-03,BAT009128
INVT009129,20250215,PRD056,ST036,104,56,12,148,25,2027-02-17,BAT009129
INVT009130,20260412,PRD227,ST001,345,148,63,430,25,2027-12-30,BAT009130
INVT009131,20240228,PRD121,ST023,383,5,119,269,30,2025-12-08,BAT009131
INVT009132,20230126,PRD231,ST027,180,123,14,289,50,2025-12-24,BAT009132
INVT009133,20270425,PRD067,ST041,350,69,24,395,40,2029-11-06,BAT009133
INVT009134,20240329,PRD098,ST006,201,85,115,171,25,2026-12-19,BAT009134
INVT009135,20260226,PRD284,ST042,54,119,106,67,25,2027-03-21,BAT009135
INVT009136,20271210,PRD273,ST017,423,88,85,426,50,2029-09-18,BAT009136
INVT009137,20260910,PRD275,ST020,77,45,16,106,25,2028-12-07,BAT009137
INVT009138,20280603,PRD194,ST044,52,33,12,73,50,2029-07-28,BAT009138
INVT009139,20271001,PRD223,ST032,114,85,22,177,40,2030-05-27,BAT009139
INVT009140,20250225,PRD146,ST017,188,89,113,164,20,2028-02-24,BAT009140
INVT009141,20230606,PRD208,ST029,300,76,82,294,25,2024-08-10,BAT009141
INVT009142,20230201,PRD286,ST013,57,106,26,137,30,2024-11-29,BAT009142
INVT009143,20250329,PRD251,ST007,59,132,32,159,25,2027-03-03,BAT009143
INVT009144,20271226,PRD178,ST018,144,58,58,144,25,2029-12-05,BAT009144
INVT009145,20250513,PRD133,ST037,486,116,16,586,30,2027-10-29,BAT009145
INVT009146,20270914,PRD267,ST040,310,49,21,338,25,2029-08-19,BAT009146
INVT009147,20250624,PRD173,ST002,144,46,57,133,40,2027-03-18,BAT009147
INVT009148,20270609,PRD297,ST001,148,58,66,140,30,2029-10-24,BAT009148
INVT009149,20240329,PRD113,ST031,54,86,67,73,40,2027-03-02,BAT009149
INVT009150,20280704,PRD172,ST009,133,46,100,79,20,2031-06-03,BAT009150
INVT009151,20241018,PRD024,ST003,425,78,1,502,25,2026-05-25,BAT009151
INVT009152,20260225,PRD069,ST004,146,57,86,117,50,2028-06-29,BAT009152
INVT009153,20250513,PRD284,ST020,240,53,45,248,20,2026-07-07,BAT009153
INVT009154,20240528,PRD050,ST021,389,105,30,464,50,2025-12-17,BAT009154
INVT009155,20270709,PRD194,ST027,339,71,81,329,25,2029-08-28,BAT009155
INVT009156,20261019,PRD260,ST025,424,77,78,423,20,2029-06-30,BAT009156
INVT009157,20280518,PRD278,ST045,498,82,109,471,20,2029-12-29,BAT009157
INVT009158,20260622,PRD151,ST021,421,82,31,472,25,2029-02-21,BAT009158
INVT009159,20270516,PRD255,ST032,147,125,109,163,30,2029-12-31,BAT009159
INVT009160,20260630,PRD080,ST035,157,22,64,115,50,2028-12-18,BAT009160
INVT009161,20270602,PRD056,ST026,264,102,29,337,25,2029-04-03,BAT009161
INVT009162,20250126,PRD263,ST003,358,20,12,366,30,2026-10-18,BAT009162
INVT009163,20240405,PRD195,ST033,138,75,77,136,40,2026-07-16,BAT009163
INVT009164,20230124,PRD183,ST044,182,146,14,314,20,2025-12-14,BAT009164
INVT009165,20251203,PRD017,ST028,240,69,63,246,40,2027-11-29,BAT009165
INVT009166,20240127,PRD093,ST028,297,70,76,291,20,2026-05-10,BAT009166
INVT009167,20261231,PRD116,ST023,101,51,65,87,25,2028-09-22,BAT009167
INVT009168,20270206,PRD212,ST011,470,144,27,587,25,2028-12-11,BAT009168
INVT009169,20260825,PRD217,ST022,105,85,88,102,50,2028-01-29,BAT009169
INVT009170,20240926,PRD110,ST004,354,76,62,368,40,2025-11-02,BAT009170
INVT009171,20261102,PRD291,ST028,279,104,94,289,30,2029-09-18,BAT009171
INVT009172,20271108,PRD043,ST011,189,144,117,216,50,2030-10-07,BAT009172
INVT009173,20250613,PRD118,ST050,202,66,12,256,30,2027-07-09,BAT009173
INVT009174,20280612,PRD297,ST025,347,52,65,334,50,2029-11-12,BAT009174
INVT009175,20270303,PRD085,ST040,101,73,82,92,50,2028-10-17,BAT009175
INVT009176,20280423,PRD110,ST049,223,40,78,185,20,2030-10-06,BAT009176
INVT009177,20250709,PRD044,ST049,425,20,89,356,40,2028-06-12,BAT009177
INVT009178,20281009,PRD216,ST029,403,67,113,357,30,2031-01-10,BAT009178
INVT009179,20281117,PRD224,ST034,280,51,16,315,20,2031-02-28,BAT009179
INVT009180,20230917,PRD273,ST006,99,103,78,124,30,2025-05-31,BAT009180
INVT009181,20240414,PRD281,ST010,251,127,120,258,20,2026-09-12,BAT009181
INVT009182,20280327,PRD030,ST046,108,87,29,166,50,2030-10-17,BAT009182
INVT009183,20280308,PRD138,ST002,229,69,9,289,50,2029-05-13,BAT009183
INVT009184,20260510,PRD274,ST041,213,31,108,136,20,2028-09-13,BAT009184
INVT009185,20260328,PRD087,ST025,90,79,16,153,25,2028-06-24,BAT009185
INVT009186,20260624,PRD015,ST019,233,20,21,232,25,2028-12-11,BAT009186
INVT009187,20260909,PRD257,ST037,379,55,83,351,40,2027-10-09,BAT009187
INVT009188,20240417,PRD026,ST048,170,88,57,201,30,2025-12-02,BAT009188
INVT009189,20231224,PRD285,ST037,109,9,3,115,30,2026-10-15,BAT009189
INVT009190,20250104,PRD131,ST026,68,30,19,79,50,2027-10-07,BAT009190
INVT009191,20270109,PRD133,ST043,385,145,73,457,40,2028-07-09,BAT009191
INVT009192,20270628,PRD117,ST007,383,85,6,462,50,2028-09-08,BAT009192
INVT009193,20230202,PRD284,ST028,273,113,107,279,20,2024-11-02,BAT009193
INVT009194,20240613,PRD297,ST023,472,114,76,510,20,2026-01-17,BAT009194
INVT009195,20260812,PRD143,ST043,73,99,34,138,25,2029-06-10,BAT009195
INVT009196,20281203,PRD082,ST015,486,92,72,506,50,2030-09-15,BAT009196
INVT009197,20281222,PRD258,ST032,253,20,68,205,40,2030-10-07,BAT009197
INVT009198,20281024,PRD145,ST005,139,20,19,140,25,2030-08-08,BAT009198
INVT009199,20270404,PRD018,ST023,358,52,96,314,40,2028-05-16,BAT009199
INVT009200,20270525,PRD075,ST030,123,57,42,138,25,2029-06-28,BAT009200
INVT009201,20260112,PRD108,ST025,95,28,31,92,50,2028-07-11,BAT009201
INVT009202,20280426,PRD030,ST046,214,120,13,321,40,2029-10-08,BAT009202
INVT009203,20280907,PRD144,ST032,425,95,117,403,30,2031-02-04,BAT009203
INVT009204,20280711,PRD023,ST048,460,13,72,401,40,2030-03-29,BAT009204
INVT009205,20270814,PRD061,ST018,242,146,78,310,30,2030-01-21,BAT009205
INVT009206,20250929,PRD263,ST041,230,103,92,241,20,2027-02-01,BAT009206
INVT009207,20271116,PRD217,ST033,223,141,117,247,40,2030-02-23,BAT009207
INVT009208,20271206,PRD270,ST039,220,59,93,186,25,2029-10-15,BAT009208
INVT009209,20280120,PRD173,ST014,363,53,5,411,25,2030-11-06,BAT009209
INVT009210,20270520,PRD039,ST040,342,144,26,460,25,2029-06-10,BAT009210
INVT009211,20230330,PRD127,ST035,402,101,14,489,30,2025-06-20,BAT009211
INVT009212,20260314,PRD068,ST048,146,100,68,178,25,2028-06-16,BAT009212
INVT009213,20281118,PRD005,ST044,161,115,10,266,40,2030-01-31,BAT009213
INVT009214,20271110,PRD165,ST035,500,139,2,637,40,2029-08-27,BAT009214
INVT009215,20270710,PRD060,ST045,125,10,32,103,40,2029-06-19,BAT009215
INVT009216,20260523,PRD168,ST025,212,111,49,274,25,2029-04-28,BAT009216
INVT009217,20270428,PRD108,ST026,149,141,85,205,20,2028-11-26,BAT009217
INVT009218,20240808,PRD072,ST012,157,14,115,56,30,2026-02-11,BAT009218
INVT009219,20240201,PRD030,ST015,301,146,70,377,25,2025-03-03,BAT009219
INVT009220,20260522,PRD276,ST029,338,55,63,330,20,2027-08-24,BAT009220
INVT009221,20241215,PRD119,ST013,221,114,106,229,50,2026-07-25,BAT009221
INVT009222,20280717,PRD242,ST046,427,88,76,439,20,2029-10-07,BAT009222
INVT009223,20250102,PRD067,ST038,476,33,79,430,25,2026-01-26,BAT009223
INVT009224,20231006,PRD120,ST014,277,3,95,185,30,2025-08-29,BAT009224
INVT009225,20280426,PRD137,ST046,53,141,113,81,30,2029-06-15,BAT009225
INVT009226,20280419,PRD152,ST039,376,20,118,278,20,2029-12-06,BAT009226
INVT009227,20240928,PRD276,ST009,150,105,74,181,40,2026-08-13,BAT009227
INVT009228,20250908,PRD280,ST010,445,110,71,484,25,2026-12-06,BAT009228
INVT009229,20250904,PRD281,ST001,402,4,91,315,25,2027-05-17,BAT009229
INVT009230,20250320,PRD121,ST028,433,116,95,454,25,2028-03-08,BAT009230
INVT009231,20270716,PRD036,ST020,418,15,36,397,40,2030-06-04,BAT009231
INVT009232,20270823,PRD040,ST039,197,93,113,177,40,2028-11-19,BAT009232
INVT009233,20260801,PRD275,ST007,308,28,82,254,20,2027-08-12,BAT009233
INVT009234,20270619,PRD148,ST043,127,148,23,252,25,2029-02-14,BAT009234
INVT009235,20230918,PRD252,ST048,308,148,91,365,30,2026-09-17,BAT009235
INVT009236,20281110,PRD298,ST014,379,37,5,411,20,2029-12-19,BAT009236
INVT009237,20281022,PRD039,ST001,296,40,29,307,25,2030-03-16,BAT009237
INVT009238,20280731,PRD154,ST048,275,132,30,377,20,2029-10-31,BAT009238
INVT009239,20260619,PRD137,ST008,53,130,68,115,25,2028-04-28,BAT009239
INVT009240,20260108,PRD129,ST010,223,63,62,224,30,2027-05-29,BAT009240
INVT009241,20251228,PRD154,ST006,463,126,64,525,30,2028-07-12,BAT009241
INVT009242,20251212,PRD244,ST048,305,11,19,297,25,2028-07-31,BAT009242
INVT009243,20240618,PRD260,ST043,377,48,10,415,20,2027-02-25,BAT009243
INVT009244,20230927,PRD192,ST029,85,23,1,107,30,2026-07-14,BAT009244
INVT009245,20250910,PRD228,ST050,345,44,118,271,25,2027-07-24,BAT009245
INVT009246,20240107,PRD015,ST043,432,39,108,363,30,2025-06-02,BAT009246
INVT009247,20261127,PRD024,ST021,360,99,26,433,20,2028-01-23,BAT009247
INVT009248,20270323,PRD081,ST028,479,143,37,585,30,2028-05-28,BAT009248
INVT009249,20280403,PRD240,ST028,476,138,78,536,40,2029-07-01,BAT009249
INVT009250,20280405,PRD219,ST041,323,112,89,346,25,2030-11-02,BAT009250
INVT009251,20270905,PRD065,ST047,494,5,38,461,25,2030-04-27,BAT009251
INVT009252,20280709,PRD188,ST046,329,22,7,344,20,2031-06-14,BAT009252
INVT009253,20260618,PRD033,ST004,419,7,67,359,25,2028-06-04,BAT009253
INVT009254,20250103,PRD109,ST004,248,88,12,324,20,2027-05-08,BAT009254
INVT009255,20270821,PRD286,ST011,482,83,114,451,20,2029-07-13,BAT009255
INVT009256,20240914,PRD259,ST033,63,10,39,34,50,2026-11-14,BAT009256
INVT009257,20230411,PRD187,ST018,264,144,3,405,30,2024-05-24,BAT009257
INVT009258,20280903,PRD154,ST042,379,150,94,435,30,2031-07-08,BAT009258
INVT009259,20231223,PRD244,ST048,57,66,16,107,20,2025-10-07,BAT009259
INVT009260,20280517,PRD108,ST002,318,112,71,359,50,2030-08-11,BAT009260
INVT009261,20260919,PRD065,ST025,164,41,21,184,50,2028-06-05,BAT009261
INVT009262,20260425,PRD060,ST015,168,49,41,176,50,2029-02-20,BAT009262
INVT009263,20230812,PRD090,ST044,87,15,27,75,40,2025-12-12,BAT009263
INVT009264,20230303,PRD015,ST010,172,54,40,186,50,2024-07-22,BAT009264
INVT009265,20250323,PRD170,ST002,273,44,59,258,30,2028-02-06,BAT009265
INVT009266,20231205,PRD190,ST031,77,130,120,87,50,2025-06-28,BAT009266
INVT009267,20241116,PRD260,ST026,486,9,33,462,20,2026-12-10,BAT009267
INVT009268,20240214,PRD160,ST015,224,71,28,267,30,2026-10-04,BAT009268
INVT009269,20240404,PRD258,ST037,127,78,105,100,30,2027-02-13,BAT009269
INVT009270,20260715,PRD232,ST047,196,107,80,223,30,2028-03-09,BAT009270
INVT009271,20250313,PRD119,ST004,189,4,27,166,20,2028-01-24,BAT009271
INVT009272,20261020,PRD281,ST050,91,128,15,204,30,2029-08-28,BAT009272
INVT009273,20281004,PRD180,ST016,225,0,109,116,40,2030-02-09,BAT009273
INVT009274,20240914,PRD185,ST035,389,8,93,304,50,2027-05-18,BAT009274
INVT009275,20260204,PRD033,ST037,385,64,99,350,25,2028-05-02,BAT009275
INVT009276,20250313,PRD122,ST014,84,45,104,25,50,2026-10-08,BAT009276
INVT009277,20281212,PRD196,ST048,490,90,43,537,40,2031-06-29,BAT009277
INVT009278,20261028,PRD031,ST011,120,2,81,41,50,2027-11-15,BAT009278
INVT009279,20270313,PRD098,ST035,411,76,96,391,40,2030-01-31,BAT009279
INVT009280,20240918,PRD231,ST039,239,16,27,228,25,2026-07-01,BAT009280
INVT009281,20270611,PRD167,ST005,329,48,87,290,30,2030-02-08,BAT009281
INVT009282,20240212,PRD131,ST028,108,42,5,145,20,2025-11-09,BAT009282
INVT009283,20230616,PRD233,ST038,309,57,35,331,20,2024-06-20,BAT009283
INVT009284,20280117,PRD228,ST005,460,107,80,487,20,2029-04-28,BAT009284
INVT009285,20230508,PRD288,ST047,461,56,99,418,20,2025-08-01,BAT009285
INVT009286,20250916,PRD159,ST039,421,144,55,510,25,2027-03-14,BAT009286
INVT009287,20240126,PRD189,ST024,163,61,108,116,50,2026-05-15,BAT009287
INVT009288,20260805,PRD104,ST007,303,83,16,370,50,2028-08-23,BAT009288
INVT009289,20240214,PRD095,ST043,131,65,2,194,20,2025-03-18,BAT009289
INVT009290,20240705,PRD161,ST037,151,126,107,170,30,2027-01-08,BAT009290
INVT009291,20231209,PRD273,ST015,225,9,81,153,20,2025-06-15,BAT009291
INVT009292,20240818,PRD288,ST031,432,68,1,499,50,2027-04-15,BAT009292
INVT009293,20280704,PRD191,ST042,299,132,92,339,30,2029-11-20,BAT009293
INVT009294,20250726,PRD178,ST006,371,143,119,395,20,2028-07-19,BAT009294
INVT009295,20241017,PRD223,ST020,142,28,81,89,30,2027-06-08,BAT009295
INVT009296,20240725,PRD273,ST046,311,76,9,378,40,2026-03-20,BAT009296
INVT009297,20260214,PRD147,ST032,289,47,62,274,50,2028-04-15,BAT009297
INVT009298,20250325,PRD078,ST001,227,94,106,215,20,2027-04-04,BAT009298
INVT009299,20280320,PRD003,ST017,466,90,111,445,25,2029-11-11,BAT009299
INVT009300,20230215,PRD149,ST015,178,69,71,176,20,2025-02-19,BAT009300
INVT009301,20280926,PRD074,ST045,249,132,60,321,30,2030-07-21,BAT009301
INVT009302,20250622,PRD123,ST044,302,52,14,340,30,2028-03-28,BAT009302
INVT009303,20230216,PRD074,ST039,60,58,2,116,20,2025-08-27,BAT009303
INVT009304,20240311,PRD004,ST015,360,23,8,375,20,2026-12-29,BAT009304
INVT009305,20260512,PRD007,ST032,226,95,73,248,40,2028-11-12,BAT009305
INVT009306,20271125,PRD087,ST005,486,106,116,476,25,2029-08-09,BAT009306
INVT009307,20280903,PRD157,ST048,426,73,29,470,20,2030-08-10,BAT009307
INVT009308,20250523,PRD155,ST017,435,122,43,514,30,2026-06-13,BAT009308
INVT009309,20281009,PRD076,ST015,333,37,67,303,50,2031-05-03,BAT009309
INVT009310,20240204,PRD202,ST006,169,117,83,203,20,2026-09-21,BAT009310
INVT009311,20260901,PRD264,ST035,488,7,62,433,25,2028-01-25,BAT009311
INVT009312,20280607,PRD063,ST020,244,57,44,257,30,2030-04-04,BAT009312
INVT009313,20240806,PRD274,ST020,272,133,104,301,40,2026-03-13,BAT009313
INVT009314,20271224,PRD091,ST004,157,42,25,174,50,2029-08-08,BAT009314
INVT009315,20240926,PRD065,ST031,81,79,78,82,30,2026-05-28,BAT009315
INVT009316,20240729,PRD245,ST045,199,7,20,186,40,2026-07-25,BAT009316
INVT009317,20261105,PRD282,ST021,365,46,33,378,30,2029-05-31,BAT009317
INVT009318,20230726,PRD085,ST016,419,63,15,467,20,2025-12-26,BAT009318
INVT009319,20240212,PRD259,ST023,381,71,92,360,50,2025-03-07,BAT009319
INVT009320,20260827,PRD048,ST017,170,132,66,236,25,2028-12-24,BAT009320
INVT009321,20250712,PRD250,ST041,446,68,115,399,50,2026-08-28,BAT009321
INVT009322,20251127,PRD144,ST032,96,136,111,121,20,2027-06-21,BAT009322
INVT009323,20240813,PRD152,ST049,69,104,19,154,20,2026-05-31,BAT009323
INVT009324,20270803,PRD049,ST015,160,89,33,216,40,2029-02-11,BAT009324
INVT009325,20251009,PRD242,ST004,136,82,41,177,30,2028-09-14,BAT009325
INVT009326,20270520,PRD098,ST019,372,140,15,497,30,2028-09-13,BAT009326
INVT009327,20261218,PRD238,ST030,390,28,71,347,20,2029-03-22,BAT009327
INVT009328,20251028,PRD290,ST009,123,48,79,92,40,2027-12-26,BAT009328
INVT009329,20270117,PRD070,ST035,374,93,89,378,20,2029-11-01,BAT009329
INVT009330,20251126,PRD055,ST038,50,131,96,85,25,2028-02-27,BAT009330
INVT009331,20260213,PRD163,ST043,281,70,47,304,40,2028-02-05,BAT009331
INVT009332,20240907,PRD191,ST002,299,109,111,297,25,2026-04-27,BAT009332
INVT009333,20280429,PRD119,ST027,197,51,47,201,25,2030-09-18,BAT009333
INVT009334,20240404,PRD093,ST007,199,100,31,268,20,2026-08-28,BAT009334
INVT009335,20230903,PRD030,ST039,218,135,26,327,20,2025-05-23,BAT009335
INVT009336,20241204,PRD277,ST026,161,38,30,169,20,2026-01-23,BAT009336
INVT009337,20241226,PRD207,ST023,402,81,120,363,40,2026-10-10,BAT009337
INVT009338,20280508,PRD136,ST044,199,51,50,200,40,2030-09-22,BAT009338
INVT009339,20250722,PRD167,ST010,100,102,2,200,50,2027-04-01,BAT009339
INVT009340,20260505,PRD024,ST011,476,129,75,530,40,2028-02-15,BAT009340
INVT009341,20230116,PRD109,ST049,479,149,26,602,30,2025-10-04,BAT009341
INVT009342,20270522,PRD144,ST031,462,50,46,466,25,2030-02-15,BAT009342
INVT009343,20261008,PRD200,ST011,459,26,94,391,30,2028-08-01,BAT009343
INVT009344,20240904,PRD214,ST009,475,105,58,522,20,2027-02-24,BAT009344
INVT009345,20241009,PRD210,ST048,294,15,11,298,25,2026-12-24,BAT009345
INVT009346,20230925,PRD299,ST006,261,99,56,304,25,2025-04-02,BAT009346
INVT009347,20240806,PRD062,ST045,427,117,83,461,40,2026-07-29,BAT009347
INVT009348,20260208,PRD035,ST020,185,124,61,248,25,2027-03-04,BAT009348
INVT009349,20260221,PRD175,ST015,164,113,93,184,40,2028-10-15,BAT009349
INVT009350,20280213,PRD052,ST045,272,35,58,249,40,2029-07-15,BAT009350
INVT009351,20260124,PRD126,ST037,259,12,96,175,40,2027-09-07,BAT009351
INVT009352,20230608,PRD020,ST030,351,135,22,464,25,2026-06-02,BAT009352
INVT009353,20250604,PRD285,ST038,498,19,60,457,50,2027-10-19,BAT009353
INVT009354,20250417,PRD187,ST027,163,47,9,201,20,2027-09-14,BAT009354
INVT009355,20280202,PRD284,ST049,102,98,18,182,40,2030-11-21,BAT009355
INVT009356,20281124,PRD245,ST029,162,84,94,152,20,2030-01-12,BAT009356
INVT009357,20261217,PRD237,ST014,203,76,99,180,40,2029-06-04,BAT009357
INVT009358,20261106,PRD002,ST003,367,75,57,385,50,2029-09-28,BAT009358
INVT009359,20251205,PRD234,ST049,390,41,74,357,25,2028-09-27,BAT009359
INVT009360,20270621,PRD051,ST025,487,105,110,482,25,2030-06-09,BAT009360
INVT009361,20230616,PRD279,ST029,343,33,72,304,40,2025-12-19,BAT009361
INVT009362,20270419,PRD119,ST042,462,109,93,478,40,2029-07-25,BAT009362
INVT009363,20271018,PRD119,ST040,242,98,29,311,30,2029-02-25,BAT009363
INVT009364,20280430,PRD123,ST026,55,4,50,9,40,2030-05-04,BAT009364
INVT009365,20270215,PRD006,ST017,54,143,35,162,20,2030-02-10,BAT009365
INVT009366,20250312,PRD262,ST015,449,128,73,504,20,2026-06-20,BAT009366
INVT009367,20230929,PRD236,ST021,126,139,82,183,25,2024-10-02,BAT009367
INVT009368,20280405,PRD007,ST032,297,148,84,361,50,2030-10-06,BAT009368
INVT009369,20270705,PRD064,ST034,139,95,53,181,20,2029-09-01,BAT009369
INVT009370,20271013,PRD134,ST003,137,141,82,196,20,2029-02-23,BAT009370
INVT009371,20230418,PRD075,ST011,141,77,37,181,40,2025-07-04,BAT009371
INVT009372,20231208,PRD212,ST021,97,121,89,129,30,2026-07-05,BAT009372
INVT009373,20271109,PRD204,ST027,143,103,45,201,40,2028-12-31,BAT009373
INVT009374,20260508,PRD112,ST035,465,135,25,575,25,2028-12-12,BAT009374
INVT009375,20241220,PRD102,ST044,423,133,33,523,20,2027-09-18,BAT009375
INVT009376,20240429,PRD096,ST050,252,19,58,213,40,2026-01-14,BAT009376
INVT009377,20270205,PRD230,ST029,201,42,56,187,25,2028-12-23,BAT009377
INVT009378,20251208,PRD029,ST044,399,116,3,512,30,2027-10-11,BAT009378
INVT009379,20280402,PRD080,ST004,435,34,55,414,30,2030-05-04,BAT009379
INVT009380,20260902,PRD073,ST038,261,117,91,287,50,2028-05-16,BAT009380
INVT009381,20280414,PRD057,ST033,359,19,89,289,40,2030-06-07,BAT009381
INVT009382,20230628,PRD251,ST015,500,29,92,437,20,2024-07-26,BAT009382
INVT009383,20231121,PRD230,ST037,291,120,51,360,40,2026-10-05,BAT009383
INVT009384,20230710,PRD027,ST012,131,3,3,131,25,2026-06-14,BAT009384
INVT009385,20271028,PRD158,ST050,116,55,65,106,25,2029-03-15,BAT009385
INVT009386,20251013,PRD176,ST021,142,36,3,175,50,2027-08-27,BAT009386
INVT009387,20240220,PRD085,ST017,222,102,23,301,20,2025-07-20,BAT009387
INVT009388,20230405,PRD087,ST024,182,6,73,115,30,2024-07-21,BAT009388
INVT009389,20231123,PRD097,ST037,452,103,42,513,30,2025-11-13,BAT009389
INVT009390,20241014,PRD169,ST045,210,24,56,178,40,2026-09-06,BAT009390
INVT009391,20270830,PRD287,ST015,265,77,108,234,50,2029-07-26,BAT009391
INVT009392,20230417,PRD091,ST027,125,130,118,137,50,2025-08-22,BAT009392
INVT009393,20270227,PRD252,ST010,80,49,91,38,20,2028-12-16,BAT009393
INVT009394,20250315,PRD006,ST026,101,76,30,147,25,2027-08-19,BAT009394
INVT009395,20280811,PRD188,ST034,345,74,57,362,20,2031-04-17,BAT009395
INVT009396,20230329,PRD213,ST039,344,140,14,470,50,2025-10-28,BAT009396
INVT009397,20240610,PRD115,ST031,86,15,33,68,30,2027-01-23,BAT009397
INVT009398,20230830,PRD254,ST007,386,26,28,384,40,2025-05-15,BAT009398
INVT009399,20271003,PRD277,ST040,77,98,90,85,50,2030-03-26,BAT009399
INVT009400,20280327,PRD264,ST021,325,6,24,307,50,2029-07-07,BAT009400
INVT009401,20240805,PRD236,ST031,366,9,43,332,25,2027-06-23,BAT009401
INVT009402,20280808,PRD171,ST005,418,129,88,459,50,2030-07-23,BAT009402
INVT009403,20250519,PRD129,ST012,478,147,57,568,20,2027-01-09,BAT009403
INVT009404,20280309,PRD253,ST013,168,131,0,299,20,2029-11-22,BAT009404
INVT009405,20240106,PRD132,ST043,466,49,21,494,40,2026-12-08,BAT009405
INVT009406,20260703,PRD155,ST008,451,2,105,348,30,2027-11-16,BAT009406
INVT009407,20250420,PRD073,ST001,67,141,49,159,30,2027-10-31,BAT009407
INVT009408,20270317,PRD090,ST045,405,48,120,333,25,2028-12-06,BAT009408
INVT009409,20280613,PRD269,ST005,365,58,38,385,25,2029-09-16,BAT009409
INVT009410,20230918,PRD146,ST029,380,72,50,402,40,2025-08-05,BAT009410
INVT009411,20280615,PRD113,ST011,409,81,10,480,30,2029-10-04,BAT009411
INVT009412,20260927,PRD215,ST005,283,48,110,221,20,2028-03-26,BAT009412
INVT009413,20260220,PRD116,ST010,109,148,58,199,50,2027-07-27,BAT009413
INVT009414,20251101,PRD243,ST045,408,102,14,496,40,2027-08-08,BAT009414
INVT009415,20230718,PRD117,ST021,375,52,90,337,20,2024-08-26,BAT009415
INVT009416,20260922,PRD197,ST034,188,31,109,110,40,2028-02-28,BAT009416
INVT009417,20280627,PRD108,ST018,78,100,72,106,40,2030-05-30,BAT009417
INVT009418,20251212,PRD060,ST015,446,46,49,443,25,2028-12-07,BAT009418
INVT009419,20230123,PRD053,ST021,78,141,82,137,50,2024-06-05,BAT009419
INVT009420,20240622,PRD259,ST013,72,38,18,92,20,2026-02-06,BAT009420
INVT009421,20250427,PRD238,ST002,179,82,100,161,20,2026-12-04,BAT009421
INVT009422,20281007,PRD210,ST002,304,42,79,267,30,2030-04-23,BAT009422
INVT009423,20230523,PRD211,ST009,307,117,24,400,30,2025-04-30,BAT009423
INVT009424,20240520,PRD071,ST037,239,29,78,190,40,2027-04-10,BAT009424
INVT009425,20240820,PRD275,ST047,221,85,69,237,40,2027-01-13,BAT009425
INVT009426,20250918,PRD062,ST025,497,10,82,425,25,2028-01-15,BAT009426
INVT009427,20281002,PRD218,ST013,423,75,68,430,40,2030-12-05,BAT009427
INVT009428,20270121,PRD201,ST048,98,34,67,65,20,2029-03-14,BAT009428
INVT009429,20261128,PRD163,ST050,130,31,13,148,20,2029-11-10,BAT009429
INVT009430,20260918,PRD109,ST006,253,28,42,239,40,2028-10-22,BAT009430
INVT009431,20280417,PRD284,ST044,222,113,96,239,20,2029-11-19,BAT009431
INVT009432,20260103,PRD038,ST008,474,33,77,430,25,2028-10-11,BAT009432
INVT009433,20281029,PRD035,ST001,188,43,108,123,25,2031-05-16,BAT009433
INVT009434,20260822,PRD093,ST017,280,102,40,342,30,2028-06-13,BAT009434
INVT009435,20261226,PRD023,ST033,215,82,33,264,50,2029-06-08,BAT009435
INVT009436,20261007,PRD264,ST041,446,11,49,408,50,2027-11-27,BAT009436
INVT009437,20260607,PRD124,ST038,451,140,60,531,50,2028-11-28,BAT009437
INVT009438,20260328,PRD279,ST020,442,71,108,405,20,2028-05-06,BAT009438
INVT009439,20230608,PRD075,ST025,346,8,73,281,30,2026-02-07,BAT009439
INVT009440,20260613,PRD025,ST023,397,33,13,417,50,2028-12-03,BAT009440
INVT009441,20230317,PRD096,ST001,457,127,59,525,40,2024-09-30,BAT009441
INVT009442,20230729,PRD273,ST033,500,23,42,481,25,2024-08-17,BAT009442
INVT009443,20241028,PRD297,ST015,155,51,49,157,40,2027-01-30,BAT009443
INVT009444,20230906,PRD177,ST010,338,126,74,390,25,2025-09-01,BAT009444
INVT009445,20250816,PRD277,ST020,101,36,119,18,40,2028-04-09,BAT009445
INVT009446,20240301,PRD115,ST010,241,56,117,180,25,2025-07-22,BAT009446
INVT009447,20270104,PRD267,ST049,337,130,100,367,30,2029-10-25,BAT009447
INVT009448,20230313,PRD156,ST049,90,108,22,176,40,2024-12-18,BAT009448
INVT009449,20241227,PRD071,ST007,115,28,11,132,30,2026-10-31,BAT009449
INVT009450,20260117,PRD159,ST042,313,89,1,401,25,2028-12-10,BAT009450
INVT009451,20260508,PRD209,ST045,87,4,86,5,20,2028-06-09,BAT009451
INVT009452,20281227,PRD048,ST001,303,26,31,298,40,2031-05-07,BAT009452
INVT009453,20280628,PRD119,ST001,367,85,120,332,20,2031-06-20,BAT009453
INVT009454,20260528,PRD202,ST001,278,48,110,216,40,2027-11-20,BAT009454
INVT009455,20230822,PRD158,ST003,174,45,120,99,30,2024-08-30,BAT009455
INVT009456,20260308,PRD156,ST002,102,40,9,133,40,2028-09-27,BAT009456
INVT009457,20261103,PRD218,ST046,377,52,115,314,30,2028-05-25,BAT009457
INVT009458,20270627,PRD036,ST018,222,93,105,210,20,2028-09-20,BAT009458
INVT009459,20241002,PRD009,ST017,172,21,116,77,25,2027-03-27,BAT009459
INVT009460,20271116,PRD275,ST028,269,117,56,330,30,2029-12-12,BAT009460
INVT009461,20260417,PRD205,ST040,464,128,98,494,25,2028-05-12,BAT009461
INVT009462,20250918,PRD106,ST049,127,8,72,63,30,2028-03-06,BAT009462
INVT009463,20240123,PRD209,ST033,479,90,24,545,20,2026-09-10,BAT009463
INVT009464,20230107,PRD269,ST031,466,8,8,466,30,2025-01-30,BAT009464
INVT009465,20240407,PRD264,ST031,79,41,60,60,25,2027-01-03,BAT009465
INVT009466,20240614,PRD137,ST025,286,137,99,324,25,2025-09-13,BAT009466
INVT009467,20260602,PRD199,ST018,130,85,98,117,20,2028-11-03,BAT009467
INVT009468,20281019,PRD090,ST016,122,67,80,109,25,2031-07-20,BAT009468
INVT009469,20270811,PRD293,ST028,486,78,91,473,40,2030-07-05,BAT009469
INVT009470,20280702,PRD110,ST010,177,125,20,282,30,2031-02-27,BAT009470
INVT009471,20241105,PRD085,ST042,94,63,29,128,25,2026-09-14,BAT009471
INVT009472,20230122,PRD202,ST005,314,103,87,330,50,2025-11-13,BAT009472
INVT009473,20260328,PRD207,ST002,233,101,75,259,25,2028-06-28,BAT009473
INVT009474,20251030,PRD190,ST002,237,104,79,262,30,2028-09-11,BAT009474
INVT009475,20281115,PRD086,ST025,92,109,94,107,50,2030-02-20,BAT009475
INVT009476,20250328,PRD142,ST015,371,133,86,418,20,2026-09-03,BAT009476
INVT009477,20261020,PRD287,ST004,144,81,110,115,40,2028-04-10,BAT009477
INVT009478,20231208,PRD227,ST018,293,111,6,398,30,2025-10-07,BAT009478
INVT009479,20230827,PRD153,ST010,186,27,36,177,25,2026-08-05,BAT009479
INVT009480,20270902,PRD162,ST025,129,108,9,228,40,2028-10-27,BAT009480
INVT009481,20251116,PRD207,ST020,176,6,112,70,20,2028-02-08,BAT009481
INVT009482,20241018,PRD157,ST030,251,99,88,262,20,2026-10-18,BAT009482
INVT009483,20250611,PRD037,ST014,365,123,96,392,50,2027-01-11,BAT009483
INVT009484,20280308,PRD146,ST031,242,97,101,238,50,2029-10-23,BAT009484
INVT009485,20280712,PRD242,ST047,296,47,39,304,25,2030-04-01,BAT009485
INVT009486,20241122,PRD248,ST033,209,18,22,205,50,2027-10-06,BAT009486
INVT009487,20280706,PRD212,ST050,451,27,17,461,50,2029-12-01,BAT009487
INVT009488,20271014,PRD055,ST011,193,149,78,264,50,2030-01-28,BAT009488
INVT009489,20280111,PRD291,ST039,482,73,84,471,50,2029-03-26,BAT009489
INVT009490,20260630,PRD020,ST027,411,141,15,537,25,2028-10-11,BAT009490
INVT009491,20261122,PRD206,ST006,420,2,37,385,20,2029-06-16,BAT009491
INVT009492,20271009,PRD242,ST013,123,82,101,104,50,2029-11-14,BAT009492
INVT009493,20280823,PRD137,ST034,86,7,48,45,25,2030-06-01,BAT009493
INVT009494,20280228,PRD039,ST025,227,100,78,249,25,2030-12-03,BAT009494
INVT009495,20270914,PRD163,ST005,143,6,43,106,30,2029-01-04,BAT009495
INVT009496,20261224,PRD066,ST033,63,123,64,122,40,2028-10-25,BAT009496
INVT009497,20280317,PRD248,ST001,108,107,74,141,40,2029-08-05,BAT009497
INVT009498,20230309,PRD078,ST043,172,49,48,173,25,2025-07-24,BAT009498
INVT009499,20230505,PRD205,ST024,443,62,86,419,50,2024-07-16,BAT009499
INVT009500,20250503,PRD242,ST035,353,84,120,317,40,2028-04-08,BAT009500
INVT009501,20240717,PRD104,ST021,200,57,46,211,20,2025-12-30,BAT009501
INVT009502,20230320,PRD160,ST024,329,144,103,370,40,2024-10-29,BAT009502
INVT009503,20261221,PRD187,ST009,198,12,43,167,20,2028-02-17,BAT009503
INVT009504,20260210,PRD162,ST006,432,5,93,344,40,2028-11-29,BAT009504
INVT009505,20270411,PRD209,ST001,241,142,65,318,20,2029-11-23,BAT009505
INVT009506,20260717,PRD292,ST011,378,66,27,417,50,2029-05-02,BAT009506
INVT009507,20280825,PRD044,ST022,319,130,31,418,25,2030-01-30,BAT009507
INVT009508,20270315,PRD251,ST004,136,28,13,151,40,2029-09-20,BAT009508
INVT009509,20270519,PRD207,ST043,468,11,20,459,50,2030-01-31,BAT009509
INVT009510,20250115,PRD269,ST006,181,129,77,233,40,2027-01-08,BAT009510
INVT009511,20271115,PRD049,ST046,296,141,14,423,30,2029-08-05,BAT009511
INVT009512,20250209,PRD197,ST006,429,17,40,406,25,2027-09-03,BAT009512
INVT009513,20250621,PRD114,ST025,248,78,36,290,50,2027-01-08,BAT009513
INVT009514,20260304,PRD239,ST045,194,58,6,246,25,2027-12-30,BAT009514
INVT009515,20240803,PRD221,ST030,330,68,103,295,30,2026-09-12,BAT009515
INVT009516,20271114,PRD034,ST007,442,84,119,407,30,2029-12-26,BAT009516
INVT009517,20231112,PRD210,ST001,355,98,39,414,20,2025-11-24,BAT009517
INVT009518,20271203,PRD262,ST032,484,109,53,540,20,2029-02-17,BAT009518
INVT009519,20280413,PRD279,ST011,396,97,109,384,20,2030-01-29,BAT009519
INVT009520,20280413,PRD117,ST002,281,74,117,238,50,2029-05-12,BAT009520
INVT009521,20240904,PRD234,ST039,304,34,120,218,40,2026-03-30,BAT009521
INVT009522,20230221,PRD058,ST038,364,109,79,394,50,2024-12-29,BAT009522
INVT009523,20270608,PRD191,ST010,104,121,37,188,30,2030-04-06,BAT009523
INVT009524,20270523,PRD161,ST036,347,139,68,418,30,2028-12-08,BAT009524
INVT009525,20271002,PRD288,ST019,473,77,107,443,25,2030-09-06,BAT009525
INVT009526,20230403,PRD201,ST034,190,27,105,112,30,2025-04-19,BAT009526
INVT009527,20280324,PRD295,ST023,227,116,25,318,50,2029-05-30,BAT009527
INVT009528,20261103,PRD218,ST046,281,147,120,308,50,2029-02-25,BAT009528
INVT009529,20240620,PRD272,ST006,226,108,10,324,25,2027-04-15,BAT009529
INVT009530,20230329,PRD065,ST041,166,41,100,107,40,2025-05-14,BAT009530
INVT009531,20250602,PRD047,ST026,414,72,99,387,50,2027-10-26,BAT009531
INVT009532,20250424,PRD296,ST029,251,133,59,325,40,2027-05-04,BAT009532
INVT009533,20270801,PRD152,ST032,105,136,101,140,20,2030-06-21,BAT009533
INVT009534,20280529,PRD183,ST015,186,9,74,121,40,2029-09-16,BAT009534
INVT009535,20271213,PRD177,ST008,94,124,40,178,40,2029-07-23,BAT009535
INVT009536,20260305,PRD144,ST004,261,12,19,254,20,2027-04-09,BAT009536
INVT009537,20240219,PRD197,ST012,271,106,79,298,40,2026-06-24,BAT009537
INVT009538,20241027,PRD233,ST033,406,61,27,440,25,2026-04-27,BAT009538
INVT009539,20270403,PRD107,ST032,152,16,72,96,40,2029-09-13,BAT009539
INVT009540,20241215,PRD156,ST013,265,148,64,349,20,2026-04-23,BAT009540
INVT009541,20230709,PRD023,ST028,292,142,88,346,50,2025-10-10,BAT009541
INVT009542,20241008,PRD217,ST030,111,94,54,151,50,2026-01-04,BAT009542
INVT009543,20260520,PRD240,ST001,87,40,79,48,50,2027-12-22,BAT009543
INVT009544,20251112,PRD183,ST019,90,97,35,152,40,2026-12-09,BAT009544
INVT009545,20280619,PRD056,ST023,71,0,55,16,40,2030-06-09,BAT009545
INVT009546,20241110,PRD281,ST022,152,12,4,160,30,2026-10-11,BAT009546
INVT009547,20270314,PRD241,ST045,384,130,113,401,40,2029-09-10,BAT009547
INVT009548,20261006,PRD094,ST010,127,32,110,49,20,2027-10-24,BAT009548
INVT009549,20270426,PRD178,ST047,397,122,82,437,40,2029-03-04,BAT009549
INVT009550,20240417,PRD153,ST018,119,14,10,123,50,2027-02-20,BAT009550
INVT009551,20230111,PRD108,ST019,123,0,91,32,40,2025-07-26,BAT009551
INVT009552,20280328,PRD089,ST005,305,7,35,277,40,2030-05-29,BAT009552
INVT009553,20281120,PRD242,ST042,455,7,84,378,50,2030-03-23,BAT009553
INVT009554,20280625,PRD199,ST010,113,20,55,78,40,2029-10-14,BAT009554
INVT009555,20240824,PRD121,ST003,185,99,89,195,30,2027-01-25,BAT009555
INVT009556,20250714,PRD204,ST024,359,138,0,497,20,2027-09-03,BAT009556
INVT009557,20270828,PRD184,ST035,467,26,106,387,25,2029-11-02,BAT009557
INVT009558,20270728,PRD084,ST011,439,39,110,368,20,2030-02-03,BAT009558
INVT009559,20270321,PRD033,ST044,64,35,12,87,25,2028-04-10,BAT009559
INVT009560,20270128,PRD013,ST037,245,60,77,228,50,2028-10-20,BAT009560
INVT009561,20280609,PRD282,ST013,200,135,70,265,20,2031-05-21,BAT009561
INVT009562,20251225,PRD204,ST001,437,142,18,561,30,2028-12-06,BAT009562
INVT009563,20271224,PRD155,ST001,429,119,72,476,30,2029-07-23,BAT009563
INVT009564,20260626,PRD160,ST019,458,28,85,401,40,2028-07-07,BAT009564
INVT009565,20270323,PRD220,ST025,95,101,23,173,20,2028-11-04,BAT009565
INVT009566,20241128,PRD121,ST038,142,95,1,236,20,2027-10-20,BAT009566
INVT009567,20280602,PRD197,ST006,70,49,17,102,20,2030-07-08,BAT009567
INVT009568,20261023,PRD258,ST046,52,142,58,136,25,2028-11-13,BAT009568
INVT009569,20280503,PRD018,ST045,219,19,93,145,20,2031-01-27,BAT009569
INVT009570,20250708,PRD269,ST035,159,15,77,97,20,2027-04-11,BAT009570
INVT009571,20261031,PRD262,ST006,252,120,107,265,25,2029-07-07,BAT009571
INVT009572,20231204,PRD125,ST001,188,33,99,122,20,2025-03-02,BAT009572
INVT009573,20270206,PRD300,ST004,445,89,20,514,40,2028-09-25,BAT009573
INVT009574,20240330,PRD041,ST049,331,112,112,331,40,2026-03-24,BAT009574
INVT009575,20270811,PRD252,ST012,145,70,13,202,25,2030-01-14,BAT009575
INVT009576,20270515,PRD172,ST047,62,63,108,17,50,2029-03-29,BAT009576
INVT009577,20240526,PRD028,ST007,396,145,45,496,50,2027-02-03,BAT009577
INVT009578,20250203,PRD082,ST012,185,149,22,312,30,2026-10-21,BAT009578
INVT009579,20251215,PRD015,ST046,430,102,55,477,20,2027-12-03,BAT009579
INVT009580,20241225,PRD066,ST009,76,125,105,96,40,2027-12-12,BAT009580
INVT009581,20260210,PRD277,ST025,83,141,24,200,50,2027-08-01,BAT009581
INVT009582,20261128,PRD173,ST045,351,30,37,344,25,2028-05-26,BAT009582
INVT009583,20231101,PRD059,ST046,297,43,35,305,30,2025-11-21,BAT009583
INVT009584,20230906,PRD177,ST005,312,44,7,349,50,2026-06-20,BAT009584
INVT009585,20230606,PRD283,ST027,108,115,120,103,50,2024-06-07,BAT009585
INVT009586,20281125,PRD254,ST008,152,87,28,211,50,2030-10-05,BAT009586
INVT009587,20271217,PRD101,ST010,185,39,115,109,20,2030-11-23,BAT009587
INVT009588,20270106,PRD238,ST004,432,57,55,434,30,2029-08-10,BAT009588
INVT009589,20270313,PRD298,ST012,211,122,3,330,40,2028-09-19,BAT009589
INVT009590,20280517,PRD295,ST011,357,0,89,268,30,2031-05-12,BAT009590
INVT009591,20271030,PRD295,ST048,365,137,96,406,20,2029-01-08,BAT009591
INVT009592,20271128,PRD074,ST006,382,58,61,379,20,2029-05-31,BAT009592
INVT009593,20271101,PRD037,ST025,300,23,49,274,40,2029-05-04,BAT009593
INVT009594,20280730,PRD028,ST010,124,74,10,188,20,2030-01-15,BAT009594
INVT009595,20270908,PRD083,ST007,58,136,26,168,20,2030-03-23,BAT009595
INVT009596,20250425,PRD096,ST002,441,148,11,578,30,2028-04-20,BAT009596
INVT009597,20250716,PRD063,ST037,171,137,103,205,30,2026-09-22,BAT009597
INVT009598,20260911,PRD127,ST006,396,17,90,323,50,2029-05-11,BAT009598
INVT009599,20241117,PRD118,ST004,296,59,10,345,25,2027-07-12,BAT009599
INVT009600,20280310,PRD074,ST037,326,132,60,398,25,2030-09-02,BAT009600
INVT009601,20280119,PRD237,ST005,157,10,38,129,25,2029-09-12,BAT009601
INVT009602,20280909,PRD241,ST043,254,129,114,269,20,2031-05-03,BAT009602
INVT009603,20230129,PRD008,ST048,297,117,78,336,40,2024-11-12,BAT009603
INVT009604,20241006,PRD236,ST030,427,8,77,358,40,2027-04-01,BAT009604
INVT009605,20270217,PRD077,ST024,175,150,79,246,20,2028-08-27,BAT009605
INVT009606,20281114,PRD166,ST020,84,57,15,126,40,2031-08-18,BAT009606
INVT009607,20251205,PRD129,ST035,394,85,103,376,20,2028-07-23,BAT009607
INVT009608,20270108,PRD130,ST018,137,57,26,168,30,2028-09-25,BAT009608
INVT009609,20230619,PRD090,ST024,417,142,83,476,50,2025-06-24,BAT009609
INVT009610,20260919,PRD033,ST001,319,134,77,376,25,2029-06-28,BAT009610
INVT009611,20240228,PRD228,ST007,50,133,85,98,40,2025-12-04,BAT009611
INVT009612,20260824,PRD125,ST006,223,110,36,297,40,2029-08-07,BAT009612
INVT009613,20230215,PRD287,ST048,279,34,105,208,30,2024-10-28,BAT009613
INVT009614,20280807,PRD254,ST032,219,60,65,214,50,2029-12-06,BAT009614
INVT009615,20280117,PRD223,ST035,165,94,24,235,25,2029-10-24,BAT009615
INVT009616,20280415,PRD269,ST006,463,28,1,490,20,2030-06-26,BAT009616
INVT009617,20240911,PRD059,ST039,316,145,111,350,40,2026-05-30,BAT009617
INVT009618,20260313,PRD216,ST038,443,51,11,483,40,2028-10-06,BAT009618
INVT009619,20231230,PRD177,ST044,395,18,49,364,30,2026-09-20,BAT009619
INVT009620,20240415,PRD010,ST032,74,69,115,28,30,2026-03-30,BAT009620
INVT009621,20240420,PRD193,ST019,475,147,111,511,25,2025-12-20,BAT009621
INVT009622,20230413,PRD195,ST045,267,16,108,175,50,2024-04-26,BAT009622
INVT009623,20240414,PRD246,ST042,189,132,110,211,30,2025-09-28,BAT009623
INVT009624,20260804,PRD083,ST018,489,104,107,486,40,2027-12-04,BAT009624
INVT009625,20250611,PRD032,ST025,415,75,105,385,40,2026-12-31,BAT009625
INVT009626,20230411,PRD271,ST031,230,49,43,236,50,2026-02-08,BAT009626
INVT009627,20250414,PRD083,ST047,189,53,42,200,50,2027-04-18,BAT009627
INVT009628,20240409,PRD121,ST013,165,17,115,67,40,2026-12-11,BAT009628
INVT009629,20270307,PRD138,ST013,118,62,23,157,30,2029-05-05,BAT009629
INVT009630,20250617,PRD180,ST023,113,107,78,142,40,2028-01-02,BAT009630
INVT009631,20281016,PRD100,ST043,304,121,61,364,25,2029-12-09,BAT009631
INVT009632,20260615,PRD118,ST037,304,30,64,270,50,2028-12-27,BAT009632
INVT009633,20260123,PRD073,ST030,483,28,94,417,40,2028-10-23,BAT009633
INVT009634,20271009,PRD162,ST027,194,90,46,238,25,2030-06-13,BAT009634
INVT009635,20241026,PRD267,ST017,59,52,34,77,40,2027-01-11,BAT009635
INVT009636,20270703,PRD154,ST048,239,68,119,188,30,2028-07-02,BAT009636
INVT009637,20270908,PRD202,ST034,354,76,19,411,30,2029-04-16,BAT009637
INVT009638,20241023,PRD264,ST013,253,148,29,372,20,2027-07-25,BAT009638
INVT009639,20230504,PRD038,ST007,381,138,62,457,25,2024-08-27,BAT009639
INVT009640,20250216,PRD291,ST035,422,48,93,377,20,2026-08-03,BAT009640
INVT009641,20230527,PRD015,ST023,269,87,57,299,25,2026-04-07,BAT009641
INVT009642,20250411,PRD275,ST028,391,31,52,370,20,2026-06-28,BAT009642
INVT009643,20271026,PRD036,ST038,105,62,120,47,40,2030-09-18,BAT009643
INVT009644,20260113,PRD031,ST045,261,85,69,277,20,2028-01-17,BAT009644
INVT009645,20231105,PRD263,ST020,73,75,82,66,40,2026-03-18,BAT009645
INVT009646,20250915,PRD182,ST003,170,30,65,135,50,2027-07-21,BAT009646
INVT009647,20280228,PRD151,ST005,248,57,23,282,25,2030-08-20,BAT009647
INVT009648,20260705,PRD182,ST027,488,57,105,440,25,2028-09-09,BAT009648
INVT009649,20270728,PRD003,ST012,164,85,18,231,20,2029-12-18,BAT009649
INVT009650,20240702,PRD055,ST008,486,142,22,606,50,2027-02-09,BAT009650
INVT009651,20231012,PRD127,ST002,466,82,9,539,20,2025-03-18,BAT009651
INVT009652,20280201,PRD044,ST040,59,90,115,34,50,2029-04-30,BAT009652
INVT009653,20251222,PRD236,ST041,344,107,85,366,20,2028-12-16,BAT009653
INVT009654,20260925,PRD194,ST009,174,55,4,225,50,2028-06-12,BAT009654
INVT009655,20280222,PRD296,ST048,412,115,51,476,50,2030-08-14,BAT009655
INVT009656,20261011,PRD137,ST013,183,98,102,179,30,2028-09-07,BAT009656
INVT009657,20280903,PRD080,ST040,215,66,51,230,25,2031-01-04,BAT009657
INVT009658,20250430,PRD128,ST015,55,10,28,37,20,2027-02-02,BAT009658
INVT009659,20280213,PRD051,ST025,391,103,103,391,25,2029-10-11,BAT009659
INVT009660,20260311,PRD091,ST024,176,11,15,172,25,2028-12-18,BAT009660
INVT009661,20281125,PRD046,ST038,197,3,96,104,20,2030-03-16,BAT009661
INVT009662,20240103,PRD070,ST038,226,34,6,254,40,2026-11-12,BAT009662
INVT009663,20280820,PRD053,ST035,303,74,12,365,30,2030-09-19,BAT009663
INVT009664,20261126,PRD214,ST027,383,60,57,386,20,2029-04-14,BAT009664
INVT009665,20230602,PRD134,ST050,403,60,81,382,40,2024-12-17,BAT009665
INVT009666,20280211,PRD189,ST006,180,60,47,193,25,2030-01-04,BAT009666
INVT009667,20261210,PRD135,ST028,429,42,16,455,25,2029-11-06,BAT009667
INVT009668,20260515,PRD235,ST049,257,99,4,352,20,2029-01-29,BAT009668
INVT009669,20280617,PRD158,ST050,345,0,73,272,20,2031-04-09,BAT009669
INVT009670,20240923,PRD195,ST007,360,57,47,370,50,2026-01-01,BAT009670
INVT009671,20270219,PRD052,ST020,99,139,100,138,30,2029-11-17,BAT009671
INVT009672,20260502,PRD030,ST004,209,130,77,262,40,2028-04-09,BAT009672
INVT009673,20271116,PRD004,ST036,178,98,72,204,30,2029-08-19,BAT009673
INVT009674,20260119,PRD161,ST025,431,144,105,470,40,2028-05-06,BAT009674
INVT009675,20270116,PRD189,ST028,499,17,20,496,25,2028-11-09,BAT009675
INVT009676,20230312,PRD024,ST006,436,83,17,502,25,2025-11-28,BAT009676
INVT009677,20230418,PRD151,ST002,372,22,45,349,20,2025-08-24,BAT009677
INVT009678,20271030,PRD085,ST038,417,69,21,465,20,2029-02-06,BAT009678
INVT009679,20240828,PRD056,ST030,119,47,5,161,50,2026-07-01,BAT009679
INVT009680,20250630,PRD131,ST012,145,6,66,85,25,2027-04-30,BAT009680
INVT009681,20231213,PRD281,ST042,234,118,58,294,50,2026-04-12,BAT009681
INVT009682,20250514,PRD148,ST008,392,61,57,396,25,2026-12-12,BAT009682
INVT009683,20230611,PRD234,ST015,211,126,12,325,25,2025-07-14,BAT009683
INVT009684,20231009,PRD257,ST029,288,65,73,280,40,2026-03-18,BAT009684
INVT009685,20270113,PRD107,ST048,493,93,116,470,25,2028-12-06,BAT009685
INVT009686,20281225,PRD164,ST016,464,81,41,504,50,2031-08-01,BAT009686
INVT009687,20261026,PRD062,ST021,188,26,37,177,25,2028-12-30,BAT009687
INVT009688,20230810,PRD148,ST016,330,126,16,440,30,2025-04-06,BAT009688
INVT009689,20230110,PRD277,ST033,200,142,96,246,40,2024-02-12,BAT009689
INVT009690,20271012,PRD135,ST042,110,76,38,148,25,2029-10-17,BAT009690
INVT009691,20230724,PRD291,ST044,245,148,24,369,25,2025-12-13,BAT009691
INVT009692,20260921,PRD249,ST037,399,12,12,399,30,2028-09-19,BAT009692
INVT009693,20230310,PRD271,ST035,50,109,25,134,50,2025-02-19,BAT009693
INVT009694,20281102,PRD148,ST022,189,88,0,277,30,2031-10-26,BAT009694
INVT009695,20250110,PRD200,ST023,172,123,5,290,30,2027-05-10,BAT009695
INVT009696,20270811,PRD258,ST004,361,141,45,457,40,2030-02-22,BAT009696
INVT009697,20250822,PRD161,ST004,231,25,105,151,50,2027-04-21,BAT009697
INVT009698,20260206,PRD158,ST002,143,117,46,214,30,2027-11-01,BAT009698
INVT009699,20280701,PRD028,ST008,191,45,113,123,50,2030-06-13,BAT009699
INVT009700,20230326,PRD124,ST041,153,109,73,189,25,2025-04-18,BAT009700
INVT009701,20250710,PRD154,ST003,129,26,15,140,20,2027-04-11,BAT009701
INVT009702,20261117,PRD153,ST049,342,133,5,470,30,2028-12-19,BAT009702
INVT009703,20230418,PRD203,ST024,146,78,81,143,50,2024-11-21,BAT009703
INVT009704,20230326,PRD217,ST027,493,111,116,488,25,2025-02-05,BAT009704
INVT009705,20240524,PRD213,ST025,493,13,47,459,30,2026-10-10,BAT009705
INVT009706,20280116,PRD098,ST047,344,10,33,321,30,2029-12-25,BAT009706
INVT009707,20260426,PRD099,ST027,145,56,24,177,20,2028-12-30,BAT009707
INVT009708,20250516,PRD038,ST045,129,19,91,57,20,2027-12-05,BAT009708
INVT009709,20240524,PRD061,ST044,70,55,69,56,40,2026-09-18,BAT009709
INVT009710,20250222,PRD281,ST002,67,114,94,87,40,2027-09-17,BAT009710
INVT009711,20281016,PRD049,ST037,403,103,70,436,40,2029-10-27,BAT009711
INVT009712,20270902,PRD198,ST028,310,129,38,401,25,2029-03-20,BAT009712
INVT009713,20231229,PRD222,ST021,66,138,27,177,25,2026-06-26,BAT009713
INVT009714,20230928,PRD093,ST032,121,75,77,119,20,2025-01-15,BAT009714
INVT009715,20260108,PRD028,ST024,206,51,76,181,25,2027-10-21,BAT009715
INVT009716,20270323,PRD265,ST039,316,67,61,322,25,2029-08-31,BAT009716
INVT009717,20260228,PRD128,ST038,212,54,109,157,40,2027-08-29,BAT009717
INVT009718,20270214,PRD265,ST001,96,86,98,84,25,2029-12-27,BAT009718
INVT009719,20270219,PRD267,ST019,342,105,19,428,20,2028-03-26,BAT009719
INVT009720,20250417,PRD094,ST015,68,41,1,108,20,2027-12-30,BAT009720
INVT009721,20240709,PRD195,ST043,324,102,7,419,20,2026-11-23,BAT009721
INVT009722,20250727,PRD260,ST023,215,93,46,262,30,2026-09-15,BAT009722
INVT009723,20261116,PRD049,ST041,328,23,105,246,40,2029-10-08,BAT009723
INVT009724,20270324,PRD047,ST020,131,98,101,128,40,2028-08-11,BAT009724
INVT009725,20260426,PRD157,ST015,260,126,61,325,20,2028-01-14,BAT009725
INVT009726,20240103,PRD045,ST002,306,10,6,310,25,2026-10-23,BAT009726
INVT009727,20270529,PRD142,ST040,102,51,118,35,30,2030-03-31,BAT009727
INVT009728,20280506,PRD133,ST034,353,91,120,324,40,2030-02-02,BAT009728
INVT009729,20240726,PRD191,ST010,301,86,95,292,25,2025-10-26,BAT009729
INVT009730,20271221,PRD251,ST049,349,17,0,366,30,2029-08-13,BAT009730
INVT009731,20271215,PRD090,ST023,259,88,49,298,25,2029-07-15,BAT009731
INVT009732,20280727,PRD102,ST017,148,78,69,157,50,2031-04-10,BAT009732
INVT009733,20231031,PRD031,ST002,439,7,118,328,20,2025-04-20,BAT009733
INVT009734,20251024,PRD091,ST002,454,18,102,370,25,2028-01-27,BAT009734
INVT009735,20280308,PRD193,ST002,249,101,112,238,25,2030-03-25,BAT009735
INVT009736,20270226,PRD242,ST035,291,75,38,328,20,2028-06-04,BAT009736
INVT009737,20240613,PRD258,ST020,306,73,22,357,20,2026-10-21,BAT009737
INVT009738,20241219,PRD249,ST017,443,38,9,472,50,2026-09-07,BAT009738
INVT009739,20230814,PRD148,ST031,335,144,108,371,20,2025-03-08,BAT009739
INVT009740,20271107,PRD246,ST008,273,17,80,210,40,2030-04-27,BAT009740
INVT009741,20260421,PRD258,ST041,433,145,76,502,20,2029-01-28,BAT009741
INVT009742,20240917,PRD197,ST016,403,135,88,450,25,2026-12-23,BAT009742
INVT009743,20260617,PRD045,ST020,229,88,0,317,50,2028-10-05,BAT009743
INVT009744,20250906,PRD109,ST013,73,133,61,145,20,2027-04-21,BAT009744
INVT009745,20281006,PRD083,ST046,190,43,116,117,50,2031-04-18,BAT009745
INVT009746,20270115,PRD080,ST032,80,74,78,76,40,2029-10-18,BAT009746
INVT009747,20250805,PRD143,ST020,206,99,112,193,25,2028-06-09,BAT009747
INVT009748,20260421,PRD197,ST017,296,65,72,289,40,2028-04-01,BAT009748
INVT009749,20240511,PRD128,ST007,92,3,9,86,30,2025-09-18,BAT009749
INVT009750,20241108,PRD038,ST041,321,23,44,300,50,2026-11-06,BAT009750
INVT009751,20281221,PRD037,ST011,150,108,102,156,50,2031-06-13,BAT009751
INVT009752,20270814,PRD197,ST003,310,141,22,429,25,2029-01-11,BAT009752
INVT009753,20250829,PRD191,ST007,86,63,84,65,50,2027-07-31,BAT009753
INVT009754,20241107,PRD089,ST021,418,67,73,412,30,2026-11-12,BAT009754
INVT009755,20280116,PRD010,ST014,90,120,51,159,50,2030-11-20,BAT009755
INVT009756,20240225,PRD029,ST006,437,54,106,385,25,2025-12-05,BAT009756
INVT009757,20280408,PRD028,ST031,146,14,65,95,20,2030-02-01,BAT009757
INVT009758,20231119,PRD143,ST012,164,112,45,231,40,2025-08-27,BAT009758
INVT009759,20261107,PRD141,ST049,241,31,120,152,40,2028-07-01,BAT009759
INVT009760,20250304,PRD003,ST005,258,86,89,255,30,2027-08-05,BAT009760
INVT009761,20280209,PRD201,ST024,279,135,11,403,30,2030-09-07,BAT009761
INVT009762,20231029,PRD216,ST026,450,90,42,498,20,2026-01-20,BAT009762
INVT009763,20240817,PRD286,ST025,178,39,9,208,25,2026-11-04,BAT009763
INVT009764,20230806,PRD059,ST031,494,23,38,479,40,2025-01-15,BAT009764
INVT009765,20241211,PRD065,ST039,457,72,42,487,25,2026-03-22,BAT009765
INVT009766,20270719,PRD163,ST006,246,72,101,217,30,2028-10-26,BAT009766
INVT009767,20230305,PRD171,ST018,488,2,3,487,50,2025-01-30,BAT009767
INVT009768,20250709,PRD266,ST048,463,3,85,381,50,2027-04-14,BAT009768
INVT009769,20241015,PRD010,ST050,498,119,97,520,50,2026-11-26,BAT009769
INVT009770,20240314,PRD020,ST041,365,118,75,408,50,2026-11-09,BAT009770
INVT009771,20271011,PRD169,ST048,344,20,28,336,20,2029-01-25,BAT009771
INVT009772,20280808,PRD012,ST043,317,117,66,368,20,2030-07-15,BAT009772
INVT009773,20280108,PRD134,ST045,349,30,54,325,40,2029-03-16,BAT009773
INVT009774,20271002,PRD165,ST028,291,12,86,217,50,2030-03-23,BAT009774
INVT009775,20271028,PRD221,ST032,465,139,68,536,30,2029-02-25,BAT009775
INVT009776,20271009,PRD282,ST012,61,51,71,41,30,2029-03-06,BAT009776
INVT009777,20281014,PRD188,ST030,363,76,103,336,20,2029-12-20,BAT009777
INVT009778,20261013,PRD148,ST045,92,94,120,66,20,2028-11-24,BAT009778
INVT009779,20281007,PRD300,ST036,224,22,13,233,50,2031-04-26,BAT009779
INVT009780,20240109,PRD042,ST025,397,125,108,414,50,2026-05-24,BAT009780
INVT009781,20250328,PRD140,ST033,78,143,99,122,30,2026-07-25,BAT009781
INVT009782,20251030,PRD207,ST027,281,95,58,318,20,2028-10-11,BAT009782
INVT009783,20270409,PRD293,ST021,198,6,17,187,25,2028-07-13,BAT009783
INVT009784,20250402,PRD148,ST012,401,98,71,428,25,2027-12-20,BAT009784
INVT009785,20270417,PRD177,ST030,98,56,104,50,50,2029-04-12,BAT009785
INVT009786,20280315,PRD012,ST003,104,108,70,142,30,2030-03-05,BAT009786
INVT009787,20230927,PRD075,ST011,424,69,113,380,20,2025-03-23,BAT009787
INVT009788,20250624,PRD266,ST049,277,137,78,336,25,2026-08-08,BAT009788
INVT009789,20250411,PRD276,ST008,201,119,50,270,20,2027-01-17,BAT009789
INVT009790,20230111,PRD294,ST026,497,47,94,450,40,2024-06-06,BAT009790
INVT009791,20241019,PRD078,ST023,449,145,100,494,30,2026-05-14,BAT009791
INVT009792,20271217,PRD219,ST011,110,1,92,19,50,2030-07-01,BAT009792
INVT009793,20270113,PRD103,ST012,416,113,16,513,40,2028-05-31,BAT009793
INVT009794,20230614,PRD222,ST026,287,94,35,346,50,2026-04-07,BAT009794
INVT009795,20230303,PRD187,ST037,304,54,2,356,25,2025-06-12,BAT009795
INVT009796,20260818,PRD124,ST031,446,65,47,464,20,2029-01-17,BAT009796
INVT009797,20281016,PRD105,ST001,417,102,71,448,25,2031-05-16,BAT009797
INVT009798,20251202,PRD265,ST008,487,113,118,482,20,2027-09-12,BAT009798
INVT009799,20270916,PRD250,ST010,348,76,17,407,40,2030-06-11,BAT009799
INVT009800,20231212,PRD300,ST005,269,54,57,266,50,2026-05-30,BAT009800
INVT009801,20230430,PRD019,ST018,436,114,18,532,20,2024-10-16,BAT009801
INVT009802,20281213,PRD276,ST036,413,43,27,429,50,2031-03-11,BAT009802
INVT009803,20280622,PRD002,ST050,337,112,60,389,20,2029-08-31,BAT009803
INVT009804,20260718,PRD087,ST048,203,44,34,213,30,2028-03-28,BAT009804
INVT009805,20231224,PRD023,ST009,367,146,27,486,25,2025-03-29,BAT009805
INVT009806,20230330,PRD110,ST026,291,67,104,254,20,2024-05-04,BAT009806
INVT009807,20250125,PRD175,ST050,391,67,18,440,40,2026-02-18,BAT009807
INVT009808,20281010,PRD111,ST007,404,131,109,426,20,2031-04-21,BAT009808
INVT009809,20230906,PRD122,ST050,192,48,3,237,40,2024-12-21,BAT009809
INVT009810,20260521,PRD278,ST036,378,55,112,321,20,2028-04-23,BAT009810
INVT009811,20260612,PRD177,ST002,454,140,16,578,40,2029-03-25,BAT009811
INVT009812,20270106,PRD279,ST046,253,132,47,338,50,2028-04-14,BAT009812
INVT009813,20280713,PRD144,ST033,332,76,53,355,40,2030-04-03,BAT009813
INVT009814,20241001,PRD088,ST013,137,137,51,223,30,2026-03-19,BAT009814
INVT009815,20261002,PRD005,ST020,258,71,59,270,20,2029-09-14,BAT009815
INVT009816,20280611,PRD150,ST009,248,92,104,236,50,2030-12-20,BAT009816
INVT009817,20260507,PRD028,ST027,272,21,116,177,25,2028-02-07,BAT009817
INVT009818,20261113,PRD014,ST006,85,110,85,110,20,2028-02-23,BAT009818
INVT009819,20241004,PRD139,ST046,485,29,106,408,50,2026-01-19,BAT009819
INVT009820,20240219,PRD210,ST004,283,101,22,362,20,2025-03-13,BAT009820
INVT009821,20270626,PRD084,ST027,425,46,11,460,40,2030-01-20,BAT009821
INVT009822,20260116,PRD241,ST012,424,4,20,408,20,2028-02-08,BAT009822
INVT009823,20250309,PRD036,ST020,84,8,75,17,25,2026-12-21,BAT009823
INVT009824,20251118,PRD110,ST012,349,91,95,345,30,2026-11-22,BAT009824
INVT009825,20261110,PRD224,ST034,409,99,36,472,25,2029-06-18,BAT009825
INVT009826,20270602,PRD064,ST046,301,44,98,247,30,2029-09-12,BAT009826
INVT009827,20240717,PRD252,ST044,156,17,67,106,50,2027-02-20,BAT009827
INVT009828,20280703,PRD019,ST028,74,79,34,119,40,2029-11-25,BAT009828
INVT009829,20230312,PRD108,ST029,194,73,93,174,30,2025-07-10,BAT009829
INVT009830,20231028,PRD296,ST040,89,111,87,113,40,2025-05-19,BAT009830
INVT009831,20260227,PRD076,ST041,87,65,18,134,20,2027-06-08,BAT009831
INVT009832,20260214,PRD013,ST030,385,142,98,429,20,2027-10-08,BAT009832
INVT009833,20271124,PRD195,ST020,355,33,105,283,50,2028-12-03,BAT009833
INVT009834,20280718,PRD030,ST013,315,56,108,263,50,2030-05-12,BAT009834
INVT009835,20241209,PRD237,ST008,485,56,93,448,30,2026-05-04,BAT009835
INVT009836,20260504,PRD251,ST004,263,76,85,254,50,2027-09-17,BAT009836
INVT009837,20240609,PRD066,ST021,405,113,102,416,20,2026-08-14,BAT009837
INVT009838,20260406,PRD026,ST002,193,128,115,206,50,2028-04-08,BAT009838
INVT009839,20241029,PRD135,ST008,186,56,81,161,30,2027-10-19,BAT009839
INVT009840,20270129,PRD220,ST020,259,101,27,333,50,2029-06-04,BAT009840
INVT009841,20231122,PRD257,ST003,480,23,17,486,20,2025-12-20,BAT009841
INVT009842,20250429,PRD124,ST023,302,91,81,312,50,2028-01-16,BAT009842
INVT009843,20280508,PRD140,ST039,289,80,114,255,40,2030-08-22,BAT009843
INVT009844,20261229,PRD215,ST018,243,108,63,288,40,2029-02-07,BAT009844
INVT009845,20271213,PRD131,ST037,415,23,28,410,30,2030-12-01,BAT009845
INVT009846,20280921,PRD053,ST026,349,71,116,304,20,2030-04-26,BAT009846
INVT009847,20241111,PRD155,ST050,122,41,14,149,40,2027-10-30,BAT009847
INVT009848,20251113,PRD181,ST013,409,34,111,332,30,2027-09-02,BAT009848
INVT009849,20240629,PRD062,ST020,254,24,1,277,20,2026-04-15,BAT009849
INVT009850,20281005,PRD099,ST021,367,10,107,270,20,2030-09-12,BAT009850
INVT009851,20280819,PRD052,ST049,366,143,24,485,40,2030-08-28,BAT009851
INVT009852,20231106,PRD150,ST026,347,14,41,320,50,2026-09-18,BAT009852
INVT009853,20231217,PRD275,ST015,296,105,45,356,25,2026-09-11,BAT009853
INVT009854,20280217,PRD296,ST049,66,9,41,34,40,2030-08-21,BAT009854
INVT009855,20250606,PRD131,ST006,58,138,6,190,40,2027-06-07,BAT009855
INVT009856,20230527,PRD170,ST004,386,54,41,399,30,2025-06-11,BAT009856
INVT009857,20240404,PRD108,ST028,190,9,16,183,50,2026-02-03,BAT009857
INVT009858,20241218,PRD077,ST045,468,11,85,394,50,2026-11-23,BAT009858
INVT009859,20260809,PRD002,ST013,455,25,18,462,20,2028-08-11,BAT009859
INVT009860,20261011,PRD294,ST023,344,94,73,365,25,2028-07-11,BAT009860
INVT009861,20231015,PRD225,ST008,271,100,43,328,30,2025-05-23,BAT009861
INVT009862,20270402,PRD024,ST008,329,22,13,338,40,2028-04-01,BAT009862
INVT009863,20250418,PRD067,ST036,72,63,19,116,30,2026-11-09,BAT009863
INVT009864,20250329,PRD204,ST005,498,73,34,537,50,2026-07-31,BAT009864
INVT009865,20280408,PRD297,ST010,471,18,83,406,40,2030-03-20,BAT009865
INVT009866,20231028,PRD160,ST035,111,16,12,115,30,2025-12-19,BAT009866
INVT009867,20280804,PRD092,ST025,109,30,63,76,25,2030-12-06,BAT009867
INVT009868,20230301,PRD089,ST008,241,53,69,225,30,2025-02-21,BAT009868
INVT009869,20230620,PRD105,ST024,216,149,76,289,40,2025-10-04,BAT009869
INVT009870,20250705,PRD046,ST013,390,27,19,398,20,2027-01-28,BAT009870
INVT009871,20231102,PRD095,ST020,151,65,90,126,40,2025-11-24,BAT009871
INVT009872,20270510,PRD066,ST039,106,51,118,39,40,2028-11-07,BAT009872
INVT009873,20231117,PRD172,ST015,353,70,110,313,30,2024-11-30,BAT009873
INVT009874,20270422,PRD002,ST005,479,74,53,500,20,2030-04-03,BAT009874
INVT009875,20240621,PRD005,ST022,417,141,35,523,50,2027-01-13,BAT009875
INVT009876,20260226,PRD132,ST029,240,56,79,217,25,2028-05-06,BAT009876
INVT009877,20230910,PRD015,ST031,201,132,13,320,25,2026-08-11,BAT009877
INVT009878,20250212,PRD190,ST016,158,62,54,166,50,2026-11-20,BAT009878
INVT009879,20230916,PRD227,ST023,106,128,3,231,20,2025-12-18,BAT009879
INVT009880,20261203,PRD198,ST024,324,36,43,317,30,2028-08-26,BAT009880
INVT009881,20280922,PRD123,ST033,268,142,95,315,40,2029-12-21,BAT009881
INVT009882,20240731,PRD102,ST044,224,133,62,295,50,2025-08-02,BAT009882
INVT009883,20261016,PRD003,ST031,465,52,5,512,50,2027-12-18,BAT009883
INVT009884,20280525,PRD066,ST037,178,135,40,273,40,2030-02-03,BAT009884
INVT009885,20270504,PRD219,ST026,276,49,12,313,25,2030-01-09,BAT009885
INVT009886,20270715,PRD092,ST045,315,101,31,385,25,2030-01-22,BAT009886
INVT009887,20280223,PRD172,ST020,300,5,15,290,20,2029-08-26,BAT009887
INVT009888,20231209,PRD148,ST013,484,91,77,498,25,2026-09-01,BAT009888
INVT009889,20250720,PRD292,ST017,132,113,21,224,50,2026-12-19,BAT009889
INVT009890,20281221,PRD262,ST008,443,89,113,419,40,2031-01-01,BAT009890
INVT009891,20270414,PRD008,ST019,77,44,71,50,40,2029-01-26,BAT009891
INVT009892,20260603,PRD236,ST030,59,98,35,122,50,2027-08-22,BAT009892
INVT009893,20250422,PRD123,ST022,305,133,119,319,25,2028-01-14,BAT009893
INVT009894,20240927,PRD138,ST048,195,33,29,199,30,2025-11-11,BAT009894
INVT009895,20270721,PRD280,ST034,209,55,96,168,50,2029-03-30,BAT009895
INVT009896,20250702,PRD200,ST002,250,37,111,176,40,2027-01-19,BAT009896
INVT009897,20240827,PRD118,ST040,106,35,74,67,30,2026-12-21,BAT009897
INVT009898,20280819,PRD242,ST018,231,65,102,194,30,2030-10-22,BAT009898
INVT009899,20230302,PRD099,ST043,112,138,52,198,50,2025-03-30,BAT009899
INVT009900,20270116,PRD299,ST012,293,79,118,254,50,2028-05-11,BAT009900
INVT009901,20241224,PRD212,ST019,214,72,66,220,25,2027-04-09,BAT009901
INVT009902,20280722,PRD064,ST037,425,88,77,436,20,2031-05-02,BAT009902
INVT009903,20240513,PRD135,ST008,474,58,51,481,30,2026-03-26,BAT009903
INVT009904,20271230,PRD242,ST011,346,24,15,355,50,2030-05-27,BAT009904
INVT009905,20260306,PRD159,ST003,425,29,102,352,30,2028-06-05,BAT009905
INVT009906,20230108,PRD285,ST012,151,22,87,86,50,2025-01-28,BAT009906
INVT009907,20240327,PRD242,ST042,123,90,65,148,50,2025-08-10,BAT009907
INVT009908,20281015,PRD133,ST045,184,43,56,171,20,2031-07-31,BAT009908
INVT009909,20280907,PRD015,ST017,234,83,78,239,20,2030-03-05,BAT009909
INVT009910,20270307,PRD060,ST011,105,122,115,112,30,2029-12-19,BAT009910
INVT009911,20260616,PRD228,ST024,266,58,50,274,30,2027-10-21,BAT009911
INVT009912,20280825,PRD112,ST050,290,6,38,258,40,2029-10-07,BAT009912
INVT009913,20241102,PRD099,ST030,440,31,83,388,25,2026-11-08,BAT009913
INVT009914,20230403,PRD193,ST033,144,28,93,79,25,2024-04-09,BAT009914
INVT009915,20250616,PRD189,ST033,111,61,98,74,50,2028-03-21,BAT009915
INVT009916,20271226,PRD170,ST006,368,110,81,397,25,2030-12-14,BAT009916
INVT009917,20251217,PRD192,ST010,185,8,46,147,30,2028-05-18,BAT009917
INVT009918,20280323,PRD089,ST015,470,92,76,486,20,2030-10-25,BAT009918
INVT009919,20281001,PRD265,ST021,447,91,20,518,25,2031-06-07,BAT009919
INVT009920,20240930,PRD225,ST031,452,8,23,437,30,2027-07-07,BAT009920
INVT009921,20260307,PRD182,ST036,464,81,116,429,30,2027-12-23,BAT009921
INVT009922,20240711,PRD081,ST003,214,75,93,196,50,2026-10-17,BAT009922
INVT009923,20241229,PRD296,ST008,145,129,84,190,50,2027-02-13,BAT009923
INVT009924,20280109,PRD123,ST016,383,93,86,390,25,2030-04-19,BAT009924
INVT009925,20230428,PRD220,ST048,160,37,26,171,20,2024-04-30,BAT009925
INVT009926,20231101,PRD226,ST006,361,90,45,406,40,2026-01-14,BAT009926
INVT009927,20250212,PRD068,ST039,241,30,50,221,40,2026-06-21,BAT009927
INVT009928,20231017,PRD179,ST045,266,121,34,353,50,2025-11-05,BAT009928
INVT009929,20250420,PRD255,ST019,468,125,6,587,25,2028-02-07,BAT009929
INVT009930,20230308,PRD109,ST027,251,62,109,204,50,2025-05-18,BAT009930
INVT009931,20230809,PRD066,ST025,370,130,58,442,20,2026-07-06,BAT009931
INVT009932,20280213,PRD171,ST033,182,5,42,145,25,2029-04-21,BAT009932
INVT009933,20281216,PRD283,ST027,219,139,41,317,25,2030-06-24,BAT009933
INVT009934,20280907,PRD264,ST041,290,99,93,296,20,2030-12-07,BAT009934
INVT009935,20241004,PRD237,ST018,263,14,1,276,25,2026-08-01,BAT009935
INVT009936,20240104,PRD001,ST049,241,143,120,264,50,2025-06-28,BAT009936
INVT009937,20281203,PRD231,ST002,480,60,47,493,20,2031-04-05,BAT009937
INVT009938,20231220,PRD138,ST043,433,144,56,521,30,2025-11-30,BAT009938
INVT009939,20230303,PRD011,ST039,294,12,54,252,30,2026-01-07,BAT009939
INVT009940,20251122,PRD026,ST045,292,18,81,229,25,2028-10-18,BAT009940
INVT009941,20260805,PRD118,ST019,264,27,12,279,30,2028-07-06,BAT009941
INVT009942,20261001,PRD094,ST017,372,7,101,278,25,2028-12-23,BAT009942
INVT009943,20250125,PRD028,ST008,235,141,8,368,20,2026-09-16,BAT009943
INVT009944,20230504,PRD264,ST042,166,89,24,231,20,2024-07-18,BAT009944
INVT009945,20271112,PRD166,ST041,401,31,45,387,25,2029-04-10,BAT009945
INVT009946,20250420,PRD135,ST021,455,14,106,363,50,2027-11-19,BAT009946
INVT009947,20270928,PRD015,ST044,458,122,100,480,20,2029-05-07,BAT009947
INVT009948,20280622,PRD197,ST025,463,119,1,581,50,2029-08-24,BAT009948
INVT009949,20270423,PRD006,ST028,77,87,91,73,20,2030-04-20,BAT009949
INVT009950,20270916,PRD149,ST002,231,24,11,244,50,2029-05-07,BAT009950
INVT009951,20241230,PRD283,ST047,191,5,105,91,20,2027-11-05,BAT009951
INVT009952,20260418,PRD144,ST003,282,5,34,253,25,2028-09-27,BAT009952
INVT009953,20250224,PRD165,ST015,101,116,24,193,25,2026-12-18,BAT009953
INVT009954,20271110,PRD056,ST023,392,91,20,463,25,2029-09-02,BAT009954
INVT009955,20231125,PRD035,ST016,183,20,37,166,50,2025-03-10,BAT009955
INVT009956,20240720,PRD213,ST047,331,144,17,458,40,2026-08-02,BAT009956
INVT009957,20250616,PRD168,ST041,139,120,30,229,50,2027-01-11,BAT009957
INVT009958,20270807,PRD257,ST035,215,104,3,316,40,2030-04-23,BAT009958
INVT009959,20260104,PRD167,ST049,257,130,80,307,30,2028-03-28,BAT009959
INVT009960,20230731,PRD111,ST006,367,95,62,400,50,2026-06-11,BAT009960
INVT009961,20271023,PRD170,ST037,103,46,80,69,25,2030-06-22,BAT009961
INVT009962,20251101,PRD132,ST042,446,65,78,433,25,2026-11-06,BAT009962
INVT009963,20280311,PRD284,ST020,218,116,109,225,50,2029-12-04,BAT009963
INVT009964,20251022,PRD032,ST048,462,43,103,402,25,2026-12-20,BAT009964
INVT009965,20280521,PRD243,ST008,499,79,83,495,40,2030-04-23,BAT009965
INVT009966,20230510,PRD077,ST036,266,3,107,162,20,2024-07-26,BAT009966
INVT009967,20280910,PRD128,ST029,259,17,4,272,50,2029-11-23,BAT009967
INVT009968,20240203,PRD113,ST031,320,14,14,320,20,2025-03-19,BAT009968
INVT009969,20260312,PRD236,ST001,310,68,35,343,30,2027-11-28,BAT009969
INVT009970,20260718,PRD118,ST050,481,34,44,471,40,2028-11-10,BAT009970
INVT009971,20240702,PRD046,ST045,82,144,87,139,30,2025-09-17,BAT009971
INVT009972,20231221,PRD004,ST037,189,92,92,189,25,2026-02-04,BAT009972
INVT009973,20261219,PRD269,ST041,117,18,52,83,30,2028-12-18,BAT009973
INVT009974,20231229,PRD154,ST028,138,2,108,32,20,2025-01-04,BAT009974
INVT009975,20281223,PRD263,ST035,433,133,83,483,40,2031-10-11,BAT009975
INVT009976,20270922,PRD153,ST048,453,27,39,441,25,2030-01-02,BAT009976
INVT009977,20271229,PRD085,ST011,141,129,47,223,30,2030-03-12,BAT009977
INVT009978,20250216,PRD041,ST049,192,144,29,307,30,2026-12-07,BAT009978
INVT009979,20231022,PRD023,ST047,302,51,18,335,40,2025-12-21,BAT009979
INVT009980,20231023,PRD021,ST016,279,120,57,342,25,2025-01-20,BAT009980
INVT009981,20240203,PRD005,ST011,468,81,88,461,25,2026-05-13,BAT009981
INVT009982,20260728,PRD298,ST015,156,84,120,120,50,2028-06-13,BAT009982
INVT009983,20240413,PRD178,ST043,84,75,73,86,30,2025-05-23,BAT009983
INVT009984,20230323,PRD254,ST017,469,110,111,468,40,2024-08-06,BAT009984
INVT009985,20250720,PRD235,ST050,368,133,68,433,20,2026-11-03,BAT009985
INVT009986,20281119,PRD259,ST010,99,12,56,55,40,2031-10-18,BAT009986
INVT009987,20230512,PRD166,ST043,442,147,117,472,30,2025-04-01,BAT009987
INVT009988,20280312,PRD024,ST017,123,94,28,189,40,2030-07-04,BAT009988
INVT009989,20270723,PRD209,ST031,416,63,16,463,30,2029-04-25,BAT009989
INVT009990,20270527,PRD196,ST002,469,124,100,493,20,2028-11-22,BAT009990
INVT009991,20280407,PRD110,ST049,457,126,107,476,25,2029-11-07,BAT009991
INVT009992,20230427,PRD185,ST030,109,39,14,134,40,2025-07-16,BAT009992
INVT009993,20250106,PRD197,ST044,247,133,80,300,25,2027-05-10,BAT009993
INVT009994,20250726,PRD136,ST011,318,144,111,351,20,2028-05-25,BAT009994
INVT009995,20251223,PRD088,ST026,327,83,94,316,30,2027-10-16,BAT009995
INVT009996,20270603,PRD002,ST041,385,103,64,424,50,2030-01-11,BAT009996
INVT009997,20260921,PRD260,ST039,361,61,18,404,20,2029-06-20,BAT009997
INVT009998,20231112,PRD118,ST013,425,8,117,316,30,2025-09-11,BAT009998
INVT009999,20240602,PRD049,ST031,359,83,26,416,30,2027-05-10,BAT009999
INVT010000,20281219,PRD178,ST027,178,89,95,172,20,2030-10-05,BAT010000
