Purchase_ID,Date_Key,Supplier_ID,Product_ID,Store_ID,Quantity,Purchase_Price,Purchase_Amount,Invoice_No,Lead_Time
PUR000001,20230514,SUP055,PRD248,ST037,57,180.76,10303.32,PINV000001,14
PUR000002,20280705,SUP036,PRD083,ST003,316,402.27,127117.32,PINV000002,2
PUR000003,20251020,SUP096,PRD185,ST003,265,690.93,183096.45,PINV000003,10
PUR000004,20261225,SUP049,PRD216,ST019,473,546.47,258480.31,PINV000004,8
PUR000005,20241216,SUP088,PRD156,ST043,235,123.72,29074.2,PINV000005,13
PUR000006,20250907,SUP057,PRD193,ST003,348,23.16,8059.68,PINV000006,3
PUR000007,20250309,SUP039,PRD275,ST024,445,720.59,320662.55,PINV000007,6
PUR000008,20280120,SUP056,PRD241,ST005,384,475.95,182764.8,PINV000008,14
PUR000009,20280817,SUP021,PRD115,ST027,172,48.8,8393.6,PINV000009,8
PUR000010,20260518,SUP078,PRD037,ST035,487,83.14,40489.18,PINV000010,7
PUR000011,20270313,SUP077,PRD077,ST008,447,623.05,278503.35,PINV000011,8
PUR000012,20241112,SUP025,PRD179,ST028,262,367.57,96303.34,PINV000012,11
PUR000013,20260130,SUP019,PRD268,ST012,492,113.2,55694.4,PINV000013,8
PUR000014,20260524,SUP022,PRD090,ST050,140,394.5,55230.0,PINV000014,6
PUR000015,20260905,SUP056,PRD115,ST001,328,575.81,188865.68,PINV000015,6
PUR000016,20260801,SUP032,PRD041,ST017,279,335.74,93671.46,PINV000016,3
PUR000017,20270519,SUP064,PRD124,ST048,318,793.97,252482.46,PINV000017,5
PUR000018,20281031,SUP062,PRD256,ST005,135,401.72,54232.2,PINV000018,8
PUR000019,20270702,SUP018,PRD216,ST035,349,292.4,102047.6,PINV000019,7
PUR000020,20280629,SUP090,PRD085,ST036,275,96.95,26661.25,PINV000020,7
PUR000021,20230525,SUP001,PRD225,ST035,83,59.45,4934.35,PINV000021,2
PUR000022,20240914,SUP014,PRD233,ST032,121,377.74,45706.54,PINV000022,7
PUR000023,20280814,SUP058,PRD176,ST047,182,720.39,131110.98,PINV000023,12
PUR000024,20280220,SUP055,PRD169,ST042,316,729.44,230503.04,PINV000024,3
PUR000025,20250830,SUP042,PRD017,ST044,150,521.23,78184.5,PINV000025,10
PUR000026,20280515,SUP004,PRD060,ST019,272,683.95,186034.4,PINV000026,4
PUR000027,20260331,SUP012,PRD024,ST039,331,618.13,204601.03,PINV000027,2
PUR000028,20260315,SUP021,PRD245,ST010,234,484.2,113302.8,PINV000028,15
PUR000029,20250225,SUP045,PRD094,ST006,352,171.83,60484.16,PINV000029,4
PUR000030,20240129,SUP088,PRD158,ST030,491,600.09,294644.19,PINV000030,12
PUR000031,20281109,SUP093,PRD217,ST029,390,599.89,233957.1,PINV000031,4
PUR000032,20251225,SUP077,PRD187,ST008,371,630.56,233937.76,PINV000032,1
PUR000033,20250508,SUP055,PRD210,ST025,496,653.45,324111.2,PINV000033,4
PUR000034,20231015,SUP099,PRD217,ST006,471,63.09,29715.39,PINV000034,5
PUR000035,20270115,SUP059,PRD218,ST049,149,510.5,76064.5,PINV000035,5
PUR000036,20280326,SUP089,PRD151,ST033,305,415.87,126840.35,PINV000036,5
PUR000037,20270716,SUP057,PRD175,ST023,421,236.11,99402.31,PINV000037,15
PUR000038,20280104,SUP062,PRD246,ST006,403,441.05,177743.15,PINV000038,6
PUR000039,20270718,SUP022,PRD213,ST047,338,71.08,24025.04,PINV000039,14
PUR000040,20260608,SUP003,PRD168,ST042,214,77.62,16610.68,PINV000040,7
PUR000041,20270312,SUP037,PRD096,ST016,136,260.02,35362.72,PINV000041,9
PUR000042,20230807,SUP029,PRD292,ST048,87,761.89,66284.43,PINV000042,4
PUR000043,20271205,SUP076,PRD009,ST026,153,284.69,43557.57,PINV000043,15
PUR000044,20250220,SUP067,PRD289,ST049,444,764.7,339526.8,PINV000044,6
PUR000045,20230715,SUP085,PRD297,ST004,68,460.84,31337.12,PINV000045,14
PUR000046,20270615,SUP042,PRD088,ST050,130,111.58,14505.4,PINV000046,13
PUR000047,20261115,SUP022,PRD016,ST047,324,418.67,135649.08,PINV000047,6
PUR000048,20231228,SUP051,PRD225,ST037,228,66.53,15168.84,PINV000048,15
PUR000049,20271227,SUP091,PRD242,ST040,281,583.6,163991.6,PINV000049,10
PUR000050,20241218,SUP046,PRD217,ST022,336,420.0,141120.0,PINV000050,7
PUR000051,20250307,SUP013,PRD222,ST042,128,52.25,6688.0,PINV000051,14
PUR000052,20250206,SUP082,PRD098,ST037,269,780.23,209881.87,PINV000052,13
PUR000053,20270115,SUP072,PRD193,ST004,359,60.43,21694.37,PINV000053,5
PUR000054,20250703,SUP007,PRD297,ST012,101,516.23,52139.23,PINV000054,6
PUR000055,20250130,SUP039,PRD022,ST026,356,615.47,219107.32,PINV000055,2
PUR000056,20261115,SUP098,PRD100,ST032,133,151.33,20126.89,PINV000056,13
PUR000057,20280401,SUP100,PRD169,ST003,138,670.02,92462.76,PINV000057,3
PUR000058,20270919,SUP020,PRD263,ST042,406,325.73,132246.38,PINV000058,2
PUR000059,20270613,SUP016,PRD121,ST007,266,582.92,155056.72,PINV000059,5
PUR000060,20260402,SUP069,PRD051,ST023,476,727.63,346351.88,PINV000060,10
PUR000061,20280430,SUP078,PRD126,ST035,198,29.53,5846.94,PINV000061,3
PUR000062,20270502,SUP089,PRD118,ST007,311,516.85,160740.35,PINV000062,8
PUR000063,20240213,SUP074,PRD205,ST038,161,244.11,39301.71,PINV000063,2
PUR000064,20250211,SUP080,PRD286,ST034,63,78.4,4939.2,PINV000064,13
PUR000065,20230509,SUP003,PRD221,ST022,476,736.52,350583.52,PINV000065,12
PUR000066,20230714,SUP046,PRD167,ST041,293,789.65,231367.45,PINV000066,3
PUR000067,20230319,SUP027,PRD066,ST019,470,177.2,83284.0,PINV000067,15
PUR000068,20251006,SUP050,PRD280,ST038,354,346.62,122703.48,PINV000068,9
PUR000069,20230508,SUP017,PRD003,ST008,64,674.08,43141.12,PINV000069,11
PUR000070,20241229,SUP016,PRD198,ST005,57,536.41,30575.37,PINV000070,12
PUR000071,20250118,SUP080,PRD216,ST004,332,152.23,50540.36,PINV000071,12
PUR000072,20270322,SUP075,PRD236,ST030,221,164.88,36438.48,PINV000072,7
PUR000073,20280227,SUP063,PRD187,ST043,86,128.45,11046.7,PINV000073,5
PUR000074,20241222,SUP012,PRD236,ST001,128,236.86,30318.08,PINV000074,15
PUR000075,20281119,SUP040,PRD073,ST050,103,438.92,45208.76,PINV000075,5
PUR000076,20261002,SUP001,PRD295,ST017,375,747.85,280443.75,PINV000076,9
PUR000077,20271018,SUP066,PRD075,ST046,80,514.43,41154.4,PINV000077,10
PUR000078,20230905,SUP083,PRD109,ST035,57,186.86,10651.02,PINV000078,5
PUR000079,20270912,SUP020,PRD014,ST024,314,542.1,170219.4,PINV000079,2
PUR000080,20280511,SUP039,PRD238,ST030,139,725.26,100811.14,PINV000080,3
PUR000081,20230424,SUP052,PRD079,ST029,386,721.53,278510.58,PINV000081,14
PUR000082,20250103,SUP044,PRD260,ST043,290,140.72,40808.8,PINV000082,8
PUR000083,20270514,SUP022,PRD241,ST045,190,785.79,149300.1,PINV000083,8
PUR000084,20281030,SUP046,PRD289,ST050,487,454.03,221112.61,PINV000084,3
PUR000085,20260720,SUP095,PRD163,ST009,78,376.97,29403.66,PINV000085,11
PUR000086,20261002,SUP068,PRD268,ST004,244,495.74,120960.56,PINV000086,15
PUR000087,20231130,SUP090,PRD019,ST009,67,793.33,53153.11,PINV000087,15
PUR000088,20270208,SUP056,PRD114,ST043,294,670.75,197200.5,PINV000088,15
PUR000089,20240107,SUP014,PRD035,ST024,463,375.68,173939.84,PINV000089,5
PUR000090,20241228,SUP096,PRD065,ST049,372,331.76,123414.72,PINV000090,12
PUR000091,20250227,SUP088,PRD124,ST047,129,673.93,86936.97,PINV000091,4
PUR000092,20281012,SUP077,PRD251,ST044,474,658.26,312015.24,PINV000092,7
PUR000093,20250220,SUP009,PRD275,ST047,433,140.83,60979.39,PINV000093,10
PUR000094,20240617,SUP010,PRD203,ST030,95,686.31,65199.45,PINV000094,4
PUR000095,20230218,SUP059,PRD092,ST043,137,306.24,41954.88,PINV000095,11
PUR000096,20250501,SUP032,PRD171,ST020,351,222.07,77946.57,PINV000096,1
PUR000097,20280607,SUP054,PRD183,ST022,52,273.95,14245.4,PINV000097,5
PUR000098,20280816,SUP100,PRD025,ST027,415,241.37,100168.55,PINV000098,3
PUR000099,20240418,SUP054,PRD220,ST006,111,380.48,42233.28,PINV000099,15
PUR000100,20231028,SUP049,PRD273,ST006,53,425.79,22566.87,PINV000100,12
PUR000101,20251130,SUP074,PRD248,ST006,265,756.59,200496.35,PINV000101,13
PUR000102,20270725,SUP062,PRD114,ST026,61,366.2,22338.2,PINV000102,8
PUR000103,20280712,SUP090,PRD215,ST020,337,532.39,179415.43,PINV000103,8
PUR000104,20241113,SUP030,PRD242,ST032,343,384.85,132003.55,PINV000104,5
PUR000105,20280110,SUP077,PRD012,ST033,328,306.72,100604.16,PINV000105,12
PUR000106,20280315,SUP039,PRD095,ST016,164,311.52,51089.28,PINV000106,3
PUR000107,20281215,SUP100,PRD014,ST035,339,643.7,218214.3,PINV000107,14
PUR000108,20230513,SUP008,PRD085,ST027,439,259.89,114091.71,PINV000108,13
PUR000109,20250312,SUP004,PRD087,ST030,210,53.48,11230.8,PINV000109,4
PUR000110,20230526,SUP003,PRD073,ST044,300,374.18,112254.0,PINV000110,6
PUR000111,20230401,SUP054,PRD183,ST017,58,140.58,8153.64,PINV000111,1
PUR000112,20240731,SUP084,PRD123,ST008,313,576.62,180482.06,PINV000112,15
PUR000113,20280422,SUP100,PRD152,ST023,213,450.62,95982.06,PINV000113,13
PUR000114,20260909,SUP077,PRD151,ST028,78,103.76,8093.28,PINV000114,11
PUR000115,20270113,SUP063,PRD224,ST031,232,74.49,17281.68,PINV000115,10
PUR000116,20250221,SUP071,PRD165,ST019,151,23.91,3610.41,PINV000116,12
PUR000117,20271026,SUP093,PRD022,ST049,425,153.67,65309.75,PINV000117,13
PUR000118,20280601,SUP047,PRD202,ST008,249,213.51,53163.99,PINV000118,4
PUR000119,20231114,SUP063,PRD028,ST036,479,736.3,352687.7,PINV000119,8
PUR000120,20231206,SUP100,PRD045,ST016,492,524.9,258250.8,PINV000120,3
PUR000121,20280115,SUP052,PRD287,ST013,401,350.14,140406.14,PINV000121,4
PUR000122,20271117,SUP053,PRD098,ST015,420,568.35,238707.0,PINV000122,14
PUR000123,20270116,SUP062,PRD067,ST049,463,174.73,80899.99,PINV000123,10
PUR000124,20230803,SUP094,PRD268,ST045,457,165.36,75569.52,PINV000124,2
PUR000125,20270531,SUP082,PRD277,ST001,359,411.92,147879.28,PINV000125,4
PUR000126,20260903,SUP041,PRD252,ST038,370,156.86,58038.2,PINV000126,13
PUR000127,20280406,SUP032,PRD193,ST026,287,416.23,119458.01,PINV000127,7
PUR000128,20281017,SUP094,PRD048,ST016,80,105.03,8402.4,PINV000128,2
PUR000129,20260112,SUP032,PRD143,ST047,408,285.73,116577.84,PINV000129,5
PUR000130,20281231,SUP048,PRD070,ST023,444,714.23,317118.12,PINV000130,11
PUR000131,20240608,SUP090,PRD037,ST001,436,620.36,270476.96,PINV000131,11
PUR000132,20240429,SUP052,PRD012,ST011,355,126.12,44772.6,PINV000132,4
PUR000133,20280502,SUP060,PRD034,ST011,90,287.24,25851.6,PINV000133,11
PUR000134,20260107,SUP099,PRD080,ST041,493,711.12,350582.16,PINV000134,8
PUR000135,20281029,SUP006,PRD028,ST003,274,713.77,195572.98,PINV000135,9
PUR000136,20270809,SUP071,PRD275,ST020,430,489.43,210454.9,PINV000136,11
PUR000137,20270116,SUP038,PRD070,ST030,420,279.53,117402.6,PINV000137,2
PUR000138,20251202,SUP091,PRD150,ST042,228,568.3,129572.4,PINV000138,9
PUR000139,20240225,SUP033,PRD193,ST021,287,353.76,101529.12,PINV000139,3
PUR000140,20260129,SUP015,PRD077,ST036,366,151.8,55558.8,PINV000140,1
PUR000141,20271224,SUP098,PRD185,ST028,186,144.25,26830.5,PINV000141,15
PUR000142,20250211,SUP088,PRD066,ST004,77,614.17,47291.09,PINV000142,3
PUR000143,20240911,SUP008,PRD295,ST019,230,737.19,169553.7,PINV000143,13
PUR000144,20270203,SUP040,PRD132,ST005,151,529.01,79880.51,PINV000144,13
PUR000145,20261223,SUP009,PRD037,ST048,338,212.12,71696.56,PINV000145,13
PUR000146,20250831,SUP074,PRD137,ST036,394,245.69,96801.86,PINV000146,14
PUR000147,20280819,SUP056,PRD174,ST030,357,563.38,201126.66,PINV000147,6
PUR000148,20261002,SUP062,PRD252,ST019,474,781.14,370260.36,PINV000148,8
PUR000149,20230105,SUP048,PRD129,ST038,347,525.11,182213.17,PINV000149,15
PUR000150,20250117,SUP030,PRD199,ST028,214,550.37,117779.18,PINV000150,2
PUR000151,20261025,SUP015,PRD047,ST007,487,220.63,107446.81,PINV000151,4
PUR000152,20241228,SUP070,PRD090,ST050,500,692.15,346075.0,PINV000152,9
PUR000153,20260322,SUP082,PRD083,ST022,343,170.64,58529.52,PINV000153,15
PUR000154,20240515,SUP022,PRD162,ST001,224,727.5,162960.0,PINV000154,4
PUR000155,20280108,SUP008,PRD246,ST037,118,33.38,3938.84,PINV000155,9
PUR000156,20260422,SUP066,PRD092,ST034,352,102.0,35904.0,PINV000156,8
PUR000157,20260628,SUP074,PRD154,ST004,249,764.86,190450.14,PINV000157,3
PUR000158,20270319,SUP084,PRD005,ST031,271,782.7,212111.7,PINV000158,7
PUR000159,20230308,SUP004,PRD299,ST011,407,622.64,253414.48,PINV000159,7
PUR000160,20250225,SUP076,PRD262,ST039,414,397.58,164598.12,PINV000160,4
PUR000161,20261029,SUP070,PRD115,ST024,344,682.75,234866.0,PINV000161,1
PUR000162,20230203,SUP019,PRD007,ST009,154,232.14,35749.56,PINV000162,12
PUR000163,20231105,SUP063,PRD212,ST047,80,676.19,54095.2,PINV000163,6
PUR000164,20230115,SUP081,PRD110,ST012,365,781.84,285371.6,PINV000164,14
PUR000165,20250416,SUP089,PRD179,ST002,201,140.71,28282.71,PINV000165,9
PUR000166,20280626,SUP050,PRD046,ST009,291,80.44,23408.04,PINV000166,11
PUR000167,20250120,SUP064,PRD244,ST019,438,710.02,310988.76,PINV000167,8
PUR000168,20260419,SUP006,PRD185,ST005,90,295.12,26560.8,PINV000168,7
PUR000169,20230607,SUP015,PRD286,ST042,459,707.18,324595.62,PINV000169,3
PUR000170,20230630,SUP030,PRD215,ST004,89,743.39,66161.71,PINV000170,5
PUR000171,20230707,SUP053,PRD189,ST022,313,494.78,154866.14,PINV000171,15
PUR000172,20260427,SUP050,PRD131,ST025,57,453.8,25866.6,PINV000172,1
PUR000173,20280322,SUP030,PRD285,ST005,242,669.76,162081.92,PINV000173,12
PUR000174,20261226,SUP035,PRD280,ST003,75,275.29,20646.75,PINV000174,15
PUR000175,20280326,SUP040,PRD165,ST011,130,288.83,37547.9,PINV000175,8
PUR000176,20240120,SUP096,PRD185,ST015,211,60.9,12849.9,PINV000176,5
PUR000177,20230130,SUP066,PRD146,ST008,431,604.85,260690.35,PINV000177,6
PUR000178,20230806,SUP017,PRD294,ST002,189,197.34,37297.26,PINV000178,9
PUR000179,20230316,SUP078,PRD154,ST035,398,315.81,125692.38,PINV000179,11
PUR000180,20270521,SUP080,PRD230,ST021,420,26.07,10949.4,PINV000180,14
PUR000181,20240609,SUP038,PRD098,ST023,227,765.64,173800.28,PINV000181,14
PUR000182,20280811,SUP037,PRD213,ST045,99,371.52,36780.48,PINV000182,4
PUR000183,20270417,SUP069,PRD169,ST044,396,254.3,100702.8,PINV000183,10
PUR000184,20271126,SUP003,PRD034,ST015,244,619.94,151265.36,PINV000184,4
PUR000185,20241010,SUP007,PRD044,ST024,240,104.08,24979.2,PINV000185,3
PUR000186,20230829,SUP083,PRD040,ST002,261,203.17,53027.37,PINV000186,2
PUR000187,20271114,SUP064,PRD134,ST008,58,443.02,25695.16,PINV000187,14
PUR000188,20250316,SUP073,PRD040,ST049,441,775.36,341933.76,PINV000188,11
PUR000189,20251223,SUP010,PRD167,ST039,108,253.28,27354.24,PINV000189,4
PUR000190,20250912,SUP058,PRD066,ST031,387,630.09,243844.83,PINV000190,13
PUR000191,20260418,SUP026,PRD222,ST004,272,118.77,32305.44,PINV000191,5
PUR000192,20240805,SUP097,PRD187,ST010,339,793.54,269010.06,PINV000192,13
PUR000193,20260316,SUP086,PRD292,ST041,375,418.21,156828.75,PINV000193,7
PUR000194,20250417,SUP063,PRD207,ST046,99,222.26,22003.74,PINV000194,3
PUR000195,20270531,SUP070,PRD051,ST010,315,585.7,184495.5,PINV000195,5
PUR000196,20250628,SUP015,PRD032,ST004,405,347.34,140672.7,PINV000196,11
PUR000197,20280810,SUP090,PRD017,ST050,420,97.58,40983.6,PINV000197,3
PUR000198,20271004,SUP040,PRD026,ST015,266,264.7,70410.2,PINV000198,8
PUR000199,20271027,SUP003,PRD112,ST011,391,674.5,263729.5,PINV000199,4
PUR000200,20231019,SUP005,PRD074,ST039,189,607.22,114764.58,PINV000200,5
PUR000201,20281114,SUP077,PRD177,ST042,484,58.74,28430.16,PINV000201,13
PUR000202,20240724,SUP098,PRD296,ST014,252,215.56,54321.12,PINV000202,7
PUR000203,20270602,SUP087,PRD226,ST023,262,272.7,71447.4,PINV000203,14
PUR000204,20250717,SUP041,PRD276,ST026,71,37.65,2673.15,PINV000204,12
PUR000205,20280608,SUP060,PRD087,ST003,279,608.45,169757.55,PINV000205,1
PUR000206,20280502,SUP076,PRD088,ST005,173,567.17,98120.41,PINV000206,12
PUR000207,20240307,SUP070,PRD082,ST035,159,494.9,78689.1,PINV000207,10
PUR000208,20241020,SUP092,PRD025,ST034,289,208.72,60320.08,PINV000208,12
PUR000209,20280321,SUP083,PRD037,ST050,449,524.76,235617.24,PINV000209,8
PUR000210,20240216,SUP008,PRD089,ST042,447,546.72,244383.84,PINV000210,3
PUR000211,20250822,SUP010,PRD238,ST003,109,647.0,70523.0,PINV000211,2
PUR000212,20231029,SUP090,PRD032,ST007,295,670.96,197933.2,PINV000212,2
PUR000213,20250510,SUP096,PRD055,ST013,106,762.21,80794.26,PINV000213,10
PUR000214,20270308,SUP022,PRD272,ST018,212,167.44,35497.28,PINV000214,9
PUR000215,20250505,SUP056,PRD103,ST035,278,659.89,183449.42,PINV000215,10
PUR000216,20260512,SUP085,PRD229,ST050,50,288.65,14432.5,PINV000216,5
PUR000217,20281125,SUP033,PRD054,ST040,258,340.43,87830.94,PINV000217,7
PUR000218,20231113,SUP039,PRD083,ST050,226,129.89,29355.14,PINV000218,2
PUR000219,20230928,SUP049,PRD138,ST012,173,741.45,128270.85,PINV000219,1
PUR000220,20261104,SUP033,PRD222,ST026,315,70.06,22068.9,PINV000220,12
PUR000221,20251212,SUP093,PRD176,ST046,253,214.18,54187.54,PINV000221,1
PUR000222,20260410,SUP030,PRD156,ST016,59,180.47,10647.73,PINV000222,15
PUR000223,20241216,SUP025,PRD005,ST008,184,226.95,41758.8,PINV000223,2
PUR000224,20261208,SUP011,PRD300,ST043,332,570.37,189362.84,PINV000224,7
PUR000225,20260819,SUP014,PRD204,ST027,267,685.71,183084.57,PINV000225,7
PUR000226,20230714,SUP094,PRD183,ST022,51,411.82,21002.82,PINV000226,14
PUR000227,20240304,SUP056,PRD278,ST037,312,58.76,18333.12,PINV000227,7
PUR000228,20240505,SUP064,PRD293,ST011,248,644.13,159744.24,PINV000228,5
PUR000229,20240413,SUP018,PRD137,ST023,205,691.53,141763.65,PINV000229,9
PUR000230,20250922,SUP086,PRD049,ST028,268,710.79,190491.72,PINV000230,13
PUR000231,20250524,SUP049,PRD035,ST040,271,111.55,30230.05,PINV000231,8
PUR000232,20280621,SUP042,PRD172,ST010,343,51.73,17743.39,PINV000232,9
PUR000233,20280521,SUP082,PRD134,ST028,426,223.32,95134.32,PINV000233,3
PUR000234,20270525,SUP039,PRD032,ST037,237,658.97,156175.89,PINV000234,14
PUR000235,20280302,SUP070,PRD192,ST031,57,462.77,26377.89,PINV000235,3
PUR000236,20280910,SUP086,PRD137,ST012,361,783.63,282890.43,PINV000236,9
PUR000237,20240625,SUP010,PRD101,ST006,290,276.5,80185.0,PINV000237,13
PUR000238,20271204,SUP044,PRD063,ST024,410,695.07,284978.7,PINV000238,12
PUR000239,20240127,SUP088,PRD276,ST003,473,428.01,202448.73,PINV000239,14
PUR000240,20251202,SUP012,PRD187,ST039,357,584.47,208655.79,PINV000240,10
PUR000241,20270211,SUP018,PRD235,ST006,380,636.26,241778.8,PINV000241,12
PUR000242,20251218,SUP059,PRD222,ST005,96,421.14,40429.44,PINV000242,8
PUR000243,20271214,SUP046,PRD208,ST042,130,310.69,40389.7,PINV000243,4
PUR000244,20230702,SUP028,PRD195,ST003,338,95.92,32420.96,PINV000244,12
PUR000245,20250423,SUP076,PRD174,ST032,259,680.26,176187.34,PINV000245,1
PUR000246,20280302,SUP054,PRD006,ST005,434,239.2,103812.8,PINV000246,7
PUR000247,20230424,SUP095,PRD117,ST045,269,360.08,96861.52,PINV000247,9
PUR000248,20230513,SUP090,PRD263,ST013,450,692.35,311557.5,PINV000248,14
PUR000249,20270816,SUP093,PRD205,ST042,327,388.6,127072.2,PINV000249,9
PUR000250,20231109,SUP012,PRD055,ST003,164,675.68,110811.52,PINV000250,12
PUR000251,20230104,SUP097,PRD029,ST049,260,267.05,69433.0,PINV000251,12
PUR000252,20260127,SUP088,PRD235,ST040,391,717.56,280565.96,PINV000252,6
PUR000253,20230915,SUP097,PRD274,ST011,212,397.49,84267.88,PINV000253,11
PUR000254,20280119,SUP058,PRD218,ST025,365,365.32,133341.8,PINV000254,13
PUR000255,20280305,SUP088,PRD143,ST036,128,129.54,16581.12,PINV000255,1
PUR000256,20261217,SUP032,PRD021,ST001,127,631.29,80173.83,PINV000256,10
PUR000257,20240107,SUP082,PRD205,ST007,281,154.24,43341.44,PINV000257,1
PUR000258,20280623,SUP005,PRD049,ST004,329,631.1,207631.9,PINV000258,3
PUR000259,20251003,SUP087,PRD197,ST022,88,592.96,52180.48,PINV000259,9
PUR000260,20270919,SUP016,PRD105,ST049,488,759.82,370792.16,PINV000260,8
PUR000261,20270317,SUP077,PRD257,ST023,287,692.58,198770.46,PINV000261,9
PUR000262,20271109,SUP076,PRD172,ST032,484,506.75,245267.0,PINV000262,6
PUR000263,20261018,SUP071,PRD180,ST035,373,71.18,26550.14,PINV000263,3
PUR000264,20260430,SUP017,PRD040,ST020,217,77.14,16739.38,PINV000264,3
PUR000265,20280202,SUP049,PRD260,ST034,336,68.99,23180.64,PINV000265,8
PUR000266,20250824,SUP097,PRD081,ST035,79,517.01,40843.79,PINV000266,3
PUR000267,20250821,SUP054,PRD205,ST048,252,698.97,176140.44,PINV000267,13
PUR000268,20251030,SUP020,PRD232,ST020,278,337.05,93699.9,PINV000268,10
PUR000269,20230718,SUP051,PRD024,ST025,85,644.29,54764.65,PINV000269,12
PUR000270,20231222,SUP004,PRD207,ST028,330,84.74,27964.2,PINV000270,7
PUR000271,20230324,SUP087,PRD197,ST033,135,632.51,85388.85,PINV000271,8
PUR000272,20240817,SUP089,PRD164,ST029,356,742.15,264205.4,PINV000272,8
PUR000273,20230413,SUP083,PRD205,ST024,292,431.33,125948.36,PINV000273,8
PUR000274,20280209,SUP095,PRD021,ST016,321,91.46,29358.66,PINV000274,13
PUR000275,20240724,SUP079,PRD102,ST031,498,367.64,183084.72,PINV000275,14
PUR000276,20260505,SUP040,PRD251,ST018,370,678.07,250885.9,PINV000276,5
PUR000277,20241103,SUP035,PRD029,ST027,214,77.53,16591.42,PINV000277,7
PUR000278,20240329,SUP057,PRD057,ST049,473,561.32,265504.36,PINV000278,6
PUR000279,20250625,SUP069,PRD035,ST036,331,374.98,124118.38,PINV000279,2
PUR000280,20260731,SUP026,PRD261,ST042,199,118.39,23559.61,PINV000280,13
PUR000281,20260220,SUP097,PRD034,ST013,412,713.05,293776.6,PINV000281,6
PUR000282,20260511,SUP067,PRD214,ST014,202,55.83,11277.66,PINV000282,10
PUR000283,20281022,SUP083,PRD296,ST014,250,584.2,146050.0,PINV000283,11
PUR000284,20230314,SUP079,PRD006,ST012,438,277.17,121400.46,PINV000284,9
PUR000285,20230531,SUP012,PRD262,ST001,259,329.15,85249.85,PINV000285,1
PUR000286,20230605,SUP008,PRD043,ST007,220,442.61,97374.2,PINV000286,8
PUR000287,20281231,SUP073,PRD275,ST005,187,345.46,64601.02,PINV000287,2
PUR000288,20281221,SUP069,PRD089,ST009,458,561.1,256983.8,PINV000288,3
PUR000289,20241007,SUP073,PRD068,ST039,249,584.48,145535.52,PINV000289,2
PUR000290,20280712,SUP042,PRD158,ST006,345,491.48,169560.6,PINV000290,11
PUR000291,20250805,SUP047,PRD165,ST048,490,705.23,345562.7,PINV000291,14
PUR000292,20230916,SUP032,PRD061,ST037,357,425.6,151939.2,PINV000292,6
PUR000293,20280829,SUP089,PRD252,ST001,383,727.24,278532.92,PINV000293,8
PUR000294,20250911,SUP086,PRD124,ST028,355,291.77,103578.35,PINV000294,7
PUR000295,20280928,SUP025,PRD268,ST025,284,724.59,205783.56,PINV000295,11
PUR000296,20280501,SUP073,PRD238,ST038,387,215.29,83317.23,PINV000296,2
PUR000297,20281029,SUP038,PRD195,ST028,447,395.16,176636.52,PINV000297,8
PUR000298,20271016,SUP004,PRD127,ST018,446,155.1,69174.6,PINV000298,4
PUR000299,20270930,SUP016,PRD209,ST039,314,641.4,201399.6,PINV000299,12
PUR000300,20271225,SUP044,PRD183,ST029,77,260.99,20096.23,PINV000300,7
PUR000301,20231121,SUP038,PRD120,ST031,153,794.31,121529.43,PINV000301,3
PUR000302,20241024,SUP002,PRD137,ST039,57,167.83,9566.31,PINV000302,8
PUR000303,20260801,SUP043,PRD142,ST025,102,27.76,2831.52,PINV000303,5
PUR000304,20280319,SUP089,PRD150,ST021,187,343.44,64223.28,PINV000304,7
PUR000305,20270108,SUP060,PRD031,ST040,366,540.06,197661.96,PINV000305,5
PUR000306,20251117,SUP051,PRD007,ST049,481,245.62,118143.22,PINV000306,1
PUR000307,20280103,SUP067,PRD045,ST025,225,610.1,137272.5,PINV000307,7
PUR000308,20260202,SUP047,PRD059,ST003,496,318.56,158005.76,PINV000308,8
PUR000309,20280808,SUP025,PRD083,ST011,419,603.31,252786.89,PINV000309,8
PUR000310,20240805,SUP076,PRD168,ST029,162,702.68,113834.16,PINV000310,6
PUR000311,20240403,SUP011,PRD286,ST003,435,532.76,231750.6,PINV000311,4
PUR000312,20260107,SUP081,PRD294,ST026,291,92.34,26870.94,PINV000312,3
PUR000313,20241124,SUP053,PRD231,ST017,486,280.86,136497.96,PINV000313,10
PUR000314,20270212,SUP098,PRD155,ST007,344,132.91,45721.04,PINV000314,15
PUR000315,20271014,SUP038,PRD158,ST048,352,82.22,28941.44,PINV000315,11
PUR000316,20250326,SUP023,PRD247,ST004,276,417.13,115127.88,PINV000316,12
PUR000317,20230616,SUP066,PRD272,ST010,472,658.17,310656.24,PINV000317,11
PUR000318,20270107,SUP038,PRD014,ST026,292,155.83,45502.36,PINV000318,7
PUR000319,20260210,SUP047,PRD065,ST019,81,90.97,7368.57,PINV000319,13
PUR000320,20230613,SUP082,PRD175,ST011,420,514.25,215985.0,PINV000320,15
PUR000321,20260921,SUP006,PRD043,ST027,404,302.14,122064.56,PINV000321,10
PUR000322,20270924,SUP099,PRD292,ST036,404,571.15,230744.6,PINV000322,15
PUR000323,20251205,SUP024,PRD274,ST009,426,310.33,132200.58,PINV000323,4
PUR000324,20260210,SUP096,PRD245,ST007,437,615.35,268907.95,PINV000324,10
PUR000325,20241209,SUP045,PRD293,ST019,301,360.1,108390.1,PINV000325,1
PUR000326,20270425,SUP037,PRD206,ST037,427,734.6,313674.2,PINV000326,6
PUR000327,20231107,SUP075,PRD197,ST022,136,575.38,78251.68,PINV000327,4
PUR000328,20250413,SUP042,PRD289,ST021,497,330.26,164139.22,PINV000328,6
PUR000329,20271203,SUP099,PRD058,ST005,455,112.63,51246.65,PINV000329,10
PUR000330,20270122,SUP083,PRD100,ST042,331,684.93,226711.83,PINV000330,10
PUR000331,20280825,SUP065,PRD275,ST002,139,664.06,92304.34,PINV000331,3
PUR000332,20281025,SUP043,PRD218,ST038,424,247.63,104995.12,PINV000332,5
PUR000333,20240307,SUP059,PRD085,ST024,100,298.99,29899.0,PINV000333,6
PUR000334,20270615,SUP034,PRD163,ST050,414,441.23,182669.22,PINV000334,15
PUR000335,20230228,SUP056,PRD089,ST016,103,272.39,28056.17,PINV000335,10
PUR000336,20280110,SUP099,PRD218,ST002,303,230.04,69702.12,PINV000336,7
PUR000337,20281228,SUP046,PRD272,ST040,398,753.59,299928.82,PINV000337,9
PUR000338,20261027,SUP071,PRD129,ST014,263,626.42,164748.46,PINV000338,1
PUR000339,20231029,SUP086,PRD106,ST003,116,138.68,16086.88,PINV000339,9
PUR000340,20240521,SUP012,PRD298,ST019,288,603.26,173738.88,PINV000340,13
PUR000341,20280331,SUP023,PRD282,ST003,468,749.79,350901.72,PINV000341,1
PUR000342,20250630,SUP031,PRD010,ST038,375,562.59,210971.25,PINV000342,15
PUR000343,20270717,SUP067,PRD185,ST046,306,20.44,6254.64,PINV000343,2
PUR000344,20251112,SUP078,PRD125,ST008,234,798.81,186921.54,PINV000344,11
PUR000345,20250824,SUP091,PRD235,ST050,259,34.75,9000.25,PINV000345,2
PUR000346,20230718,SUP083,PRD160,ST049,211,428.33,90377.63,PINV000346,12
PUR000347,20230730,SUP010,PRD259,ST022,250,382.11,95527.5,PINV000347,5
PUR000348,20280305,SUP067,PRD235,ST006,120,223.01,26761.2,PINV000348,1
PUR000349,20230405,SUP090,PRD027,ST043,237,364.4,86362.8,PINV000349,9
PUR000350,20280616,SUP079,PRD100,ST037,89,671.24,59740.36,PINV000350,7
PUR000351,20240823,SUP094,PRD079,ST020,258,481.58,124247.64,PINV000351,2
PUR000352,20280708,SUP014,PRD239,ST026,62,150.08,9304.96,PINV000352,9
PUR000353,20271021,SUP094,PRD095,ST032,166,536.63,89080.58,PINV000353,5
PUR000354,20280315,SUP098,PRD142,ST013,182,301.35,54845.7,PINV000354,12
PUR000355,20250717,SUP048,PRD274,ST006,402,611.04,245638.08,PINV000355,4
PUR000356,20280718,SUP080,PRD013,ST027,160,679.54,108726.4,PINV000356,10
PUR000357,20270908,SUP084,PRD087,ST006,265,196.64,52109.6,PINV000357,2
PUR000358,20251016,SUP026,PRD197,ST030,168,734.35,123370.8,PINV000358,9
PUR000359,20280915,SUP059,PRD090,ST012,102,739.97,75476.94,PINV000359,8
PUR000360,20250406,SUP023,PRD275,ST018,423,649.58,274772.34,PINV000360,15
PUR000361,20250119,SUP068,PRD153,ST040,346,295.06,102090.76,PINV000361,2
PUR000362,20241011,SUP093,PRD027,ST039,160,128.51,20561.6,PINV000362,14
PUR000363,20240720,SUP066,PRD136,ST015,250,695.91,173977.5,PINV000363,8
PUR000364,20260818,SUP018,PRD253,ST024,395,308.6,121897.0,PINV000364,14
PUR000365,20230713,SUP001,PRD116,ST008,70,455.54,31887.8,PINV000365,12
PUR000366,20250711,SUP049,PRD251,ST019,315,349.36,110048.4,PINV000366,2
PUR000367,20260705,SUP030,PRD225,ST006,156,67.55,10537.8,PINV000367,5
PUR000368,20230209,SUP008,PRD226,ST030,452,167.86,75872.72,PINV000368,13
PUR000369,20250404,SUP002,PRD034,ST012,299,747.84,223604.16,PINV000369,9
PUR000370,20260528,SUP036,PRD035,ST016,79,129.03,10193.37,PINV000370,2
PUR000371,20270401,SUP064,PRD195,ST021,191,466.86,89170.26,PINV000371,9
PUR000372,20231001,SUP011,PRD107,ST008,250,721.85,180462.5,PINV000372,9
PUR000373,20261220,SUP074,PRD031,ST023,321,558.24,179195.04,PINV000373,7
PUR000374,20271119,SUP057,PRD097,ST009,485,187.39,90884.15,PINV000374,12
PUR000375,20240529,SUP083,PRD055,ST029,223,426.29,95062.67,PINV000375,6
PUR000376,20231027,SUP001,PRD213,ST031,373,341.42,127349.66,PINV000376,5
PUR000377,20281229,SUP090,PRD110,ST036,382,793.62,303162.84,PINV000377,14
PUR000378,20281209,SUP001,PRD156,ST037,468,286.99,134311.32,PINV000378,8
PUR000379,20240525,SUP056,PRD200,ST004,358,29.54,10575.32,PINV000379,6
PUR000380,20270620,SUP022,PRD006,ST009,481,464.34,223347.54,PINV000380,5
PUR000381,20241129,SUP056,PRD053,ST046,375,297.68,111630.0,PINV000381,9
PUR000382,20280805,SUP041,PRD187,ST040,152,746.93,113533.36,PINV000382,2
PUR000383,20280212,SUP059,PRD226,ST039,140,329.2,46088.0,PINV000383,14
PUR000384,20270716,SUP090,PRD129,ST025,133,521.03,69296.99,PINV000384,6
PUR000385,20240306,SUP015,PRD125,ST033,388,183.37,71147.56,PINV000385,3
PUR000386,20250824,SUP022,PRD081,ST006,276,717.39,197999.64,PINV000386,7
PUR000387,20260613,SUP064,PRD295,ST031,280,492.09,137785.2,PINV000387,12
PUR000388,20270126,SUP018,PRD294,ST002,276,420.79,116138.04,PINV000388,11
PUR000389,20251205,SUP095,PRD221,ST019,481,493.13,237195.53,PINV000389,10
PUR000390,20240827,SUP035,PRD262,ST035,430,45.92,19745.6,PINV000390,10
PUR000391,20230129,SUP022,PRD144,ST043,430,50.6,21758.0,PINV000391,3
PUR000392,20231030,SUP014,PRD156,ST013,148,665.64,98514.72,PINV000392,9
PUR000393,20261102,SUP031,PRD280,ST026,359,672.73,241510.07,PINV000393,15
PUR000394,20250424,SUP098,PRD229,ST042,219,722.4,158205.6,PINV000394,4
PUR000395,20230720,SUP096,PRD224,ST030,116,582.19,67534.04,PINV000395,6
PUR000396,20260111,SUP023,PRD094,ST040,281,720.72,202522.32,PINV000396,6
PUR000397,20240214,SUP047,PRD078,ST018,207,741.26,153440.82,PINV000397,2
PUR000398,20280831,SUP055,PRD288,ST032,190,398.82,75775.8,PINV000398,7
PUR000399,20270204,SUP068,PRD116,ST049,246,74.49,18324.54,PINV000399,13
PUR000400,20230323,SUP031,PRD129,ST047,86,744.87,64058.82,PINV000400,10
PUR000401,20251121,SUP078,PRD054,ST013,99,711.09,70397.91,PINV000401,3
PUR000402,20270907,SUP009,PRD162,ST012,414,641.1,265415.4,PINV000402,13
PUR000403,20250701,SUP031,PRD175,ST026,308,762.14,234739.12,PINV000403,4
PUR000404,20281201,SUP082,PRD086,ST018,326,796.23,259570.98,PINV000404,5
PUR000405,20231224,SUP047,PRD005,ST033,457,676.52,309169.64,PINV000405,13
PUR000406,20240306,SUP090,PRD039,ST035,445,299.1,133099.5,PINV000406,4
PUR000407,20260515,SUP033,PRD281,ST011,70,278.36,19485.2,PINV000407,7
PUR000408,20251213,SUP059,PRD036,ST038,139,397.37,55234.43,PINV000408,8
PUR000409,20270126,SUP086,PRD298,ST047,466,198.34,92426.44,PINV000409,9
PUR000410,20240528,SUP093,PRD194,ST001,128,143.63,18384.64,PINV000410,5
PUR000411,20251222,SUP003,PRD280,ST050,346,272.18,94174.28,PINV000411,1
PUR000412,20230217,SUP010,PRD114,ST022,266,145.29,38647.14,PINV000412,15
PUR000413,20250308,SUP008,PRD026,ST009,441,37.34,16466.94,PINV000413,14
PUR000414,20270813,SUP045,PRD005,ST021,317,380.48,120612.16,PINV000414,6
PUR000415,20240326,SUP018,PRD145,ST049,252,323.74,81582.48,PINV000415,10
PUR000416,20280710,SUP089,PRD083,ST048,431,165.87,71489.97,PINV000416,2
PUR000417,20260127,SUP067,PRD248,ST044,400,199.9,79960.0,PINV000417,13
PUR000418,20270924,SUP052,PRD125,ST002,103,433.99,44700.97,PINV000418,5
PUR000419,20231204,SUP031,PRD271,ST042,130,662.8,86164.0,PINV000419,9
PUR000420,20230908,SUP044,PRD241,ST043,71,762.23,54118.33,PINV000420,7
PUR000421,20250308,SUP001,PRD144,ST013,188,717.06,134807.28,PINV000421,9
PUR000422,20280518,SUP046,PRD256,ST015,265,193.38,51245.7,PINV000422,4
PUR000423,20250202,SUP075,PRD292,ST031,134,333.74,44721.16,PINV000423,1
PUR000424,20231104,SUP087,PRD203,ST041,190,89.85,17071.5,PINV000424,3
PUR000425,20281202,SUP070,PRD171,ST013,132,419.25,55341.0,PINV000425,15
PUR000426,20270608,SUP098,PRD254,ST031,390,205.52,80152.8,PINV000426,6
PUR000427,20230124,SUP018,PRD130,ST016,240,231.0,55440.0,PINV000427,3
PUR000428,20241112,SUP011,PRD271,ST007,251,331.49,83203.99,PINV000428,6
PUR000429,20230409,SUP053,PRD033,ST046,429,463.07,198657.03,PINV000429,1
PUR000430,20270301,SUP054,PRD208,ST037,438,150.51,65923.38,PINV000430,15
PUR000431,20281211,SUP006,PRD159,ST016,71,199.02,14130.42,PINV000431,9
PUR000432,20230401,SUP072,PRD060,ST031,156,411.3,64162.8,PINV000432,6
PUR000433,20270121,SUP042,PRD114,ST021,312,89.25,27846.0,PINV000433,11
PUR000434,20240401,SUP057,PRD029,ST018,459,226.62,104018.58,PINV000434,15
PUR000435,20270204,SUP071,PRD110,ST028,423,568.59,240513.57,PINV000435,1
PUR000436,20231121,SUP020,PRD076,ST024,325,777.49,252684.25,PINV000436,9
PUR000437,20261215,SUP019,PRD211,ST014,78,797.98,62242.44,PINV000437,5
PUR000438,20230907,SUP016,PRD249,ST008,277,49.82,13800.14,PINV000438,12
PUR000439,20280404,SUP054,PRD088,ST009,71,180.03,12782.13,PINV000439,15
PUR000440,20241116,SUP097,PRD066,ST016,399,450.14,179605.86,PINV000440,13
PUR000441,20281226,SUP093,PRD178,ST008,436,544.14,237245.04,PINV000441,11
PUR000442,20271031,SUP081,PRD150,ST017,446,300.57,134054.22,PINV000442,3
PUR000443,20280322,SUP043,PRD055,ST028,379,447.43,169575.97,PINV000443,4
PUR000444,20271011,SUP080,PRD296,ST035,337,208.1,70129.7,PINV000444,3
PUR000445,20261121,SUP040,PRD066,ST028,351,124.43,43674.93,PINV000445,7
PUR000446,20240807,SUP010,PRD014,ST003,385,756.38,291206.3,PINV000446,10
PUR000447,20280526,SUP064,PRD186,ST024,481,272.27,130961.87,PINV000447,6
PUR000448,20261027,SUP093,PRD012,ST017,215,353.22,75942.3,PINV000448,14
PUR000449,20250321,SUP063,PRD100,ST047,356,534.93,190435.08,PINV000449,14
PUR000450,20230529,SUP025,PRD148,ST050,163,728.23,118701.49,PINV000450,2
PUR000451,20231027,SUP072,PRD209,ST021,339,465.2,157702.8,PINV000451,15
PUR000452,20270409,SUP001,PRD069,ST041,497,736.92,366249.24,PINV000452,11
PUR000453,20271101,SUP019,PRD051,ST024,86,541.31,46552.66,PINV000453,11
PUR000454,20250228,SUP016,PRD114,ST006,479,732.01,350632.79,PINV000454,1
PUR000455,20280504,SUP078,PRD017,ST040,288,436.51,125714.88,PINV000455,12
PUR000456,20280730,SUP059,PRD247,ST019,302,54.52,16465.04,PINV000456,3
PUR000457,20281222,SUP069,PRD044,ST037,396,172.93,68480.28,PINV000457,1
PUR000458,20230208,SUP085,PRD216,ST007,357,194.28,69357.96,PINV000458,12
PUR000459,20230501,SUP098,PRD107,ST007,300,584.8,175440.0,PINV000459,1
PUR000460,20271222,SUP083,PRD156,ST020,318,401.31,127616.58,PINV000460,5
PUR000461,20260505,SUP054,PRD138,ST015,144,81.85,11786.4,PINV000461,10
PUR000462,20270727,SUP034,PRD296,ST020,93,99.1,9216.3,PINV000462,9
PUR000463,20230310,SUP093,PRD014,ST015,399,437.33,174494.67,PINV000463,1
PUR000464,20250422,SUP041,PRD024,ST049,331,683.37,226195.47,PINV000464,12
PUR000465,20240402,SUP087,PRD024,ST018,340,147.51,50153.4,PINV000465,11
PUR000466,20270103,SUP028,PRD153,ST018,485,129.8,62953.0,PINV000466,15
PUR000467,20250328,SUP093,PRD087,ST009,216,303.24,65499.84,PINV000467,9
PUR000468,20230612,SUP034,PRD226,ST049,304,667.34,202871.36,PINV000468,12
PUR000469,20270422,SUP070,PRD051,ST009,313,63.42,19850.46,PINV000469,10
PUR000470,20260515,SUP060,PRD109,ST018,273,99.42,27141.66,PINV000470,2
PUR000471,20231221,SUP081,PRD137,ST020,180,259.53,46715.4,PINV000471,10
PUR000472,20280513,SUP067,PRD214,ST032,187,348.5,65169.5,PINV000472,8
PUR000473,20240718,SUP087,PRD213,ST046,169,485.02,81968.38,PINV000473,8
PUR000474,20260531,SUP053,PRD270,ST044,157,356.59,55984.63,PINV000474,9
PUR000475,20280309,SUP078,PRD254,ST002,298,332.46,99073.08,PINV000475,4
PUR000476,20261029,SUP029,PRD098,ST028,423,525.1,222117.3,PINV000476,5
PUR000477,20260328,SUP090,PRD159,ST011,492,566.46,278698.32,PINV000477,4
PUR000478,20271125,SUP045,PRD168,ST039,113,100.88,11399.44,PINV000478,4
PUR000479,20280711,SUP081,PRD078,ST028,63,719.33,45317.79,PINV000479,11
PUR000480,20250912,SUP027,PRD272,ST045,226,655.01,148032.26,PINV000480,13
PUR000481,20241121,SUP021,PRD101,ST009,61,520.47,31748.67,PINV000481,10
PUR000482,20280211,SUP069,PRD063,ST024,404,728.97,294503.88,PINV000482,4
PUR000483,20260414,SUP061,PRD240,ST035,340,517.4,175916.0,PINV000483,15
PUR000484,20280919,SUP033,PRD148,ST039,209,541.11,113091.99,PINV000484,4
PUR000485,20251121,SUP057,PRD200,ST004,460,471.9,217074.0,PINV000485,10
PUR000486,20281111,SUP009,PRD209,ST010,431,330.93,142630.83,PINV000486,1
PUR000487,20261104,SUP024,PRD051,ST022,215,59.41,12773.15,PINV000487,3
PUR000488,20270909,SUP034,PRD107,ST019,114,483.29,55095.06,PINV000488,4
PUR000489,20260809,SUP081,PRD041,ST006,154,706.16,108748.64,PINV000489,8
PUR000490,20230529,SUP052,PRD176,ST019,293,170.47,49947.71,PINV000490,7
PUR000491,20271128,SUP053,PRD293,ST045,495,716.98,354905.1,PINV000491,4
PUR000492,20250305,SUP032,PRD078,ST015,265,166.75,44188.75,PINV000492,7
PUR000493,20250507,SUP061,PRD093,ST022,389,519.16,201953.24,PINV000493,13
PUR000494,20270122,SUP043,PRD048,ST001,498,121.67,60591.66,PINV000494,10
PUR000495,20280809,SUP009,PRD022,ST050,98,506.67,49653.66,PINV000495,1
PUR000496,20241112,SUP100,PRD048,ST030,221,637.28,140838.88,PINV000496,7
PUR000497,20270509,SUP007,PRD233,ST035,374,209.33,78289.42,PINV000497,4
PUR000498,20230618,SUP015,PRD288,ST034,462,561.81,259556.22,PINV000498,4
PUR000499,20260909,SUP054,PRD212,ST011,297,320.64,95230.08,PINV000499,2
PUR000500,20240501,SUP038,PRD180,ST010,316,127.58,40315.28,PINV000500,12
PUR000501,20280912,SUP032,PRD246,ST020,467,615.39,287387.13,PINV000501,7
PUR000502,20260605,SUP042,PRD134,ST014,218,84.4,18399.2,PINV000502,8
PUR000503,20260728,SUP054,PRD151,ST027,345,522.6,180297.0,PINV000503,5
PUR000504,20281004,SUP047,PRD193,ST026,376,59.31,22300.56,PINV000504,12
PUR000505,20280313,SUP051,PRD102,ST008,420,135.09,56737.8,PINV000505,13
PUR000506,20240610,SUP080,PRD048,ST040,359,603.35,216602.65,PINV000506,8
PUR000507,20240119,SUP001,PRD085,ST035,484,392.64,190037.76,PINV000507,5
PUR000508,20241219,SUP072,PRD075,ST049,237,481.42,114096.54,PINV000508,7
PUR000509,20271228,SUP019,PRD033,ST025,415,76.66,31813.9,PINV000509,13
PUR000510,20231205,SUP015,PRD211,ST002,94,464.2,43634.8,PINV000510,7
PUR000511,20240629,SUP086,PRD280,ST016,471,716.83,337626.93,PINV000511,3
PUR000512,20240621,SUP005,PRD019,ST028,440,628.48,276531.2,PINV000512,12
PUR000513,20230811,SUP069,PRD018,ST001,166,158.72,26347.52,PINV000513,6
PUR000514,20250503,SUP012,PRD262,ST041,442,441.71,195235.82,PINV000514,4
PUR000515,20240307,SUP017,PRD026,ST036,340,253.3,86122.0,PINV000515,2
PUR000516,20240702,SUP027,PRD194,ST021,111,602.99,66931.89,PINV000516,9
PUR000517,20250511,SUP076,PRD166,ST034,112,483.94,54201.28,PINV000517,1
PUR000518,20280726,SUP017,PRD197,ST014,208,787.02,163700.16,PINV000518,13
PUR000519,20241006,SUP072,PRD109,ST012,390,762.36,297320.4,PINV000519,1
PUR000520,20261013,SUP043,PRD108,ST019,254,686.41,174348.14,PINV000520,9
PUR000521,20260122,SUP025,PRD168,ST004,463,117.42,54365.46,PINV000521,15
PUR000522,20250330,SUP100,PRD243,ST023,443,120.68,53461.24,PINV000522,12
PUR000523,20240630,SUP092,PRD099,ST028,127,464.2,58953.4,PINV000523,7
PUR000524,20261214,SUP038,PRD046,ST046,428,399.81,171118.68,PINV000524,9
PUR000525,20280110,SUP022,PRD270,ST007,189,193.61,36592.29,PINV000525,6
PUR000526,20250207,SUP075,PRD063,ST035,330,603.5,199155.0,PINV000526,3
PUR000527,20260330,SUP097,PRD016,ST020,400,331.78,132712.0,PINV000527,12
PUR000528,20270314,SUP016,PRD010,ST025,319,417.45,133166.55,PINV000528,14
PUR000529,20271229,SUP042,PRD094,ST045,64,47.97,3070.08,PINV000529,12
PUR000530,20270729,SUP029,PRD044,ST043,322,369.93,119117.46,PINV000530,11
PUR000531,20241104,SUP074,PRD143,ST019,365,22.55,8230.75,PINV000531,1
PUR000532,20280530,SUP077,PRD135,ST002,222,230.54,51179.88,PINV000532,12
PUR000533,20251126,SUP012,PRD174,ST009,339,165.19,55999.41,PINV000533,4
PUR000534,20281107,SUP084,PRD113,ST019,396,267.49,105926.04,PINV000534,13
PUR000535,20270126,SUP002,PRD159,ST008,430,224.12,96371.6,PINV000535,1
PUR000536,20250726,SUP037,PRD124,ST005,370,611.68,226321.6,PINV000536,15
PUR000537,20250801,SUP068,PRD114,ST032,359,356.87,128116.33,PINV000537,7
PUR000538,20260803,SUP061,PRD108,ST020,83,144.89,12025.87,PINV000538,4
PUR000539,20240301,SUP060,PRD284,ST050,349,216.39,75520.11,PINV000539,4
PUR000540,20261230,SUP084,PRD061,ST030,329,169.03,55610.87,PINV000540,13
PUR000541,20260702,SUP070,PRD104,ST020,63,693.0,43659.0,PINV000541,4
PUR000542,20240706,SUP060,PRD205,ST044,413,514.14,212339.82,PINV000542,6
PUR000543,20240407,SUP054,PRD148,ST050,421,678.31,285568.51,PINV000543,12
PUR000544,20260116,SUP001,PRD150,ST017,376,503.79,189425.04,PINV000544,9
PUR000545,20260518,SUP034,PRD085,ST010,415,586.36,243339.4,PINV000545,8
PUR000546,20280510,SUP056,PRD159,ST027,121,763.95,92437.95,PINV000546,14
PUR000547,20280218,SUP074,PRD002,ST021,228,220.8,50342.4,PINV000547,9
PUR000548,20251223,SUP033,PRD035,ST032,416,581.03,241708.48,PINV000548,1
PUR000549,20241203,SUP038,PRD073,ST017,445,796.38,354389.1,PINV000549,9
PUR000550,20240110,SUP046,PRD259,ST034,204,133.05,27142.2,PINV000550,12
PUR000551,20270204,SUP054,PRD281,ST039,432,489.06,211273.92,PINV000551,4
PUR000552,20270211,SUP096,PRD134,ST021,113,306.37,34619.81,PINV000552,8
PUR000553,20280116,SUP067,PRD275,ST031,208,241.69,50271.52,PINV000553,8
PUR000554,20251101,SUP011,PRD151,ST016,156,623.05,97195.8,PINV000554,2
PUR000555,20230912,SUP084,PRD147,ST031,297,433.4,128719.8,PINV000555,9
PUR000556,20251012,SUP044,PRD144,ST024,484,574.76,278183.84,PINV000556,2
PUR000557,20250131,SUP093,PRD169,ST020,90,229.23,20630.7,PINV000557,3
PUR000558,20261114,SUP070,PRD107,ST038,262,310.01,81222.62,PINV000558,9
PUR000559,20261216,SUP060,PRD027,ST039,406,213.95,86863.7,PINV000559,14
PUR000560,20270722,SUP099,PRD024,ST027,212,64.21,13612.52,PINV000560,6
PUR000561,20260726,SUP011,PRD100,ST046,441,580.4,255956.4,PINV000561,12
PUR000562,20270823,SUP054,PRD047,ST041,196,257.41,50452.36,PINV000562,10
PUR000563,20271124,SUP027,PRD300,ST039,439,375.11,164673.29,PINV000563,10
PUR000564,20250325,SUP099,PRD003,ST038,156,379.83,59253.48,PINV000564,13
PUR000565,20260627,SUP077,PRD278,ST037,414,382.25,158251.5,PINV000565,8
PUR000566,20251205,SUP024,PRD114,ST031,333,339.83,113163.39,PINV000566,10
PUR000567,20280130,SUP052,PRD132,ST031,58,27.17,1575.86,PINV000567,5
PUR000568,20261222,SUP071,PRD203,ST031,437,776.77,339448.49,PINV000568,2
PUR000569,20260704,SUP079,PRD072,ST022,290,559.41,162228.9,PINV000569,7
PUR000570,20250101,SUP013,PRD025,ST022,425,299.81,127419.25,PINV000570,9
PUR000571,20261216,SUP078,PRD021,ST020,365,58.27,21268.55,PINV000571,12
PUR000572,20281127,SUP081,PRD141,ST019,294,654.88,192534.72,PINV000572,10
PUR000573,20250508,SUP068,PRD068,ST003,278,710.53,197527.34,PINV000573,5
PUR000574,20261028,SUP008,PRD034,ST007,280,500.54,140151.2,PINV000574,1
PUR000575,20281212,SUP018,PRD210,ST039,354,447.7,158485.8,PINV000575,9
PUR000576,20251231,SUP076,PRD097,ST042,176,99.83,17570.08,PINV000576,15
PUR000577,20240924,SUP029,PRD199,ST048,270,496.51,134057.7,PINV000577,7
PUR000578,20270219,SUP061,PRD005,ST024,492,290.01,142684.92,PINV000578,4
PUR000579,20241010,SUP070,PRD194,ST041,334,742.87,248118.58,PINV000579,12
PUR000580,20250219,SUP016,PRD045,ST007,271,100.4,27208.4,PINV000580,9
PUR000581,20281119,SUP043,PRD161,ST032,119,36.12,4298.28,PINV000581,9
PUR000582,20280608,SUP024,PRD075,ST009,315,422.62,133125.3,PINV000582,1
PUR000583,20270526,SUP018,PRD062,ST013,320,338.6,108352.0,PINV000583,4
PUR000584,20240427,SUP057,PRD270,ST012,320,315.68,101017.6,PINV000584,9
PUR000585,20251228,SUP030,PRD142,ST050,458,492.26,225455.08,PINV000585,13
PUR000586,20240515,SUP005,PRD019,ST037,499,65.95,32909.05,PINV000586,14
PUR000587,20250526,SUP058,PRD156,ST050,456,545.58,248784.48,PINV000587,7
PUR000588,20260205,SUP043,PRD186,ST047,394,721.74,284365.56,PINV000588,8
PUR000589,20230831,SUP077,PRD015,ST048,315,371.76,117104.4,PINV000589,10
PUR000590,20281107,SUP084,PRD168,ST024,281,426.98,119981.38,PINV000590,7
PUR000591,20270328,SUP042,PRD185,ST031,138,593.63,81920.94,PINV000591,7
PUR000592,20231219,SUP068,PRD215,ST014,187,64.0,11968.0,PINV000592,7
PUR000593,20230215,SUP001,PRD195,ST002,387,187.79,72674.73,PINV000593,4
PUR000594,20250422,SUP003,PRD042,ST033,309,386.35,119382.15,PINV000594,7
PUR000595,20270501,SUP038,PRD125,ST032,151,632.93,95572.43,PINV000595,8
PUR000596,20260218,SUP010,PRD088,ST004,103,524.78,54052.34,PINV000596,11
PUR000597,20260912,SUP093,PRD290,ST033,291,591.46,172114.86,PINV000597,6
PUR000598,20261020,SUP034,PRD111,ST037,118,727.96,85899.28,PINV000598,14
PUR000599,20260814,SUP062,PRD066,ST031,422,681.38,287542.36,PINV000599,8
PUR000600,20270718,SUP002,PRD224,ST028,447,44.01,19672.47,PINV000600,10
PUR000601,20270224,SUP050,PRD131,ST021,311,255.65,79507.15,PINV000601,12
PUR000602,20261121,SUP050,PRD223,ST001,447,354.25,158349.75,PINV000602,5
PUR000603,20231030,SUP085,PRD101,ST023,432,437.36,188939.52,PINV000603,3
PUR000604,20280628,SUP089,PRD041,ST029,99,377.17,37339.83,PINV000604,3
PUR000605,20260502,SUP094,PRD061,ST039,50,135.27,6763.5,PINV000605,11
PUR000606,20260526,SUP063,PRD021,ST007,343,359.51,123311.93,PINV000606,13
PUR000607,20260819,SUP081,PRD037,ST045,386,140.39,54190.54,PINV000607,14
PUR000608,20260610,SUP077,PRD245,ST008,233,234.86,54722.38,PINV000608,12
PUR000609,20241206,SUP036,PRD223,ST045,166,168.82,28024.12,PINV000609,9
PUR000610,20280629,SUP013,PRD126,ST034,464,662.18,307251.52,PINV000610,2
PUR000611,20260505,SUP023,PRD137,ST015,154,787.28,121241.12,PINV000611,14
PUR000612,20261115,SUP067,PRD270,ST003,274,69.52,19048.48,PINV000612,15
PUR000613,20270207,SUP053,PRD249,ST033,286,136.34,38993.24,PINV000613,12
PUR000614,20280310,SUP008,PRD263,ST017,329,617.07,203016.03,PINV000614,14
PUR000615,20280224,SUP079,PRD151,ST021,401,195.98,78587.98,PINV000615,6
PUR000616,20250227,SUP025,PRD213,ST025,115,266.34,30629.1,PINV000616,11
PUR000617,20250604,SUP084,PRD062,ST045,229,463.63,106171.27,PINV000617,2
PUR000618,20270219,SUP036,PRD235,ST015,159,132.77,21110.43,PINV000618,15
PUR000619,20231218,SUP015,PRD065,ST043,216,397.88,85942.08,PINV000619,4
PUR000620,20281218,SUP083,PRD143,ST025,457,399.15,182411.55,PINV000620,13
PUR000621,20261210,SUP037,PRD199,ST041,171,386.67,66120.57,PINV000621,9
PUR000622,20240606,SUP081,PRD109,ST021,271,234.62,63582.02,PINV000622,1
PUR000623,20260309,SUP010,PRD219,ST043,337,491.27,165557.99,PINV000623,15
PUR000624,20250217,SUP005,PRD073,ST021,384,758.61,291306.24,PINV000624,1
PUR000625,20240523,SUP044,PRD214,ST016,407,141.14,57443.98,PINV000625,13
PUR000626,20251128,SUP042,PRD202,ST022,146,414.26,60481.96,PINV000626,1
PUR000627,20250605,SUP038,PRD145,ST028,247,304.99,75332.53,PINV000627,12
PUR000628,20230304,SUP047,PRD197,ST049,370,698.21,258337.7,PINV000628,2
PUR000629,20280222,SUP037,PRD186,ST050,226,322.47,72878.22,PINV000629,2
PUR000630,20270605,SUP080,PRD088,ST014,71,386.42,27435.82,PINV000630,12
PUR000631,20250607,SUP050,PRD110,ST037,389,392.22,152573.58,PINV000631,10
PUR000632,20280520,SUP016,PRD132,ST030,392,339.7,133162.4,PINV000632,10
PUR000633,20251114,SUP095,PRD037,ST018,364,621.17,226105.88,PINV000633,14
PUR000634,20251119,SUP033,PRD252,ST025,88,56.24,4949.12,PINV000634,6
PUR000635,20281213,SUP057,PRD081,ST033,374,252.3,94360.2,PINV000635,10
PUR000636,20251215,SUP070,PRD225,ST040,431,790.61,340752.91,PINV000636,14
PUR000637,20260117,SUP011,PRD237,ST042,363,687.2,249453.6,PINV000637,9
PUR000638,20280611,SUP027,PRD022,ST042,365,102.63,37459.95,PINV000638,13
PUR000639,20230726,SUP030,PRD229,ST020,460,412.82,189897.2,PINV000639,12
PUR000640,20240208,SUP047,PRD214,ST044,70,568.01,39760.7,PINV000640,2
PUR000641,20280816,SUP047,PRD108,ST007,128,434.26,55585.28,PINV000641,1
PUR000642,20250315,SUP090,PRD287,ST016,488,246.07,120082.16,PINV000642,8
PUR000643,20270825,SUP010,PRD206,ST035,487,260.21,126722.27,PINV000643,4
PUR000644,20250909,SUP087,PRD290,ST007,371,794.17,294637.07,PINV000644,6
PUR000645,20280908,SUP035,PRD280,ST041,176,244.8,43084.8,PINV000645,8
PUR000646,20280721,SUP025,PRD047,ST001,196,506.63,99299.48,PINV000646,3
PUR000647,20230105,SUP024,PRD241,ST029,272,714.55,194357.6,PINV000647,13
PUR000648,20230420,SUP058,PRD134,ST016,162,610.88,98962.56,PINV000648,7
PUR000649,20270617,SUP094,PRD112,ST012,168,98.03,16469.04,PINV000649,14
PUR000650,20250716,SUP082,PRD164,ST003,331,202.62,67067.22,PINV000650,14
PUR000651,20261126,SUP065,PRD172,ST012,191,677.78,129455.98,PINV000651,6
PUR000652,20250917,SUP019,PRD155,ST029,371,358.1,132855.1,PINV000652,5
PUR000653,20280315,SUP001,PRD137,ST046,424,117.57,49849.68,PINV000653,11
PUR000654,20281224,SUP036,PRD076,ST027,388,283.13,109854.44,PINV000654,10
PUR000655,20280324,SUP045,PRD019,ST045,451,195.48,88161.48,PINV000655,7
PUR000656,20270801,SUP054,PRD088,ST039,122,545.68,66572.96,PINV000656,6
PUR000657,20230827,SUP098,PRD089,ST033,231,218.2,50404.2,PINV000657,10
PUR000658,20271003,SUP034,PRD032,ST013,139,20.75,2884.25,PINV000658,5
PUR000659,20270106,SUP040,PRD006,ST032,404,562.79,227367.16,PINV000659,4
PUR000660,20240122,SUP003,PRD021,ST038,82,86.61,7102.02,PINV000660,13
PUR000661,20281205,SUP045,PRD122,ST047,353,735.77,259726.81,PINV000661,3
PUR000662,20230201,SUP026,PRD218,ST008,479,677.31,324431.49,PINV000662,10
PUR000663,20260408,SUP001,PRD218,ST044,164,710.24,116479.36,PINV000663,12
PUR000664,20240724,SUP050,PRD002,ST032,210,732.83,153894.3,PINV000664,9
PUR000665,20250521,SUP016,PRD053,ST001,79,232.47,18365.13,PINV000665,7
PUR000666,20270925,SUP003,PRD020,ST003,331,522.18,172841.58,PINV000666,10
PUR000667,20270919,SUP010,PRD250,ST001,200,607.86,121572.0,PINV000667,3
PUR000668,20280927,SUP080,PRD257,ST044,123,761.52,93666.96,PINV000668,5
PUR000669,20240828,SUP023,PRD234,ST007,113,300.74,33983.62,PINV000669,4
PUR000670,20240810,SUP033,PRD232,ST012,415,774.86,321566.9,PINV000670,8
PUR000671,20280810,SUP022,PRD247,ST004,194,660.3,128098.2,PINV000671,5
PUR000672,20280905,SUP011,PRD012,ST047,160,425.73,68116.8,PINV000672,9
PUR000673,20280503,SUP002,PRD127,ST023,77,630.65,48560.05,PINV000673,2
PUR000674,20240819,SUP008,PRD049,ST012,104,431.16,44840.64,PINV000674,11
PUR000675,20250814,SUP033,PRD133,ST009,283,617.91,174868.53,PINV000675,13
PUR000676,20240227,SUP050,PRD063,ST032,441,711.94,313965.54,PINV000676,11
PUR000677,20250105,SUP062,PRD296,ST002,232,351.11,81457.52,PINV000677,9
PUR000678,20280718,SUP044,PRD260,ST041,322,470.41,151472.02,PINV000678,12
PUR000679,20251004,SUP091,PRD092,ST023,381,464.7,177050.7,PINV000679,6
PUR000680,20230505,SUP039,PRD283,ST033,239,542.29,129607.31,PINV000680,4
PUR000681,20240616,SUP036,PRD176,ST029,415,20.58,8540.7,PINV000681,5
PUR000682,20230805,SUP094,PRD064,ST047,127,689.28,87538.56,PINV000682,5
PUR000683,20230808,SUP003,PRD187,ST018,59,593.72,35029.48,PINV000683,15
PUR000684,20231007,SUP052,PRD252,ST035,256,206.65,52902.4,PINV000684,7
PUR000685,20251003,SUP076,PRD263,ST005,56,467.3,26168.8,PINV000685,8
PUR000686,20260921,SUP086,PRD009,ST023,100,240.08,24008.0,PINV000686,7
PUR000687,20250613,SUP031,PRD213,ST012,90,102.23,9200.7,PINV000687,12
PUR000688,20231111,SUP014,PRD057,ST018,120,504.49,60538.8,PINV000688,7
PUR000689,20240914,SUP062,PRD165,ST025,381,296.78,113073.18,PINV000689,11
PUR000690,20260914,SUP026,PRD197,ST037,76,646.82,49158.32,PINV000690,9
PUR000691,20250907,SUP066,PRD200,ST035,414,745.95,308823.3,PINV000691,12
PUR000692,20240622,SUP054,PRD027,ST039,81,390.78,31653.18,PINV000692,5
PUR000693,20261224,SUP077,PRD224,ST001,67,709.86,47560.62,PINV000693,1
PUR000694,20281229,SUP024,PRD011,ST018,424,266.94,113182.56,PINV000694,9
PUR000695,20280804,SUP041,PRD213,ST044,209,712.63,148939.67,PINV000695,14
PUR000696,20270710,SUP041,PRD057,ST029,494,392.29,193791.26,PINV000696,4
PUR000697,20270112,SUP096,PRD228,ST030,91,608.24,55349.84,PINV000697,11
PUR000698,20250208,SUP007,PRD169,ST016,281,55.31,15542.11,PINV000698,15
PUR000699,20260827,SUP075,PRD256,ST041,428,708.12,303075.36,PINV000699,9
PUR000700,20260114,SUP096,PRD019,ST040,482,543.06,261754.92,PINV000700,5
PUR000701,20280127,SUP002,PRD129,ST021,337,477.42,160890.54,PINV000701,5
PUR000702,20231026,SUP063,PRD139,ST029,191,654.64,125036.24,PINV000702,14
PUR000703,20270731,SUP090,PRD254,ST028,286,736.72,210701.92,PINV000703,9
PUR000704,20241119,SUP044,PRD184,ST033,427,149.66,63904.82,PINV000704,10
PUR000705,20250416,SUP047,PRD280,ST045,337,96.27,32442.99,PINV000705,1
PUR000706,20251130,SUP056,PRD165,ST024,251,524.46,131639.46,PINV000706,9
PUR000707,20260416,SUP055,PRD255,ST019,384,683.78,262571.52,PINV000707,15
PUR000708,20260318,SUP059,PRD065,ST046,176,401.83,70722.08,PINV000708,1
PUR000709,20231003,SUP063,PRD150,ST020,159,423.3,67304.7,PINV000709,9
PUR000710,20251106,SUP024,PRD168,ST035,465,192.14,89345.1,PINV000710,7
PUR000711,20281214,SUP089,PRD232,ST013,209,654.65,136821.85,PINV000711,5
PUR000712,20260323,SUP045,PRD073,ST012,279,671.32,187298.28,PINV000712,6
PUR000713,20280602,SUP071,PRD287,ST033,344,355.81,122398.64,PINV000713,10
PUR000714,20270619,SUP038,PRD172,ST024,386,636.1,245534.6,PINV000714,14
PUR000715,20260909,SUP086,PRD110,ST017,314,450.03,141309.42,PINV000715,6
PUR000716,20260429,SUP039,PRD060,ST025,287,281.05,80661.35,PINV000716,12
PUR000717,20260930,SUP094,PRD138,ST006,224,293.61,65768.64,PINV000717,2
PUR000718,20240403,SUP015,PRD188,ST007,81,792.34,64179.54,PINV000718,5
PUR000719,20281223,SUP043,PRD107,ST016,242,398.22,96369.24,PINV000719,5
PUR000720,20270125,SUP053,PRD109,ST021,364,776.9,282791.6,PINV000720,5
PUR000721,20270224,SUP004,PRD299,ST030,306,62.57,19146.42,PINV000721,12
PUR000722,20261218,SUP020,PRD271,ST044,239,510.46,121999.94,PINV000722,10
PUR000723,20230719,SUP019,PRD194,ST038,172,628.26,108060.72,PINV000723,2
PUR000724,20280725,SUP045,PRD294,ST037,162,488.16,79081.92,PINV000724,10
PUR000725,20240209,SUP024,PRD021,ST005,235,327.67,77002.45,PINV000725,1
PUR000726,20280407,SUP037,PRD266,ST039,190,725.43,137831.7,PINV000726,8
PUR000727,20250628,SUP001,PRD174,ST011,225,729.68,164178.0,PINV000727,12
PUR000728,20250206,SUP076,PRD207,ST001,456,137.22,62572.32,PINV000728,13
PUR000729,20281005,SUP023,PRD189,ST047,393,538.51,211634.43,PINV000729,3
PUR000730,20230706,SUP019,PRD190,ST017,149,250.21,37281.29,PINV000730,12
PUR000731,20250316,SUP058,PRD260,ST030,487,797.46,388363.02,PINV000731,5
PUR000732,20230414,SUP084,PRD198,ST001,186,747.21,138981.06,PINV000732,2
PUR000733,20260215,SUP048,PRD201,ST014,234,615.09,143931.06,PINV000733,7
PUR000734,20280926,SUP081,PRD140,ST011,427,492.93,210481.11,PINV000734,7
PUR000735,20230812,SUP027,PRD119,ST028,86,504.37,43375.82,PINV000735,10
PUR000736,20260325,SUP023,PRD032,ST016,224,553.44,123970.56,PINV000736,7
PUR000737,20230219,SUP011,PRD208,ST035,481,219.38,105521.78,PINV000737,4
PUR000738,20270425,SUP006,PRD200,ST026,297,610.0,181170.0,PINV000738,10
PUR000739,20250205,SUP096,PRD268,ST036,393,557.68,219168.24,PINV000739,4
PUR000740,20240225,SUP092,PRD092,ST012,406,650.79,264220.74,PINV000740,3
PUR000741,20241003,SUP006,PRD133,ST008,346,69.94,24199.24,PINV000741,15
PUR000742,20251218,SUP069,PRD138,ST004,427,714.35,305027.45,PINV000742,5
PUR000743,20251220,SUP045,PRD293,ST008,415,681.9,282988.5,PINV000743,8
PUR000744,20260701,SUP026,PRD005,ST044,415,224.93,93345.95,PINV000744,8
PUR000745,20241209,SUP069,PRD276,ST008,119,789.02,93893.38,PINV000745,12
PUR000746,20260116,SUP093,PRD059,ST046,295,425.25,125448.75,PINV000746,4
PUR000747,20261001,SUP087,PRD263,ST034,80,502.97,40237.6,PINV000747,9
PUR000748,20260802,SUP084,PRD253,ST013,279,204.3,56999.7,PINV000748,4
PUR000749,20240225,SUP031,PRD020,ST049,163,247.81,40393.03,PINV000749,14
PUR000750,20250106,SUP009,PRD188,ST034,395,174.91,69089.45,PINV000750,1
PUR000751,20230823,SUP083,PRD188,ST014,51,468.55,23896.05,PINV000751,4
PUR000752,20280502,SUP059,PRD114,ST023,293,397.16,116367.88,PINV000752,9
PUR000753,20280122,SUP047,PRD218,ST047,201,788.78,158544.78,PINV000753,3
PUR000754,20230614,SUP018,PRD286,ST038,215,528.64,113657.6,PINV000754,8
PUR000755,20260502,SUP026,PRD240,ST017,317,198.18,62823.06,PINV000755,12
PUR000756,20270426,SUP035,PRD289,ST033,107,143.69,15374.83,PINV000756,10
PUR000757,20241111,SUP096,PRD072,ST042,175,77.99,13648.25,PINV000757,2
PUR000758,20281210,SUP003,PRD238,ST019,81,489.35,39637.35,PINV000758,2
PUR000759,20260701,SUP075,PRD264,ST042,102,484.15,49383.3,PINV000759,15
PUR000760,20270221,SUP043,PRD295,ST023,444,603.34,267882.96,PINV000760,13
PUR000761,20270507,SUP018,PRD160,ST032,262,732.11,191812.82,PINV000761,3
PUR000762,20240214,SUP074,PRD157,ST004,415,797.54,330979.1,PINV000762,11
PUR000763,20250103,SUP087,PRD214,ST028,100,201.82,20182.0,PINV000763,5
PUR000764,20281104,SUP097,PRD030,ST020,410,502.84,206164.4,PINV000764,9
PUR000765,20280421,SUP020,PRD202,ST006,470,555.66,261160.2,PINV000765,12
PUR000766,20260613,SUP033,PRD016,ST048,309,770.27,238013.43,PINV000766,6
PUR000767,20280328,SUP017,PRD258,ST036,402,133.4,53626.8,PINV000767,10
PUR000768,20280108,SUP040,PRD114,ST024,293,405.8,118899.4,PINV000768,1
PUR000769,20261115,SUP028,PRD262,ST027,164,384.14,62998.96,PINV000769,2
PUR000770,20280501,SUP046,PRD234,ST034,419,452.52,189605.88,PINV000770,12
PUR000771,20251127,SUP031,PRD211,ST024,300,522.93,156879.0,PINV000771,1
PUR000772,20250606,SUP009,PRD102,ST013,162,612.62,99244.44,PINV000772,10
PUR000773,20230315,SUP079,PRD193,ST041,375,666.85,250068.75,PINV000773,4
PUR000774,20241215,SUP053,PRD233,ST010,191,783.64,149675.24,PINV000774,7
PUR000775,20280320,SUP051,PRD260,ST043,325,351.05,114091.25,PINV000775,4
PUR000776,20271115,SUP029,PRD063,ST043,53,688.37,36483.61,PINV000776,8
PUR000777,20260227,SUP016,PRD018,ST012,241,142.34,34303.94,PINV000777,12
PUR000778,20270604,SUP099,PRD242,ST038,499,445.39,222249.61,PINV000778,6
PUR000779,20240614,SUP072,PRD074,ST038,146,517.15,75503.9,PINV000779,9
PUR000780,20230320,SUP038,PRD024,ST006,307,320.17,98292.19,PINV000780,6
PUR000781,20280915,SUP050,PRD122,ST024,271,22.49,6094.79,PINV000781,1
PUR000782,20250806,SUP096,PRD073,ST036,394,313.37,123467.78,PINV000782,5
PUR000783,20281129,SUP073,PRD090,ST013,455,690.11,314000.05,PINV000783,15
PUR000784,20280504,SUP043,PRD025,ST031,342,160.64,54938.88,PINV000784,15
PUR000785,20240208,SUP025,PRD074,ST009,334,736.76,246077.84,PINV000785,6
PUR000786,20260716,SUP038,PRD013,ST040,437,384.19,167891.03,PINV000786,1
PUR000787,20281009,SUP048,PRD044,ST007,489,38.47,18811.83,PINV000787,5
PUR000788,20270907,SUP067,PRD097,ST038,279,440.74,122966.46,PINV000788,1
PUR000789,20260518,SUP091,PRD154,ST022,319,743.41,237147.79,PINV000789,1
PUR000790,20240712,SUP054,PRD093,ST032,53,260.59,13811.27,PINV000790,15
PUR000791,20261201,SUP071,PRD082,ST007,385,519.31,199934.35,PINV000791,13
PUR000792,20230731,SUP021,PRD136,ST037,390,760.05,296419.5,PINV000792,9
PUR000793,20251128,SUP080,PRD093,ST005,246,765.88,188406.48,PINV000793,13
PUR000794,20230113,SUP033,PRD012,ST045,189,614.69,116176.41,PINV000794,9
PUR000795,20260225,SUP071,PRD230,ST033,498,686.0,341628.0,PINV000795,5
PUR000796,20261212,SUP009,PRD292,ST018,319,422.51,134780.69,PINV000796,12
PUR000797,20250117,SUP059,PRD147,ST020,298,707.91,210957.18,PINV000797,14
PUR000798,20231122,SUP016,PRD128,ST048,322,585.75,188611.5,PINV000798,7
PUR000799,20270204,SUP024,PRD084,ST049,294,301.85,88743.9,PINV000799,12
PUR000800,20230123,SUP026,PRD279,ST035,486,277.99,135103.14,PINV000800,5
PUR000801,20230530,SUP047,PRD259,ST015,302,545.7,164801.4,PINV000801,8
PUR000802,20261113,SUP088,PRD282,ST008,165,631.23,104152.95,PINV000802,7
PUR000803,20260802,SUP075,PRD030,ST013,223,79.86,17808.78,PINV000803,10
PUR000804,20250927,SUP009,PRD271,ST022,52,675.18,35109.36,PINV000804,6
PUR000805,20240825,SUP079,PRD206,ST003,314,537.93,168910.02,PINV000805,9
PUR000806,20260512,SUP010,PRD217,ST020,325,600.6,195195.0,PINV000806,13
PUR000807,20271127,SUP098,PRD164,ST022,67,507.74,34018.58,PINV000807,3
PUR000808,20230120,SUP064,PRD020,ST023,188,577.99,108662.12,PINV000808,4
PUR000809,20260501,SUP099,PRD063,ST020,459,146.34,67170.06,PINV000809,2
PUR000810,20281225,SUP055,PRD287,ST040,251,576.33,144658.83,PINV000810,3
PUR000811,20241028,SUP021,PRD136,ST034,161,492.22,79247.42,PINV000811,2
PUR000812,20260410,SUP064,PRD025,ST049,292,667.0,194764.0,PINV000812,5
PUR000813,20230422,SUP005,PRD237,ST050,274,788.9,216158.6,PINV000813,11
PUR000814,20251112,SUP052,PRD047,ST023,126,754.2,95029.2,PINV000814,1
PUR000815,20281120,SUP042,PRD017,ST023,293,145.49,42628.57,PINV000815,9
PUR000816,20241014,SUP050,PRD122,ST023,102,673.13,68659.26,PINV000816,5
PUR000817,20251016,SUP029,PRD112,ST038,432,59.13,25544.16,PINV000817,8
PUR000818,20231120,SUP022,PRD209,ST039,101,671.77,67848.77,PINV000818,7
PUR000819,20241210,SUP016,PRD227,ST037,332,593.08,196902.56,PINV000819,9
PUR000820,20260821,SUP031,PRD212,ST047,78,741.09,57805.02,PINV000820,5
PUR000821,20271106,SUP007,PRD220,ST047,157,223.94,35158.58,PINV000821,12
PUR000822,20280820,SUP017,PRD057,ST025,207,634.82,131407.74,PINV000822,7
PUR000823,20250918,SUP018,PRD157,ST017,443,684.91,303415.13,PINV000823,6
PUR000824,20240919,SUP016,PRD011,ST048,167,316.84,52912.28,PINV000824,5
PUR000825,20261111,SUP032,PRD088,ST039,343,477.86,163905.98,PINV000825,13
PUR000826,20240914,SUP045,PRD064,ST047,335,427.68,143272.8,PINV000826,11
PUR000827,20251129,SUP047,PRD157,ST027,348,643.04,223777.92,PINV000827,4
PUR000828,20250926,SUP042,PRD061,ST035,190,652.8,124032.0,PINV000828,2
PUR000829,20261213,SUP100,PRD032,ST038,274,91.37,25035.38,PINV000829,14
PUR000830,20250111,SUP077,PRD191,ST002,461,542.68,250175.48,PINV000830,9
PUR000831,20261201,SUP040,PRD262,ST005,179,423.7,75842.3,PINV000831,10
PUR000832,20260417,SUP018,PRD177,ST038,179,419.32,75058.28,PINV000832,6
PUR000833,20270924,SUP081,PRD058,ST026,246,306.66,75438.36,PINV000833,4
PUR000834,20240217,SUP070,PRD200,ST015,137,636.76,87236.12,PINV000834,9
PUR000835,20280416,SUP070,PRD238,ST049,403,392.02,157984.06,PINV000835,14
PUR000836,20280725,SUP047,PRD233,ST040,195,156.81,30577.95,PINV000836,13
PUR000837,20270323,SUP034,PRD167,ST039,333,583.84,194418.72,PINV000837,4
PUR000838,20231025,SUP069,PRD082,ST041,153,427.35,65384.55,PINV000838,14
PUR000839,20240601,SUP053,PRD110,ST047,152,589.63,89623.76,PINV000839,2
PUR000840,20240618,SUP088,PRD182,ST050,211,647.38,136597.18,PINV000840,7
PUR000841,20240504,SUP081,PRD009,ST034,424,354.65,150371.6,PINV000841,11
PUR000842,20231213,SUP011,PRD061,ST037,416,726.39,302178.24,PINV000842,7
PUR000843,20281112,SUP069,PRD226,ST015,154,633.17,97508.18,PINV000843,12
PUR000844,20240107,SUP046,PRD036,ST049,374,228.07,85298.18,PINV000844,10
PUR000845,20280826,SUP020,PRD273,ST014,343,377.2,129379.6,PINV000845,1
PUR000846,20260428,SUP035,PRD080,ST023,162,339.01,54919.62,PINV000846,2
PUR000847,20251019,SUP077,PRD285,ST020,383,324.1,124130.3,PINV000847,2
PUR000848,20280817,SUP003,PRD105,ST049,147,516.62,75943.14,PINV000848,6
PUR000849,20240928,SUP033,PRD221,ST024,327,139.75,45698.25,PINV000849,4
PUR000850,20280207,SUP025,PRD111,ST032,462,219.57,101441.34,PINV000850,11
PUR000851,20260210,SUP080,PRD047,ST011,401,398.96,159982.96,PINV000851,4
PUR000852,20251130,SUP070,PRD006,ST023,191,692.23,132215.93,PINV000852,12
PUR000853,20240819,SUP089,PRD087,ST002,129,796.34,102727.86,PINV000853,14
PUR000854,20230728,SUP032,PRD032,ST035,381,284.54,108409.74,PINV000854,8
PUR000855,20250213,SUP040,PRD121,ST048,415,758.76,314885.4,PINV000855,11
PUR000856,20280328,SUP073,PRD082,ST049,105,466.07,48937.35,PINV000856,4
PUR000857,20270829,SUP060,PRD245,ST012,237,34.51,8178.87,PINV000857,7
PUR000858,20270310,SUP071,PRD273,ST027,224,270.78,60654.72,PINV000858,8
PUR000859,20280811,SUP086,PRD065,ST006,201,236.52,47540.52,PINV000859,2
PUR000860,20260204,SUP092,PRD287,ST025,398,798.63,317854.74,PINV000860,11
PUR000861,20270826,SUP088,PRD130,ST046,126,278.57,35099.82,PINV000861,2
PUR000862,20240514,SUP069,PRD189,ST044,405,323.59,131053.95,PINV000862,4
PUR000863,20231117,SUP068,PRD065,ST021,259,484.44,125469.96,PINV000863,10
PUR000864,20281115,SUP087,PRD209,ST023,319,318.24,101518.56,PINV000864,8
PUR000865,20270513,SUP089,PRD123,ST011,133,47.08,6261.64,PINV000865,5
PUR000866,20260224,SUP041,PRD269,ST006,349,783.07,273291.43,PINV000866,7
PUR000867,20260701,SUP027,PRD299,ST031,83,272.72,22635.76,PINV000867,14
PUR000868,20270927,SUP055,PRD298,ST049,353,23.7,8366.1,PINV000868,13
PUR000869,20260607,SUP046,PRD268,ST030,484,379.39,183624.76,PINV000869,15
PUR000870,20230327,SUP005,PRD262,ST034,101,586.26,59212.26,PINV000870,8
PUR000871,20240907,SUP031,PRD109,ST015,113,760.07,85887.91,PINV000871,3
PUR000872,20281124,SUP055,PRD056,ST026,390,505.43,197117.7,PINV000872,14
PUR000873,20251112,SUP059,PRD097,ST031,250,496.23,124057.5,PINV000873,10
PUR000874,20230617,SUP073,PRD046,ST011,496,493.68,244865.28,PINV000874,7
PUR000875,20271111,SUP023,PRD030,ST016,350,684.97,239739.5,PINV000875,4
PUR000876,20280527,SUP034,PRD085,ST050,308,554.23,170702.84,PINV000876,15
PUR000877,20241122,SUP004,PRD172,ST042,305,118.05,36005.25,PINV000877,10
PUR000878,20240329,SUP083,PRD201,ST001,199,625.18,124410.82,PINV000878,7
PUR000879,20240427,SUP010,PRD238,ST026,391,514.94,201341.54,PINV000879,6
PUR000880,20261229,SUP016,PRD010,ST005,499,390.09,194654.91,PINV000880,3
PUR000881,20240903,SUP095,PRD075,ST035,152,600.52,91279.04,PINV000881,8
PUR000882,20280915,SUP064,PRD081,ST010,455,287.48,130803.4,PINV000882,8
PUR000883,20280711,SUP053,PRD260,ST038,352,688.97,242517.44,PINV000883,7
PUR000884,20240123,SUP002,PRD200,ST018,413,575.68,237755.84,PINV000884,9
PUR000885,20231004,SUP096,PRD181,ST010,371,669.42,248354.82,PINV000885,10
PUR000886,20270131,SUP055,PRD063,ST038,209,537.76,112391.84,PINV000886,12
PUR000887,20231225,SUP010,PRD179,ST031,197,615.67,121286.99,PINV000887,4
PUR000888,20230104,SUP010,PRD132,ST017,217,548.47,119017.99,PINV000888,4
PUR000889,20271006,SUP078,PRD097,ST039,207,286.44,59293.08,PINV000889,9
PUR000890,20240628,SUP089,PRD297,ST008,371,749.09,277912.39,PINV000890,3
PUR000891,20240312,SUP057,PRD002,ST007,298,750.19,223556.62,PINV000891,9
PUR000892,20260709,SUP053,PRD101,ST013,238,501.64,119390.32,PINV000892,11
PUR000893,20240308,SUP090,PRD135,ST040,427,590.29,252053.83,PINV000893,8
PUR000894,20260406,SUP017,PRD025,ST014,284,753.9,214107.6,PINV000894,9
PUR000895,20250419,SUP054,PRD250,ST041,193,57.21,11041.53,PINV000895,6
PUR000896,20270605,SUP033,PRD156,ST020,375,683.8,256425.0,PINV000896,3
PUR000897,20260522,SUP066,PRD283,ST015,53,582.58,30876.74,PINV000897,13
PUR000898,20240917,SUP068,PRD192,ST001,376,791.47,297592.72,PINV000898,12
PUR000899,20280609,SUP002,PRD182,ST018,371,296.92,110157.32,PINV000899,13
PUR000900,20240117,SUP015,PRD264,ST042,100,775.08,77508.0,PINV000900,4
PUR000901,20250424,SUP024,PRD256,ST011,433,200.98,87024.34,PINV000901,12
PUR000902,20241010,SUP032,PRD215,ST012,337,615.78,207517.86,PINV000902,10
PUR000903,20240509,SUP070,PRD283,ST017,368,345.79,127250.72,PINV000903,10
PUR000904,20251005,SUP096,PRD085,ST035,180,537.05,96669.0,PINV000904,7
PUR000905,20280411,SUP062,PRD143,ST025,234,450.61,105442.74,PINV000905,9
PUR000906,20280316,SUP041,PRD185,ST047,87,686.57,59731.59,PINV000906,3
PUR000907,20280627,SUP060,PRD182,ST046,232,196.14,45504.48,PINV000907,13
PUR000908,20280408,SUP002,PRD193,ST032,128,323.48,41405.44,PINV000908,15
PUR000909,20261124,SUP090,PRD287,ST040,334,347.55,116081.7,PINV000909,4
PUR000910,20270910,SUP058,PRD059,ST013,381,678.02,258325.62,PINV000910,6
PUR000911,20261126,SUP011,PRD122,ST001,372,95.62,35570.64,PINV000911,8
PUR000912,20281217,SUP043,PRD098,ST036,181,716.91,129760.71,PINV000912,1
PUR000913,20240916,SUP038,PRD201,ST012,465,281.19,130753.35,PINV000913,11
PUR000914,20270214,SUP094,PRD033,ST001,444,663.87,294758.28,PINV000914,9
PUR000915,20251229,SUP070,PRD287,ST017,215,60.14,12930.1,PINV000915,2
PUR000916,20240418,SUP057,PRD153,ST019,473,143.21,67738.33,PINV000916,1
PUR000917,20241015,SUP009,PRD191,ST039,126,266.09,33527.34,PINV000917,2
PUR000918,20281007,SUP050,PRD034,ST017,363,273.07,99124.41,PINV000918,10
PUR000919,20230930,SUP065,PRD288,ST024,406,565.99,229791.94,PINV000919,15
PUR000920,20270903,SUP022,PRD098,ST040,323,305.66,98728.18,PINV000920,1
PUR000921,20271009,SUP023,PRD186,ST034,252,291.46,73447.92,PINV000921,9
PUR000922,20280420,SUP041,PRD275,ST009,171,674.21,115289.91,PINV000922,4
PUR000923,20230605,SUP089,PRD273,ST017,205,425.81,87291.05,PINV000923,15
PUR000924,20240514,SUP075,PRD176,ST047,81,530.43,42964.83,PINV000924,10
PUR000925,20230117,SUP041,PRD195,ST048,210,611.64,128444.4,PINV000925,5
PUR000926,20230503,SUP017,PRD196,ST029,429,327.54,140514.66,PINV000926,5
PUR000927,20250308,SUP074,PRD136,ST048,244,477.67,116551.48,PINV000927,14
PUR000928,20250525,SUP070,PRD067,ST038,425,219.68,93364.0,PINV000928,9
PUR000929,20241109,SUP042,PRD273,ST036,474,202.73,96094.02,PINV000929,5
PUR000930,20281120,SUP077,PRD068,ST006,124,667.83,82810.92,PINV000930,15
PUR000931,20280221,SUP022,PRD255,ST008,404,551.86,222951.44,PINV000931,11
PUR000932,20270503,SUP034,PRD122,ST019,245,348.84,85465.8,PINV000932,6
PUR000933,20260408,SUP010,PRD199,ST004,266,589.89,156910.74,PINV000933,6
PUR000934,20241214,SUP008,PRD125,ST038,117,635.68,74374.56,PINV000934,9
PUR000935,20280824,SUP008,PRD003,ST003,486,389.94,189510.84,PINV000935,5
PUR000936,20280501,SUP067,PRD237,ST026,52,225.6,11731.2,PINV000936,1
PUR000937,20260224,SUP008,PRD114,ST005,394,229.92,90588.48,PINV000937,9
PUR000938,20270621,SUP014,PRD265,ST042,187,333.61,62385.07,PINV000938,12
PUR000939,20280616,SUP090,PRD101,ST024,437,746.75,326329.75,PINV000939,3
PUR000940,20260707,SUP096,PRD162,ST038,310,771.01,239013.1,PINV000940,1
PUR000941,20280513,SUP048,PRD223,ST039,461,285.9,131799.9,PINV000941,15
PUR000942,20240131,SUP010,PRD224,ST011,247,286.81,70842.07,PINV000942,11
PUR000943,20240223,SUP021,PRD134,ST047,312,436.76,136269.12,PINV000943,9
PUR000944,20251126,SUP063,PRD117,ST047,485,618.78,300108.3,PINV000944,13
PUR000945,20270928,SUP019,PRD107,ST030,78,591.17,46111.26,PINV000945,15
PUR000946,20240409,SUP067,PRD066,ST021,414,348.7,144361.8,PINV000946,6
PUR000947,20241004,SUP041,PRD027,ST004,447,513.46,229516.62,PINV000947,3
PUR000948,20230731,SUP056,PRD031,ST018,125,353.52,44190.0,PINV000948,10
PUR000949,20230512,SUP034,PRD045,ST048,337,699.46,235718.02,PINV000949,10
PUR000950,20241224,SUP036,PRD161,ST046,305,305.22,93092.1,PINV000950,1
PUR000951,20281119,SUP056,PRD022,ST001,407,700.62,285152.34,PINV000951,9
PUR000952,20260620,SUP035,PRD066,ST018,87,645.79,56183.73,PINV000952,11
PUR000953,20260818,SUP057,PRD132,ST021,424,524.17,222248.08,PINV000953,14
PUR000954,20230629,SUP020,PRD123,ST015,74,716.35,53009.9,PINV000954,13
PUR000955,20230223,SUP011,PRD176,ST005,178,430.58,76643.24,PINV000955,6
PUR000956,20280705,SUP073,PRD158,ST032,203,453.0,91959.0,PINV000956,7
PUR000957,20270919,SUP049,PRD180,ST033,186,126.52,23532.72,PINV000957,3
PUR000958,20271020,SUP032,PRD020,ST013,160,303.45,48552.0,PINV000958,13
PUR000959,20230206,SUP027,PRD145,ST008,262,792.05,207517.1,PINV000959,8
PUR000960,20250905,SUP010,PRD092,ST004,203,698.59,141813.77,PINV000960,6
PUR000961,20230429,SUP082,PRD259,ST025,187,20.9,3908.3,PINV000961,1
PUR000962,20230610,SUP024,PRD221,ST009,129,225.13,29041.77,PINV000962,5
PUR000963,20280219,SUP034,PRD164,ST012,121,528.8,63984.8,PINV000963,10
PUR000964,20260819,SUP074,PRD029,ST010,194,341.08,66169.52,PINV000964,13
PUR000965,20280822,SUP061,PRD300,ST050,234,714.04,167085.36,PINV000965,8
PUR000966,20231122,SUP049,PRD261,ST037,145,236.75,34328.75,PINV000966,9
PUR000967,20240204,SUP086,PRD227,ST025,188,98.92,18596.96,PINV000967,14
PUR000968,20261126,SUP076,PRD066,ST030,282,254.62,71802.84,PINV000968,15
PUR000969,20251015,SUP071,PRD063,ST023,350,78.78,27573.0,PINV000969,7
PUR000970,20240620,SUP071,PRD028,ST004,203,348.36,70717.08,PINV000970,10
PUR000971,20240223,SUP067,PRD116,ST047,116,177.83,20628.28,PINV000971,9
PUR000972,20281231,SUP096,PRD031,ST035,440,397.25,174790.0,PINV000972,14
PUR000973,20230918,SUP069,PRD107,ST014,468,350.04,163818.72,PINV000973,12
PUR000974,20230720,SUP090,PRD237,ST011,497,167.29,83143.13,PINV000974,15
PUR000975,20241025,SUP081,PRD020,ST015,471,430.25,202647.75,PINV000975,15
PUR000976,20260925,SUP083,PRD198,ST031,112,163.72,18336.64,PINV000976,7
PUR000977,20230621,SUP051,PRD084,ST042,79,209.18,16525.22,PINV000977,3
PUR000978,20231007,SUP009,PRD087,ST041,432,448.04,193553.28,PINV000978,14
PUR000979,20230130,SUP099,PRD079,ST020,146,717.73,104788.58,PINV000979,11
PUR000980,20281118,SUP012,PRD030,ST003,263,767.33,201807.79,PINV000980,9
PUR000981,20240401,SUP061,PRD078,ST014,201,69.56,13981.56,PINV000981,7
PUR000982,20240611,SUP099,PRD003,ST015,243,280.24,68098.32,PINV000982,9
PUR000983,20261224,SUP029,PRD070,ST039,122,282.97,34522.34,PINV000983,9
PUR000984,20270321,SUP049,PRD005,ST032,98,617.67,60531.66,PINV000984,8
PUR000985,20230301,SUP069,PRD047,ST006,246,546.79,134510.34,PINV000985,6
PUR000986,20271006,SUP003,PRD295,ST044,302,191.59,57860.18,PINV000986,1
PUR000987,20280208,SUP044,PRD272,ST015,232,618.89,143582.48,PINV000987,14
PUR000988,20230209,SUP038,PRD230,ST045,112,97.4,10908.8,PINV000988,5
PUR000989,20251220,SUP055,PRD171,ST010,355,719.04,255259.2,PINV000989,4
PUR000990,20270927,SUP046,PRD143,ST002,243,75.65,18382.95,PINV000990,6
PUR000991,20270703,SUP012,PRD270,ST019,171,377.28,64514.88,PINV000991,9
PUR000992,20270824,SUP062,PRD155,ST038,185,430.46,79635.1,PINV000992,4
PUR000993,20270925,SUP046,PRD266,ST022,167,530.5,88593.5,PINV000993,1
PUR000994,20251203,SUP087,PRD020,ST048,211,491.79,103767.69,PINV000994,9
PUR000995,20240214,SUP038,PRD144,ST026,272,677.4,184252.8,PINV000995,13
PUR000996,20271031,SUP017,PRD276,ST048,395,147.06,58088.7,PINV000996,4
PUR000997,20280105,SUP098,PRD034,ST041,111,541.6,60117.6,PINV000997,1
PUR000998,20281124,SUP077,PRD073,ST011,374,265.09,99143.66,PINV000998,11
PUR000999,20270721,SUP053,PRD107,ST042,378,796.17,300952.26,PINV000999,14
PUR001000,20280803,SUP064,PRD090,ST017,86,137.79,11849.94,PINV001000,1
PUR001001,20251228,SUP074,PRD136,ST011,67,227.94,15271.98,PINV001001,9
PUR001002,20251004,SUP069,PRD071,ST008,307,516.38,158528.66,PINV001002,2
PUR001003,20260816,SUP076,PRD024,ST045,254,234.26,59502.04,PINV001003,2
PUR001004,20260927,SUP089,PRD260,ST037,215,738.71,158822.65,PINV001004,1
PUR001005,20241206,SUP066,PRD295,ST049,484,732.56,354559.04,PINV001005,10
PUR001006,20240313,SUP052,PRD261,ST038,244,365.09,89081.96,PINV001006,12
PUR001007,20280111,SUP081,PRD138,ST018,140,587.43,82240.2,PINV001007,13
PUR001008,20260308,SUP085,PRD075,ST047,267,384.45,102648.15,PINV001008,9
PUR001009,20240518,SUP087,PRD262,ST033,369,83.72,30892.68,PINV001009,13
PUR001010,20230205,SUP046,PRD163,ST005,214,241.42,51663.88,PINV001010,4
PUR001011,20260811,SUP004,PRD234,ST010,268,197.12,52828.16,PINV001011,14
PUR001012,20230420,SUP081,PRD038,ST039,301,563.28,169547.28,PINV001012,8
PUR001013,20251030,SUP097,PRD257,ST036,125,320.32,40040.0,PINV001013,3
PUR001014,20270314,SUP041,PRD185,ST009,327,575.34,188136.18,PINV001014,13
PUR001015,20251112,SUP016,PRD133,ST050,293,323.03,94647.79,PINV001015,1
PUR001016,20280706,SUP069,PRD028,ST017,423,187.37,79257.51,PINV001016,1
PUR001017,20250303,SUP072,PRD187,ST013,179,46.88,8391.52,PINV001017,5
PUR001018,20240922,SUP071,PRD059,ST021,289,611.33,176674.37,PINV001018,9
PUR001019,20280624,SUP070,PRD096,ST020,403,485.31,195579.93,PINV001019,3
PUR001020,20260729,SUP032,PRD114,ST016,293,251.35,73645.55,PINV001020,13
PUR001021,20230306,SUP084,PRD216,ST010,280,631.5,176820.0,PINV001021,3
PUR001022,20270206,SUP046,PRD136,ST002,437,620.95,271355.15,PINV001022,10
PUR001023,20240619,SUP046,PRD215,ST011,399,92.92,37075.08,PINV001023,4
PUR001024,20281018,SUP080,PRD093,ST001,251,736.62,184891.62,PINV001024,7
PUR001025,20241011,SUP090,PRD283,ST021,449,427.53,191960.97,PINV001025,3
PUR001026,20260220,SUP074,PRD164,ST003,58,119.78,6947.24,PINV001026,9
PUR001027,20230115,SUP097,PRD300,ST039,380,96.51,36673.8,PINV001027,15
PUR001028,20230327,SUP054,PRD002,ST023,427,685.55,292729.85,PINV001028,1
PUR001029,20230322,SUP090,PRD169,ST011,440,659.52,290188.8,PINV001029,5
PUR001030,20270311,SUP095,PRD224,ST003,169,442.76,74826.44,PINV001030,4
PUR001031,20251205,SUP067,PRD115,ST030,165,306.47,50567.55,PINV001031,2
PUR001032,20260220,SUP084,PRD052,ST031,100,790.94,79094.0,PINV001032,15
PUR001033,20240511,SUP084,PRD159,ST020,149,365.14,54405.86,PINV001033,5
PUR001034,20250827,SUP020,PRD264,ST048,305,292.62,89249.1,PINV001034,10
PUR001035,20260106,SUP014,PRD189,ST041,257,214.54,55136.78,PINV001035,7
PUR001036,20260228,SUP092,PRD258,ST010,299,584.84,174867.16,PINV001036,8
PUR001037,20240626,SUP007,PRD223,ST034,494,343.3,169590.2,PINV001037,6
PUR001038,20280608,SUP014,PRD080,ST037,247,680.43,168066.21,PINV001038,13
PUR001039,20261222,SUP077,PRD137,ST006,364,77.68,28275.52,PINV001039,7
PUR001040,20230913,SUP073,PRD299,ST021,90,63.53,5717.7,PINV001040,13
PUR001041,20251220,SUP058,PRD027,ST029,168,291.9,49039.2,PINV001041,14
PUR001042,20280302,SUP009,PRD256,ST007,430,166.69,71676.7,PINV001042,9
PUR001043,20250304,SUP028,PRD151,ST039,222,204.13,45316.86,PINV001043,11
PUR001044,20260903,SUP054,PRD010,ST040,170,795.5,135235.0,PINV001044,4
PUR001045,20271221,SUP006,PRD291,ST032,215,285.93,61474.95,PINV001045,6
PUR001046,20240503,SUP056,PRD048,ST029,450,315.01,141754.5,PINV001046,2
PUR001047,20261109,SUP011,PRD171,ST032,383,364.97,139783.51,PINV001047,13
PUR001048,20260719,SUP054,PRD170,ST007,78,479.72,37418.16,PINV001048,5
PUR001049,20270225,SUP034,PRD090,ST045,172,162.91,28020.52,PINV001049,14
PUR001050,20250703,SUP054,PRD052,ST030,235,583.62,137150.7,PINV001050,6
PUR001051,20271203,SUP029,PRD256,ST031,250,659.58,164895.0,PINV001051,6
PUR001052,20280525,SUP023,PRD172,ST045,444,703.24,312238.56,PINV001052,6
PUR001053,20240528,SUP031,PRD148,ST010,498,476.11,237102.78,PINV001053,15
PUR001054,20231106,SUP018,PRD168,ST035,219,187.13,40981.47,PINV001054,12
PUR001055,20230824,SUP085,PRD287,ST049,67,643.95,43144.65,PINV001055,15
PUR001056,20270110,SUP067,PRD020,ST033,465,423.73,197034.45,PINV001056,12
PUR001057,20271011,SUP057,PRD248,ST044,151,760.19,114788.69,PINV001057,4
PUR001058,20260214,SUP067,PRD245,ST043,310,156.01,48363.1,PINV001058,8
PUR001059,20281208,SUP072,PRD159,ST017,135,367.5,49612.5,PINV001059,3
PUR001060,20241029,SUP020,PRD011,ST044,253,332.46,84112.38,PINV001060,5
PUR001061,20241216,SUP051,PRD108,ST036,179,701.84,125629.36,PINV001061,12
PUR001062,20260806,SUP008,PRD198,ST003,339,642.1,217671.9,PINV001062,9
PUR001063,20281206,SUP013,PRD182,ST018,457,193.75,88543.75,PINV001063,3
PUR001064,20270507,SUP072,PRD191,ST004,478,203.51,97277.78,PINV001064,15
PUR001065,20230217,SUP046,PRD240,ST029,357,669.27,238929.39,PINV001065,12
PUR001066,20240802,SUP083,PRD015,ST013,210,265.25,55702.5,PINV001066,8
PUR001067,20250214,SUP009,PRD073,ST026,132,497.01,65605.32,PINV001067,5
PUR001068,20260421,SUP031,PRD244,ST040,232,122.41,28399.12,PINV001068,1
PUR001069,20280904,SUP051,PRD090,ST021,100,129.18,12918.0,PINV001069,4
PUR001070,20280314,SUP013,PRD134,ST020,148,70.55,10441.4,PINV001070,3
PUR001071,20240602,SUP070,PRD103,ST038,271,634.83,172038.93,PINV001071,7
PUR001072,20280512,SUP005,PRD287,ST034,55,528.34,29058.7,PINV001072,13
PUR001073,20250220,SUP022,PRD048,ST026,94,298.35,28044.9,PINV001073,14
PUR001074,20280715,SUP074,PRD012,ST009,362,584.52,211596.24,PINV001074,6
PUR001075,20230502,SUP087,PRD270,ST035,136,246.42,33513.12,PINV001075,3
PUR001076,20240516,SUP086,PRD272,ST044,282,590.97,166653.54,PINV001076,4
PUR001077,20270407,SUP051,PRD225,ST006,197,115.1,22674.7,PINV001077,10
PUR001078,20240627,SUP055,PRD288,ST019,166,189.3,31423.8,PINV001078,12
PUR001079,20280426,SUP029,PRD153,ST025,330,613.97,202610.1,PINV001079,12
PUR001080,20250609,SUP098,PRD217,ST049,383,684.45,262144.35,PINV001080,1
PUR001081,20280509,SUP079,PRD208,ST043,242,724.38,175299.96,PINV001081,15
PUR001082,20251204,SUP035,PRD050,ST013,184,636.42,117101.28,PINV001082,7
PUR001083,20231004,SUP071,PRD008,ST007,159,665.15,105758.85,PINV001083,5
PUR001084,20271218,SUP043,PRD020,ST007,329,89.27,29369.83,PINV001084,15
PUR001085,20270821,SUP003,PRD245,ST034,323,636.14,205473.22,PINV001085,4
PUR001086,20250705,SUP025,PRD121,ST025,430,569.03,244682.9,PINV001086,4
PUR001087,20251012,SUP075,PRD171,ST004,235,310.17,72889.95,PINV001087,7
PUR001088,20261129,SUP082,PRD019,ST003,265,434.15,115049.75,PINV001088,10
PUR001089,20231122,SUP072,PRD075,ST039,211,206.55,43582.05,PINV001089,2
PUR001090,20241013,SUP043,PRD170,ST033,459,324.23,148821.57,PINV001090,13
PUR001091,20281209,SUP022,PRD082,ST016,165,203.11,33513.15,PINV001091,8
PUR001092,20260611,SUP096,PRD198,ST028,482,535.59,258154.38,PINV001092,1
PUR001093,20270315,SUP018,PRD071,ST009,393,592.48,232844.64,PINV001093,3
PUR001094,20240227,SUP044,PRD076,ST010,124,451.39,55972.36,PINV001094,5
PUR001095,20240325,SUP025,PRD191,ST022,266,144.76,38506.16,PINV001095,13
PUR001096,20230127,SUP034,PRD117,ST039,312,570.69,178055.28,PINV001096,6
PUR001097,20231118,SUP083,PRD147,ST047,156,285.95,44608.2,PINV001097,12
PUR001098,20280816,SUP069,PRD191,ST041,178,394.7,70256.6,PINV001098,8
PUR001099,20280401,SUP004,PRD156,ST020,193,542.19,104642.67,PINV001099,11
PUR001100,20230807,SUP043,PRD079,ST031,106,793.68,84130.08,PINV001100,11
PUR001101,20271005,SUP061,PRD245,ST046,121,41.31,4998.51,PINV001101,8
PUR001102,20231012,SUP046,PRD168,ST019,335,117.77,39452.95,PINV001102,3
PUR001103,20240414,SUP016,PRD008,ST019,369,529.29,195308.01,PINV001103,7
PUR001104,20231013,SUP042,PRD082,ST008,288,214.78,61856.64,PINV001104,12
PUR001105,20271115,SUP035,PRD012,ST030,51,56.27,2869.77,PINV001105,15
PUR001106,20230313,SUP075,PRD003,ST001,69,407.57,28122.33,PINV001106,10
PUR001107,20260223,SUP011,PRD177,ST003,344,792.65,272671.6,PINV001107,8
PUR001108,20270929,SUP006,PRD216,ST026,316,354.05,111879.8,PINV001108,6
PUR001109,20230606,SUP020,PRD259,ST030,407,179.96,73243.72,PINV001109,8
PUR001110,20250704,SUP039,PRD210,ST023,84,713.91,59968.44,PINV001110,7
PUR001111,20260912,SUP030,PRD261,ST029,482,583.71,281348.22,PINV001111,5
PUR001112,20251111,SUP080,PRD255,ST032,335,309.32,103622.2,PINV001112,4
PUR001113,20271013,SUP100,PRD115,ST025,460,428.95,197317.0,PINV001113,13
PUR001114,20230412,SUP052,PRD008,ST001,434,65.04,28227.36,PINV001114,9
PUR001115,20270511,SUP060,PRD213,ST025,470,141.91,66697.7,PINV001115,14
PUR001116,20271001,SUP010,PRD218,ST004,342,582.34,199160.28,PINV001116,7
PUR001117,20270903,SUP057,PRD060,ST013,173,431.29,74613.17,PINV001117,9
PUR001118,20250422,SUP093,PRD038,ST036,97,151.49,14694.53,PINV001118,6
PUR001119,20270823,SUP038,PRD197,ST022,424,157.36,66720.64,PINV001119,15
PUR001120,20241015,SUP023,PRD189,ST021,240,247.91,59498.4,PINV001120,12
PUR001121,20240607,SUP003,PRD131,ST047,433,302.12,130817.96,PINV001121,15
PUR001122,20261130,SUP033,PRD099,ST035,180,118.84,21391.2,PINV001122,12
PUR001123,20280410,SUP094,PRD075,ST041,75,682.21,51165.75,PINV001123,13
PUR001124,20250802,SUP091,PRD226,ST014,255,609.87,155516.85,PINV001124,7
PUR001125,20250112,SUP088,PRD046,ST043,204,690.48,140857.92,PINV001125,11
PUR001126,20280927,SUP032,PRD057,ST044,95,171.87,16327.65,PINV001126,9
PUR001127,20270603,SUP062,PRD286,ST033,345,781.58,269645.1,PINV001127,14
PUR001128,20270828,SUP038,PRD111,ST048,126,195.64,24650.64,PINV001128,13
PUR001129,20240228,SUP043,PRD153,ST047,365,770.38,281188.7,PINV001129,13
PUR001130,20280330,SUP090,PRD105,ST003,466,476.22,221918.52,PINV001130,13
PUR001131,20260404,SUP021,PRD098,ST022,405,549.69,222624.45,PINV001131,14
PUR001132,20260111,SUP068,PRD213,ST048,130,239.95,31193.5,PINV001132,3
PUR001133,20240411,SUP100,PRD024,ST030,450,574.79,258655.5,PINV001133,10
PUR001134,20230811,SUP009,PRD153,ST029,262,777.54,203715.48,PINV001134,14
PUR001135,20241013,SUP089,PRD012,ST045,440,743.76,327254.4,PINV001135,14
PUR001136,20260530,SUP030,PRD042,ST023,104,187.65,19515.6,PINV001136,1
PUR001137,20241230,SUP013,PRD117,ST018,89,116.16,10338.24,PINV001137,11
PUR001138,20280316,SUP059,PRD200,ST028,488,240.96,117588.48,PINV001138,5
PUR001139,20231223,SUP078,PRD210,ST039,64,506.14,32392.96,PINV001139,1
PUR001140,20231225,SUP067,PRD150,ST039,337,47.46,15994.02,PINV001140,1
PUR001141,20240727,SUP028,PRD155,ST037,361,607.15,219181.15,PINV001141,9
PUR001142,20251105,SUP040,PRD125,ST042,352,747.54,263134.08,PINV001142,9
PUR001143,20270130,SUP018,PRD222,ST004,497,399.61,198606.17,PINV001143,8
PUR001144,20260826,SUP037,PRD081,ST022,213,776.97,165494.61,PINV001144,5
PUR001145,20271117,SUP043,PRD057,ST026,434,709.68,308001.12,PINV001145,5
PUR001146,20281230,SUP077,PRD094,ST010,418,155.43,64969.74,PINV001146,5
PUR001147,20260807,SUP008,PRD032,ST018,459,222.56,102155.04,PINV001147,14
PUR001148,20270401,SUP030,PRD075,ST009,213,782.31,166632.03,PINV001148,12
PUR001149,20230110,SUP059,PRD088,ST028,302,258.99,78214.98,PINV001149,5
PUR001150,20280617,SUP071,PRD084,ST010,61,334.51,20405.11,PINV001150,7
PUR001151,20260303,SUP068,PRD078,ST045,350,346.84,121394.0,PINV001151,6
PUR001152,20230902,SUP070,PRD112,ST001,335,626.63,209921.05,PINV001152,5
PUR001153,20271108,SUP045,PRD048,ST010,484,427.21,206769.64,PINV001153,8
PUR001154,20250815,SUP032,PRD119,ST029,452,169.18,76469.36,PINV001154,10
PUR001155,20240710,SUP022,PRD264,ST010,152,664.7,101034.4,PINV001155,6
PUR001156,20240228,SUP010,PRD163,ST041,96,164.91,15831.36,PINV001156,3
PUR001157,20260803,SUP034,PRD074,ST024,340,710.84,241685.6,PINV001157,7
PUR001158,20280512,SUP088,PRD005,ST021,267,318.62,85071.54,PINV001158,11
PUR001159,20241207,SUP088,PRD090,ST039,222,565.25,125485.5,PINV001159,2
PUR001160,20281105,SUP053,PRD294,ST007,261,574.6,149970.6,PINV001160,2
PUR001161,20240428,SUP040,PRD224,ST004,306,634.27,194086.62,PINV001161,7
PUR001162,20241121,SUP048,PRD045,ST020,193,312.76,60362.68,PINV001162,2
PUR001163,20240312,SUP031,PRD210,ST012,73,175.76,12830.48,PINV001163,1
PUR001164,20250118,SUP035,PRD279,ST011,293,543.79,159330.47,PINV001164,4
PUR001165,20250105,SUP078,PRD159,ST046,321,151.41,48602.61,PINV001165,6
PUR001166,20270429,SUP010,PRD262,ST012,68,53.34,3627.12,PINV001166,9
PUR001167,20281122,SUP038,PRD240,ST045,365,63.94,23338.1,PINV001167,6
PUR001168,20230603,SUP014,PRD030,ST001,189,733.2,138574.8,PINV001168,7
PUR001169,20270827,SUP003,PRD221,ST007,212,449.8,95357.6,PINV001169,1
PUR001170,20270911,SUP091,PRD264,ST005,55,599.64,32980.2,PINV001170,8
PUR001171,20260118,SUP060,PRD122,ST005,59,170.25,10044.75,PINV001171,5
PUR001172,20240821,SUP080,PRD175,ST045,329,557.88,183542.52,PINV001172,2
PUR001173,20231103,SUP030,PRD249,ST026,95,571.33,54276.35,PINV001173,2
PUR001174,20231103,SUP082,PRD265,ST017,121,367.55,44473.55,PINV001174,14
PUR001175,20280403,SUP013,PRD255,ST001,176,105.82,18624.32,PINV001175,8
PUR001176,20231016,SUP010,PRD175,ST041,433,21.54,9326.82,PINV001176,5
PUR001177,20280703,SUP035,PRD078,ST049,187,559.86,104693.82,PINV001177,1
PUR001178,20250524,SUP038,PRD087,ST046,438,539.91,236480.58,PINV001178,7
PUR001179,20280812,SUP100,PRD173,ST042,319,202.36,64552.84,PINV001179,3
PUR001180,20250402,SUP010,PRD219,ST046,82,693.46,56863.72,PINV001180,6
PUR001181,20271007,SUP064,PRD258,ST021,296,747.45,221245.2,PINV001181,1
PUR001182,20250729,SUP056,PRD050,ST043,58,753.33,43693.14,PINV001182,2
PUR001183,20250305,SUP061,PRD219,ST014,324,299.42,97012.08,PINV001183,3
PUR001184,20230925,SUP003,PRD234,ST038,93,533.31,49597.83,PINV001184,12
PUR001185,20250926,SUP005,PRD194,ST022,264,382.7,101032.8,PINV001185,6
PUR001186,20281004,SUP057,PRD253,ST045,122,341.96,41719.12,PINV001186,15
PUR001187,20281027,SUP055,PRD293,ST041,121,693.75,83943.75,PINV001187,15
PUR001188,20270123,SUP094,PRD036,ST027,190,646.74,122880.6,PINV001188,4
PUR001189,20270724,SUP042,PRD189,ST017,269,539.49,145122.81,PINV001189,9
PUR001190,20280126,SUP045,PRD077,ST026,82,131.94,10819.08,PINV001190,12
PUR001191,20280929,SUP080,PRD031,ST036,74,398.76,29508.24,PINV001191,9
PUR001192,20250909,SUP010,PRD138,ST025,238,251.68,59899.84,PINV001192,1
PUR001193,20250401,SUP061,PRD190,ST047,314,649.47,203933.58,PINV001193,8
PUR001194,20230603,SUP058,PRD167,ST046,116,270.89,31423.24,PINV001194,4
PUR001195,20230306,SUP093,PRD192,ST038,95,20.33,1931.35,PINV001195,7
PUR001196,20231231,SUP071,PRD245,ST020,145,449.67,65202.15,PINV001196,3
PUR001197,20250731,SUP044,PRD222,ST006,401,798.33,320130.33,PINV001197,10
PUR001198,20270720,SUP015,PRD147,ST047,282,572.08,161326.56,PINV001198,13
PUR001199,20241026,SUP090,PRD052,ST023,248,543.62,134817.76,PINV001199,2
PUR001200,20241022,SUP077,PRD010,ST036,415,689.4,286101.0,PINV001200,10
PUR001201,20270420,SUP069,PRD155,ST013,83,20.5,1701.5,PINV001201,14
PUR001202,20260426,SUP098,PRD179,ST001,205,449.72,92192.6,PINV001202,5
PUR001203,20251215,SUP001,PRD027,ST014,444,603.08,267767.52,PINV001203,14
PUR001204,20261028,SUP081,PRD194,ST013,144,215.3,31003.2,PINV001204,9
PUR001205,20230913,SUP001,PRD252,ST016,280,304.0,85120.0,PINV001205,4
PUR001206,20230925,SUP019,PRD214,ST030,272,476.21,129529.12,PINV001206,5
PUR001207,20240815,SUP027,PRD164,ST025,446,572.9,255513.4,PINV001207,5
PUR001208,20251002,SUP027,PRD252,ST017,322,51.7,16647.4,PINV001208,8
PUR001209,20251113,SUP063,PRD029,ST030,477,34.18,16303.86,PINV001209,6
PUR001210,20260211,SUP019,PRD296,ST022,117,649.58,76000.86,PINV001210,6
PUR001211,20260122,SUP020,PRD064,ST015,226,228.88,51726.88,PINV001211,7
PUR001212,20230205,SUP021,PRD045,ST018,114,405.47,46223.58,PINV001212,2
PUR001213,20250927,SUP081,PRD243,ST004,274,196.04,53714.96,PINV001213,10
PUR001214,20280317,SUP038,PRD153,ST010,226,47.37,10705.62,PINV001214,10
PUR001215,20240820,SUP046,PRD296,ST029,211,382.38,80682.18,PINV001215,11
PUR001216,20250515,SUP048,PRD140,ST047,474,140.23,66469.02,PINV001216,7
PUR001217,20240629,SUP081,PRD082,ST026,488,277.31,135327.28,PINV001217,3
PUR001218,20280212,SUP048,PRD269,ST042,173,449.45,77754.85,PINV001218,11
PUR001219,20280820,SUP008,PRD045,ST024,122,124.82,15228.04,PINV001219,15
PUR001220,20270220,SUP032,PRD008,ST044,437,427.71,186909.27,PINV001220,1
PUR001221,20230316,SUP011,PRD163,ST016,196,58.34,11434.64,PINV001221,11
PUR001222,20241015,SUP033,PRD151,ST014,247,748.87,184970.89,PINV001222,7
PUR001223,20230904,SUP058,PRD298,ST049,72,120.74,8693.28,PINV001223,11
PUR001224,20251007,SUP021,PRD206,ST037,277,757.03,209697.31,PINV001224,8
PUR001225,20231212,SUP074,PRD019,ST004,474,57.0,27018.0,PINV001225,1
PUR001226,20240206,SUP036,PRD104,ST029,269,176.02,47349.38,PINV001226,9
PUR001227,20250203,SUP050,PRD078,ST021,152,662.23,100658.96,PINV001227,8
PUR001228,20230926,SUP022,PRD198,ST012,172,42.39,7291.08,PINV001228,6
PUR001229,20240605,SUP089,PRD086,ST013,63,174.75,11009.25,PINV001229,3
PUR001230,20270917,SUP031,PRD079,ST029,499,673.59,336121.41,PINV001230,6
PUR001231,20281213,SUP041,PRD300,ST043,333,686.26,228524.58,PINV001231,8
PUR001232,20230722,SUP011,PRD159,ST046,259,47.89,12403.51,PINV001232,5
PUR001233,20231214,SUP047,PRD285,ST041,179,120.39,21549.81,PINV001233,12
PUR001234,20230224,SUP011,PRD253,ST005,284,594.28,168775.52,PINV001234,6
PUR001235,20270911,SUP065,PRD234,ST004,84,556.59,46753.56,PINV001235,7
PUR001236,20231016,SUP020,PRD179,ST049,80,70.58,5646.4,PINV001236,7
PUR001237,20270318,SUP038,PRD044,ST028,230,445.81,102536.3,PINV001237,6
PUR001238,20280204,SUP070,PRD082,ST043,222,169.2,37562.4,PINV001238,6
PUR001239,20230402,SUP067,PRD268,ST042,371,60.53,22456.63,PINV001239,12
PUR001240,20280329,SUP016,PRD246,ST002,50,176.28,8814.0,PINV001240,14
PUR001241,20281119,SUP016,PRD162,ST032,437,580.85,253831.45,PINV001241,2
PUR001242,20250924,SUP087,PRD167,ST011,356,494.95,176202.2,PINV001242,12
PUR001243,20260214,SUP083,PRD278,ST037,320,488.18,156217.6,PINV001243,3
PUR001244,20250728,SUP063,PRD151,ST019,73,57.0,4161.0,PINV001244,6
PUR001245,20250626,SUP098,PRD012,ST018,409,502.73,205616.57,PINV001245,9
PUR001246,20250115,SUP049,PRD114,ST014,87,416.42,36228.54,PINV001246,1
PUR001247,20231126,SUP029,PRD147,ST042,103,133.25,13724.75,PINV001247,3
PUR001248,20281111,SUP079,PRD150,ST020,299,549.97,164441.03,PINV001248,5
PUR001249,20230613,SUP042,PRD295,ST006,493,668.86,329747.98,PINV001249,11
PUR001250,20270120,SUP046,PRD154,ST011,104,446.15,46399.6,PINV001250,10
PUR001251,20280321,SUP044,PRD030,ST022,342,693.03,237016.26,PINV001251,14
PUR001252,20230522,SUP015,PRD240,ST026,416,131.73,54799.68,PINV001252,1
PUR001253,20251113,SUP096,PRD019,ST014,117,266.24,31150.08,PINV001253,6
PUR001254,20261213,SUP016,PRD168,ST044,159,760.28,120884.52,PINV001254,6
PUR001255,20240319,SUP051,PRD227,ST006,83,197.46,16389.18,PINV001255,12
PUR001256,20230329,SUP070,PRD007,ST006,199,438.35,87231.65,PINV001256,11
PUR001257,20240418,SUP039,PRD295,ST009,484,370.31,179230.04,PINV001257,14
PUR001258,20260717,SUP019,PRD286,ST021,311,582.89,181278.79,PINV001258,13
PUR001259,20250625,SUP026,PRD030,ST047,459,752.78,345526.02,PINV001259,7
PUR001260,20250909,SUP061,PRD030,ST001,421,495.64,208664.44,PINV001260,3
PUR001261,20281115,SUP052,PRD230,ST050,447,635.44,284041.68,PINV001261,13
PUR001262,20261105,SUP024,PRD039,ST003,147,72.16,10607.52,PINV001262,12
PUR001263,20250924,SUP086,PRD183,ST034,218,606.35,132184.3,PINV001263,7
PUR001264,20261214,SUP061,PRD086,ST021,302,38.99,11774.98,PINV001264,15
PUR001265,20251107,SUP045,PRD011,ST006,186,520.25,96766.5,PINV001265,7
PUR001266,20281007,SUP098,PRD233,ST046,54,180.13,9727.02,PINV001266,1
PUR001267,20230814,SUP034,PRD009,ST028,85,442.42,37605.7,PINV001267,13
PUR001268,20270805,SUP054,PRD262,ST050,273,734.97,200646.81,PINV001268,10
PUR001269,20270417,SUP044,PRD245,ST046,179,137.25,24567.75,PINV001269,9
PUR001270,20260705,SUP008,PRD092,ST028,323,798.28,257844.44,PINV001270,10
PUR001271,20250624,SUP064,PRD063,ST034,351,503.39,176689.89,PINV001271,5
PUR001272,20260124,SUP031,PRD106,ST037,499,286.03,142728.97,PINV001272,8
PUR001273,20250828,SUP097,PRD277,ST021,408,151.43,61783.44,PINV001273,13
PUR001274,20230910,SUP043,PRD151,ST049,281,700.21,196759.01,PINV001274,3
PUR001275,20230810,SUP046,PRD091,ST020,415,182.61,75783.15,PINV001275,11
PUR001276,20230901,SUP007,PRD177,ST047,309,532.02,164394.18,PINV001276,8
PUR001277,20270425,SUP082,PRD265,ST007,90,611.29,55016.1,PINV001277,14
PUR001278,20260205,SUP078,PRD121,ST024,469,501.82,235353.58,PINV001278,2
PUR001279,20250118,SUP096,PRD095,ST044,55,61.48,3381.4,PINV001279,8
PUR001280,20280309,SUP088,PRD042,ST009,51,244.21,12454.71,PINV001280,7
PUR001281,20230930,SUP086,PRD130,ST040,56,623.9,34938.4,PINV001281,9
PUR001282,20231108,SUP058,PRD118,ST046,363,416.04,151022.52,PINV001282,7
PUR001283,20250326,SUP062,PRD169,ST045,332,648.52,215308.64,PINV001283,10
PUR001284,20240403,SUP094,PRD167,ST044,495,516.08,255459.6,PINV001284,12
PUR001285,20250321,SUP092,PRD102,ST043,464,430.73,199858.72,PINV001285,14
PUR001286,20240604,SUP053,PRD069,ST021,271,33.51,9081.21,PINV001286,1
PUR001287,20250825,SUP017,PRD097,ST014,76,379.96,28876.96,PINV001287,5
PUR001288,20270106,SUP042,PRD276,ST025,407,533.45,217114.15,PINV001288,9
PUR001289,20260214,SUP086,PRD169,ST046,462,485.59,224342.58,PINV001289,12
PUR001290,20270615,SUP039,PRD168,ST016,264,173.94,45920.16,PINV001290,11
PUR001291,20271215,SUP019,PRD299,ST037,487,357.21,173961.27,PINV001291,8
PUR001292,20251027,SUP014,PRD034,ST033,351,45.56,15991.56,PINV001292,6
PUR001293,20270201,SUP036,PRD037,ST040,236,424.35,100146.6,PINV001293,2
PUR001294,20230723,SUP056,PRD173,ST049,232,504.68,117085.76,PINV001294,15
PUR001295,20270114,SUP082,PRD186,ST018,61,535.45,32662.45,PINV001295,12
PUR001296,20270512,SUP004,PRD014,ST027,462,465.06,214857.72,PINV001296,14
PUR001297,20280904,SUP065,PRD074,ST001,159,48.39,7694.01,PINV001297,10
PUR001298,20251129,SUP014,PRD299,ST038,491,680.72,334233.52,PINV001298,15
PUR001299,20240113,SUP076,PRD179,ST034,218,140.9,30716.2,PINV001299,11
PUR001300,20260405,SUP067,PRD089,ST020,441,615.92,271620.72,PINV001300,6
PUR001301,20261201,SUP092,PRD297,ST049,123,289.45,35602.35,PINV001301,6
PUR001302,20230206,SUP007,PRD177,ST021,100,253.69,25369.0,PINV001302,5
PUR001303,20240916,SUP003,PRD283,ST001,389,249.58,97086.62,PINV001303,6
PUR001304,20261102,SUP058,PRD012,ST035,301,96.15,28941.15,PINV001304,6
PUR001305,20240324,SUP089,PRD294,ST040,328,686.13,225050.64,PINV001305,12
PUR001306,20231130,SUP097,PRD127,ST018,364,783.32,285128.48,PINV001306,6
PUR001307,20251030,SUP003,PRD208,ST015,219,79.16,17336.04,PINV001307,3
PUR001308,20250422,SUP018,PRD024,ST044,323,28.27,9131.21,PINV001308,6
PUR001309,20251206,SUP024,PRD260,ST036,262,557.08,145954.96,PINV001309,7
PUR001310,20251012,SUP057,PRD279,ST017,224,777.6,174182.4,PINV001310,2
PUR001311,20240311,SUP013,PRD179,ST003,472,359.01,169452.72,PINV001311,4
PUR001312,20250523,SUP049,PRD206,ST007,113,452.21,51099.73,PINV001312,15
PUR001313,20230612,SUP088,PRD080,ST032,444,416.26,184819.44,PINV001313,8
PUR001314,20280811,SUP059,PRD132,ST026,425,252.83,107452.75,PINV001314,12
PUR001315,20260407,SUP017,PRD041,ST026,73,652.58,47638.34,PINV001315,9
PUR001316,20261026,SUP077,PRD183,ST009,446,459.61,204986.06,PINV001316,4
PUR001317,20230417,SUP092,PRD228,ST011,282,677.44,191038.08,PINV001317,11
PUR001318,20261128,SUP068,PRD233,ST049,344,327.24,112570.56,PINV001318,8
PUR001319,20260930,SUP098,PRD036,ST009,468,503.2,235497.6,PINV001319,14
PUR001320,20270817,SUP045,PRD031,ST017,283,749.17,212015.11,PINV001320,2
PUR001321,20260522,SUP012,PRD249,ST034,448,391.88,175562.24,PINV001321,8
PUR001322,20280412,SUP014,PRD145,ST041,289,504.62,145835.18,PINV001322,10
PUR001323,20230525,SUP070,PRD143,ST041,311,787.24,244831.64,PINV001323,11
PUR001324,20231006,SUP039,PRD263,ST002,251,452.01,113454.51,PINV001324,1
PUR001325,20240920,SUP080,PRD237,ST033,159,75.96,12077.64,PINV001325,8
PUR001326,20271219,SUP014,PRD204,ST015,238,429.47,102213.86,PINV001326,8
PUR001327,20250625,SUP049,PRD029,ST014,159,774.22,123100.98,PINV001327,10
PUR001328,20231202,SUP001,PRD232,ST045,425,207.04,87992.0,PINV001328,1
PUR001329,20271119,SUP060,PRD156,ST050,213,197.98,42169.74,PINV001329,14
PUR001330,20260320,SUP045,PRD090,ST008,217,64.62,14022.54,PINV001330,14
PUR001331,20270826,SUP026,PRD006,ST025,274,793.11,217312.14,PINV001331,14
PUR001332,20230222,SUP025,PRD150,ST024,221,153.32,33883.72,PINV001332,10
PUR001333,20230809,SUP031,PRD027,ST035,338,256.59,86727.42,PINV001333,12
PUR001334,20280906,SUP088,PRD155,ST002,266,534.16,142086.56,PINV001334,3
PUR001335,20280211,SUP062,PRD291,ST028,269,49.26,13250.94,PINV001335,14
PUR001336,20240202,SUP008,PRD091,ST029,60,27.71,1662.6,PINV001336,2
PUR001337,20270712,SUP059,PRD033,ST010,390,580.96,226574.4,PINV001337,2
PUR001338,20241113,SUP050,PRD030,ST010,331,337.03,111556.93,PINV001338,11
PUR001339,20260316,SUP013,PRD034,ST007,327,116.47,38085.69,PINV001339,4
PUR001340,20240430,SUP020,PRD239,ST043,115,147.78,16994.7,PINV001340,12
PUR001341,20241102,SUP098,PRD015,ST039,385,639.0,246015.0,PINV001341,1
PUR001342,20230204,SUP033,PRD228,ST024,85,611.09,51942.65,PINV001342,3
PUR001343,20271226,SUP044,PRD200,ST026,158,55.96,8841.68,PINV001343,4
PUR001344,20251229,SUP044,PRD026,ST013,495,719.41,356107.95,PINV001344,5
PUR001345,20260801,SUP079,PRD173,ST034,232,166.79,38695.28,PINV001345,15
PUR001346,20260123,SUP089,PRD214,ST009,481,374.48,180124.88,PINV001346,1
PUR001347,20270323,SUP019,PRD161,ST001,271,165.27,44788.17,PINV001347,10
PUR001348,20251210,SUP077,PRD017,ST032,255,696.63,177640.65,PINV001348,6
PUR001349,20240301,SUP085,PRD114,ST003,66,723.86,47774.76,PINV001349,12
PUR001350,20251226,SUP072,PRD286,ST006,377,552.92,208450.84,PINV001350,7
PUR001351,20270624,SUP016,PRD172,ST047,157,506.54,79526.78,PINV001351,1
PUR001352,20260408,SUP084,PRD217,ST038,139,218.56,30379.84,PINV001352,4
PUR001353,20270527,SUP017,PRD174,ST035,216,253.03,54654.48,PINV001353,13
PUR001354,20270721,SUP090,PRD041,ST007,147,619.97,91135.59,PINV001354,6
PUR001355,20270705,SUP009,PRD146,ST036,476,39.74,18916.24,PINV001355,7
PUR001356,20230105,SUP060,PRD296,ST029,147,226.35,33273.45,PINV001356,2
PUR001357,20230303,SUP034,PRD162,ST033,462,164.39,75948.18,PINV001357,12
PUR001358,20270123,SUP055,PRD036,ST009,470,516.84,242914.8,PINV001358,10
PUR001359,20230311,SUP019,PRD298,ST025,82,169.23,13876.86,PINV001359,4
PUR001360,20250409,SUP069,PRD186,ST040,222,86.01,19094.22,PINV001360,12
PUR001361,20280301,SUP087,PRD134,ST024,52,28.32,1472.64,PINV001361,8
PUR001362,20270626,SUP051,PRD290,ST032,257,307.31,78978.67,PINV001362,13
PUR001363,20270327,SUP053,PRD018,ST027,320,699.97,223990.4,PINV001363,12
PUR001364,20231006,SUP040,PRD164,ST004,201,50.84,10218.84,PINV001364,4
PUR001365,20230925,SUP068,PRD185,ST034,125,162.33,20291.25,PINV001365,12
PUR001366,20270309,SUP015,PRD157,ST007,242,349.53,84586.26,PINV001366,3
PUR001367,20280704,SUP001,PRD284,ST027,162,640.57,103772.34,PINV001367,7
PUR001368,20230417,SUP009,PRD064,ST045,461,397.29,183150.69,PINV001368,11
PUR001369,20231014,SUP075,PRD283,ST015,460,27.76,12769.6,PINV001369,11
PUR001370,20230315,SUP009,PRD024,ST016,203,115.55,23456.65,PINV001370,12
PUR001371,20241130,SUP034,PRD277,ST011,432,729.56,315169.92,PINV001371,4
PUR001372,20280707,SUP064,PRD255,ST039,368,518.06,190646.08,PINV001372,9
PUR001373,20240308,SUP075,PRD069,ST003,177,402.74,71284.98,PINV001373,11
PUR001374,20240226,SUP036,PRD046,ST006,416,468.11,194733.76,PINV001374,2
PUR001375,20251006,SUP010,PRD114,ST022,299,533.67,159567.33,PINV001375,15
PUR001376,20261103,SUP014,PRD282,ST017,93,612.27,56941.11,PINV001376,7
PUR001377,20230901,SUP063,PRD056,ST006,408,573.22,233873.76,PINV001377,13
PUR001378,20230711,SUP070,PRD269,ST007,215,62.54,13446.1,PINV001378,1
PUR001379,20261206,SUP083,PRD256,ST024,335,628.33,210490.55,PINV001379,7
PUR001380,20230104,SUP001,PRD003,ST013,109,665.42,72530.78,PINV001380,5
PUR001381,20270206,SUP087,PRD282,ST029,125,791.27,98908.75,PINV001381,10
PUR001382,20271011,SUP066,PRD229,ST029,304,515.05,156575.2,PINV001382,3
PUR001383,20271031,SUP098,PRD148,ST038,446,590.86,263523.56,PINV001383,14
PUR001384,20240901,SUP034,PRD065,ST007,388,100.46,38978.48,PINV001384,13
PUR001385,20240727,SUP077,PRD151,ST044,91,585.5,53280.5,PINV001385,8
PUR001386,20280822,SUP047,PRD161,ST030,250,749.55,187387.5,PINV001386,13
PUR001387,20230123,SUP085,PRD010,ST036,347,256.71,89078.37,PINV001387,6
PUR001388,20230605,SUP060,PRD074,ST017,281,632.71,177791.51,PINV001388,9
PUR001389,20270306,SUP076,PRD175,ST035,480,789.67,379041.6,PINV001389,13
PUR001390,20270110,SUP092,PRD278,ST042,251,736.9,184961.9,PINV001390,3
PUR001391,20280622,SUP055,PRD266,ST037,105,755.0,79275.0,PINV001391,13
PUR001392,20251030,SUP050,PRD219,ST046,333,34.01,11325.33,PINV001392,9
PUR001393,20240814,SUP036,PRD130,ST012,183,515.04,94252.32,PINV001393,6
PUR001394,20280609,SUP013,PRD187,ST048,489,38.9,19022.1,PINV001394,13
PUR001395,20260619,SUP021,PRD002,ST009,97,147.99,14355.03,PINV001395,1
PUR001396,20260427,SUP079,PRD093,ST042,315,736.26,231921.9,PINV001396,15
PUR001397,20280412,SUP044,PRD048,ST011,302,749.46,226336.92,PINV001397,13
PUR001398,20280330,SUP082,PRD210,ST012,478,233.1,111421.8,PINV001398,10
PUR001399,20250503,SUP021,PRD231,ST006,353,117.24,41385.72,PINV001399,12
PUR001400,20250829,SUP049,PRD070,ST006,489,562.36,274994.04,PINV001400,8
PUR001401,20251201,SUP065,PRD005,ST037,131,686.67,89953.77,PINV001401,9
PUR001402,20260318,SUP008,PRD197,ST037,285,363.39,103566.15,PINV001402,12
PUR001403,20270815,SUP031,PRD261,ST024,158,553.29,87419.82,PINV001403,3
PUR001404,20230314,SUP034,PRD165,ST016,446,484.02,215872.92,PINV001404,5
PUR001405,20251129,SUP038,PRD258,ST011,245,472.03,115647.35,PINV001405,14
PUR001406,20241230,SUP085,PRD089,ST023,437,740.8,323729.6,PINV001406,1
PUR001407,20240904,SUP045,PRD208,ST010,158,250.29,39545.82,PINV001407,14
PUR001408,20250820,SUP095,PRD046,ST012,76,274.56,20866.56,PINV001408,1
PUR001409,20270319,SUP070,PRD036,ST008,148,71.36,10561.28,PINV001409,4
PUR001410,20240822,SUP095,PRD087,ST039,73,742.81,54225.13,PINV001410,5
PUR001411,20250331,SUP097,PRD275,ST008,134,142.03,19032.02,PINV001411,1
PUR001412,20280210,SUP086,PRD156,ST007,219,549.09,120250.71,PINV001412,7
PUR001413,20251029,SUP003,PRD220,ST028,371,641.06,237833.26,PINV001413,14
PUR001414,20240720,SUP046,PRD295,ST036,463,68.23,31590.49,PINV001414,7
PUR001415,20281209,SUP023,PRD233,ST041,141,384.88,54268.08,PINV001415,3
PUR001416,20230103,SUP099,PRD098,ST035,316,568.19,179548.04,PINV001416,8
PUR001417,20250611,SUP006,PRD262,ST018,471,461.86,217536.06,PINV001417,1
PUR001418,20260527,SUP014,PRD145,ST044,262,165.38,43329.56,PINV001418,15
PUR001419,20230112,SUP063,PRD173,ST017,175,217.48,38059.0,PINV001419,13
PUR001420,20270215,SUP023,PRD244,ST039,71,289.91,20583.61,PINV001420,13
PUR001421,20231009,SUP071,PRD194,ST039,301,744.52,224100.52,PINV001421,4
PUR001422,20230824,SUP083,PRD214,ST004,383,412.67,158052.61,PINV001422,1
PUR001423,20270204,SUP030,PRD059,ST018,88,68.47,6025.36,PINV001423,5
PUR001424,20270915,SUP035,PRD065,ST037,196,433.89,85042.44,PINV001424,2
PUR001425,20260120,SUP074,PRD174,ST024,369,624.66,230499.54,PINV001425,14
PUR001426,20250914,SUP081,PRD093,ST026,182,155.44,28290.08,PINV001426,5
PUR001427,20261022,SUP089,PRD217,ST031,154,413.72,63712.88,PINV001427,15
PUR001428,20280813,SUP044,PRD182,ST047,100,260.79,26079.0,PINV001428,5
PUR001429,20260303,SUP077,PRD132,ST027,190,432.87,82245.3,PINV001429,14
PUR001430,20230503,SUP008,PRD211,ST036,203,674.44,136911.32,PINV001430,15
PUR001431,20251122,SUP100,PRD062,ST003,495,123.38,61073.1,PINV001431,11
PUR001432,20270921,SUP095,PRD254,ST010,278,378.13,105120.14,PINV001432,3
PUR001433,20270219,SUP061,PRD223,ST041,118,255.51,30150.18,PINV001433,8
PUR001434,20230115,SUP035,PRD057,ST028,92,544.52,50095.84,PINV001434,5
PUR001435,20240714,SUP015,PRD100,ST033,415,626.85,260142.75,PINV001435,10
PUR001436,20271206,SUP011,PRD278,ST022,332,505.52,167832.64,PINV001436,15
PUR001437,20270124,SUP019,PRD106,ST011,217,156.13,33880.21,PINV001437,12
PUR001438,20240118,SUP073,PRD189,ST034,292,51.79,15122.68,PINV001438,13
PUR001439,20260319,SUP098,PRD234,ST021,383,400.74,153483.42,PINV001439,6
PUR001440,20271008,SUP044,PRD229,ST020,320,539.3,172576.0,PINV001440,5
PUR001441,20230405,SUP037,PRD097,ST021,407,352.86,143614.02,PINV001441,9
PUR001442,20260508,SUP054,PRD263,ST050,375,83.64,31365.0,PINV001442,4
PUR001443,20270209,SUP009,PRD165,ST048,317,690.57,218910.69,PINV001443,8
PUR001444,20240116,SUP075,PRD070,ST038,207,120.8,25005.6,PINV001444,4
PUR001445,20261223,SUP050,PRD025,ST003,222,610.76,135588.72,PINV001445,7
PUR001446,20250801,SUP022,PRD041,ST021,227,747.73,169734.71,PINV001446,14
PUR001447,20230830,SUP079,PRD092,ST015,471,329.05,154982.55,PINV001447,9
PUR001448,20280801,SUP060,PRD293,ST004,158,547.6,86520.8,PINV001448,6
PUR001449,20260209,SUP027,PRD044,ST013,479,369.97,177215.63,PINV001449,12
PUR001450,20231029,SUP094,PRD116,ST019,323,284.66,91945.18,PINV001450,1
PUR001451,20281123,SUP059,PRD051,ST019,184,609.19,112090.96,PINV001451,1
PUR001452,20270618,SUP017,PRD166,ST024,297,418.71,124356.87,PINV001452,10
PUR001453,20230314,SUP099,PRD281,ST043,115,567.21,65229.15,PINV001453,11
PUR001454,20231126,SUP080,PRD072,ST033,125,775.09,96886.25,PINV001454,12
PUR001455,20250928,SUP016,PRD148,ST035,77,360.66,27770.82,PINV001455,6
PUR001456,20240130,SUP009,PRD075,ST041,460,218.16,100353.6,PINV001456,8
PUR001457,20230401,SUP094,PRD128,ST042,115,664.89,76462.35,PINV001457,5
PUR001458,20281029,SUP010,PRD037,ST011,477,442.81,211220.37,PINV001458,15
PUR001459,20240307,SUP082,PRD259,ST044,373,378.95,141348.35,PINV001459,12
PUR001460,20260911,SUP048,PRD173,ST028,470,256.15,120390.5,PINV001460,6
PUR001461,20240524,SUP020,PRD064,ST009,222,151.81,33701.82,PINV001461,7
PUR001462,20240319,SUP073,PRD142,ST031,364,448.58,163283.12,PINV001462,12
PUR001463,20261001,SUP031,PRD036,ST038,358,735.06,263151.48,PINV001463,14
PUR001464,20230622,SUP076,PRD215,ST013,86,641.82,55196.52,PINV001464,3
PUR001465,20260323,SUP090,PRD298,ST014,172,248.8,42793.6,PINV001465,5
PUR001466,20250110,SUP068,PRD228,ST049,388,764.29,296544.52,PINV001466,11
PUR001467,20261010,SUP071,PRD148,ST005,367,780.57,286469.19,PINV001467,3
PUR001468,20231012,SUP073,PRD014,ST029,246,752.7,185164.2,PINV001468,11
PUR001469,20250305,SUP041,PRD085,ST046,166,274.14,45507.24,PINV001469,10
PUR001470,20240928,SUP100,PRD216,ST040,119,186.12,22148.28,PINV001470,5
PUR001471,20260702,SUP046,PRD070,ST038,329,242.79,79877.91,PINV001471,4
PUR001472,20280215,SUP016,PRD188,ST045,108,22.49,2428.92,PINV001472,12
PUR001473,20260630,SUP072,PRD207,ST030,96,656.02,62977.92,PINV001473,3
PUR001474,20240930,SUP016,PRD074,ST006,138,348.59,48105.42,PINV001474,7
PUR001475,20230320,SUP074,PRD041,ST046,468,686.8,321422.4,PINV001475,9
PUR001476,20280316,SUP087,PRD201,ST019,158,131.06,20707.48,PINV001476,14
PUR001477,20250114,SUP085,PRD008,ST015,439,320.58,140734.62,PINV001477,8
PUR001478,20251119,SUP021,PRD280,ST030,380,190.1,72238.0,PINV001478,6
PUR001479,20240130,SUP026,PRD070,ST010,174,367.83,64002.42,PINV001479,12
PUR001480,20281008,SUP059,PRD187,ST026,289,431.86,124807.54,PINV001480,11
PUR001481,20280608,SUP069,PRD283,ST012,345,70.58,24350.1,PINV001481,9
PUR001482,20270822,SUP018,PRD161,ST022,491,602.41,295783.31,PINV001482,14
PUR001483,20270810,SUP053,PRD102,ST010,94,79.18,7442.92,PINV001483,2
PUR001484,20230830,SUP029,PRD112,ST006,458,499.78,228899.24,PINV001484,11
PUR001485,20260802,SUP076,PRD276,ST024,157,249.71,39204.47,PINV001485,2
PUR001486,20251030,SUP030,PRD024,ST020,370,323.01,119513.7,PINV001486,9
PUR001487,20230526,SUP038,PRD023,ST020,67,224.2,15021.4,PINV001487,6
PUR001488,20250518,SUP022,PRD051,ST015,241,270.27,65135.07,PINV001488,9
PUR001489,20270113,SUP012,PRD187,ST009,109,541.28,58999.52,PINV001489,3
PUR001490,20280809,SUP032,PRD260,ST044,313,525.36,164437.68,PINV001490,5
PUR001491,20280915,SUP060,PRD062,ST044,178,481.44,85696.32,PINV001491,15
PUR001492,20230525,SUP070,PRD066,ST031,427,364.78,155761.06,PINV001492,4
PUR001493,20251106,SUP016,PRD066,ST032,317,319.08,101148.36,PINV001493,6
PUR001494,20280113,SUP086,PRD025,ST048,242,189.38,45829.96,PINV001494,6
PUR001495,20250503,SUP095,PRD289,ST012,475,67.63,32124.25,PINV001495,13
PUR001496,20250409,SUP053,PRD274,ST022,329,467.8,153906.2,PINV001496,14
PUR001497,20260410,SUP046,PRD089,ST011,146,306.94,44813.24,PINV001497,9
PUR001498,20270609,SUP082,PRD228,ST048,462,240.71,111208.02,PINV001498,10
PUR001499,20260810,SUP091,PRD265,ST009,365,175.56,64079.4,PINV001499,7
PUR001500,20230802,SUP015,PRD175,ST010,407,276.82,112665.74,PINV001500,1
PUR001501,20280922,SUP076,PRD182,ST041,237,169.83,40249.71,PINV001501,13
PUR001502,20250311,SUP087,PRD213,ST010,410,474.09,194376.9,PINV001502,11
PUR001503,20271127,SUP005,PRD072,ST026,113,681.69,77030.97,PINV001503,6
PUR001504,20230725,SUP099,PRD207,ST027,372,268.23,99781.56,PINV001504,6
PUR001505,20250517,SUP047,PRD061,ST045,281,620.81,174447.61,PINV001505,3
PUR001506,20280106,SUP064,PRD135,ST006,349,694.8,242485.2,PINV001506,13
PUR001507,20240529,SUP082,PRD230,ST036,99,561.65,55603.35,PINV001507,13
PUR001508,20280909,SUP041,PRD158,ST038,54,651.22,35165.88,PINV001508,7
PUR001509,20270212,SUP036,PRD261,ST040,298,310.36,92487.28,PINV001509,5
PUR001510,20270326,SUP034,PRD148,ST024,481,45.51,21890.31,PINV001510,14
PUR001511,20270205,SUP004,PRD041,ST010,84,280.83,23589.72,PINV001511,11
PUR001512,20260505,SUP036,PRD093,ST026,325,238.24,77428.0,PINV001512,5
PUR001513,20260910,SUP046,PRD213,ST004,379,468.05,177390.95,PINV001513,11
PUR001514,20270503,SUP011,PRD071,ST038,466,313.98,146314.68,PINV001514,12
PUR001515,20250514,SUP081,PRD196,ST049,331,684.22,226476.82,PINV001515,15
PUR001516,20280506,SUP078,PRD189,ST031,500,414.5,207250.0,PINV001516,1
PUR001517,20271113,SUP019,PRD055,ST025,105,499.58,52455.9,PINV001517,8
PUR001518,20260319,SUP009,PRD242,ST004,285,635.29,181057.65,PINV001518,14
PUR001519,20280204,SUP029,PRD050,ST013,478,399.2,190817.6,PINV001519,4
PUR001520,20270221,SUP060,PRD248,ST004,275,646.83,177878.25,PINV001520,8
PUR001521,20280602,SUP010,PRD132,ST040,124,36.49,4524.76,PINV001521,1
PUR001522,20250915,SUP018,PRD011,ST024,259,236.98,61377.82,PINV001522,15
PUR001523,20271104,SUP014,PRD202,ST003,259,477.16,123584.44,PINV001523,6
PUR001524,20230527,SUP047,PRD293,ST034,401,471.57,189099.57,PINV001524,11
PUR001525,20270829,SUP030,PRD179,ST006,267,508.88,135870.96,PINV001525,15
PUR001526,20271108,SUP002,PRD062,ST007,478,564.11,269644.58,PINV001526,5
PUR001527,20270304,SUP097,PRD024,ST044,297,532.92,158277.24,PINV001527,4
PUR001528,20260625,SUP035,PRD118,ST021,210,441.24,92660.4,PINV001528,8
PUR001529,20260121,SUP009,PRD194,ST048,444,226.13,100401.72,PINV001529,12
PUR001530,20270313,SUP089,PRD290,ST004,409,167.06,68327.54,PINV001530,8
PUR001531,20230407,SUP043,PRD048,ST040,61,224.38,13687.18,PINV001531,11
PUR001532,20251116,SUP031,PRD127,ST039,89,216.72,19288.08,PINV001532,11
PUR001533,20230321,SUP070,PRD014,ST048,337,248.47,83734.39,PINV001533,6
PUR001534,20270515,SUP072,PRD108,ST016,421,607.01,255551.21,PINV001534,4
PUR001535,20261005,SUP052,PRD160,ST040,98,480.76,47114.48,PINV001535,3
PUR001536,20280916,SUP029,PRD258,ST044,490,600.92,294450.8,PINV001536,14
PUR001537,20250102,SUP058,PRD292,ST014,435,763.03,331918.05,PINV001537,10
PUR001538,20270913,SUP008,PRD221,ST038,192,387.48,74396.16,PINV001538,4
PUR001539,20260528,SUP010,PRD135,ST027,204,266.75,54417.0,PINV001539,10
PUR001540,20250913,SUP078,PRD007,ST042,296,202.86,60046.56,PINV001540,12
PUR001541,20260509,SUP066,PRD257,ST016,186,117.14,21788.04,PINV001541,1
PUR001542,20240102,SUP035,PRD091,ST022,299,88.58,26485.42,PINV001542,5
PUR001543,20260320,SUP001,PRD045,ST015,124,428.97,53192.28,PINV001543,11
PUR001544,20250206,SUP065,PRD052,ST037,291,349.33,101655.03,PINV001544,14
PUR001545,20261115,SUP074,PRD033,ST037,332,53.32,17702.24,PINV001545,9
PUR001546,20241019,SUP005,PRD153,ST050,308,741.55,228397.4,PINV001546,3
PUR001547,20261224,SUP023,PRD161,ST043,187,559.8,104682.6,PINV001547,3
PUR001548,20280414,SUP075,PRD286,ST014,422,631.97,266691.34,PINV001548,14
PUR001549,20280827,SUP083,PRD211,ST021,207,34.23,7085.61,PINV001549,11
PUR001550,20260129,SUP046,PRD091,ST024,165,587.7,96970.5,PINV001550,7
PUR001551,20240115,SUP054,PRD248,ST013,455,40.4,18382.0,PINV001551,3
PUR001552,20280128,SUP060,PRD293,ST016,247,101.43,25053.21,PINV001552,14
PUR001553,20231105,SUP040,PRD195,ST048,352,611.35,215195.2,PINV001553,6
PUR001554,20281214,SUP029,PRD271,ST003,281,549.1,154297.1,PINV001554,5
PUR001555,20280316,SUP020,PRD002,ST032,348,335.0,116580.0,PINV001555,14
PUR001556,20240831,SUP044,PRD222,ST041,83,590.48,49009.84,PINV001556,14
PUR001557,20231107,SUP033,PRD268,ST047,447,157.89,70576.83,PINV001557,7
PUR001558,20280613,SUP063,PRD007,ST006,248,384.59,95378.32,PINV001558,9
PUR001559,20271026,SUP060,PRD148,ST001,221,37.48,8283.08,PINV001559,9
PUR001560,20250102,SUP032,PRD211,ST001,172,313.93,53995.96,PINV001560,15
PUR001561,20260118,SUP086,PRD241,ST005,83,651.65,54086.95,PINV001561,6
PUR001562,20250906,SUP071,PRD190,ST020,313,334.32,104642.16,PINV001562,2
PUR001563,20250425,SUP067,PRD042,ST005,316,789.15,249371.4,PINV001563,1
PUR001564,20230929,SUP099,PRD010,ST016,219,616.3,134969.7,PINV001564,2
PUR001565,20231005,SUP066,PRD284,ST021,464,789.31,366239.84,PINV001565,15
PUR001566,20280621,SUP042,PRD080,ST011,396,600.97,237984.12,PINV001566,7
PUR001567,20231027,SUP042,PRD140,ST004,145,648.84,94081.8,PINV001567,3
PUR001568,20260929,SUP014,PRD275,ST026,111,640.97,71147.67,PINV001568,7
PUR001569,20250703,SUP036,PRD035,ST001,326,689.77,224865.02,PINV001569,4
PUR001570,20270219,SUP099,PRD223,ST046,404,222.9,90051.6,PINV001570,9
PUR001571,20281010,SUP027,PRD001,ST004,410,49.59,20331.9,PINV001571,10
PUR001572,20230610,SUP069,PRD102,ST001,331,457.49,151429.19,PINV001572,13
PUR001573,20270208,SUP078,PRD282,ST016,459,97.11,44573.49,PINV001573,13
PUR001574,20230628,SUP037,PRD119,ST004,216,69.91,15100.56,PINV001574,5
PUR001575,20271110,SUP054,PRD090,ST038,173,519.7,89908.1,PINV001575,10
PUR001576,20280525,SUP099,PRD138,ST002,284,443.78,126033.52,PINV001576,10
PUR001577,20240819,SUP068,PRD114,ST003,141,86.98,12264.18,PINV001577,11
PUR001578,20250914,SUP049,PRD210,ST007,142,278.51,39548.42,PINV001578,4
PUR001579,20260518,SUP061,PRD002,ST015,54,401.3,21670.2,PINV001579,3
PUR001580,20260904,SUP010,PRD187,ST023,256,795.17,203563.52,PINV001580,4
PUR001581,20250702,SUP098,PRD109,ST011,121,469.81,56847.01,PINV001581,15
PUR001582,20250704,SUP085,PRD037,ST021,394,391.94,154424.36,PINV001582,12
PUR001583,20280921,SUP093,PRD154,ST013,408,477.03,194628.24,PINV001583,14
PUR001584,20281009,SUP084,PRD065,ST040,91,543.04,49416.64,PINV001584,14
PUR001585,20230311,SUP074,PRD263,ST042,195,420.77,82050.15,PINV001585,13
PUR001586,20240311,SUP074,PRD295,ST002,229,428.13,98041.77,PINV001586,6
PUR001587,20270919,SUP039,PRD224,ST032,202,260.24,52568.48,PINV001587,6
PUR001588,20280705,SUP061,PRD146,ST023,260,284.6,73996.0,PINV001588,1
PUR001589,20250422,SUP002,PRD288,ST050,449,471.82,211847.18,PINV001589,6
PUR001590,20280704,SUP022,PRD159,ST037,140,785.88,110023.2,PINV001590,7
PUR001591,20270108,SUP044,PRD141,ST018,73,306.01,22338.73,PINV001591,6
PUR001592,20280618,SUP086,PRD088,ST003,288,403.21,116124.48,PINV001592,3
PUR001593,20260828,SUP100,PRD005,ST042,76,298.17,22660.92,PINV001593,1
PUR001594,20231008,SUP044,PRD263,ST025,259,20.03,5187.77,PINV001594,12
PUR001595,20280314,SUP064,PRD188,ST028,72,755.03,54362.16,PINV001595,9
PUR001596,20280320,SUP085,PRD079,ST032,238,420.04,99969.52,PINV001596,14
PUR001597,20240901,SUP017,PRD229,ST018,119,758.8,90297.2,PINV001597,14
PUR001598,20231215,SUP083,PRD134,ST019,398,545.02,216917.96,PINV001598,13
PUR001599,20270604,SUP090,PRD181,ST038,458,189.37,86731.46,PINV001599,15
PUR001600,20270620,SUP092,PRD050,ST001,213,712.36,151732.68,PINV001600,1
PUR001601,20250427,SUP044,PRD037,ST014,469,173.1,81183.9,PINV001601,7
PUR001602,20231205,SUP077,PRD179,ST030,312,536.45,167372.4,PINV001602,5
PUR001603,20271208,SUP028,PRD031,ST039,337,736.85,248318.45,PINV001603,2
PUR001604,20230503,SUP086,PRD151,ST001,420,475.43,199680.6,PINV001604,12
PUR001605,20270509,SUP096,PRD221,ST033,456,278.26,126886.56,PINV001605,7
PUR001606,20240214,SUP041,PRD073,ST013,341,53.72,18318.52,PINV001606,8
PUR001607,20270130,SUP097,PRD161,ST012,382,738.0,281916.0,PINV001607,7
PUR001608,20230610,SUP063,PRD268,ST006,88,445.53,39206.64,PINV001608,9
PUR001609,20241111,SUP048,PRD147,ST025,197,210.33,41435.01,PINV001609,9
PUR001610,20250929,SUP089,PRD258,ST037,59,464.31,27394.29,PINV001610,6
PUR001611,20270202,SUP081,PRD098,ST032,96,103.67,9952.32,PINV001611,3
PUR001612,20250911,SUP044,PRD292,ST037,338,133.48,45116.24,PINV001612,14
PUR001613,20260311,SUP056,PRD023,ST045,158,729.32,115232.56,PINV001613,13
PUR001614,20240424,SUP023,PRD266,ST012,348,39.65,13798.2,PINV001614,9
PUR001615,20280709,SUP026,PRD170,ST009,69,137.11,9460.59,PINV001615,6
PUR001616,20250919,SUP020,PRD185,ST021,452,168.26,76053.52,PINV001616,9
PUR001617,20281025,SUP009,PRD067,ST015,315,378.71,119293.65,PINV001617,7
PUR001618,20271127,SUP011,PRD286,ST027,381,729.36,277886.16,PINV001618,10
PUR001619,20240428,SUP076,PRD202,ST004,196,362.94,71136.24,PINV001619,9
PUR001620,20270805,SUP090,PRD128,ST030,124,313.22,38839.28,PINV001620,15
PUR001621,20280425,SUP048,PRD117,ST028,278,232.1,64523.8,PINV001621,1
PUR001622,20280107,SUP085,PRD086,ST004,485,33.7,16344.5,PINV001622,15
PUR001623,20280512,SUP073,PRD260,ST017,313,677.26,211982.38,PINV001623,11
PUR001624,20241110,SUP042,PRD284,ST042,192,673.39,129290.88,PINV001624,12
PUR001625,20230319,SUP057,PRD119,ST011,167,225.49,37656.83,PINV001625,10
PUR001626,20240830,SUP042,PRD117,ST010,334,643.6,214962.4,PINV001626,13
PUR001627,20280919,SUP012,PRD200,ST035,319,708.16,225903.04,PINV001627,5
PUR001628,20260915,SUP022,PRD030,ST045,487,530.38,258295.06,PINV001628,3
PUR001629,20230504,SUP033,PRD269,ST002,333,553.44,184295.52,PINV001629,9
PUR001630,20260307,SUP041,PRD284,ST044,353,366.91,129519.23,PINV001630,15
PUR001631,20250713,SUP020,PRD066,ST032,497,784.83,390060.51,PINV001631,13
PUR001632,20240610,SUP093,PRD165,ST007,481,494.06,237642.86,PINV001632,1
PUR001633,20270913,SUP004,PRD094,ST015,352,302.18,106367.36,PINV001633,10
PUR001634,20250113,SUP063,PRD031,ST010,181,755.32,136712.92,PINV001634,5
PUR001635,20251225,SUP034,PRD140,ST036,197,365.68,72038.96,PINV001635,13
PUR001636,20270521,SUP006,PRD034,ST002,361,756.77,273193.97,PINV001636,13
PUR001637,20270430,SUP067,PRD287,ST004,468,120.15,56230.2,PINV001637,9
PUR001638,20281211,SUP076,PRD256,ST018,160,724.12,115859.2,PINV001638,4
PUR001639,20251218,SUP026,PRD018,ST011,318,100.48,31952.64,PINV001639,2
PUR001640,20240513,SUP036,PRD216,ST049,490,92.54,45344.6,PINV001640,8
PUR001641,20240404,SUP051,PRD264,ST033,154,619.19,95355.26,PINV001641,2
PUR001642,20270628,SUP010,PRD186,ST048,465,766.31,356334.15,PINV001642,9
PUR001643,20241227,SUP054,PRD159,ST006,105,353.12,37077.6,PINV001643,13
PUR001644,20270706,SUP004,PRD083,ST008,80,413.84,33107.2,PINV001644,5
PUR001645,20230410,SUP030,PRD023,ST028,55,296.54,16309.7,PINV001645,5
PUR001646,20260128,SUP058,PRD241,ST044,491,438.51,215308.41,PINV001646,8
PUR001647,20280307,SUP061,PRD018,ST026,112,706.41,79117.92,PINV001647,14
PUR001648,20241228,SUP021,PRD021,ST043,482,364.66,175766.12,PINV001648,1
PUR001649,20240503,SUP044,PRD215,ST040,160,290.95,46552.0,PINV001649,4
PUR001650,20230615,SUP054,PRD089,ST025,93,607.41,56489.13,PINV001650,8
PUR001651,20260606,SUP061,PRD171,ST029,209,250.48,52350.32,PINV001651,13
PUR001652,20280428,SUP026,PRD202,ST048,105,493.72,51840.6,PINV001652,9
PUR001653,20281222,SUP016,PRD182,ST002,486,205.73,99984.78,PINV001653,10
PUR001654,20230222,SUP016,PRD289,ST008,172,540.76,93010.72,PINV001654,3
PUR001655,20270408,SUP078,PRD209,ST008,62,359.25,22273.5,PINV001655,10
PUR001656,20260208,SUP067,PRD288,ST001,404,239.53,96770.12,PINV001656,15
PUR001657,20260509,SUP020,PRD130,ST023,220,364.38,80163.6,PINV001657,13
PUR001658,20240419,SUP050,PRD052,ST040,433,591.1,255946.3,PINV001658,4
PUR001659,20230924,SUP016,PRD154,ST027,177,552.0,97704.0,PINV001659,6
PUR001660,20250929,SUP042,PRD102,ST030,226,706.13,159585.38,PINV001660,5
PUR001661,20280512,SUP053,PRD217,ST002,170,705.23,119889.1,PINV001661,1
PUR001662,20250326,SUP041,PRD140,ST039,426,340.74,145155.24,PINV001662,12
PUR001663,20240202,SUP059,PRD281,ST003,383,631.78,241971.74,PINV001663,5
PUR001664,20260618,SUP055,PRD112,ST005,56,526.83,29502.48,PINV001664,6
PUR001665,20230421,SUP042,PRD142,ST040,95,647.91,61551.45,PINV001665,7
PUR001666,20280221,SUP056,PRD145,ST031,365,794.4,289956.0,PINV001666,9
PUR001667,20250802,SUP035,PRD201,ST018,285,619.59,176583.15,PINV001667,11
PUR001668,20251009,SUP072,PRD149,ST047,116,357.22,41437.52,PINV001668,11
PUR001669,20270328,SUP083,PRD261,ST044,307,165.62,50845.34,PINV001669,2
PUR001670,20271220,SUP040,PRD286,ST012,77,340.26,26200.02,PINV001670,9
PUR001671,20230618,SUP081,PRD246,ST005,150,86.38,12957.0,PINV001671,2
PUR001672,20240129,SUP076,PRD058,ST047,93,399.31,37135.83,PINV001672,6
PUR001673,20260524,SUP091,PRD298,ST003,436,799.73,348682.28,PINV001673,5
PUR001674,20280610,SUP020,PRD291,ST030,264,546.98,144402.72,PINV001674,6
PUR001675,20260918,SUP029,PRD144,ST034,436,153.67,67000.12,PINV001675,2
PUR001676,20231112,SUP028,PRD087,ST041,139,590.1,82023.9,PINV001676,3
PUR001677,20230406,SUP080,PRD009,ST041,55,33.65,1850.75,PINV001677,9
PUR001678,20230912,SUP078,PRD251,ST037,248,775.77,192390.96,PINV001678,14
PUR001679,20231016,SUP066,PRD245,ST007,292,685.57,200186.44,PINV001679,11
PUR001680,20280305,SUP022,PRD180,ST012,172,542.2,93258.4,PINV001680,11
PUR001681,20231114,SUP037,PRD251,ST008,460,374.74,172380.4,PINV001681,8
PUR001682,20250318,SUP045,PRD137,ST018,394,664.57,261840.58,PINV001682,1
PUR001683,20260517,SUP002,PRD128,ST029,207,596.19,123411.33,PINV001683,2
PUR001684,20240613,SUP054,PRD226,ST016,457,570.11,260540.27,PINV001684,1
PUR001685,20271218,SUP070,PRD177,ST040,199,592.78,117963.22,PINV001685,1
PUR001686,20230206,SUP047,PRD048,ST028,408,65.73,26817.84,PINV001686,5
PUR001687,20270201,SUP058,PRD154,ST037,351,98.25,34485.75,PINV001687,12
PUR001688,20240722,SUP060,PRD274,ST047,335,792.36,265440.6,PINV001688,1
PUR001689,20230907,SUP059,PRD208,ST004,393,41.23,16203.39,PINV001689,5
PUR001690,20240119,SUP004,PRD217,ST035,58,193.43,11218.94,PINV001690,13
PUR001691,20240605,SUP024,PRD233,ST022,373,184.66,68878.18,PINV001691,1
PUR001692,20251021,SUP074,PRD065,ST025,363,624.83,226813.29,PINV001692,15
PUR001693,20250222,SUP070,PRD081,ST032,286,551.81,157817.66,PINV001693,3
PUR001694,20241204,SUP091,PRD189,ST045,489,224.14,109604.46,PINV001694,14
PUR001695,20231227,SUP064,PRD046,ST009,453,389.48,176434.44,PINV001695,12
PUR001696,20270313,SUP098,PRD249,ST031,88,54.25,4774.0,PINV001696,5
PUR001697,20250130,SUP078,PRD166,ST020,272,739.53,201152.16,PINV001697,15
PUR001698,20240709,SUP046,PRD142,ST040,272,560.36,152417.92,PINV001698,14
PUR001699,20261107,SUP043,PRD194,ST028,260,165.37,42996.2,PINV001699,3
PUR001700,20270504,SUP044,PRD081,ST025,364,507.65,184784.6,PINV001700,6
PUR001701,20260302,SUP079,PRD291,ST013,301,297.97,89688.97,PINV001701,7
PUR001702,20260306,SUP100,PRD075,ST034,325,111.25,36156.25,PINV001702,10
PUR001703,20240422,SUP006,PRD103,ST042,363,635.77,230784.51,PINV001703,3
PUR001704,20270729,SUP008,PRD166,ST014,320,543.35,173872.0,PINV001704,7
PUR001705,20281126,SUP030,PRD031,ST005,305,651.52,198713.6,PINV001705,7
PUR001706,20230614,SUP061,PRD052,ST043,471,247.06,116365.26,PINV001706,1
PUR001707,20280122,SUP062,PRD199,ST012,338,270.58,91456.04,PINV001707,6
PUR001708,20251026,SUP058,PRD074,ST022,458,737.04,337564.32,PINV001708,7
PUR001709,20231015,SUP007,PRD176,ST024,136,460.89,62681.04,PINV001709,10
PUR001710,20280114,SUP062,PRD084,ST018,475,206.4,98040.0,PINV001710,2
PUR001711,20270713,SUP076,PRD164,ST047,212,20.86,4422.32,PINV001711,15
PUR001712,20271115,SUP034,PRD248,ST033,317,284.64,90230.88,PINV001712,9
PUR001713,20250125,SUP091,PRD166,ST029,410,429.32,176021.2,PINV001713,1
PUR001714,20241027,SUP002,PRD208,ST048,334,33.24,11102.16,PINV001714,1
PUR001715,20230719,SUP020,PRD186,ST005,462,217.05,100277.1,PINV001715,6
PUR001716,20260613,SUP050,PRD248,ST045,403,501.67,202173.01,PINV001716,9
PUR001717,20281117,SUP005,PRD247,ST017,468,514.77,240912.36,PINV001717,3
PUR001718,20270618,SUP009,PRD286,ST012,55,297.38,16355.9,PINV001718,5
PUR001719,20231108,SUP071,PRD210,ST047,138,472.91,65261.58,PINV001719,6
PUR001720,20260122,SUP091,PRD155,ST046,251,297.51,74675.01,PINV001720,8
PUR001721,20240510,SUP050,PRD136,ST011,65,344.26,22376.9,PINV001721,12
PUR001722,20280612,SUP062,PRD110,ST007,185,243.89,45119.65,PINV001722,9
PUR001723,20250427,SUP007,PRD271,ST003,483,689.27,332917.41,PINV001723,11
PUR001724,20241213,SUP029,PRD228,ST014,207,117.9,24405.3,PINV001724,7
PUR001725,20240708,SUP094,PRD186,ST041,339,42.6,14441.4,PINV001725,4
PUR001726,20241130,SUP076,PRD004,ST004,489,94.51,46215.39,PINV001726,6
PUR001727,20240531,SUP008,PRD127,ST020,348,258.57,89982.36,PINV001727,7
PUR001728,20230726,SUP066,PRD055,ST043,275,351.19,96577.25,PINV001728,2
PUR001729,20230208,SUP021,PRD155,ST026,269,73.48,19766.12,PINV001729,6
PUR001730,20260530,SUP052,PRD253,ST024,307,660.85,202880.95,PINV001730,4
PUR001731,20251017,SUP056,PRD088,ST040,133,76.9,10227.7,PINV001731,14
PUR001732,20280125,SUP061,PRD010,ST004,311,255.97,79606.67,PINV001732,4
PUR001733,20260330,SUP091,PRD131,ST019,455,226.73,103162.15,PINV001733,12
PUR001734,20250603,SUP089,PRD279,ST014,310,754.24,233814.4,PINV001734,1
PUR001735,20280112,SUP063,PRD175,ST039,205,728.9,149424.5,PINV001735,9
PUR001736,20240722,SUP016,PRD126,ST009,100,768.83,76883.0,PINV001736,11
PUR001737,20240402,SUP060,PRD262,ST034,441,259.41,114399.81,PINV001737,1
PUR001738,20230620,SUP070,PRD279,ST013,151,786.59,118775.09,PINV001738,9
PUR001739,20230206,SUP016,PRD116,ST009,118,627.17,74006.06,PINV001739,15
PUR001740,20270119,SUP042,PRD054,ST043,500,645.41,322705.0,PINV001740,12
PUR001741,20270711,SUP082,PRD185,ST020,393,797.54,313433.22,PINV001741,12
PUR001742,20240722,SUP003,PRD066,ST037,102,505.3,51540.6,PINV001742,6
PUR001743,20251228,SUP032,PRD062,ST033,330,176.3,58179.0,PINV001743,7
PUR001744,20270913,SUP078,PRD295,ST022,374,349.13,130574.62,PINV001744,12
PUR001745,20270212,SUP052,PRD244,ST012,143,662.16,94688.88,PINV001745,1
PUR001746,20250211,SUP096,PRD048,ST015,278,61.61,17127.58,PINV001746,9
PUR001747,20250606,SUP023,PRD044,ST040,88,161.29,14193.52,PINV001747,12
PUR001748,20240401,SUP064,PRD173,ST036,231,185.71,42899.01,PINV001748,8
PUR001749,20251110,SUP091,PRD053,ST008,321,445.12,142883.52,PINV001749,10
PUR001750,20230923,SUP036,PRD297,ST033,270,393.45,106231.5,PINV001750,6
PUR001751,20281003,SUP007,PRD162,ST010,80,411.15,32892.0,PINV001751,13
PUR001752,20241020,SUP061,PRD198,ST029,428,403.66,172766.48,PINV001752,14
PUR001753,20270629,SUP033,PRD155,ST017,174,511.08,88927.92,PINV001753,4
PUR001754,20231224,SUP092,PRD031,ST049,89,543.78,48396.42,PINV001754,4
PUR001755,20231210,SUP024,PRD215,ST028,245,434.08,106349.6,PINV001755,15
PUR001756,20270616,SUP089,PRD114,ST024,230,781.11,179655.3,PINV001756,3
PUR001757,20270405,SUP006,PRD118,ST026,384,170.93,65637.12,PINV001757,15
PUR001758,20270306,SUP005,PRD294,ST030,136,603.1,82021.6,PINV001758,14
PUR001759,20251206,SUP035,PRD137,ST027,365,195.66,71415.9,PINV001759,2
PUR001760,20240305,SUP074,PRD099,ST034,68,193.27,13142.36,PINV001760,10
PUR001761,20230919,SUP010,PRD104,ST017,341,345.95,117968.95,PINV001761,15
PUR001762,20270509,SUP012,PRD216,ST001,313,217.97,68224.61,PINV001762,12
PUR001763,20230416,SUP083,PRD235,ST034,301,169.29,50956.29,PINV001763,3
PUR001764,20280312,SUP014,PRD157,ST003,150,63.6,9540.0,PINV001764,4
PUR001765,20260627,SUP027,PRD299,ST045,242,572.77,138610.34,PINV001765,3
PUR001766,20270716,SUP053,PRD109,ST040,254,646.8,164287.2,PINV001766,6
PUR001767,20240724,SUP050,PRD112,ST033,476,333.2,158603.2,PINV001767,4
PUR001768,20251002,SUP057,PRD265,ST001,276,384.24,106050.24,PINV001768,11
PUR001769,20281007,SUP042,PRD071,ST001,460,365.67,168208.2,PINV001769,14
PUR001770,20230701,SUP078,PRD048,ST015,494,96.83,47834.02,PINV001770,8
PUR001771,20250415,SUP046,PRD165,ST025,103,315.22,32467.66,PINV001771,5
PUR001772,20281011,SUP076,PRD122,ST019,132,547.28,72240.96,PINV001772,5
PUR001773,20260605,SUP047,PRD120,ST039,219,627.5,137422.5,PINV001773,15
PUR001774,20250110,SUP100,PRD247,ST043,323,470.67,152026.41,PINV001774,15
PUR001775,20280130,SUP004,PRD080,ST037,115,345.02,39677.3,PINV001775,8
PUR001776,20270902,SUP057,PRD109,ST025,171,761.89,130283.19,PINV001776,14
PUR001777,20250326,SUP025,PRD275,ST010,289,614.55,177604.95,PINV001777,12
PUR001778,20240717,SUP022,PRD214,ST031,168,470.68,79074.24,PINV001778,8
PUR001779,20281009,SUP035,PRD283,ST050,336,700.27,235290.72,PINV001779,6
PUR001780,20250823,SUP020,PRD074,ST019,214,21.9,4686.6,PINV001780,3
PUR001781,20230210,SUP019,PRD154,ST002,238,679.97,161832.86,PINV001781,1
PUR001782,20270125,SUP065,PRD035,ST010,79,98.37,7771.23,PINV001782,11
PUR001783,20280409,SUP085,PRD283,ST024,394,378.67,149195.98,PINV001783,6
PUR001784,20230904,SUP019,PRD081,ST013,222,642.14,142555.08,PINV001784,14
PUR001785,20230416,SUP082,PRD135,ST035,243,722.66,175606.38,PINV001785,11
PUR001786,20230709,SUP027,PRD010,ST038,151,768.51,116045.01,PINV001786,1
PUR001787,20231221,SUP055,PRD220,ST021,92,85.36,7853.12,PINV001787,15
PUR001788,20230217,SUP029,PRD011,ST021,292,20.69,6041.48,PINV001788,13
PUR001789,20281008,SUP003,PRD200,ST033,259,92.87,24053.33,PINV001789,4
PUR001790,20250715,SUP099,PRD114,ST049,120,654.96,78595.2,PINV001790,5
PUR001791,20240819,SUP087,PRD186,ST046,102,233.21,23787.42,PINV001791,4
PUR001792,20230711,SUP011,PRD176,ST007,55,447.88,24633.4,PINV001792,8
PUR001793,20251027,SUP053,PRD192,ST022,402,39.46,15862.92,PINV001793,13
PUR001794,20250704,SUP096,PRD294,ST022,151,457.55,69090.05,PINV001794,7
PUR001795,20241221,SUP068,PRD024,ST017,212,550.9,116790.8,PINV001795,9
PUR001796,20280214,SUP035,PRD256,ST001,418,719.56,300776.08,PINV001796,11
PUR001797,20241123,SUP080,PRD244,ST015,116,213.32,24745.12,PINV001797,12
PUR001798,20260608,SUP012,PRD139,ST007,458,748.87,342982.46,PINV001798,3
PUR001799,20251001,SUP038,PRD118,ST010,358,638.38,228540.04,PINV001799,12
PUR001800,20260320,SUP003,PRD100,ST034,187,453.55,84813.85,PINV001800,10
PUR001801,20280117,SUP053,PRD200,ST034,163,314.41,51248.83,PINV001801,12
PUR001802,20260531,SUP035,PRD042,ST006,329,121.13,39851.77,PINV001802,2
PUR001803,20260216,SUP034,PRD239,ST048,124,714.74,88627.76,PINV001803,6
PUR001804,20280102,SUP055,PRD104,ST013,309,179.62,55502.58,PINV001804,7
PUR001805,20261106,SUP064,PRD150,ST012,486,272.1,132240.6,PINV001805,4
PUR001806,20271123,SUP004,PRD076,ST030,356,300.86,107106.16,PINV001806,4
PUR001807,20260810,SUP067,PRD174,ST040,76,319.46,24278.96,PINV001807,5
PUR001808,20260508,SUP018,PRD247,ST048,80,619.87,49589.6,PINV001808,11
PUR001809,20260318,SUP091,PRD086,ST029,266,148.53,39508.98,PINV001809,8
PUR001810,20261202,SUP029,PRD134,ST047,106,710.28,75289.68,PINV001810,7
PUR001811,20280215,SUP084,PRD289,ST022,176,82.65,14546.4,PINV001811,6
PUR001812,20230308,SUP078,PRD026,ST029,278,630.97,175409.66,PINV001812,9
PUR001813,20240711,SUP055,PRD027,ST021,468,316.76,148243.68,PINV001813,2
PUR001814,20231007,SUP066,PRD285,ST002,295,435.35,128428.25,PINV001814,11
PUR001815,20280831,SUP012,PRD201,ST023,81,690.63,55941.03,PINV001815,15
PUR001816,20240527,SUP055,PRD133,ST026,481,579.48,278729.88,PINV001816,9
PUR001817,20240430,SUP042,PRD014,ST005,227,169.35,38442.45,PINV001817,14
PUR001818,20261210,SUP081,PRD139,ST001,407,503.97,205115.79,PINV001818,12
PUR001819,20280529,SUP089,PRD269,ST018,239,165.95,39662.05,PINV001819,5
PUR001820,20270521,SUP068,PRD031,ST027,101,120.12,12132.12,PINV001820,5
PUR001821,20260908,SUP063,PRD231,ST021,479,333.98,159976.42,PINV001821,8
PUR001822,20280527,SUP074,PRD094,ST012,406,643.93,261435.58,PINV001822,8
PUR001823,20280606,SUP017,PRD093,ST034,61,523.17,31913.37,PINV001823,10
PUR001824,20230810,SUP053,PRD168,ST038,347,411.52,142797.44,PINV001824,8
PUR001825,20251008,SUP056,PRD272,ST026,75,178.39,13379.25,PINV001825,3
PUR001826,20231026,SUP033,PRD058,ST033,185,716.46,132545.1,PINV001826,5
PUR001827,20251001,SUP023,PRD267,ST016,227,444.33,100862.91,PINV001827,12
PUR001828,20270410,SUP068,PRD038,ST038,193,663.18,127993.74,PINV001828,4
PUR001829,20250503,SUP083,PRD010,ST006,428,149.63,64041.64,PINV001829,4
PUR001830,20251023,SUP043,PRD184,ST019,499,664.75,331710.25,PINV001830,14
PUR001831,20230820,SUP023,PRD154,ST039,500,372.09,186045.0,PINV001831,6
PUR001832,20281219,SUP082,PRD285,ST029,304,91.83,27916.32,PINV001832,14
PUR001833,20230119,SUP041,PRD011,ST009,81,573.76,46474.56,PINV001833,7
PUR001834,20250818,SUP079,PRD039,ST033,478,216.03,103262.34,PINV001834,6
PUR001835,20230128,SUP044,PRD005,ST029,357,372.95,133143.15,PINV001835,9
PUR001836,20240731,SUP038,PRD280,ST038,176,180.79,31819.04,PINV001836,3
PUR001837,20280207,SUP078,PRD166,ST042,81,508.28,41170.68,PINV001837,9
PUR001838,20280614,SUP005,PRD144,ST046,269,656.25,176531.25,PINV001838,15
PUR001839,20250821,SUP099,PRD172,ST019,108,249.75,26973.0,PINV001839,12
PUR001840,20240402,SUP098,PRD071,ST033,383,462.25,177041.75,PINV001840,10
PUR001841,20240425,SUP050,PRD046,ST029,457,465.67,212811.19,PINV001841,5
PUR001842,20230521,SUP063,PRD209,ST006,283,194.19,54955.77,PINV001842,3
PUR001843,20240610,SUP082,PRD147,ST050,194,90.27,17512.38,PINV001843,10
PUR001844,20281222,SUP081,PRD078,ST030,255,679.33,173229.15,PINV001844,11
PUR001845,20230928,SUP013,PRD273,ST039,147,352.89,51874.83,PINV001845,12
PUR001846,20280828,SUP035,PRD220,ST035,249,226.93,56505.57,PINV001846,11
PUR001847,20270707,SUP062,PRD161,ST036,224,757.93,169776.32,PINV001847,14
PUR001848,20251211,SUP046,PRD297,ST041,93,513.73,47776.89,PINV001848,10
PUR001849,20281220,SUP062,PRD011,ST038,485,778.0,377330.0,PINV001849,7
PUR001850,20250110,SUP070,PRD195,ST038,259,628.31,162732.29,PINV001850,12
PUR001851,20251227,SUP062,PRD111,ST034,417,598.22,249457.74,PINV001851,6
PUR001852,20271102,SUP084,PRD037,ST007,249,78.27,19489.23,PINV001852,11
PUR001853,20260702,SUP031,PRD069,ST004,273,494.79,135077.67,PINV001853,5
PUR001854,20271109,SUP002,PRD165,ST003,133,102.91,13687.03,PINV001854,6
PUR001855,20250220,SUP023,PRD294,ST029,79,693.78,54808.62,PINV001855,11
PUR001856,20250310,SUP020,PRD066,ST031,491,694.83,341161.53,PINV001856,1
PUR001857,20250925,SUP048,PRD171,ST013,377,601.82,226886.14,PINV001857,2
PUR001858,20270517,SUP059,PRD032,ST004,321,547.24,175664.04,PINV001858,15
PUR001859,20280324,SUP080,PRD188,ST011,295,379.23,111872.85,PINV001859,1
PUR001860,20281029,SUP022,PRD086,ST022,109,448.01,48833.09,PINV001860,3
PUR001861,20280923,SUP051,PRD071,ST012,270,643.26,173680.2,PINV001861,10
PUR001862,20271021,SUP048,PRD209,ST019,190,95.79,18200.1,PINV001862,11
PUR001863,20240301,SUP096,PRD257,ST008,280,732.11,204990.8,PINV001863,2
PUR001864,20231029,SUP013,PRD254,ST039,424,146.47,62103.28,PINV001864,2
PUR001865,20231012,SUP030,PRD227,ST043,271,154.05,41747.55,PINV001865,12
PUR001866,20240219,SUP005,PRD293,ST021,426,636.24,271038.24,PINV001866,12
PUR001867,20241206,SUP072,PRD166,ST041,145,654.9,94960.5,PINV001867,4
PUR001868,20250704,SUP024,PRD284,ST012,57,390.95,22284.15,PINV001868,8
PUR001869,20240418,SUP066,PRD248,ST010,336,441.39,148307.04,PINV001869,15
PUR001870,20281214,SUP097,PRD173,ST028,241,730.94,176156.54,PINV001870,9
PUR001871,20230323,SUP057,PRD237,ST027,480,513.6,246528.0,PINV001871,9
PUR001872,20270429,SUP075,PRD128,ST022,269,94.81,25503.89,PINV001872,11
PUR001873,20240703,SUP011,PRD029,ST041,372,400.94,149149.68,PINV001873,11
PUR001874,20260226,SUP023,PRD032,ST015,61,330.33,20150.13,PINV001874,14
PUR001875,20280906,SUP093,PRD224,ST013,311,36.53,11360.83,PINV001875,10
PUR001876,20230831,SUP032,PRD300,ST040,97,587.67,57003.99,PINV001876,14
PUR001877,20251214,SUP098,PRD053,ST037,366,308.56,112932.96,PINV001877,4
PUR001878,20280714,SUP095,PRD167,ST040,463,587.75,272128.25,PINV001878,14
PUR001879,20241012,SUP014,PRD060,ST015,145,558.15,80931.75,PINV001879,9
PUR001880,20280903,SUP076,PRD135,ST031,480,206.29,99019.2,PINV001880,12
PUR001881,20251126,SUP092,PRD089,ST006,299,350.75,104874.25,PINV001881,14
PUR001882,20250828,SUP034,PRD187,ST036,458,70.77,32412.66,PINV001882,2
PUR001883,20241127,SUP045,PRD173,ST024,300,771.23,231369.0,PINV001883,4
PUR001884,20261222,SUP051,PRD286,ST014,414,485.88,201154.32,PINV001884,9
PUR001885,20260404,SUP091,PRD174,ST045,167,79.72,13313.24,PINV001885,13
PUR001886,20270529,SUP058,PRD124,ST005,229,202.29,46324.41,PINV001886,9
PUR001887,20240920,SUP061,PRD270,ST050,441,732.36,322970.76,PINV001887,8
PUR001888,20260718,SUP028,PRD148,ST046,463,55.26,25585.38,PINV001888,12
PUR001889,20250303,SUP044,PRD261,ST014,265,465.28,123299.2,PINV001889,3
PUR001890,20261208,SUP081,PRD033,ST002,455,160.7,73118.5,PINV001890,3
PUR001891,20240914,SUP018,PRD255,ST018,345,391.92,135212.4,PINV001891,13
PUR001892,20251026,SUP033,PRD164,ST042,402,114.11,45872.22,PINV001892,4
PUR001893,20250109,SUP034,PRD008,ST018,100,384.42,38442.0,PINV001893,10
PUR001894,20240114,SUP070,PRD261,ST047,361,455.58,164464.38,PINV001894,12
PUR001895,20251206,SUP082,PRD229,ST034,315,385.97,121580.55,PINV001895,8
PUR001896,20241026,SUP017,PRD223,ST038,341,642.27,219014.07,PINV001896,8
PUR001897,20250216,SUP048,PRD233,ST006,491,561.37,275632.67,PINV001897,13
PUR001898,20230518,SUP052,PRD139,ST001,261,284.17,74168.37,PINV001898,2
PUR001899,20270523,SUP082,PRD117,ST023,321,24.6,7896.6,PINV001899,5
PUR001900,20260727,SUP062,PRD290,ST033,277,776.19,215004.63,PINV001900,1
PUR001901,20280524,SUP085,PRD187,ST001,373,52.55,19601.15,PINV001901,7
PUR001902,20271021,SUP001,PRD265,ST050,478,384.62,183848.36,PINV001902,8
PUR001903,20260310,SUP040,PRD160,ST021,195,497.22,96957.9,PINV001903,14
PUR001904,20280124,SUP089,PRD150,ST018,107,422.59,45217.13,PINV001904,5
PUR001905,20280229,SUP084,PRD070,ST050,282,713.35,201164.7,PINV001905,7
PUR001906,20230226,SUP053,PRD102,ST003,156,20.73,3233.88,PINV001906,2
PUR001907,20230627,SUP061,PRD254,ST006,333,185.01,61608.33,PINV001907,10
PUR001908,20230327,SUP078,PRD128,ST031,79,280.39,22150.81,PINV001908,3
PUR001909,20271202,SUP025,PRD101,ST017,176,731.2,128691.2,PINV001909,5
PUR001910,20250514,SUP045,PRD290,ST037,408,638.64,260565.12,PINV001910,4
PUR001911,20230421,SUP091,PRD256,ST007,303,93.98,28475.94,PINV001911,7
PUR001912,20231005,SUP053,PRD032,ST028,364,85.38,31078.32,PINV001912,2
PUR001913,20231123,SUP068,PRD275,ST018,222,119.58,26546.76,PINV001913,14
PUR001914,20260716,SUP082,PRD112,ST015,203,740.43,150307.29,PINV001914,7
PUR001915,20240203,SUP078,PRD256,ST032,450,269.72,121374.0,PINV001915,3
PUR001916,20270928,SUP072,PRD288,ST014,184,797.31,146705.04,PINV001916,11
PUR001917,20230210,SUP016,PRD136,ST004,414,437.38,181075.32,PINV001917,7
PUR001918,20271219,SUP024,PRD209,ST042,287,306.92,88086.04,PINV001918,10
PUR001919,20240611,SUP019,PRD089,ST009,54,226.98,12256.92,PINV001919,14
PUR001920,20240823,SUP051,PRD196,ST012,150,376.82,56523.0,PINV001920,10
PUR001921,20260910,SUP066,PRD274,ST031,311,423.37,131668.07,PINV001921,11
PUR001922,20230505,SUP033,PRD172,ST043,403,403.34,162546.02,PINV001922,15
PUR001923,20250602,SUP074,PRD213,ST043,292,603.78,176303.76,PINV001923,6
PUR001924,20260131,SUP055,PRD063,ST040,289,39.85,11516.65,PINV001924,1
PUR001925,20230424,SUP033,PRD226,ST046,194,229.4,44503.6,PINV001925,14
PUR001926,20250515,SUP064,PRD191,ST025,201,68.2,13708.2,PINV001926,5
PUR001927,20260207,SUP012,PRD264,ST026,59,30.13,1777.67,PINV001927,4
PUR001928,20260516,SUP074,PRD090,ST017,337,182.71,61573.27,PINV001928,15
PUR001929,20281201,SUP032,PRD238,ST009,473,792.61,374904.53,PINV001929,8
PUR001930,20231022,SUP062,PRD219,ST004,379,627.24,237723.96,PINV001930,12
PUR001931,20240212,SUP100,PRD216,ST003,408,36.57,14920.56,PINV001931,3
PUR001932,20250920,SUP093,PRD245,ST042,202,205.48,41506.96,PINV001932,3
PUR001933,20280103,SUP060,PRD292,ST015,401,586.99,235382.99,PINV001933,10
PUR001934,20230430,SUP079,PRD103,ST005,422,181.81,76723.82,PINV001934,5
PUR001935,20271227,SUP010,PRD021,ST030,264,237.62,62731.68,PINV001935,15
PUR001936,20241015,SUP023,PRD031,ST041,378,236.35,89340.3,PINV001936,4
PUR001937,20260309,SUP021,PRD060,ST022,447,396.37,177177.39,PINV001937,2
PUR001938,20280723,SUP027,PRD032,ST010,454,361.56,164148.24,PINV001938,8
PUR001939,20241218,SUP009,PRD167,ST047,381,776.53,295857.93,PINV001939,4
PUR001940,20260818,SUP014,PRD297,ST021,202,798.39,161274.78,PINV001940,9
PUR001941,20231227,SUP035,PRD210,ST022,193,580.99,112131.07,PINV001941,10
PUR001942,20281111,SUP002,PRD249,ST039,355,365.85,129876.75,PINV001942,4
PUR001943,20260205,SUP055,PRD167,ST016,108,169.35,18289.8,PINV001943,8
PUR001944,20260102,SUP030,PRD155,ST017,159,706.0,112254.0,PINV001944,2
PUR001945,20250809,SUP075,PRD203,ST044,89,404.17,35971.13,PINV001945,13
PUR001946,20240725,SUP003,PRD219,ST045,294,156.53,46019.82,PINV001946,7
PUR001947,20271023,SUP066,PRD001,ST033,280,180.93,50660.4,PINV001947,8
PUR001948,20281224,SUP066,PRD240,ST050,384,116.96,44912.64,PINV001948,6
PUR001949,20231125,SUP092,PRD007,ST049,409,516.19,211121.71,PINV001949,1
PUR001950,20240117,SUP002,PRD090,ST023,398,489.89,194976.22,PINV001950,12
PUR001951,20250529,SUP096,PRD255,ST048,260,358.98,93334.8,PINV001951,7
PUR001952,20250511,SUP025,PRD019,ST016,333,93.61,31172.13,PINV001952,2
PUR001953,20271028,SUP078,PRD087,ST012,108,397.64,42945.12,PINV001953,3
PUR001954,20230530,SUP091,PRD210,ST018,214,168.4,36037.6,PINV001954,9
PUR001955,20271216,SUP006,PRD023,ST047,155,94.12,14588.6,PINV001955,3
PUR001956,20271110,SUP019,PRD084,ST038,200,233.25,46650.0,PINV001956,6
PUR001957,20250302,SUP003,PRD176,ST005,139,160.78,22348.42,PINV001957,13
PUR001958,20281015,SUP037,PRD089,ST009,224,85.28,19102.72,PINV001958,13
PUR001959,20260515,SUP095,PRD012,ST004,329,298.77,98295.33,PINV001959,13
PUR001960,20250208,SUP087,PRD099,ST005,259,347.1,89898.9,PINV001960,5
PUR001961,20251227,SUP034,PRD033,ST010,305,57.83,17638.15,PINV001961,6
PUR001962,20261015,SUP075,PRD182,ST008,237,630.01,149312.37,PINV001962,14
PUR001963,20270118,SUP089,PRD072,ST029,74,445.17,32942.58,PINV001963,6
PUR001964,20280513,SUP005,PRD016,ST045,410,575.25,235852.5,PINV001964,4
PUR001965,20240708,SUP050,PRD116,ST015,457,526.11,240432.27,PINV001965,9
PUR001966,20230526,SUP087,PRD013,ST031,234,531.98,124483.32,PINV001966,14
PUR001967,20270521,SUP034,PRD174,ST024,178,639.64,113855.92,PINV001967,5
PUR001968,20270213,SUP082,PRD213,ST003,307,106.18,32597.26,PINV001968,2
PUR001969,20230731,SUP005,PRD019,ST013,449,756.93,339861.57,PINV001969,10
PUR001970,20250915,SUP070,PRD052,ST039,300,359.65,107895.0,PINV001970,2
PUR001971,20231227,SUP073,PRD004,ST012,395,263.31,104007.45,PINV001971,3
PUR001972,20241016,SUP005,PRD114,ST015,327,730.51,238876.77,PINV001972,4
PUR001973,20270710,SUP052,PRD241,ST025,485,291.35,141304.75,PINV001973,4
PUR001974,20240723,SUP039,PRD137,ST037,321,724.03,232413.63,PINV001974,1
PUR001975,20240128,SUP020,PRD049,ST016,298,319.56,95228.88,PINV001975,6
PUR001976,20280314,SUP047,PRD124,ST044,181,21.77,3940.37,PINV001976,9
PUR001977,20231010,SUP044,PRD289,ST012,330,50.36,16618.8,PINV001977,6
PUR001978,20240907,SUP053,PRD146,ST005,73,80.58,5882.34,PINV001978,2
PUR001979,20241125,SUP013,PRD249,ST050,406,606.23,246129.38,PINV001979,10
PUR001980,20240130,SUP057,PRD167,ST019,406,696.06,282600.36,PINV001980,15
PUR001981,20280527,SUP081,PRD264,ST042,382,332.41,126980.62,PINV001981,3
PUR001982,20281223,SUP052,PRD298,ST028,327,542.35,177348.45,PINV001982,6
PUR001983,20280709,SUP016,PRD235,ST021,283,106.33,30091.39,PINV001983,9
PUR001984,20251020,SUP056,PRD109,ST011,331,126.87,41993.97,PINV001984,9
PUR001985,20250804,SUP004,PRD235,ST012,245,591.01,144797.45,PINV001985,7
PUR001986,20230929,SUP008,PRD182,ST038,499,264.71,132090.29,PINV001986,2
PUR001987,20280401,SUP039,PRD153,ST040,478,544.64,260337.92,PINV001987,9
PUR001988,20241016,SUP085,PRD217,ST009,331,666.19,220508.89,PINV001988,7
PUR001989,20260210,SUP011,PRD143,ST007,449,542.23,243461.27,PINV001989,3
PUR001990,20270316,SUP020,PRD184,ST030,138,573.92,79200.96,PINV001990,10
PUR001991,20260327,SUP066,PRD043,ST048,284,508.57,144433.88,PINV001991,1
PUR001992,20230331,SUP021,PRD084,ST041,469,452.4,212175.6,PINV001992,13
PUR001993,20261215,SUP050,PRD208,ST033,403,619.62,249706.86,PINV001993,15
PUR001994,20260510,SUP063,PRD258,ST047,499,376.68,187963.32,PINV001994,6
PUR001995,20280502,SUP058,PRD191,ST038,176,559.44,98461.44,PINV001995,4
PUR001996,20280913,SUP038,PRD177,ST001,392,235.95,92492.4,PINV001996,13
PUR001997,20271226,SUP028,PRD239,ST035,334,541.34,180807.56,PINV001997,3
PUR001998,20261123,SUP064,PRD266,ST030,449,314.5,141210.5,PINV001998,10
PUR001999,20230228,SUP034,PRD055,ST003,204,274.43,55983.72,PINV001999,7
PUR002000,20250514,SUP004,PRD172,ST031,127,478.54,60774.58,PINV002000,12
PUR002001,20241022,SUP077,PRD259,ST014,325,262.06,85169.5,PINV002001,10
PUR002002,20241005,SUP025,PRD249,ST042,272,740.44,201399.68,PINV002002,2
PUR002003,20240213,SUP029,PRD076,ST033,99,187.67,18579.33,PINV002003,2
PUR002004,20230215,SUP047,PRD288,ST004,364,108.71,39570.44,PINV002004,5
PUR002005,20260809,SUP052,PRD269,ST013,426,56.55,24090.3,PINV002005,6
PUR002006,20230606,SUP045,PRD152,ST005,114,498.36,56813.04,PINV002006,5
PUR002007,20230614,SUP092,PRD237,ST047,356,98.37,35019.72,PINV002007,8
PUR002008,20260703,SUP091,PRD207,ST040,493,582.2,287024.6,PINV002008,2
PUR002009,20280122,SUP036,PRD096,ST045,62,589.82,36568.84,PINV002009,7
PUR002010,20230101,SUP032,PRD130,ST008,330,672.32,221865.6,PINV002010,3
PUR002011,20281025,SUP076,PRD171,ST023,370,656.35,242849.5,PINV002011,14
PUR002012,20230319,SUP024,PRD050,ST026,484,570.08,275918.72,PINV002012,3
PUR002013,20240628,SUP014,PRD204,ST012,401,733.22,294021.22,PINV002013,11
PUR002014,20280501,SUP053,PRD004,ST028,280,363.05,101654.0,PINV002014,9
PUR002015,20260204,SUP071,PRD062,ST011,181,28.72,5198.32,PINV002015,5
PUR002016,20240618,SUP074,PRD051,ST020,170,614.99,104548.3,PINV002016,1
PUR002017,20231203,SUP011,PRD137,ST022,196,106.87,20946.52,PINV002017,11
PUR002018,20270109,SUP087,PRD022,ST048,344,526.19,181009.36,PINV002018,5
PUR002019,20260803,SUP099,PRD271,ST024,283,237.02,67076.66,PINV002019,11
PUR002020,20260522,SUP005,PRD063,ST034,460,94.42,43433.2,PINV002020,9
PUR002021,20230218,SUP045,PRD127,ST044,57,32.49,1851.93,PINV002021,5
PUR002022,20260311,SUP006,PRD242,ST001,169,173.71,29356.99,PINV002022,10
PUR002023,20240123,SUP093,PRD190,ST047,154,725.81,111774.74,PINV002023,5
PUR002024,20261014,SUP075,PRD056,ST038,129,197.96,25536.84,PINV002024,14
PUR002025,20280831,SUP010,PRD287,ST011,445,56.87,25307.15,PINV002025,10
PUR002026,20280627,SUP069,PRD058,ST035,72,680.36,48985.92,PINV002026,15
PUR002027,20240515,SUP050,PRD200,ST017,430,601.2,258516.0,PINV002027,13
PUR002028,20280114,SUP068,PRD181,ST031,324,101.38,32847.12,PINV002028,6
PUR002029,20270307,SUP091,PRD016,ST020,335,331.46,111039.1,PINV002029,10
PUR002030,20261128,SUP074,PRD166,ST015,167,351.57,58712.19,PINV002030,3
PUR002031,20260716,SUP070,PRD128,ST012,285,287.37,81900.45,PINV002031,1
PUR002032,20240806,SUP059,PRD188,ST043,135,358.98,48462.3,PINV002032,4
PUR002033,20251109,SUP072,PRD113,ST014,126,543.23,68446.98,PINV002033,9
PUR002034,20250423,SUP097,PRD063,ST008,310,455.11,141084.1,PINV002034,13
PUR002035,20260508,SUP064,PRD231,ST050,130,458.27,59575.1,PINV002035,3
PUR002036,20250502,SUP085,PRD102,ST016,118,683.13,80609.34,PINV002036,6
PUR002037,20240812,SUP049,PRD262,ST014,134,261.75,35074.5,PINV002037,7
PUR002038,20280307,SUP085,PRD095,ST040,308,382.36,117766.88,PINV002038,15
PUR002039,20251218,SUP045,PRD109,ST009,274,796.05,218117.7,PINV002039,13
PUR002040,20230428,SUP100,PRD028,ST016,390,749.8,292422.0,PINV002040,6
PUR002041,20271106,SUP099,PRD080,ST019,228,144.67,32984.76,PINV002041,4
PUR002042,20281229,SUP059,PRD256,ST003,100,150.91,15091.0,PINV002042,4
PUR002043,20240702,SUP006,PRD281,ST019,247,573.45,141642.15,PINV002043,10
PUR002044,20270807,SUP039,PRD100,ST033,163,353.47,57615.61,PINV002044,12
PUR002045,20270410,SUP100,PRD012,ST046,305,210.58,64226.9,PINV002045,10
PUR002046,20260715,SUP042,PRD219,ST037,313,250.86,78519.18,PINV002046,15
PUR002047,20240409,SUP097,PRD186,ST023,294,58.67,17248.98,PINV002047,6
PUR002048,20280905,SUP092,PRD287,ST039,498,710.69,353923.62,PINV002048,10
PUR002049,20280929,SUP078,PRD036,ST010,485,575.39,279064.15,PINV002049,6
PUR002050,20270304,SUP023,PRD162,ST027,365,391.48,142890.2,PINV002050,7
PUR002051,20270508,SUP080,PRD160,ST007,446,117.21,52275.66,PINV002051,11
PUR002052,20271102,SUP007,PRD185,ST038,464,356.16,165258.24,PINV002052,4
PUR002053,20251211,SUP081,PRD089,ST020,396,523.19,207183.24,PINV002053,13
PUR002054,20230924,SUP013,PRD103,ST023,301,556.1,167386.1,PINV002054,3
PUR002055,20230212,SUP098,PRD117,ST023,485,392.43,190328.55,PINV002055,7
PUR002056,20241018,SUP030,PRD126,ST045,158,774.9,122434.2,PINV002056,2
PUR002057,20261224,SUP090,PRD219,ST036,413,799.77,330305.01,PINV002057,11
PUR002058,20251227,SUP064,PRD160,ST013,250,219.03,54757.5,PINV002058,5
PUR002059,20261231,SUP031,PRD266,ST016,363,413.0,149919.0,PINV002059,15
PUR002060,20240605,SUP092,PRD236,ST044,273,478.15,130534.95,PINV002060,12
PUR002061,20261019,SUP018,PRD010,ST004,463,424.34,196469.42,PINV002061,14
PUR002062,20240227,SUP037,PRD028,ST028,199,130.01,25871.99,PINV002062,8
PUR002063,20271101,SUP054,PRD268,ST037,90,240.08,21607.2,PINV002063,13
PUR002064,20250313,SUP050,PRD186,ST003,222,41.59,9232.98,PINV002064,5
PUR002065,20270216,SUP015,PRD260,ST008,361,753.0,271833.0,PINV002065,4
PUR002066,20260102,SUP001,PRD048,ST023,265,489.62,129749.3,PINV002066,7
PUR002067,20240908,SUP021,PRD256,ST026,95,489.39,46492.05,PINV002067,11
PUR002068,20250923,SUP011,PRD160,ST004,500,450.47,225235.0,PINV002068,15
PUR002069,20260410,SUP094,PRD269,ST036,455,110.77,50400.35,PINV002069,9
PUR002070,20281027,SUP095,PRD080,ST036,466,35.04,16328.64,PINV002070,1
PUR002071,20261224,SUP059,PRD027,ST009,478,449.46,214841.88,PINV002071,11
PUR002072,20231218,SUP021,PRD236,ST029,406,109.94,44635.64,PINV002072,7
PUR002073,20270613,SUP082,PRD183,ST030,157,474.43,74485.51,PINV002073,6
PUR002074,20241231,SUP035,PRD017,ST016,139,286.57,39833.23,PINV002074,14
PUR002075,20280430,SUP040,PRD165,ST043,73,150.51,10987.23,PINV002075,15
PUR002076,20240822,SUP033,PRD070,ST031,306,531.99,162788.94,PINV002076,7
PUR002077,20280320,SUP044,PRD194,ST020,223,688.06,153437.38,PINV002077,14
PUR002078,20281108,SUP066,PRD279,ST025,62,502.09,31129.58,PINV002078,5
PUR002079,20260313,SUP006,PRD192,ST020,438,734.38,321658.44,PINV002079,11
PUR002080,20260711,SUP002,PRD140,ST010,421,294.46,123967.66,PINV002080,10
PUR002081,20250605,SUP050,PRD099,ST032,71,25.99,1845.29,PINV002081,7
PUR002082,20280628,SUP091,PRD075,ST014,237,737.25,174728.25,PINV002082,3
PUR002083,20250107,SUP014,PRD179,ST023,312,530.77,165600.24,PINV002083,15
PUR002084,20270307,SUP082,PRD070,ST038,331,134.78,44612.18,PINV002084,3
PUR002085,20280506,SUP084,PRD070,ST022,425,775.4,329545.0,PINV002085,6
PUR002086,20260722,SUP008,PRD057,ST023,430,159.21,68460.3,PINV002086,4
PUR002087,20280104,SUP087,PRD293,ST022,285,570.87,162697.95,PINV002087,14
PUR002088,20270219,SUP031,PRD105,ST043,404,702.97,283999.88,PINV002088,14
PUR002089,20270517,SUP087,PRD281,ST022,468,102.79,48105.72,PINV002089,8
PUR002090,20240206,SUP030,PRD038,ST048,155,560.02,86803.1,PINV002090,12
PUR002091,20230212,SUP059,PRD199,ST003,151,102.56,15486.56,PINV002091,1
PUR002092,20241205,SUP084,PRD165,ST049,308,538.53,165867.24,PINV002092,9
PUR002093,20280916,SUP063,PRD016,ST007,462,451.98,208814.76,PINV002093,1
PUR002094,20241106,SUP063,PRD290,ST037,340,122.47,41639.8,PINV002094,6
PUR002095,20260226,SUP089,PRD276,ST048,221,265.71,58721.91,PINV002095,15
PUR002096,20271105,SUP016,PRD253,ST048,311,434.53,135138.83,PINV002096,9
PUR002097,20230210,SUP076,PRD227,ST010,345,207.64,71635.8,PINV002097,3
PUR002098,20260522,SUP048,PRD132,ST019,139,598.45,83184.55,PINV002098,8
PUR002099,20230209,SUP053,PRD274,ST042,457,134.69,61553.33,PINV002099,6
PUR002100,20250816,SUP022,PRD156,ST038,463,237.51,109967.13,PINV002100,4
PUR002101,20270620,SUP047,PRD292,ST050,172,229.16,39415.52,PINV002101,8
PUR002102,20240328,SUP096,PRD104,ST039,272,32.97,8967.84,PINV002102,9
PUR002103,20230825,SUP015,PRD026,ST012,292,750.55,219160.6,PINV002103,4
PUR002104,20281226,SUP020,PRD174,ST021,90,731.42,65827.8,PINV002104,8
PUR002105,20280927,SUP014,PRD286,ST003,328,709.11,232588.08,PINV002105,13
PUR002106,20250315,SUP053,PRD242,ST012,403,688.28,277376.84,PINV002106,2
PUR002107,20271221,SUP087,PRD267,ST043,340,446.07,151663.8,PINV002107,2
PUR002108,20260119,SUP032,PRD031,ST022,434,755.46,327869.64,PINV002108,13
PUR002109,20231117,SUP055,PRD204,ST015,70,694.86,48640.2,PINV002109,8
PUR002110,20240523,SUP086,PRD038,ST031,71,381.57,27091.47,PINV002110,9
PUR002111,20230809,SUP085,PRD070,ST019,310,409.38,126907.8,PINV002111,5
PUR002112,20240113,SUP100,PRD115,ST046,457,341.39,156015.23,PINV002112,8
PUR002113,20230618,SUP039,PRD124,ST013,123,45.9,5645.7,PINV002113,8
PUR002114,20230725,SUP088,PRD131,ST011,221,380.45,84079.45,PINV002114,14
PUR002115,20270823,SUP030,PRD105,ST049,140,428.17,59943.8,PINV002115,11
PUR002116,20270502,SUP032,PRD082,ST026,448,258.18,115664.64,PINV002116,13
PUR002117,20250808,SUP031,PRD057,ST031,221,402.06,88855.26,PINV002117,5
PUR002118,20250924,SUP049,PRD153,ST014,161,610.92,98358.12,PINV002118,2
PUR002119,20241121,SUP049,PRD162,ST017,338,408.43,138049.34,PINV002119,7
PUR002120,20240725,SUP047,PRD231,ST031,353,538.78,190189.34,PINV002120,3
PUR002121,20250531,SUP015,PRD181,ST035,358,564.65,202144.7,PINV002121,9
PUR002122,20240329,SUP089,PRD267,ST025,90,503.6,45324.0,PINV002122,7
PUR002123,20230816,SUP017,PRD042,ST004,407,261.75,106532.25,PINV002123,11
PUR002124,20281226,SUP095,PRD256,ST014,221,609.93,134794.53,PINV002124,14
PUR002125,20270105,SUP059,PRD183,ST001,433,178.22,77169.26,PINV002125,7
PUR002126,20270715,SUP057,PRD076,ST016,451,604.37,272570.87,PINV002126,13
PUR002127,20240422,SUP098,PRD089,ST035,334,363.36,121362.24,PINV002127,8
PUR002128,20240206,SUP074,PRD254,ST001,330,177.38,58535.4,PINV002128,4
PUR002129,20241123,SUP063,PRD077,ST005,487,737.99,359401.13,PINV002129,7
PUR002130,20250102,SUP018,PRD049,ST017,478,392.73,187724.94,PINV002130,8
PUR002131,20250730,SUP017,PRD026,ST019,417,417.17,173959.89,PINV002131,10
PUR002132,20230728,SUP069,PRD244,ST003,476,41.54,19773.04,PINV002132,9
PUR002133,20280927,SUP015,PRD105,ST021,431,193.26,83295.06,PINV002133,4
PUR002134,20231225,SUP031,PRD069,ST002,250,713.56,178390.0,PINV002134,2
PUR002135,20270114,SUP083,PRD293,ST022,94,738.04,69375.76,PINV002135,1
PUR002136,20230604,SUP018,PRD066,ST037,177,587.0,103899.0,PINV002136,1
PUR002137,20280904,SUP033,PRD039,ST010,456,749.2,341635.2,PINV002137,7
PUR002138,20240726,SUP083,PRD226,ST018,75,310.05,23253.75,PINV002138,1
PUR002139,20271014,SUP093,PRD237,ST038,418,430.26,179848.68,PINV002139,4
PUR002140,20250322,SUP011,PRD242,ST031,118,237.52,28027.36,PINV002140,6
PUR002141,20230225,SUP084,PRD203,ST046,81,547.62,44357.22,PINV002141,14
PUR002142,20280102,SUP061,PRD156,ST003,212,240.66,51019.92,PINV002142,9
PUR002143,20240927,SUP064,PRD211,ST001,492,435.14,214088.88,PINV002143,11
PUR002144,20260127,SUP095,PRD152,ST022,300,269.2,80760.0,PINV002144,6
PUR002145,20261125,SUP068,PRD135,ST041,172,214.82,36949.04,PINV002145,6
PUR002146,20251011,SUP051,PRD091,ST003,309,269.02,83127.18,PINV002146,8
PUR002147,20230709,SUP078,PRD214,ST037,272,586.5,159528.0,PINV002147,3
PUR002148,20250705,SUP069,PRD095,ST021,299,634.73,189784.27,PINV002148,7
PUR002149,20270603,SUP020,PRD286,ST049,231,543.88,125636.28,PINV002149,1
PUR002150,20250316,SUP066,PRD103,ST034,480,136.09,65323.2,PINV002150,5
PUR002151,20260506,SUP084,PRD094,ST020,324,635.97,206054.28,PINV002151,14
PUR002152,20231126,SUP041,PRD142,ST036,369,24.93,9199.17,PINV002152,1
PUR002153,20230218,SUP072,PRD287,ST026,263,82.74,21760.62,PINV002153,14
PUR002154,20281101,SUP009,PRD050,ST029,217,488.31,105963.27,PINV002154,11
PUR002155,20250704,SUP005,PRD093,ST050,52,397.69,20679.88,PINV002155,1
PUR002156,20260924,SUP055,PRD093,ST020,228,664.62,151533.36,PINV002156,8
PUR002157,20260409,SUP080,PRD191,ST005,492,291.29,143314.68,PINV002157,2
PUR002158,20250825,SUP083,PRD235,ST001,317,86.71,27487.07,PINV002158,10
PUR002159,20251022,SUP063,PRD132,ST047,322,333.64,107432.08,PINV002159,13
PUR002160,20251102,SUP099,PRD205,ST050,271,225.85,61205.35,PINV002160,10
PUR002161,20231128,SUP064,PRD227,ST007,51,56.15,2863.65,PINV002161,9
PUR002162,20270613,SUP077,PRD095,ST006,488,616.79,300993.52,PINV002162,1
PUR002163,20240501,SUP006,PRD075,ST015,285,217.28,61924.8,PINV002163,8
PUR002164,20241109,SUP058,PRD199,ST041,430,500.9,215387.0,PINV002164,1
PUR002165,20230419,SUP079,PRD207,ST005,179,265.38,47503.02,PINV002165,11
PUR002166,20251126,SUP051,PRD054,ST021,194,508.65,98678.1,PINV002166,14
PUR002167,20231216,SUP081,PRD203,ST040,343,280.3,96142.9,PINV002167,6
PUR002168,20270706,SUP022,PRD255,ST028,212,708.07,150110.84,PINV002168,9
PUR002169,20260603,SUP050,PRD058,ST036,51,492.0,25092.0,PINV002169,7
PUR002170,20250701,SUP064,PRD093,ST012,304,683.07,207653.28,PINV002170,12
PUR002171,20280701,SUP037,PRD004,ST011,124,74.12,9190.88,PINV002171,2
PUR002172,20280325,SUP020,PRD230,ST016,258,226.94,58550.52,PINV002172,5
PUR002173,20231212,SUP002,PRD038,ST002,475,160.54,76256.5,PINV002173,4
PUR002174,20281225,SUP010,PRD253,ST015,341,462.57,157736.37,PINV002174,1
PUR002175,20250419,SUP037,PRD100,ST027,109,371.46,40489.14,PINV002175,1
PUR002176,20250701,SUP060,PRD084,ST044,185,263.05,48664.25,PINV002176,4
PUR002177,20260904,SUP083,PRD236,ST042,440,98.89,43511.6,PINV002177,6
PUR002178,20280127,SUP001,PRD281,ST029,259,280.12,72551.08,PINV002178,15
PUR002179,20261212,SUP030,PRD062,ST019,281,167.54,47078.74,PINV002179,4
PUR002180,20231208,SUP093,PRD181,ST019,204,208.72,42578.88,PINV002180,11
PUR002181,20230208,SUP010,PRD173,ST049,157,242.29,38039.53,PINV002181,11
PUR002182,20230822,SUP008,PRD022,ST042,166,262.55,43583.3,PINV002182,9
PUR002183,20241030,SUP027,PRD232,ST002,441,571.84,252181.44,PINV002183,14
PUR002184,20230306,SUP059,PRD222,ST018,270,338.78,91470.6,PINV002184,9
PUR002185,20230109,SUP009,PRD131,ST030,257,799.42,205450.94,PINV002185,12
PUR002186,20240816,SUP046,PRD283,ST045,336,343.75,115500.0,PINV002186,1
PUR002187,20240914,SUP004,PRD013,ST004,308,734.94,226361.52,PINV002187,9
PUR002188,20240302,SUP075,PRD250,ST015,71,57.9,4110.9,PINV002188,5
PUR002189,20270821,SUP066,PRD246,ST010,290,489.0,141810.0,PINV002189,11
PUR002190,20241126,SUP085,PRD153,ST039,247,562.59,138959.73,PINV002190,14
PUR002191,20240917,SUP058,PRD072,ST038,79,298.7,23597.3,PINV002191,11
PUR002192,20231014,SUP054,PRD024,ST011,194,419.5,81383.0,PINV002192,13
PUR002193,20231214,SUP040,PRD133,ST043,78,195.18,15224.04,PINV002193,15
PUR002194,20230307,SUP025,PRD199,ST039,58,496.75,28811.5,PINV002194,15
PUR002195,20240314,SUP030,PRD122,ST022,173,626.81,108438.13,PINV002195,2
PUR002196,20280712,SUP004,PRD071,ST040,59,645.18,38065.62,PINV002196,5
PUR002197,20280701,SUP014,PRD264,ST029,231,409.39,94569.09,PINV002197,8
PUR002198,20280210,SUP074,PRD142,ST021,327,725.43,237215.61,PINV002198,11
PUR002199,20241112,SUP041,PRD139,ST007,61,610.49,37239.89,PINV002199,1
PUR002200,20271009,SUP092,PRD115,ST049,328,619.95,203343.6,PINV002200,7
PUR002201,20250530,SUP082,PRD026,ST025,222,620.46,137742.12,PINV002201,11
PUR002202,20260208,SUP080,PRD012,ST049,73,688.73,50277.29,PINV002202,9
PUR002203,20270916,SUP057,PRD299,ST042,414,291.76,120788.64,PINV002203,3
PUR002204,20240816,SUP019,PRD290,ST038,214,354.08,75773.12,PINV002204,2
PUR002205,20280719,SUP066,PRD285,ST036,176,421.87,74249.12,PINV002205,12
PUR002206,20240419,SUP009,PRD083,ST015,487,116.71,56837.77,PINV002206,1
PUR002207,20260410,SUP025,PRD143,ST003,260,592.75,154115.0,PINV002207,11
PUR002208,20280203,SUP003,PRD006,ST019,140,29.6,4144.0,PINV002208,12
PUR002209,20270505,SUP087,PRD049,ST008,445,316.14,140682.3,PINV002209,10
PUR002210,20250811,SUP040,PRD210,ST039,329,89.81,29547.49,PINV002210,13
PUR002211,20241123,SUP071,PRD202,ST049,374,35.78,13381.72,PINV002211,4
PUR002212,20251027,SUP015,PRD228,ST002,415,512.17,212550.55,PINV002212,13
PUR002213,20230201,SUP010,PRD108,ST038,85,744.71,63300.35,PINV002213,10
PUR002214,20250921,SUP016,PRD122,ST011,213,643.46,137056.98,PINV002214,6
PUR002215,20250716,SUP098,PRD243,ST023,313,122.12,38223.56,PINV002215,10
PUR002216,20271122,SUP031,PRD205,ST035,444,752.72,334207.68,PINV002216,13
PUR002217,20250629,SUP096,PRD244,ST038,300,503.62,151086.0,PINV002217,10
PUR002218,20270213,SUP081,PRD254,ST027,309,516.38,159561.42,PINV002218,6
PUR002219,20240715,SUP019,PRD135,ST007,130,758.93,98660.9,PINV002219,2
PUR002220,20271204,SUP085,PRD086,ST006,482,135.51,65315.82,PINV002220,15
PUR002221,20240716,SUP064,PRD011,ST046,364,484.52,176365.28,PINV002221,6
PUR002222,20231127,SUP059,PRD241,ST009,373,205.4,76614.2,PINV002222,3
PUR002223,20260209,SUP067,PRD086,ST043,141,431.93,60902.13,PINV002223,1
PUR002224,20250705,SUP024,PRD143,ST050,369,453.74,167430.06,PINV002224,1
PUR002225,20280912,SUP003,PRD132,ST046,177,125.03,22130.31,PINV002225,6
PUR002226,20230508,SUP083,PRD068,ST015,459,277.06,127170.54,PINV002226,2
PUR002227,20250128,SUP008,PRD174,ST002,363,482.64,175198.32,PINV002227,6
PUR002228,20250819,SUP082,PRD253,ST019,305,202.48,61756.4,PINV002228,6
PUR002229,20230606,SUP098,PRD270,ST004,52,723.4,37616.8,PINV002229,2
PUR002230,20260204,SUP010,PRD185,ST041,109,500.57,54562.13,PINV002230,6
PUR002231,20281103,SUP083,PRD244,ST010,175,442.18,77381.5,PINV002231,15
PUR002232,20230517,SUP058,PRD215,ST021,299,117.25,35057.75,PINV002232,8
PUR002233,20280524,SUP047,PRD027,ST013,217,343.35,74506.95,PINV002233,6
PUR002234,20281106,SUP003,PRD186,ST033,203,480.42,97525.26,PINV002234,8
PUR002235,20280507,SUP037,PRD266,ST037,120,333.13,39975.6,PINV002235,14
PUR002236,20271229,SUP052,PRD197,ST013,338,783.98,264985.24,PINV002236,12
PUR002237,20241223,SUP042,PRD132,ST037,466,702.89,327546.74,PINV002237,7
PUR002238,20281222,SUP062,PRD011,ST002,416,258.48,107527.68,PINV002238,9
PUR002239,20240620,SUP090,PRD287,ST007,266,430.97,114638.02,PINV002239,8
PUR002240,20281210,SUP043,PRD170,ST001,440,490.88,215987.2,PINV002240,6
PUR002241,20250926,SUP024,PRD225,ST029,227,636.9,144576.3,PINV002241,6
PUR002242,20250403,SUP003,PRD003,ST019,317,356.4,112978.8,PINV002242,10
PUR002243,20280728,SUP079,PRD153,ST031,371,325.67,120823.57,PINV002243,14
PUR002244,20230612,SUP039,PRD246,ST018,79,499.03,39423.37,PINV002244,3
PUR002245,20270923,SUP040,PRD275,ST018,439,344.19,151099.41,PINV002245,2
PUR002246,20240612,SUP063,PRD222,ST048,255,47.56,12127.8,PINV002246,5
PUR002247,20270914,SUP037,PRD086,ST046,62,191.44,11869.28,PINV002247,7
PUR002248,20230719,SUP084,PRD021,ST046,58,177.88,10317.04,PINV002248,9
PUR002249,20280205,SUP089,PRD051,ST049,478,365.57,174742.46,PINV002249,12
PUR002250,20230130,SUP012,PRD085,ST016,209,385.75,80621.75,PINV002250,4
PUR002251,20230611,SUP077,PRD055,ST040,418,620.42,259335.56,PINV002251,14
PUR002252,20241011,SUP035,PRD156,ST007,494,320.33,158243.02,PINV002252,1
PUR002253,20260625,SUP053,PRD035,ST003,148,174.96,25894.08,PINV002253,13
PUR002254,20230918,SUP047,PRD195,ST022,97,484.38,46984.86,PINV002254,12
PUR002255,20270929,SUP096,PRD003,ST027,235,622.48,146282.8,PINV002255,6
PUR002256,20270626,SUP028,PRD219,ST009,204,584.48,119233.92,PINV002256,13
PUR002257,20260222,SUP013,PRD221,ST039,381,255.32,97276.92,PINV002257,15
PUR002258,20231231,SUP058,PRD228,ST008,378,71.53,27038.34,PINV002258,11
PUR002259,20240725,SUP068,PRD230,ST023,169,679.57,114847.33,PINV002259,14
PUR002260,20280929,SUP039,PRD262,ST039,62,654.14,40556.68,PINV002260,5
PUR002261,20281225,SUP079,PRD203,ST030,302,41.62,12569.24,PINV002261,7
PUR002262,20231222,SUP080,PRD104,ST003,384,521.43,200229.12,PINV002262,5
PUR002263,20240215,SUP080,PRD169,ST029,223,247.45,55181.35,PINV002263,1
PUR002264,20231026,SUP072,PRD030,ST030,457,598.21,273381.97,PINV002264,12
PUR002265,20230131,SUP020,PRD028,ST003,341,670.25,228555.25,PINV002265,7
PUR002266,20261015,SUP066,PRD170,ST018,435,745.36,324231.6,PINV002266,7
PUR002267,20241116,SUP028,PRD120,ST004,409,34.59,14147.31,PINV002267,3
PUR002268,20231108,SUP003,PRD182,ST019,411,418.55,172024.05,PINV002268,13
PUR002269,20280816,SUP002,PRD193,ST023,65,733.19,47657.35,PINV002269,3
PUR002270,20260627,SUP097,PRD246,ST041,101,389.82,39371.82,PINV002270,13
PUR002271,20230321,SUP037,PRD102,ST003,323,517.55,167168.65,PINV002271,9
PUR002272,20230225,SUP035,PRD171,ST024,370,360.7,133459.0,PINV002272,6
PUR002273,20260717,SUP013,PRD049,ST050,230,292.09,67180.7,PINV002273,12
PUR002274,20270808,SUP019,PRD064,ST017,215,312.82,67256.3,PINV002274,3
PUR002275,20260301,SUP074,PRD053,ST004,185,440.06,81411.1,PINV002275,1
PUR002276,20260226,SUP044,PRD086,ST001,102,433.98,44265.96,PINV002276,5
PUR002277,20280711,SUP070,PRD187,ST016,310,491.58,152389.8,PINV002277,7
PUR002278,20230829,SUP043,PRD123,ST002,478,53.49,25568.22,PINV002278,10
PUR002279,20240627,SUP083,PRD030,ST005,212,475.59,100825.08,PINV002279,2
PUR002280,20250214,SUP033,PRD059,ST038,500,347.73,173865.0,PINV002280,5
PUR002281,20250803,SUP087,PRD078,ST006,361,443.1,159959.1,PINV002281,12
PUR002282,20231020,SUP062,PRD295,ST027,390,317.49,123821.1,PINV002282,4
PUR002283,20260610,SUP066,PRD162,ST049,209,618.81,129331.29,PINV002283,10
PUR002284,20250414,SUP075,PRD047,ST003,192,624.83,119967.36,PINV002284,2
PUR002285,20250707,SUP014,PRD015,ST043,309,164.73,50901.57,PINV002285,11
PUR002286,20271030,SUP019,PRD116,ST003,468,106.06,49636.08,PINV002286,13
PUR002287,20270703,SUP060,PRD132,ST028,439,549.31,241147.09,PINV002287,12
PUR002288,20230219,SUP028,PRD213,ST039,464,22.86,10607.04,PINV002288,13
PUR002289,20281011,SUP019,PRD180,ST038,292,408.92,119404.64,PINV002289,4
PUR002290,20231118,SUP052,PRD037,ST011,437,686.77,300118.49,PINV002290,9
PUR002291,20260222,SUP028,PRD008,ST042,171,532.35,91031.85,PINV002291,7
PUR002292,20250512,SUP010,PRD026,ST006,401,276.32,110804.32,PINV002292,1
PUR002293,20280708,SUP066,PRD211,ST010,260,723.2,188032.0,PINV002293,7
PUR002294,20270528,SUP087,PRD057,ST048,220,165.06,36313.2,PINV002294,3
PUR002295,20260220,SUP098,PRD288,ST013,184,323.72,59564.48,PINV002295,3
PUR002296,20250405,SUP041,PRD073,ST028,353,166.49,58770.97,PINV002296,5
PUR002297,20270113,SUP074,PRD068,ST019,131,87.67,11484.77,PINV002297,14
PUR002298,20260421,SUP027,PRD196,ST040,94,359.06,33751.64,PINV002298,5
PUR002299,20271209,SUP059,PRD034,ST006,476,723.57,344419.32,PINV002299,14
PUR002300,20270705,SUP029,PRD224,ST005,161,610.67,98317.87,PINV002300,7
PUR002301,20251109,SUP009,PRD190,ST038,113,713.5,80625.5,PINV002301,1
PUR002302,20270819,SUP017,PRD064,ST006,344,572.73,197019.12,PINV002302,1
PUR002303,20280419,SUP044,PRD241,ST043,273,607.54,165858.42,PINV002303,6
PUR002304,20250521,SUP074,PRD046,ST007,392,681.78,267257.76,PINV002304,11
PUR002305,20250707,SUP092,PRD040,ST003,188,537.91,101127.08,PINV002305,2
PUR002306,20261215,SUP058,PRD106,ST007,80,615.19,49215.2,PINV002306,10
PUR002307,20280611,SUP035,PRD197,ST019,113,296.78,33536.14,PINV002307,8
PUR002308,20260818,SUP098,PRD059,ST044,166,695.85,115511.1,PINV002308,9
PUR002309,20270316,SUP041,PRD239,ST036,95,552.88,52523.6,PINV002309,5
PUR002310,20260907,SUP077,PRD295,ST044,442,287.13,126911.46,PINV002310,3
PUR002311,20280227,SUP038,PRD262,ST042,439,481.31,211295.09,PINV002311,8
PUR002312,20241129,SUP081,PRD005,ST027,471,399.02,187938.42,PINV002312,8
PUR002313,20250203,SUP058,PRD114,ST010,178,85.48,15215.44,PINV002313,7
PUR002314,20240206,SUP006,PRD175,ST004,121,726.88,87952.48,PINV002314,13
PUR002315,20260610,SUP073,PRD090,ST022,431,153.52,66167.12,PINV002315,5
PUR002316,20230307,SUP096,PRD270,ST027,255,552.02,140765.1,PINV002316,8
PUR002317,20250910,SUP022,PRD238,ST001,388,659.06,255715.28,PINV002317,11
PUR002318,20230721,SUP071,PRD195,ST033,204,578.73,118060.92,PINV002318,9
PUR002319,20250810,SUP087,PRD252,ST019,185,735.94,136148.9,PINV002319,7
PUR002320,20250810,SUP075,PRD147,ST041,478,442.7,211610.6,PINV002320,3
PUR002321,20280203,SUP094,PRD043,ST032,52,47.64,2477.28,PINV002321,2
PUR002322,20240914,SUP068,PRD279,ST023,356,312.21,111146.76,PINV002322,5
PUR002323,20230407,SUP002,PRD060,ST027,327,781.1,255419.7,PINV002323,4
PUR002324,20261031,SUP008,PRD114,ST031,223,76.09,16968.07,PINV002324,3
PUR002325,20230707,SUP085,PRD199,ST036,499,378.14,188691.86,PINV002325,8
PUR002326,20271202,SUP099,PRD126,ST029,164,57.39,9411.96,PINV002326,10
PUR002327,20230822,SUP077,PRD122,ST008,492,654.53,322028.76,PINV002327,10
PUR002328,20260219,SUP066,PRD037,ST041,224,274.4,61465.6,PINV002328,7
PUR002329,20270514,SUP052,PRD212,ST039,494,591.15,292028.1,PINV002329,14
PUR002330,20250115,SUP064,PRD020,ST030,363,144.07,52297.41,PINV002330,7
PUR002331,20260809,SUP034,PRD227,ST013,351,132.85,46630.35,PINV002331,8
PUR002332,20270605,SUP012,PRD161,ST030,97,124.1,12037.7,PINV002332,9
PUR002333,20280327,SUP045,PRD023,ST046,436,232.42,101335.12,PINV002333,10
PUR002334,20270406,SUP039,PRD023,ST025,474,270.31,128126.94,PINV002334,14
PUR002335,20270408,SUP054,PRD166,ST002,434,716.71,311052.14,PINV002335,14
PUR002336,20250111,SUP032,PRD213,ST026,304,183.59,55811.36,PINV002336,12
PUR002337,20231106,SUP080,PRD008,ST022,405,406.3,164551.5,PINV002337,7
PUR002338,20241019,SUP067,PRD172,ST019,198,401.49,79495.02,PINV002338,3
PUR002339,20250906,SUP045,PRD121,ST040,78,497.99,38843.22,PINV002339,15
PUR002340,20250401,SUP027,PRD151,ST043,298,64.67,19271.66,PINV002340,12
PUR002341,20260404,SUP022,PRD123,ST031,315,588.8,185472.0,PINV002341,4
PUR002342,20240306,SUP027,PRD045,ST017,428,565.14,241879.92,PINV002342,10
PUR002343,20240703,SUP027,PRD186,ST002,180,149.16,26848.8,PINV002343,5
PUR002344,20271011,SUP076,PRD270,ST021,67,418.78,28058.26,PINV002344,11
PUR002345,20280817,SUP068,PRD112,ST013,478,668.0,319304.0,PINV002345,11
PUR002346,20270107,SUP077,PRD286,ST004,113,135.25,15283.25,PINV002346,11
PUR002347,20271219,SUP086,PRD143,ST039,296,772.16,228559.36,PINV002347,6
PUR002348,20280719,SUP089,PRD195,ST029,230,197.36,45392.8,PINV002348,4
PUR002349,20260419,SUP097,PRD069,ST019,338,494.85,167259.3,PINV002349,15
PUR002350,20250901,SUP076,PRD167,ST049,104,215.74,22436.96,PINV002350,6
PUR002351,20230906,SUP064,PRD190,ST036,148,256.77,38001.96,PINV002351,8
PUR002352,20260218,SUP044,PRD212,ST044,82,501.37,41112.34,PINV002352,14
PUR002353,20250127,SUP031,PRD230,ST034,305,509.95,155534.75,PINV002353,6
PUR002354,20270123,SUP017,PRD165,ST011,279,359.53,100308.87,PINV002354,10
PUR002355,20251113,SUP070,PRD178,ST040,369,537.36,198285.84,PINV002355,7
PUR002356,20280731,SUP085,PRD050,ST025,76,742.87,56458.12,PINV002356,7
PUR002357,20251118,SUP041,PRD043,ST031,208,47.32,9842.56,PINV002357,12
PUR002358,20260127,SUP088,PRD085,ST009,299,276.14,82565.86,PINV002358,6
PUR002359,20280525,SUP025,PRD276,ST029,189,628.7,118824.3,PINV002359,3
PUR002360,20280201,SUP011,PRD003,ST045,77,438.99,33802.23,PINV002360,5
PUR002361,20240618,SUP063,PRD279,ST002,492,68.71,33805.32,PINV002361,9
PUR002362,20260107,SUP080,PRD239,ST025,219,271.83,59530.77,PINV002362,5
PUR002363,20270903,SUP013,PRD201,ST021,238,532.51,126737.38,PINV002363,12
PUR002364,20261103,SUP097,PRD216,ST039,68,464.85,31609.8,PINV002364,8
PUR002365,20261028,SUP057,PRD160,ST049,175,509.12,89096.0,PINV002365,12
PUR002366,20250902,SUP051,PRD161,ST039,420,430.58,180843.6,PINV002366,13
PUR002367,20280415,SUP072,PRD125,ST016,254,789.09,200428.86,PINV002367,5
PUR002368,20230127,SUP009,PRD047,ST015,206,327.35,67434.1,PINV002368,1
PUR002369,20250819,SUP021,PRD210,ST035,156,764.18,119212.08,PINV002369,14
PUR002370,20280419,SUP075,PRD182,ST036,347,743.72,258070.84,PINV002370,2
PUR002371,20240616,SUP010,PRD030,ST013,119,539.87,64244.53,PINV002371,5
PUR002372,20280803,SUP062,PRD279,ST012,288,103.31,29753.28,PINV002372,7
PUR002373,20260504,SUP021,PRD227,ST009,140,611.96,85674.4,PINV002373,1
PUR002374,20260726,SUP075,PRD024,ST017,435,684.33,297683.55,PINV002374,15
PUR002375,20281017,SUP018,PRD200,ST038,408,441.56,180156.48,PINV002375,9
PUR002376,20260716,SUP086,PRD119,ST017,395,349.14,137910.3,PINV002376,15
PUR002377,20270912,SUP100,PRD011,ST016,419,701.55,293949.45,PINV002377,6
PUR002378,20281104,SUP056,PRD169,ST009,322,476.12,153310.64,PINV002378,10
PUR002379,20230420,SUP008,PRD151,ST049,232,648.88,150540.16,PINV002379,6
PUR002380,20240305,SUP064,PRD237,ST039,400,208.5,83400.0,PINV002380,3
PUR002381,20231015,SUP052,PRD035,ST001,90,170.99,15389.1,PINV002381,1
PUR002382,20250701,SUP002,PRD182,ST047,202,548.19,110734.38,PINV002382,9
PUR002383,20271211,SUP037,PRD223,ST038,325,626.0,203450.0,PINV002383,2
PUR002384,20230314,SUP009,PRD206,ST016,190,74.33,14122.7,PINV002384,7
PUR002385,20230218,SUP003,PRD194,ST013,112,705.2,78982.4,PINV002385,6
PUR002386,20241209,SUP020,PRD205,ST008,398,21.46,8541.08,PINV002386,5
PUR002387,20230407,SUP056,PRD111,ST049,354,463.99,164252.46,PINV002387,7
PUR002388,20250521,SUP098,PRD103,ST048,456,692.77,315903.12,PINV002388,7
PUR002389,20271203,SUP058,PRD242,ST033,434,511.32,221912.88,PINV002389,12
PUR002390,20240815,SUP067,PRD127,ST003,326,233.66,76173.16,PINV002390,11
PUR002391,20231015,SUP032,PRD243,ST034,82,568.57,46622.74,PINV002391,1
PUR002392,20230918,SUP043,PRD097,ST022,159,580.04,92226.36,PINV002392,13
PUR002393,20250305,SUP002,PRD083,ST016,383,493.41,188976.03,PINV002393,8
PUR002394,20261020,SUP036,PRD210,ST030,406,612.98,248869.88,PINV002394,2
PUR002395,20260205,SUP018,PRD063,ST034,323,743.76,240234.48,PINV002395,13
PUR002396,20230905,SUP059,PRD005,ST049,447,124.12,55481.64,PINV002396,8
PUR002397,20281017,SUP036,PRD003,ST046,107,500.12,53512.84,PINV002397,13
PUR002398,20250320,SUP080,PRD081,ST044,69,268.24,18508.56,PINV002398,4
PUR002399,20281103,SUP071,PRD189,ST013,460,664.83,305821.8,PINV002399,12
PUR002400,20230710,SUP096,PRD169,ST024,279,36.4,10155.6,PINV002400,11
PUR002401,20280220,SUP005,PRD205,ST049,211,508.11,107211.21,PINV002401,15
PUR002402,20251211,SUP065,PRD047,ST029,131,48.15,6307.65,PINV002402,5
PUR002403,20251231,SUP019,PRD139,ST033,387,376.3,145628.1,PINV002403,3
PUR002404,20251110,SUP081,PRD243,ST021,220,536.69,118071.8,PINV002404,8
PUR002405,20230221,SUP083,PRD173,ST015,272,777.36,211441.92,PINV002405,4
PUR002406,20240206,SUP034,PRD221,ST026,265,348.63,92386.95,PINV002406,6
PUR002407,20240105,SUP021,PRD236,ST046,298,613.4,182793.2,PINV002407,14
PUR002408,20240624,SUP027,PRD268,ST044,258,486.91,125622.78,PINV002408,1
PUR002409,20281022,SUP008,PRD087,ST043,295,723.7,213491.5,PINV002409,13
PUR002410,20260211,SUP028,PRD083,ST003,403,796.24,320884.72,PINV002410,2
PUR002411,20270918,SUP096,PRD051,ST038,390,512.88,200023.2,PINV002411,15
PUR002412,20231018,SUP074,PRD096,ST032,181,377.02,68240.62,PINV002412,1
PUR002413,20250606,SUP014,PRD036,ST037,200,234.31,46862.0,PINV002413,8
PUR002414,20231007,SUP037,PRD045,ST027,244,694.29,169406.76,PINV002414,8
PUR002415,20250615,SUP096,PRD095,ST027,428,783.46,335320.88,PINV002415,13
PUR002416,20270516,SUP036,PRD107,ST021,285,420.19,119754.15,PINV002416,10
PUR002417,20240509,SUP061,PRD265,ST039,191,625.78,119523.98,PINV002417,1
PUR002418,20280316,SUP055,PRD089,ST026,70,680.57,47639.9,PINV002418,6
PUR002419,20231201,SUP002,PRD254,ST033,311,675.71,210145.81,PINV002419,5
PUR002420,20240506,SUP086,PRD115,ST011,235,112.47,26430.45,PINV002420,5
PUR002421,20231127,SUP043,PRD208,ST006,484,742.94,359582.96,PINV002421,3
PUR002422,20230814,SUP041,PRD236,ST031,458,115.12,52724.96,PINV002422,6
PUR002423,20270421,SUP047,PRD150,ST036,380,541.59,205804.2,PINV002423,2
PUR002424,20280212,SUP034,PRD074,ST047,321,150.76,48393.96,PINV002424,9
PUR002425,20250325,SUP052,PRD028,ST042,400,596.75,238700.0,PINV002425,12
PUR002426,20240220,SUP058,PRD094,ST033,184,577.53,106265.52,PINV002426,6
PUR002427,20260212,SUP097,PRD142,ST014,169,777.44,131387.36,PINV002427,3
PUR002428,20260616,SUP031,PRD256,ST006,451,150.91,68060.41,PINV002428,9
PUR002429,20230925,SUP075,PRD172,ST017,182,752.53,136960.46,PINV002429,3
PUR002430,20231006,SUP022,PRD103,ST049,342,783.25,267871.5,PINV002430,7
PUR002431,20251223,SUP062,PRD085,ST014,165,385.01,63526.65,PINV002431,2
PUR002432,20280719,SUP052,PRD213,ST009,143,698.72,99916.96,PINV002432,14
PUR002433,20280327,SUP007,PRD042,ST013,278,531.13,147654.14,PINV002433,14
PUR002434,20240223,SUP090,PRD015,ST018,212,577.63,122457.56,PINV002434,4
PUR002435,20240209,SUP031,PRD064,ST041,95,716.14,68033.3,PINV002435,3
PUR002436,20250903,SUP095,PRD003,ST032,462,492.43,227502.66,PINV002436,12
PUR002437,20281212,SUP088,PRD061,ST015,253,197.97,50086.41,PINV002437,8
PUR002438,20250619,SUP098,PRD114,ST018,105,250.89,26343.45,PINV002438,2
PUR002439,20270211,SUP023,PRD277,ST017,120,253.26,30391.2,PINV002439,14
PUR002440,20260830,SUP007,PRD118,ST004,201,536.63,107862.63,PINV002440,10
PUR002441,20230801,SUP090,PRD114,ST022,466,327.96,152829.36,PINV002441,1
PUR002442,20250905,SUP053,PRD151,ST023,257,701.15,180195.55,PINV002442,4
PUR002443,20240622,SUP059,PRD256,ST030,489,618.23,302314.47,PINV002443,1
PUR002444,20230311,SUP046,PRD113,ST034,336,46.02,15462.72,PINV002444,13
PUR002445,20250807,SUP004,PRD283,ST024,106,450.05,47705.3,PINV002445,6
PUR002446,20250718,SUP044,PRD269,ST048,403,724.67,292042.01,PINV002446,1
PUR002447,20230711,SUP032,PRD215,ST040,87,663.91,57760.17,PINV002447,2
PUR002448,20271120,SUP087,PRD187,ST021,272,269.8,73385.6,PINV002448,8
PUR002449,20231223,SUP017,PRD220,ST033,232,69.31,16079.92,PINV002449,8
PUR002450,20250116,SUP021,PRD214,ST014,400,220.28,88112.0,PINV002450,4
PUR002451,20250319,SUP096,PRD061,ST027,231,121.82,28140.42,PINV002451,2
PUR002452,20250209,SUP018,PRD006,ST031,101,362.75,36637.75,PINV002452,2
PUR002453,20241018,SUP091,PRD209,ST007,249,168.57,41973.93,PINV002453,11
PUR002454,20240801,SUP076,PRD286,ST005,375,553.68,207630.0,PINV002454,13
PUR002455,20231225,SUP001,PRD034,ST038,79,665.79,52597.41,PINV002455,6
PUR002456,20261123,SUP020,PRD253,ST015,267,579.12,154625.04,PINV002456,2
PUR002457,20270711,SUP089,PRD117,ST037,345,782.5,269962.5,PINV002457,9
PUR002458,20230405,SUP071,PRD105,ST046,152,630.23,95794.96,PINV002458,8
PUR002459,20280124,SUP025,PRD097,ST013,364,521.32,189760.48,PINV002459,2
PUR002460,20271108,SUP039,PRD073,ST011,354,312.94,110780.76,PINV002460,3
PUR002461,20270830,SUP039,PRD045,ST045,262,292.67,76679.54,PINV002461,9
PUR002462,20280629,SUP068,PRD191,ST004,357,441.23,157519.11,PINV002462,2
PUR002463,20270605,SUP080,PRD172,ST032,378,555.31,209907.18,PINV002463,12
PUR002464,20260911,SUP014,PRD049,ST050,215,218.85,47052.75,PINV002464,2
PUR002465,20250909,SUP083,PRD105,ST043,358,78.72,28181.76,PINV002465,7
PUR002466,20230720,SUP055,PRD059,ST047,327,145.02,47421.54,PINV002466,7
PUR002467,20240822,SUP083,PRD236,ST048,455,695.85,316611.75,PINV002467,2
PUR002468,20261018,SUP090,PRD115,ST043,68,545.71,37108.28,PINV002468,11
PUR002469,20250211,SUP045,PRD152,ST007,177,559.18,98974.86,PINV002469,14
PUR002470,20281007,SUP065,PRD239,ST048,302,641.16,193630.32,PINV002470,8
PUR002471,20240425,SUP062,PRD078,ST040,286,214.45,61332.7,PINV002471,7
PUR002472,20270711,SUP098,PRD236,ST031,257,598.47,153806.79,PINV002472,14
PUR002473,20260926,SUP008,PRD100,ST024,384,471.67,181121.28,PINV002473,13
PUR002474,20240521,SUP034,PRD186,ST010,130,757.1,98423.0,PINV002474,4
PUR002475,20280726,SUP052,PRD292,ST049,177,21.85,3867.45,PINV002475,8
PUR002476,20241201,SUP044,PRD189,ST030,286,784.19,224278.34,PINV002476,5
PUR002477,20251015,SUP053,PRD136,ST012,449,90.52,40643.48,PINV002477,8
PUR002478,20270726,SUP080,PRD150,ST009,500,53.93,26965.0,PINV002478,5
PUR002479,20230916,SUP078,PRD287,ST006,161,137.35,22113.35,PINV002479,11
PUR002480,20260803,SUP039,PRD033,ST013,122,294.28,35902.16,PINV002480,11
PUR002481,20251202,SUP078,PRD201,ST028,459,388.76,178440.84,PINV002481,5
PUR002482,20280524,SUP076,PRD067,ST024,191,338.08,64573.28,PINV002482,7
PUR002483,20240103,SUP095,PRD250,ST030,266,309.38,82295.08,PINV002483,1
PUR002484,20260926,SUP064,PRD209,ST017,364,267.87,97504.68,PINV002484,12
PUR002485,20270315,SUP080,PRD073,ST021,251,480.33,120562.83,PINV002485,7
PUR002486,20240131,SUP064,PRD108,ST009,262,629.65,164968.3,PINV002486,3
PUR002487,20250110,SUP043,PRD194,ST037,263,534.67,140618.21,PINV002487,14
PUR002488,20270314,SUP081,PRD168,ST044,166,392.5,65155.0,PINV002488,2
PUR002489,20261115,SUP020,PRD166,ST011,165,325.0,53625.0,PINV002489,4
PUR002490,20280118,SUP055,PRD112,ST019,434,653.75,283727.5,PINV002490,13
PUR002491,20270511,SUP073,PRD005,ST016,117,367.04,42943.68,PINV002491,7
PUR002492,20280915,SUP013,PRD012,ST045,79,505.0,39895.0,PINV002492,14
PUR002493,20261214,SUP021,PRD168,ST014,433,320.43,138746.19,PINV002493,1
PUR002494,20281012,SUP051,PRD248,ST032,169,646.66,109285.54,PINV002494,15
PUR002495,20260203,SUP082,PRD115,ST003,350,395.68,138488.0,PINV002495,2
PUR002496,20261017,SUP092,PRD149,ST043,156,147.97,23083.32,PINV002496,5
PUR002497,20250703,SUP042,PRD015,ST014,128,799.64,102353.92,PINV002497,7
PUR002498,20280728,SUP093,PRD180,ST011,91,194.94,17739.54,PINV002498,4
PUR002499,20230202,SUP076,PRD107,ST011,114,509.53,58086.42,PINV002499,1
PUR002500,20250102,SUP080,PRD232,ST016,58,170.69,9900.02,PINV002500,3
PUR002501,20230228,SUP025,PRD049,ST016,60,763.22,45793.2,PINV002501,15
PUR002502,20260130,SUP064,PRD103,ST003,244,95.67,23343.48,PINV002502,9
PUR002503,20230818,SUP047,PRD183,ST040,487,136.17,66314.79,PINV002503,2
PUR002504,20281125,SUP070,PRD226,ST021,213,287.76,61292.88,PINV002504,8
PUR002505,20240206,SUP064,PRD077,ST004,123,415.67,51127.41,PINV002505,5
PUR002506,20271214,SUP061,PRD002,ST045,307,394.82,121209.74,PINV002506,15
PUR002507,20241215,SUP057,PRD238,ST042,244,175.3,42773.2,PINV002507,7
PUR002508,20280814,SUP043,PRD203,ST050,276,447.08,123394.08,PINV002508,5
PUR002509,20240314,SUP019,PRD125,ST018,301,752.89,226619.89,PINV002509,10
PUR002510,20230927,SUP054,PRD233,ST045,331,437.89,144941.59,PINV002510,10
PUR002511,20260823,SUP048,PRD019,ST049,145,485.95,70462.75,PINV002511,12
PUR002512,20260604,SUP041,PRD224,ST007,483,216.41,104526.03,PINV002512,10
PUR002513,20281119,SUP067,PRD100,ST044,394,481.98,189900.12,PINV002513,6
PUR002514,20240326,SUP002,PRD258,ST044,386,189.87,73289.82,PINV002514,5
PUR002515,20270222,SUP021,PRD092,ST002,126,622.12,78387.12,PINV002515,4
PUR002516,20240309,SUP099,PRD052,ST025,251,403.45,101265.95,PINV002516,5
PUR002517,20261209,SUP037,PRD106,ST034,242,627.95,151963.9,PINV002517,5
PUR002518,20250618,SUP031,PRD125,ST050,251,410.62,103065.62,PINV002518,14
PUR002519,20280107,SUP040,PRD276,ST044,108,606.91,65546.28,PINV002519,7
PUR002520,20231204,SUP048,PRD270,ST023,397,391.08,155258.76,PINV002520,11
PUR002521,20240706,SUP022,PRD201,ST018,116,307.62,35683.92,PINV002521,2
PUR002522,20260810,SUP005,PRD035,ST008,93,325.05,30229.65,PINV002522,1
PUR002523,20280203,SUP080,PRD274,ST035,78,378.29,29506.62,PINV002523,5
PUR002524,20241205,SUP034,PRD224,ST025,204,422.95,86281.8,PINV002524,14
PUR002525,20260328,SUP033,PRD069,ST001,62,469.19,29089.78,PINV002525,14
PUR002526,20250906,SUP027,PRD259,ST014,63,124.92,7869.96,PINV002526,10
PUR002527,20250614,SUP040,PRD013,ST015,104,37.53,3903.12,PINV002527,14
PUR002528,20230326,SUP087,PRD250,ST028,399,795.34,317340.66,PINV002528,10
PUR002529,20281204,SUP060,PRD227,ST031,50,467.01,23350.5,PINV002529,7
PUR002530,20270720,SUP021,PRD283,ST023,421,273.3,115059.3,PINV002530,2
PUR002531,20240318,SUP069,PRD089,ST027,389,578.21,224923.69,PINV002531,9
PUR002532,20280829,SUP039,PRD061,ST003,467,509.55,237959.85,PINV002532,6
PUR002533,20260612,SUP054,PRD026,ST039,204,293.84,59943.36,PINV002533,5
PUR002534,20270305,SUP076,PRD147,ST019,69,468.06,32296.14,PINV002534,12
PUR002535,20280211,SUP028,PRD254,ST007,416,182.04,75728.64,PINV002535,5
PUR002536,20270330,SUP035,PRD223,ST028,375,223.36,83760.0,PINV002536,8
PUR002537,20261014,SUP004,PRD182,ST006,202,34.11,6890.22,PINV002537,14
PUR002538,20271205,SUP065,PRD066,ST028,377,596.43,224854.11,PINV002538,3
PUR002539,20280926,SUP004,PRD073,ST026,260,747.4,194324.0,PINV002539,3
PUR002540,20271206,SUP042,PRD143,ST025,122,199.11,24291.42,PINV002540,1
PUR002541,20251208,SUP010,PRD069,ST022,248,487.4,120875.2,PINV002541,1
PUR002542,20270712,SUP099,PRD204,ST049,335,788.64,264194.4,PINV002542,13
PUR002543,20271228,SUP019,PRD185,ST040,351,721.28,253169.28,PINV002543,2
PUR002544,20240413,SUP091,PRD005,ST043,204,704.56,143730.24,PINV002544,9
PUR002545,20260928,SUP074,PRD070,ST041,114,550.15,62717.1,PINV002545,9
PUR002546,20280112,SUP039,PRD076,ST050,223,741.32,165314.36,PINV002546,1
PUR002547,20241001,SUP040,PRD188,ST039,106,770.75,81699.5,PINV002547,10
PUR002548,20241120,SUP083,PRD091,ST038,295,478.63,141195.85,PINV002548,10
PUR002549,20251227,SUP027,PRD300,ST030,275,684.68,188287.0,PINV002549,1
PUR002550,20280915,SUP069,PRD117,ST039,480,116.67,56001.6,PINV002550,2
PUR002551,20281016,SUP015,PRD171,ST006,403,92.84,37414.52,PINV002551,10
PUR002552,20251102,SUP059,PRD266,ST033,388,52.05,20195.4,PINV002552,6
PUR002553,20251109,SUP072,PRD221,ST002,458,182.96,83795.68,PINV002553,11
PUR002554,20240304,SUP016,PRD040,ST042,157,550.38,86409.66,PINV002554,6
PUR002555,20261118,SUP060,PRD129,ST046,487,618.35,301136.45,PINV002555,1
PUR002556,20241112,SUP056,PRD095,ST015,338,120.59,40759.42,PINV002556,5
PUR002557,20280720,SUP079,PRD287,ST043,268,630.73,169035.64,PINV002557,11
PUR002558,20280526,SUP054,PRD241,ST037,372,251.48,93550.56,PINV002558,14
PUR002559,20280116,SUP092,PRD031,ST042,378,146.29,55297.62,PINV002559,8
PUR002560,20280101,SUP003,PRD014,ST022,332,314.11,104284.52,PINV002560,11
PUR002561,20250423,SUP075,PRD162,ST034,93,262.06,24371.58,PINV002561,1
PUR002562,20271221,SUP008,PRD259,ST048,270,191.1,51597.0,PINV002562,5
PUR002563,20230713,SUP065,PRD028,ST015,139,240.62,33446.18,PINV002563,2
PUR002564,20230930,SUP045,PRD298,ST021,489,547.74,267844.86,PINV002564,6
PUR002565,20281125,SUP014,PRD225,ST036,304,665.66,202360.64,PINV002565,13
PUR002566,20230627,SUP011,PRD086,ST023,62,374.04,23190.48,PINV002566,12
PUR002567,20250718,SUP005,PRD154,ST048,237,47.22,11191.14,PINV002567,12
PUR002568,20260626,SUP018,PRD115,ST024,187,620.38,116011.06,PINV002568,9
PUR002569,20250529,SUP047,PRD102,ST040,217,248.56,53937.52,PINV002569,8
PUR002570,20250214,SUP040,PRD087,ST030,231,796.77,184053.87,PINV002570,3
PUR002571,20280728,SUP069,PRD161,ST014,122,440.6,53753.2,PINV002571,12
PUR002572,20271230,SUP094,PRD208,ST032,244,508.08,123971.52,PINV002572,5
PUR002573,20270707,SUP017,PRD100,ST008,187,60.21,11259.27,PINV002573,8
PUR002574,20280322,SUP047,PRD241,ST048,123,25.85,3179.55,PINV002574,15
PUR002575,20260510,SUP077,PRD188,ST014,417,587.64,245045.88,PINV002575,6
PUR002576,20270116,SUP014,PRD097,ST044,411,404.45,166228.95,PINV002576,15
PUR002577,20241027,SUP014,PRD217,ST025,239,195.77,46789.03,PINV002577,1
PUR002578,20251216,SUP054,PRD191,ST010,300,552.15,165645.0,PINV002578,13
PUR002579,20241210,SUP029,PRD194,ST011,120,431.95,51834.0,PINV002579,2
PUR002580,20260210,SUP040,PRD017,ST015,424,542.58,230053.92,PINV002580,13
PUR002581,20281118,SUP042,PRD082,ST013,241,590.93,142414.13,PINV002581,8
PUR002582,20230915,SUP082,PRD152,ST010,228,347.68,79271.04,PINV002582,15
PUR002583,20280414,SUP059,PRD286,ST004,337,211.02,71113.74,PINV002583,3
PUR002584,20241031,SUP022,PRD250,ST011,170,785.7,133569.0,PINV002584,10
PUR002585,20230721,SUP014,PRD267,ST013,192,172.57,33133.44,PINV002585,1
PUR002586,20280314,SUP004,PRD092,ST042,241,143.17,34503.97,PINV002586,2
PUR002587,20240607,SUP047,PRD038,ST043,441,282.53,124595.73,PINV002587,15
PUR002588,20270726,SUP056,PRD059,ST025,221,322.91,71363.11,PINV002588,12
PUR002589,20230602,SUP004,PRD209,ST049,268,73.47,19689.96,PINV002589,3
PUR002590,20280215,SUP088,PRD023,ST049,388,605.54,234949.52,PINV002590,14
PUR002591,20270908,SUP011,PRD263,ST035,200,402.14,80428.0,PINV002591,13
PUR002592,20270818,SUP081,PRD267,ST017,348,487.14,169524.72,PINV002592,13
PUR002593,20261101,SUP048,PRD255,ST032,285,472.26,134594.1,PINV002593,9
PUR002594,20260313,SUP057,PRD028,ST045,465,285.25,132641.25,PINV002594,14
PUR002595,20280625,SUP087,PRD022,ST014,274,105.23,28833.02,PINV002595,5
PUR002596,20270924,SUP044,PRD234,ST035,101,69.89,7058.89,PINV002596,7
PUR002597,20250206,SUP033,PRD093,ST005,395,400.46,158181.7,PINV002597,9
PUR002598,20250116,SUP069,PRD149,ST027,424,292.07,123837.68,PINV002598,6
PUR002599,20250830,SUP006,PRD126,ST006,185,764.17,141371.45,PINV002599,3
PUR002600,20261217,SUP083,PRD055,ST032,385,106.89,41152.65,PINV002600,15
PUR002601,20230614,SUP036,PRD259,ST039,344,218.56,75184.64,PINV002601,1
PUR002602,20240112,SUP028,PRD095,ST046,455,67.22,30585.1,PINV002602,10
PUR002603,20240427,SUP027,PRD044,ST038,116,436.3,50610.8,PINV002603,2
PUR002604,20260202,SUP083,PRD111,ST044,59,601.33,35478.47,PINV002604,6
PUR002605,20230215,SUP081,PRD224,ST035,179,554.65,99282.35,PINV002605,10
PUR002606,20281124,SUP033,PRD073,ST006,99,709.05,70195.95,PINV002606,8
PUR002607,20260524,SUP006,PRD150,ST033,366,294.38,107743.08,PINV002607,6
PUR002608,20230106,SUP017,PRD057,ST002,202,494.36,99860.72,PINV002608,1
PUR002609,20231209,SUP048,PRD158,ST041,184,757.05,139297.2,PINV002609,2
PUR002610,20230721,SUP086,PRD069,ST009,142,762.91,108333.22,PINV002610,14
PUR002611,20270813,SUP093,PRD045,ST035,97,312.33,30296.01,PINV002611,11
PUR002612,20270826,SUP031,PRD013,ST009,50,433.59,21679.5,PINV002612,1
PUR002613,20271122,SUP022,PRD262,ST022,205,673.1,137985.5,PINV002613,4
PUR002614,20280530,SUP020,PRD174,ST003,280,459.34,128615.2,PINV002614,4
PUR002615,20240607,SUP078,PRD171,ST013,178,703.83,125281.74,PINV002615,4
PUR002616,20250830,SUP065,PRD212,ST004,195,404.5,78877.5,PINV002616,3
PUR002617,20280618,SUP055,PRD114,ST039,448,343.09,153704.32,PINV002617,2
PUR002618,20261012,SUP085,PRD205,ST030,77,548.88,42263.76,PINV002618,9
PUR002619,20261220,SUP090,PRD219,ST035,217,278.82,60503.94,PINV002619,7
PUR002620,20241127,SUP068,PRD023,ST001,308,347.88,107147.04,PINV002620,5
PUR002621,20270815,SUP039,PRD020,ST006,410,713.0,292330.0,PINV002621,10
PUR002622,20281215,SUP012,PRD229,ST047,290,445.69,129250.1,PINV002622,5
PUR002623,20271204,SUP092,PRD141,ST035,310,664.23,205911.3,PINV002623,4
PUR002624,20270531,SUP049,PRD153,ST019,269,98.65,26536.85,PINV002624,7
PUR002625,20241214,SUP023,PRD207,ST016,183,63.56,11631.48,PINV002625,3
PUR002626,20230416,SUP057,PRD086,ST018,289,46.65,13481.85,PINV002626,3
PUR002627,20240502,SUP002,PRD044,ST041,479,422.96,202597.84,PINV002627,10
PUR002628,20260712,SUP055,PRD298,ST049,437,352.85,154195.45,PINV002628,8
PUR002629,20251213,SUP010,PRD003,ST038,126,287.55,36231.3,PINV002629,11
PUR002630,20250618,SUP091,PRD236,ST026,316,653.44,206487.04,PINV002630,6
PUR002631,20280818,SUP075,PRD001,ST024,165,82.12,13549.8,PINV002631,4
PUR002632,20231020,SUP072,PRD286,ST008,478,261.03,124772.34,PINV002632,13
PUR002633,20260424,SUP036,PRD297,ST030,225,367.7,82732.5,PINV002633,12
PUR002634,20230809,SUP037,PRD135,ST050,146,267.27,39021.42,PINV002634,15
PUR002635,20241005,SUP003,PRD067,ST048,206,230.96,47577.76,PINV002635,15
PUR002636,20230119,SUP017,PRD246,ST041,62,282.22,17497.64,PINV002636,2
PUR002637,20230126,SUP024,PRD278,ST044,87,453.34,39440.58,PINV002637,8
PUR002638,20280703,SUP006,PRD100,ST016,184,619.56,113999.04,PINV002638,2
PUR002639,20240329,SUP042,PRD215,ST004,116,224.65,26059.4,PINV002639,13
PUR002640,20260714,SUP050,PRD190,ST046,92,28.36,2609.12,PINV002640,6
PUR002641,20240109,SUP051,PRD058,ST010,271,337.15,91367.65,PINV002641,1
PUR002642,20230208,SUP023,PRD217,ST009,449,331.13,148677.37,PINV002642,9
PUR002643,20270519,SUP098,PRD197,ST036,53,100.04,5302.12,PINV002643,12
PUR002644,20240326,SUP016,PRD012,ST010,288,522.46,150468.48,PINV002644,3
PUR002645,20270122,SUP037,PRD215,ST010,128,448.37,57391.36,PINV002645,15
PUR002646,20240930,SUP029,PRD280,ST004,499,761.38,379928.62,PINV002646,12
PUR002647,20271130,SUP079,PRD207,ST016,240,514.18,123403.2,PINV002647,10
PUR002648,20260920,SUP065,PRD177,ST034,147,273.48,40201.56,PINV002648,11
PUR002649,20230329,SUP012,PRD295,ST026,163,126.86,20678.18,PINV002649,2
PUR002650,20230708,SUP071,PRD165,ST025,202,404.37,81682.74,PINV002650,13
PUR002651,20271125,SUP073,PRD031,ST012,367,367.91,135022.97,PINV002651,10
PUR002652,20230117,SUP073,PRD242,ST037,54,608.1,32837.4,PINV002652,8
PUR002653,20271012,SUP046,PRD174,ST019,427,620.91,265128.57,PINV002653,12
PUR002654,20230528,SUP080,PRD182,ST045,257,793.81,204009.17,PINV002654,8
PUR002655,20271122,SUP063,PRD136,ST029,73,595.51,43472.23,PINV002655,12
PUR002656,20250227,SUP023,PRD097,ST046,480,743.58,356918.4,PINV002656,10
PUR002657,20280611,SUP082,PRD221,ST046,238,739.84,176081.92,PINV002657,13
PUR002658,20231201,SUP085,PRD165,ST033,490,399.69,195848.1,PINV002658,15
PUR002659,20250611,SUP053,PRD133,ST036,289,540.57,156224.73,PINV002659,11
PUR002660,20230112,SUP035,PRD026,ST034,337,307.99,103792.63,PINV002660,10
PUR002661,20260523,SUP095,PRD210,ST013,94,752.24,70710.56,PINV002661,2
PUR002662,20240825,SUP043,PRD122,ST002,317,445.56,141242.52,PINV002662,14
PUR002663,20270412,SUP020,PRD152,ST016,164,412.31,67618.84,PINV002663,2
PUR002664,20240413,SUP015,PRD234,ST027,71,604.44,42915.24,PINV002664,9
PUR002665,20240503,SUP018,PRD009,ST019,193,691.47,133453.71,PINV002665,14
PUR002666,20260919,SUP037,PRD205,ST046,273,299.67,81809.91,PINV002666,1
PUR002667,20261231,SUP088,PRD102,ST047,91,72.41,6589.31,PINV002667,4
PUR002668,20241116,SUP078,PRD026,ST016,313,349.29,109327.77,PINV002668,15
PUR002669,20280225,SUP036,PRD294,ST010,184,384.58,70762.72,PINV002669,13
PUR002670,20240309,SUP093,PRD089,ST020,109,563.63,61435.67,PINV002670,6
PUR002671,20230629,SUP054,PRD146,ST023,433,511.42,221444.86,PINV002671,6
PUR002672,20230527,SUP042,PRD185,ST030,461,434.97,200521.17,PINV002672,15
PUR002673,20271015,SUP065,PRD242,ST038,284,300.74,85410.16,PINV002673,14
PUR002674,20271026,SUP016,PRD173,ST022,88,628.51,55308.88,PINV002674,9
PUR002675,20270310,SUP037,PRD078,ST024,73,748.27,54623.71,PINV002675,5
PUR002676,20281109,SUP018,PRD016,ST028,377,398.02,150053.54,PINV002676,9
PUR002677,20260704,SUP060,PRD205,ST025,167,119.8,20006.6,PINV002677,14
PUR002678,20250223,SUP017,PRD241,ST031,489,408.18,199600.02,PINV002678,2
PUR002679,20240919,SUP008,PRD133,ST018,139,20.85,2898.15,PINV002679,1
PUR002680,20260515,SUP030,PRD212,ST049,340,153.1,52054.0,PINV002680,15
PUR002681,20281112,SUP064,PRD154,ST031,311,368.65,114650.15,PINV002681,8
PUR002682,20260824,SUP057,PRD014,ST044,83,85.5,7096.5,PINV002682,11
PUR002683,20230204,SUP051,PRD201,ST026,422,108.9,45955.8,PINV002683,6
PUR002684,20230915,SUP051,PRD225,ST038,367,122.6,44994.2,PINV002684,3
PUR002685,20280222,SUP005,PRD160,ST047,67,535.47,35876.49,PINV002685,5
PUR002686,20280216,SUP075,PRD083,ST009,216,758.22,163775.52,PINV002686,10
PUR002687,20251202,SUP093,PRD226,ST021,429,672.82,288639.78,PINV002687,5
PUR002688,20230614,SUP053,PRD104,ST026,109,601.61,65575.49,PINV002688,13
PUR002689,20271110,SUP032,PRD216,ST003,248,270.53,67091.44,PINV002689,10
PUR002690,20231010,SUP021,PRD236,ST045,52,564.53,29355.56,PINV002690,12
PUR002691,20260425,SUP089,PRD037,ST013,168,396.25,66570.0,PINV002691,10
PUR002692,20230608,SUP037,PRD232,ST030,269,119.01,32013.69,PINV002692,14
PUR002693,20230101,SUP092,PRD175,ST015,293,317.38,92992.34,PINV002693,13
PUR002694,20250524,SUP080,PRD156,ST027,438,61.9,27112.2,PINV002694,10
PUR002695,20260720,SUP020,PRD073,ST026,167,650.91,108701.97,PINV002695,12
PUR002696,20250728,SUP051,PRD031,ST014,367,116.34,42696.78,PINV002696,9
PUR002697,20260415,SUP024,PRD224,ST007,78,261.51,20397.78,PINV002697,11
PUR002698,20280214,SUP028,PRD073,ST001,220,63.83,14042.6,PINV002698,6
PUR002699,20240206,SUP054,PRD081,ST036,483,43.49,21005.67,PINV002699,1
PUR002700,20260602,SUP005,PRD204,ST022,134,217.75,29178.5,PINV002700,7
PUR002701,20260804,SUP080,PRD128,ST037,151,150.79,22769.29,PINV002701,5
PUR002702,20281105,SUP026,PRD194,ST036,486,640.27,311171.22,PINV002702,5
PUR002703,20280517,SUP037,PRD213,ST018,265,222.61,58991.65,PINV002703,3
PUR002704,20240716,SUP090,PRD106,ST028,429,198.2,85027.8,PINV002704,9
PUR002705,20240326,SUP051,PRD148,ST035,254,505.13,128303.02,PINV002705,8
PUR002706,20250914,SUP039,PRD055,ST016,102,343.78,35065.56,PINV002706,5
PUR002707,20261128,SUP030,PRD114,ST025,52,476.86,24796.72,PINV002707,6
PUR002708,20270417,SUP046,PRD185,ST041,234,442.44,103530.96,PINV002708,11
PUR002709,20250908,SUP017,PRD054,ST036,308,407.81,125605.48,PINV002709,8
PUR002710,20270105,SUP083,PRD285,ST027,350,282.33,98815.5,PINV002710,2
PUR002711,20241029,SUP073,PRD300,ST039,496,251.7,124843.2,PINV002711,5
PUR002712,20270812,SUP046,PRD249,ST043,458,132.85,60845.3,PINV002712,14
PUR002713,20250609,SUP019,PRD211,ST001,317,328.89,104258.13,PINV002713,14
PUR002714,20250405,SUP095,PRD092,ST041,451,262.04,118180.04,PINV002714,15
PUR002715,20231106,SUP045,PRD155,ST014,98,180.34,17673.32,PINV002715,3
PUR002716,20250515,SUP029,PRD225,ST025,460,227.89,104829.4,PINV002716,7
PUR002717,20260413,SUP056,PRD062,ST049,411,469.22,192849.42,PINV002717,11
PUR002718,20260209,SUP099,PRD223,ST030,158,659.52,104204.16,PINV002718,7
PUR002719,20280504,SUP010,PRD084,ST034,191,381.53,72872.23,PINV002719,6
PUR002720,20271203,SUP001,PRD002,ST002,292,80.41,23479.72,PINV002720,7
PUR002721,20260604,SUP059,PRD013,ST024,232,76.13,17662.16,PINV002721,10
PUR002722,20250403,SUP097,PRD056,ST001,56,390.0,21840.0,PINV002722,3
PUR002723,20240323,SUP050,PRD075,ST019,171,30.71,5251.41,PINV002723,2
PUR002724,20250930,SUP039,PRD299,ST005,360,344.98,124192.8,PINV002724,15
PUR002725,20240718,SUP039,PRD239,ST030,206,796.37,164052.22,PINV002725,10
PUR002726,20260617,SUP095,PRD064,ST008,179,469.77,84088.83,PINV002726,15
PUR002727,20230729,SUP041,PRD061,ST013,171,789.66,135031.86,PINV002727,15
PUR002728,20231214,SUP065,PRD086,ST044,472,114.99,54275.28,PINV002728,10
PUR002729,20270809,SUP023,PRD182,ST038,370,548.21,202837.7,PINV002729,3
PUR002730,20260617,SUP042,PRD041,ST043,408,379.93,155011.44,PINV002730,7
PUR002731,20270128,SUP076,PRD091,ST047,295,359.85,106155.75,PINV002731,7
PUR002732,20260819,SUP046,PRD195,ST027,420,430.72,180902.4,PINV002732,1
PUR002733,20261112,SUP010,PRD140,ST012,339,133.36,45209.04,PINV002733,6
PUR002734,20231002,SUP039,PRD164,ST050,469,544.49,255365.81,PINV002734,7
PUR002735,20230217,SUP024,PRD240,ST009,100,523.48,52348.0,PINV002735,3
PUR002736,20281025,SUP002,PRD181,ST041,472,543.72,256635.84,PINV002736,1
PUR002737,20270520,SUP018,PRD170,ST013,311,681.59,211974.49,PINV002737,1
PUR002738,20240517,SUP031,PRD211,ST024,324,527.11,170783.64,PINV002738,12
PUR002739,20240123,SUP075,PRD182,ST029,260,142.05,36933.0,PINV002739,5
PUR002740,20230506,SUP085,PRD032,ST047,307,197.82,60730.74,PINV002740,5
PUR002741,20231102,SUP036,PRD041,ST014,367,398.6,146286.2,PINV002741,3
PUR002742,20240123,SUP059,PRD114,ST048,61,358.97,21897.17,PINV002742,10
PUR002743,20231023,SUP096,PRD289,ST032,229,428.72,98176.88,PINV002743,3
PUR002744,20230403,SUP049,PRD064,ST027,271,178.05,48251.55,PINV002744,11
PUR002745,20270822,SUP042,PRD013,ST001,259,340.45,88176.55,PINV002745,2
PUR002746,20250519,SUP031,PRD279,ST016,243,595.28,144653.04,PINV002746,5
PUR002747,20270525,SUP044,PRD040,ST036,186,443.52,82494.72,PINV002747,14
PUR002748,20230318,SUP091,PRD271,ST023,488,66.88,32637.44,PINV002748,8
PUR002749,20230802,SUP024,PRD161,ST050,434,537.68,233353.12,PINV002749,7
PUR002750,20280309,SUP074,PRD300,ST043,119,570.69,67912.11,PINV002750,13
PUR002751,20240222,SUP067,PRD232,ST022,309,627.99,194048.91,PINV002751,13
PUR002752,20270107,SUP055,PRD183,ST029,468,394.64,184691.52,PINV002752,15
PUR002753,20260217,SUP041,PRD278,ST029,396,751.75,297693.0,PINV002753,3
PUR002754,20271124,SUP056,PRD018,ST035,243,242.36,58893.48,PINV002754,15
PUR002755,20260820,SUP061,PRD194,ST048,335,494.66,165711.1,PINV002755,7
PUR002756,20240314,SUP075,PRD122,ST003,273,730.65,199467.45,PINV002756,14
PUR002757,20281001,SUP022,PRD006,ST031,80,293.07,23445.6,PINV002757,13
PUR002758,20270616,SUP063,PRD078,ST042,149,84.42,12578.58,PINV002758,12
PUR002759,20260719,SUP049,PRD100,ST047,257,700.99,180154.43,PINV002759,4
PUR002760,20281118,SUP098,PRD157,ST024,312,123.67,38585.04,PINV002760,11
PUR002761,20271105,SUP084,PRD234,ST008,156,342.92,53495.52,PINV002761,9
PUR002762,20261022,SUP029,PRD146,ST006,277,73.02,20226.54,PINV002762,3
PUR002763,20230322,SUP051,PRD290,ST032,246,199.09,48976.14,PINV002763,13
PUR002764,20260421,SUP077,PRD192,ST037,167,574.13,95879.71,PINV002764,4
PUR002765,20280521,SUP021,PRD280,ST019,172,23.3,4007.6,PINV002765,4
PUR002766,20261014,SUP020,PRD154,ST017,148,774.06,114560.88,PINV002766,3
PUR002767,20240701,SUP016,PRD109,ST022,391,673.69,263412.79,PINV002767,14
PUR002768,20230121,SUP059,PRD218,ST045,416,522.75,217464.0,PINV002768,13
PUR002769,20261209,SUP008,PRD178,ST014,311,55.49,17257.39,PINV002769,2
PUR002770,20280207,SUP019,PRD136,ST019,363,547.66,198800.58,PINV002770,1
PUR002771,20270903,SUP004,PRD185,ST039,253,195.86,49552.58,PINV002771,4
PUR002772,20250724,SUP076,PRD218,ST038,430,291.99,125555.7,PINV002772,11
PUR002773,20270307,SUP009,PRD165,ST002,409,48.12,19681.08,PINV002773,15
PUR002774,20280317,SUP068,PRD248,ST044,183,711.81,130261.23,PINV002774,9
PUR002775,20280413,SUP084,PRD123,ST028,228,351.45,80130.6,PINV002775,13
PUR002776,20270323,SUP051,PRD124,ST001,320,446.69,142940.8,PINV002776,13
PUR002777,20251003,SUP091,PRD140,ST034,296,735.44,217690.24,PINV002777,7
PUR002778,20240921,SUP023,PRD068,ST049,78,728.58,56829.24,PINV002778,5
PUR002779,20230302,SUP017,PRD244,ST040,72,595.05,42843.6,PINV002779,8
PUR002780,20250221,SUP090,PRD216,ST001,496,799.85,396725.6,PINV002780,6
PUR002781,20260225,SUP095,PRD078,ST017,88,471.69,41508.72,PINV002781,4
PUR002782,20260815,SUP021,PRD001,ST009,420,375.84,157852.8,PINV002782,2
PUR002783,20260723,SUP078,PRD172,ST010,234,575.72,134718.48,PINV002783,7
PUR002784,20251018,SUP076,PRD132,ST031,400,790.9,316360.0,PINV002784,3
PUR002785,20250513,SUP009,PRD046,ST031,364,147.36,53639.04,PINV002785,7
PUR002786,20240521,SUP008,PRD175,ST031,356,608.48,216618.88,PINV002786,14
PUR002787,20280107,SUP063,PRD099,ST020,332,32.6,10823.2,PINV002787,2
PUR002788,20260805,SUP087,PRD259,ST010,50,228.24,11412.0,PINV002788,13
PUR002789,20230816,SUP002,PRD196,ST027,142,647.98,92013.16,PINV002789,1
PUR002790,20270821,SUP038,PRD156,ST036,480,753.4,361632.0,PINV002790,7
PUR002791,20230529,SUP059,PRD274,ST017,342,513.52,175623.84,PINV002791,6
PUR002792,20280406,SUP095,PRD151,ST026,220,310.98,68415.6,PINV002792,5
PUR002793,20240316,SUP074,PRD184,ST022,344,308.41,106093.04,PINV002793,6
PUR002794,20271124,SUP097,PRD012,ST045,332,558.15,185305.8,PINV002794,13
PUR002795,20240724,SUP028,PRD241,ST032,497,672.46,334212.62,PINV002795,9
PUR002796,20240924,SUP007,PRD282,ST027,492,460.11,226374.12,PINV002796,12
PUR002797,20251019,SUP054,PRD282,ST024,203,334.75,67954.25,PINV002797,6
PUR002798,20260828,SUP068,PRD130,ST030,147,203.78,29955.66,PINV002798,13
PUR002799,20260723,SUP047,PRD217,ST035,172,778.14,133840.08,PINV002799,15
PUR002800,20230927,SUP032,PRD194,ST039,162,773.39,125289.18,PINV002800,13
PUR002801,20260601,SUP069,PRD054,ST027,422,175.44,74035.68,PINV002801,10
PUR002802,20261028,SUP089,PRD243,ST007,180,208.74,37573.2,PINV002802,11
PUR002803,20251114,SUP089,PRD120,ST011,319,669.43,213548.17,PINV002803,15
PUR002804,20270604,SUP015,PRD258,ST025,371,400.66,148644.86,PINV002804,6
PUR002805,20270416,SUP056,PRD219,ST022,229,434.34,99463.86,PINV002805,14
PUR002806,20231216,SUP097,PRD050,ST031,480,211.09,101323.2,PINV002806,12
PUR002807,20281005,SUP029,PRD228,ST013,433,23.91,10353.03,PINV002807,10
PUR002808,20231003,SUP068,PRD036,ST018,446,617.64,275467.44,PINV002808,15
PUR002809,20260103,SUP064,PRD082,ST014,159,240.51,38241.09,PINV002809,15
PUR002810,20260607,SUP052,PRD013,ST039,299,203.51,60849.49,PINV002810,7
PUR002811,20250813,SUP010,PRD069,ST036,105,68.2,7161.0,PINV002811,7
PUR002812,20230526,SUP012,PRD006,ST049,242,33.91,8206.22,PINV002812,15
PUR002813,20230713,SUP033,PRD170,ST039,151,632.98,95579.98,PINV002813,6
PUR002814,20261122,SUP030,PRD292,ST032,465,483.02,224604.3,PINV002814,2
PUR002815,20241018,SUP075,PRD196,ST045,233,747.31,174123.23,PINV002815,10
PUR002816,20250603,SUP011,PRD195,ST048,431,708.83,305505.73,PINV002816,3
PUR002817,20280520,SUP076,PRD276,ST048,328,66.33,21756.24,PINV002817,5
PUR002818,20280708,SUP066,PRD104,ST046,114,647.49,73813.86,PINV002818,9
PUR002819,20250123,SUP038,PRD265,ST016,59,146.95,8670.05,PINV002819,11
PUR002820,20260213,SUP057,PRD005,ST037,61,379.01,23119.61,PINV002820,14
PUR002821,20241108,SUP008,PRD263,ST041,394,683.15,269161.1,PINV002821,11
PUR002822,20241128,SUP097,PRD239,ST005,249,685.18,170609.82,PINV002822,1
PUR002823,20270904,SUP086,PRD086,ST038,188,198.78,37370.64,PINV002823,14
PUR002824,20240304,SUP024,PRD210,ST001,86,69.58,5983.88,PINV002824,5
PUR002825,20250729,SUP001,PRD043,ST030,134,451.66,60522.44,PINV002825,1
PUR002826,20261012,SUP081,PRD131,ST046,63,690.42,43496.46,PINV002826,5
PUR002827,20230915,SUP090,PRD255,ST033,324,125.04,40512.96,PINV002827,3
PUR002828,20281030,SUP022,PRD067,ST037,473,452.41,213989.93,PINV002828,10
PUR002829,20260227,SUP099,PRD259,ST042,60,153.02,9181.2,PINV002829,14
PUR002830,20250722,SUP038,PRD278,ST049,493,375.92,185328.56,PINV002830,3
PUR002831,20250622,SUP088,PRD265,ST010,493,408.87,201572.91,PINV002831,7
PUR002832,20281213,SUP042,PRD221,ST036,243,356.24,86566.32,PINV002832,1
PUR002833,20230823,SUP069,PRD254,ST018,404,563.64,227710.56,PINV002833,4
PUR002834,20230508,SUP015,PRD227,ST026,315,611.74,192698.1,PINV002834,3
PUR002835,20231115,SUP052,PRD204,ST039,366,686.82,251376.12,PINV002835,15
PUR002836,20231016,SUP011,PRD187,ST007,360,130.29,46904.4,PINV002836,7
PUR002837,20251221,SUP006,PRD055,ST044,62,481.14,29830.68,PINV002837,9
PUR002838,20240705,SUP045,PRD079,ST034,85,358.46,30469.1,PINV002838,11
PUR002839,20280622,SUP027,PRD171,ST002,329,448.99,147717.71,PINV002839,1
PUR002840,20270414,SUP027,PRD286,ST035,146,367.61,53671.06,PINV002840,15
PUR002841,20261213,SUP073,PRD064,ST021,132,30.16,3981.12,PINV002841,3
PUR002842,20230529,SUP028,PRD135,ST013,488,328.65,160381.2,PINV002842,15
PUR002843,20270929,SUP074,PRD174,ST007,183,180.24,32983.92,PINV002843,3
PUR002844,20271202,SUP039,PRD068,ST011,476,60.2,28655.2,PINV002844,8
PUR002845,20230728,SUP068,PRD234,ST007,126,537.74,67755.24,PINV002845,14
PUR002846,20251110,SUP034,PRD006,ST009,367,42.03,15425.01,PINV002846,4
PUR002847,20280702,SUP002,PRD145,ST050,462,44.9,20743.8,PINV002847,10
PUR002848,20271012,SUP057,PRD098,ST002,67,385.14,25804.38,PINV002848,6
PUR002849,20250816,SUP097,PRD121,ST009,381,479.28,182605.68,PINV002849,15
PUR002850,20260821,SUP018,PRD088,ST046,383,605.13,231764.79,PINV002850,11
PUR002851,20261221,SUP086,PRD030,ST022,243,234.48,56978.64,PINV002851,12
PUR002852,20230629,SUP033,PRD123,ST012,429,499.08,214105.32,PINV002852,3
PUR002853,20250206,SUP032,PRD271,ST026,136,709.84,96538.24,PINV002853,7
PUR002854,20250507,SUP038,PRD264,ST032,296,401.02,118701.92,PINV002854,14
PUR002855,20230108,SUP058,PRD295,ST039,334,718.23,239888.82,PINV002855,3
PUR002856,20271204,SUP091,PRD021,ST028,443,456.85,202384.55,PINV002856,10
PUR002857,20231122,SUP052,PRD147,ST020,424,307.59,130418.16,PINV002857,11
PUR002858,20281118,SUP032,PRD270,ST021,274,759.77,208176.98,PINV002858,15
PUR002859,20261122,SUP006,PRD157,ST045,116,798.54,92630.64,PINV002859,5
PUR002860,20280205,SUP041,PRD296,ST004,229,224.59,51431.11,PINV002860,15
PUR002861,20260810,SUP049,PRD083,ST023,414,190.8,78991.2,PINV002861,9
PUR002862,20270507,SUP045,PRD064,ST039,365,435.8,159067.0,PINV002862,7
PUR002863,20280208,SUP023,PRD191,ST020,389,740.34,287992.26,PINV002863,4
PUR002864,20250324,SUP024,PRD009,ST004,382,640.87,244812.34,PINV002864,14
PUR002865,20230416,SUP016,PRD050,ST037,413,607.34,250831.42,PINV002865,4
PUR002866,20240221,SUP012,PRD051,ST013,448,186.84,83704.32,PINV002866,13
PUR002867,20271109,SUP094,PRD068,ST002,185,171.99,31818.15,PINV002867,6
PUR002868,20260127,SUP099,PRD271,ST008,52,78.09,4060.68,PINV002868,15
PUR002869,20250805,SUP048,PRD239,ST038,294,357.14,104999.16,PINV002869,6
PUR002870,20270730,SUP068,PRD291,ST008,165,68.28,11266.2,PINV002870,10
PUR002871,20240926,SUP062,PRD094,ST050,498,586.92,292286.16,PINV002871,15
PUR002872,20280907,SUP036,PRD154,ST036,96,695.76,66792.96,PINV002872,11
PUR002873,20240101,SUP061,PRD277,ST022,322,478.33,154022.26,PINV002873,2
PUR002874,20280708,SUP094,PRD268,ST015,402,622.16,250108.32,PINV002874,2
PUR002875,20230826,SUP025,PRD136,ST019,222,163.54,36305.88,PINV002875,10
PUR002876,20270824,SUP060,PRD072,ST029,103,635.64,65470.92,PINV002876,11
PUR002877,20280225,SUP026,PRD154,ST019,147,60.92,8955.24,PINV002877,9
PUR002878,20250815,SUP039,PRD231,ST030,255,768.96,196084.8,PINV002878,12
PUR002879,20250816,SUP015,PRD280,ST001,148,518.03,76668.44,PINV002879,10
PUR002880,20270611,SUP087,PRD214,ST018,334,312.02,104214.68,PINV002880,10
PUR002881,20261003,SUP071,PRD171,ST018,243,304.38,73964.34,PINV002881,4
PUR002882,20240528,SUP016,PRD148,ST007,380,394.44,149887.2,PINV002882,1
PUR002883,20230627,SUP078,PRD013,ST002,65,293.86,19100.9,PINV002883,8
PUR002884,20280722,SUP099,PRD137,ST026,403,260.85,105122.55,PINV002884,7
PUR002885,20271005,SUP034,PRD005,ST045,450,736.36,331362.0,PINV002885,15
PUR002886,20261113,SUP019,PRD203,ST020,232,224.84,52162.88,PINV002886,13
PUR002887,20270930,SUP072,PRD297,ST042,292,464.98,135774.16,PINV002887,8
PUR002888,20260409,SUP019,PRD227,ST020,404,669.65,270538.6,PINV002888,6
PUR002889,20251227,SUP095,PRD010,ST015,465,248.4,115506.0,PINV002889,7
PUR002890,20281208,SUP027,PRD006,ST008,453,156.36,70831.08,PINV002890,2
PUR002891,20240705,SUP041,PRD254,ST025,342,793.75,271462.5,PINV002891,14
PUR002892,20280806,SUP044,PRD109,ST017,492,71.28,35069.76,PINV002892,1
PUR002893,20270412,SUP088,PRD203,ST002,69,757.18,52245.42,PINV002893,15
PUR002894,20260420,SUP010,PRD063,ST022,135,585.31,79016.85,PINV002894,1
PUR002895,20231005,SUP015,PRD141,ST026,103,60.31,6211.93,PINV002895,14
PUR002896,20241101,SUP067,PRD071,ST047,278,347.42,96582.76,PINV002896,15
PUR002897,20270604,SUP049,PRD271,ST029,366,717.6,262641.6,PINV002897,12
PUR002898,20270216,SUP092,PRD092,ST018,387,264.96,102539.52,PINV002898,14
PUR002899,20231002,SUP064,PRD079,ST042,132,710.21,93747.72,PINV002899,3
PUR002900,20251025,SUP076,PRD225,ST004,220,194.55,42801.0,PINV002900,13
PUR002901,20250917,SUP019,PRD102,ST015,246,299.15,73590.9,PINV002901,4
PUR002902,20250303,SUP046,PRD159,ST015,251,133.33,33465.83,PINV002902,14
PUR002903,20240406,SUP047,PRD021,ST024,127,334.89,42531.03,PINV002903,11
PUR002904,20260513,SUP034,PRD229,ST044,175,565.69,98995.75,PINV002904,14
PUR002905,20251105,SUP016,PRD209,ST018,465,428.08,199057.2,PINV002905,6
PUR002906,20260222,SUP071,PRD147,ST015,332,701.65,232947.8,PINV002906,5
PUR002907,20230126,SUP001,PRD185,ST012,90,284.34,25590.6,PINV002907,10
PUR002908,20260705,SUP041,PRD096,ST011,293,557.12,163236.16,PINV002908,11
PUR002909,20241127,SUP059,PRD159,ST039,458,38.72,17733.76,PINV002909,13
PUR002910,20260724,SUP046,PRD095,ST009,301,522.15,157167.15,PINV002910,12
PUR002911,20240228,SUP100,PRD232,ST018,238,107.56,25599.28,PINV002911,13
PUR002912,20240207,SUP054,PRD237,ST016,476,222.11,105724.36,PINV002912,12
PUR002913,20230122,SUP029,PRD027,ST008,325,537.65,174736.25,PINV002913,12
PUR002914,20230712,SUP064,PRD036,ST037,308,740.29,228009.32,PINV002914,10
PUR002915,20270730,SUP049,PRD213,ST018,193,317.58,61292.94,PINV002915,3
PUR002916,20270615,SUP065,PRD003,ST026,162,667.5,108135.0,PINV002916,1
PUR002917,20280622,SUP072,PRD238,ST010,491,66.48,32641.68,PINV002917,3
PUR002918,20250615,SUP038,PRD291,ST033,311,670.06,208388.66,PINV002918,11
PUR002919,20230616,SUP062,PRD116,ST005,122,262.0,31964.0,PINV002919,4
PUR002920,20260813,SUP056,PRD265,ST004,128,299.36,38318.08,PINV002920,8
PUR002921,20230909,SUP002,PRD258,ST012,71,713.82,50681.22,PINV002921,7
PUR002922,20270606,SUP076,PRD098,ST041,51,437.98,22336.98,PINV002922,11
PUR002923,20241013,SUP076,PRD248,ST020,286,438.74,125479.64,PINV002923,10
PUR002924,20280430,SUP025,PRD019,ST038,69,374.04,25808.76,PINV002924,4
PUR002925,20250118,SUP013,PRD124,ST004,150,666.2,99930.0,PINV002925,1
PUR002926,20260118,SUP055,PRD113,ST035,139,589.9,81996.1,PINV002926,11
PUR002927,20240105,SUP080,PRD218,ST047,290,523.03,151678.7,PINV002927,10
PUR002928,20280812,SUP075,PRD018,ST013,121,455.68,55137.28,PINV002928,4
PUR002929,20280901,SUP087,PRD070,ST038,121,409.94,49602.74,PINV002929,12
PUR002930,20270930,SUP071,PRD266,ST005,108,744.84,80442.72,PINV002930,1
PUR002931,20261210,SUP038,PRD048,ST035,455,59.12,26899.6,PINV002931,8
PUR002932,20260824,SUP039,PRD247,ST006,192,429.11,82389.12,PINV002932,14
PUR002933,20281201,SUP019,PRD144,ST036,92,757.88,69724.96,PINV002933,7
PUR002934,20240213,SUP084,PRD252,ST003,315,182.48,57481.2,PINV002934,11
PUR002935,20231227,SUP041,PRD145,ST038,82,533.36,43735.52,PINV002935,8
PUR002936,20280721,SUP013,PRD275,ST041,414,719.2,297748.8,PINV002936,15
PUR002937,20271017,SUP079,PRD111,ST024,191,329.05,62848.55,PINV002937,11
PUR002938,20280610,SUP023,PRD169,ST039,190,122.3,23237.0,PINV002938,6
PUR002939,20270907,SUP010,PRD237,ST050,406,578.79,234988.74,PINV002939,2
PUR002940,20261104,SUP039,PRD146,ST047,303,352.0,106656.0,PINV002940,3
PUR002941,20240404,SUP060,PRD125,ST006,120,188.06,22567.2,PINV002941,12
PUR002942,20280328,SUP071,PRD006,ST025,396,580.66,229941.36,PINV002942,5
PUR002943,20280822,SUP083,PRD169,ST031,424,170.96,72487.04,PINV002943,14
PUR002944,20250831,SUP063,PRD136,ST007,192,271.56,52139.52,PINV002944,7
PUR002945,20260214,SUP091,PRD227,ST034,242,738.12,178625.04,PINV002945,9
PUR002946,20250505,SUP045,PRD281,ST028,206,371.39,76506.34,PINV002946,13
PUR002947,20250212,SUP031,PRD186,ST001,212,761.5,161438.0,PINV002947,3
PUR002948,20280805,SUP051,PRD266,ST005,415,786.3,326314.5,PINV002948,9
PUR002949,20260527,SUP078,PRD058,ST001,226,641.37,144949.62,PINV002949,9
PUR002950,20240801,SUP015,PRD013,ST032,411,282.73,116202.03,PINV002950,5
PUR002951,20260723,SUP083,PRD295,ST007,119,784.63,93370.97,PINV002951,12
PUR002952,20280602,SUP097,PRD185,ST024,64,787.43,50395.52,PINV002952,15
PUR002953,20280621,SUP072,PRD049,ST035,209,341.77,71429.93,PINV002953,2
PUR002954,20241129,SUP070,PRD003,ST036,315,564.89,177940.35,PINV002954,13
PUR002955,20230717,SUP053,PRD148,ST043,492,565.87,278408.04,PINV002955,14
PUR002956,20260130,SUP097,PRD264,ST010,424,530.0,224720.0,PINV002956,6
PUR002957,20230216,SUP097,PRD279,ST038,130,700.05,91006.5,PINV002957,10
PUR002958,20261116,SUP029,PRD199,ST013,220,518.91,114160.2,PINV002958,14
PUR002959,20240825,SUP043,PRD004,ST001,133,94.12,12517.96,PINV002959,3
PUR002960,20251013,SUP021,PRD292,ST009,256,536.96,137461.76,PINV002960,1
PUR002961,20260917,SUP078,PRD136,ST037,95,72.77,6913.15,PINV002961,3
PUR002962,20280227,SUP092,PRD201,ST002,420,539.35,226527.0,PINV002962,6
PUR002963,20261127,SUP019,PRD180,ST010,313,277.43,86835.59,PINV002963,10
PUR002964,20280427,SUP016,PRD187,ST003,122,768.41,93746.02,PINV002964,4
PUR002965,20280110,SUP021,PRD170,ST049,385,273.86,105436.1,PINV002965,10
PUR002966,20240725,SUP042,PRD002,ST022,235,795.22,186876.7,PINV002966,14
PUR002967,20271123,SUP039,PRD115,ST019,424,206.39,87509.36,PINV002967,4
PUR002968,20250405,SUP059,PRD234,ST030,446,267.21,119175.66,PINV002968,14
PUR002969,20261201,SUP042,PRD022,ST037,222,235.24,52223.28,PINV002969,14
PUR002970,20230104,SUP080,PRD050,ST047,487,204.81,99742.47,PINV002970,13
PUR002971,20230407,SUP022,PRD215,ST014,210,646.24,135710.4,PINV002971,7
PUR002972,20230128,SUP081,PRD152,ST021,145,30.67,4447.15,PINV002972,8
PUR002973,20251206,SUP022,PRD110,ST009,434,86.1,37367.4,PINV002973,3
PUR002974,20250528,SUP044,PRD100,ST038,184,614.37,113044.08,PINV002974,7
PUR002975,20261201,SUP051,PRD056,ST048,287,664.2,190625.4,PINV002975,4
PUR002976,20250924,SUP009,PRD259,ST011,465,365.63,170017.95,PINV002976,1
PUR002977,20261125,SUP005,PRD204,ST046,483,780.78,377116.74,PINV002977,5
PUR002978,20261026,SUP049,PRD019,ST004,337,44.64,15043.68,PINV002978,11
PUR002979,20280817,SUP089,PRD044,ST008,496,61.33,30419.68,PINV002979,14
PUR002980,20250926,SUP044,PRD126,ST043,88,34.99,3079.12,PINV002980,1
PUR002981,20250812,SUP072,PRD068,ST043,395,31.74,12537.3,PINV002981,11
PUR002982,20280713,SUP097,PRD043,ST028,243,524.35,127417.05,PINV002982,4
PUR002983,20280529,SUP022,PRD173,ST021,477,292.5,139522.5,PINV002983,1
PUR002984,20251027,SUP057,PRD134,ST036,416,41.7,17347.2,PINV002984,9
PUR002985,20260604,SUP065,PRD136,ST015,236,498.11,117553.96,PINV002985,3
PUR002986,20270603,SUP065,PRD222,ST008,167,28.69,4791.23,PINV002986,3
PUR002987,20230131,SUP061,PRD013,ST031,258,781.37,201593.46,PINV002987,3
PUR002988,20261229,SUP058,PRD250,ST044,273,473.1,129156.3,PINV002988,14
PUR002989,20260113,SUP037,PRD174,ST040,116,731.2,84819.2,PINV002989,14
PUR002990,20241225,SUP074,PRD054,ST016,222,87.33,19387.26,PINV002990,11
PUR002991,20270625,SUP087,PRD139,ST041,106,132.75,14071.5,PINV002991,12
PUR002992,20270321,SUP097,PRD244,ST019,207,688.94,142610.58,PINV002992,5
PUR002993,20250404,SUP076,PRD030,ST028,155,565.27,87616.85,PINV002993,13
PUR002994,20260617,SUP013,PRD153,ST001,355,743.47,263931.85,PINV002994,4
PUR002995,20251102,SUP085,PRD184,ST020,277,531.77,147300.29,PINV002995,1
PUR002996,20230101,SUP041,PRD162,ST001,496,418.43,207541.28,PINV002996,15
PUR002997,20251225,SUP084,PRD032,ST023,447,613.37,274176.39,PINV002997,14
PUR002998,20250502,SUP032,PRD086,ST040,449,307.17,137919.33,PINV002998,11
PUR002999,20230617,SUP063,PRD147,ST042,202,490.89,99159.78,PINV002999,15
PUR003000,20280116,SUP066,PRD003,ST043,220,107.56,23663.2,PINV003000,14
PUR003001,20240325,SUP074,PRD060,ST013,380,505.31,192017.8,PINV003001,1
PUR003002,20230705,SUP089,PRD234,ST049,291,620.55,180580.05,PINV003002,6
PUR003003,20230917,SUP011,PRD287,ST030,291,405.08,117878.28,PINV003003,6
PUR003004,20241126,SUP057,PRD292,ST011,56,55.66,3116.96,PINV003004,15
PUR003005,20240621,SUP069,PRD124,ST033,291,540.49,157282.59,PINV003005,5
PUR003006,20250508,SUP098,PRD300,ST013,401,624.93,250596.93,PINV003006,1
PUR003007,20270418,SUP088,PRD220,ST030,66,278.59,18386.94,PINV003007,3
PUR003008,20281107,SUP055,PRD246,ST025,93,759.58,70640.94,PINV003008,7
PUR003009,20250326,SUP062,PRD206,ST007,92,358.71,33001.32,PINV003009,10
PUR003010,20250702,SUP062,PRD030,ST024,203,37.42,7596.26,PINV003010,7
PUR003011,20280901,SUP035,PRD117,ST030,362,603.46,218452.52,PINV003011,10
PUR003012,20250409,SUP081,PRD133,ST015,71,585.46,41567.66,PINV003012,5
PUR003013,20260823,SUP026,PRD255,ST020,456,385.01,175564.56,PINV003013,5
PUR003014,20280328,SUP083,PRD117,ST034,493,77.28,38099.04,PINV003014,2
PUR003015,20250826,SUP068,PRD018,ST003,215,642.2,138073.0,PINV003015,15
PUR003016,20261011,SUP053,PRD257,ST025,84,520.39,43712.76,PINV003016,5
PUR003017,20230108,SUP065,PRD241,ST012,319,53.87,17184.53,PINV003017,3
PUR003018,20240510,SUP074,PRD050,ST014,366,518.57,189796.62,PINV003018,9
PUR003019,20250623,SUP064,PRD075,ST015,368,202.6,74556.8,PINV003019,1
PUR003020,20250605,SUP010,PRD172,ST042,316,367.89,116253.24,PINV003020,9
PUR003021,20231225,SUP077,PRD140,ST013,118,604.17,71292.06,PINV003021,14
PUR003022,20260107,SUP012,PRD059,ST019,381,640.79,244140.99,PINV003022,3
PUR003023,20270120,SUP009,PRD059,ST042,429,498.49,213852.21,PINV003023,7
PUR003024,20240917,SUP088,PRD258,ST016,390,422.67,164841.3,PINV003024,7
PUR003025,20281126,SUP080,PRD173,ST016,145,35.85,5198.25,PINV003025,9
PUR003026,20281014,SUP082,PRD094,ST011,239,525.5,125594.5,PINV003026,12
PUR003027,20240407,SUP002,PRD102,ST049,417,733.95,306057.15,PINV003027,2
PUR003028,20230117,SUP095,PRD117,ST039,249,693.55,172693.95,PINV003028,3
PUR003029,20261030,SUP095,PRD160,ST046,215,488.3,104984.5,PINV003029,2
PUR003030,20280223,SUP088,PRD141,ST011,127,607.23,77118.21,PINV003030,1
PUR003031,20260321,SUP044,PRD071,ST034,252,199.35,50236.2,PINV003031,9
PUR003032,20280813,SUP060,PRD300,ST023,233,32.5,7572.5,PINV003032,10
PUR003033,20270902,SUP006,PRD229,ST049,161,765.83,123298.63,PINV003033,11
PUR003034,20230512,SUP015,PRD265,ST049,331,496.0,164176.0,PINV003034,1
PUR003035,20250818,SUP005,PRD237,ST001,237,511.51,121227.87,PINV003035,1
PUR003036,20260409,SUP080,PRD073,ST015,312,129.7,40466.4,PINV003036,3
PUR003037,20250829,SUP064,PRD135,ST023,295,378.41,111630.95,PINV003037,8
PUR003038,20230703,SUP013,PRD101,ST028,135,778.88,105148.8,PINV003038,15
PUR003039,20231205,SUP062,PRD197,ST044,244,86.24,21042.56,PINV003039,2
PUR003040,20261009,SUP031,PRD143,ST026,499,504.02,251505.98,PINV003040,9
PUR003041,20260227,SUP091,PRD242,ST027,137,144.88,19848.56,PINV003041,11
PUR003042,20270705,SUP053,PRD193,ST011,153,99.61,15240.33,PINV003042,8
PUR003043,20250411,SUP010,PRD179,ST028,228,446.05,101699.4,PINV003043,11
PUR003044,20230303,SUP087,PRD209,ST005,422,193.75,81762.5,PINV003044,2
PUR003045,20270126,SUP010,PRD024,ST023,456,99.46,45353.76,PINV003045,10
PUR003046,20280109,SUP090,PRD174,ST005,131,61.1,8004.1,PINV003046,5
PUR003047,20251106,SUP093,PRD267,ST049,172,458.12,78796.64,PINV003047,9
PUR003048,20250131,SUP053,PRD001,ST016,239,412.09,98489.51,PINV003048,5
PUR003049,20230408,SUP069,PRD242,ST040,82,723.07,59291.74,PINV003049,14
PUR003050,20270426,SUP091,PRD184,ST030,158,146.64,23169.12,PINV003050,6
PUR003051,20260121,SUP051,PRD144,ST009,402,401.23,161294.46,PINV003051,14
PUR003052,20270926,SUP039,PRD044,ST029,87,41.99,3653.13,PINV003052,1
PUR003053,20261228,SUP079,PRD120,ST021,225,774.57,174278.25,PINV003053,5
PUR003054,20270317,SUP044,PRD094,ST004,362,509.48,184431.76,PINV003054,6
PUR003055,20240912,SUP026,PRD242,ST047,365,150.42,54903.3,PINV003055,9
PUR003056,20260730,SUP051,PRD096,ST038,310,594.03,184149.3,PINV003056,3
PUR003057,20280728,SUP054,PRD219,ST035,494,524.81,259256.14,PINV003057,4
PUR003058,20271023,SUP069,PRD067,ST003,331,173.53,57438.43,PINV003058,12
PUR003059,20270316,SUP038,PRD061,ST022,379,358.61,135913.19,PINV003059,11
PUR003060,20271222,SUP088,PRD284,ST001,189,24.83,4692.87,PINV003060,15
PUR003061,20260910,SUP017,PRD059,ST007,277,31.18,8636.86,PINV003061,12
PUR003062,20260501,SUP072,PRD223,ST023,243,142.74,34685.82,PINV003062,11
PUR003063,20251006,SUP041,PRD111,ST039,328,169.16,55484.48,PINV003063,3
PUR003064,20260905,SUP032,PRD200,ST029,276,80.09,22104.84,PINV003064,1
PUR003065,20281022,SUP009,PRD223,ST040,148,49.84,7376.32,PINV003065,7
PUR003066,20240401,SUP081,PRD140,ST044,480,632.95,303816.0,PINV003066,9
PUR003067,20260916,SUP019,PRD180,ST004,89,422.0,37558.0,PINV003067,5
PUR003068,20231201,SUP026,PRD105,ST038,467,712.18,332588.06,PINV003068,7
PUR003069,20240403,SUP071,PRD151,ST025,351,643.64,225917.64,PINV003069,6
PUR003070,20230414,SUP082,PRD175,ST036,203,23.26,4721.78,PINV003070,7
PUR003071,20240308,SUP059,PRD292,ST015,69,778.86,53741.34,PINV003071,12
PUR003072,20271204,SUP059,PRD158,ST045,377,338.88,127757.76,PINV003072,2
PUR003073,20241215,SUP042,PRD185,ST046,404,373.05,150712.2,PINV003073,10
PUR003074,20280822,SUP084,PRD272,ST045,126,599.76,75569.76,PINV003074,15
PUR003075,20260225,SUP021,PRD153,ST018,383,109.49,41934.67,PINV003075,1
PUR003076,20230205,SUP055,PRD143,ST008,63,346.69,21841.47,PINV003076,8
PUR003077,20271211,SUP003,PRD289,ST010,86,707.21,60820.06,PINV003077,11
PUR003078,20251202,SUP033,PRD215,ST037,110,44.75,4922.5,PINV003078,1
PUR003079,20280421,SUP001,PRD058,ST049,269,78.77,21189.13,PINV003079,3
PUR003080,20250718,SUP049,PRD058,ST012,397,604.95,240165.15,PINV003080,4
PUR003081,20231118,SUP075,PRD089,ST020,160,656.35,105016.0,PINV003081,6
PUR003082,20240910,SUP030,PRD064,ST035,314,563.37,176898.18,PINV003082,15
PUR003083,20260413,SUP063,PRD084,ST017,261,415.88,108544.68,PINV003083,1
PUR003084,20280210,SUP031,PRD194,ST047,468,328.31,153649.08,PINV003084,1
PUR003085,20270415,SUP035,PRD214,ST029,284,170.19,48333.96,PINV003085,13
PUR003086,20250211,SUP026,PRD128,ST049,399,155.22,61932.78,PINV003086,13
PUR003087,20240313,SUP069,PRD050,ST005,310,623.05,193145.5,PINV003087,9
PUR003088,20260523,SUP032,PRD001,ST039,83,358.9,29788.7,PINV003088,2
PUR003089,20240907,SUP003,PRD297,ST020,123,761.86,93708.78,PINV003089,15
PUR003090,20281124,SUP040,PRD233,ST029,166,307.48,51041.68,PINV003090,11
PUR003091,20260304,SUP078,PRD115,ST024,189,94.73,17903.97,PINV003091,5
PUR003092,20260317,SUP046,PRD045,ST022,196,458.14,89795.44,PINV003092,12
PUR003093,20270702,SUP069,PRD015,ST007,194,226.59,43958.46,PINV003093,8
PUR003094,20230409,SUP018,PRD178,ST050,179,714.27,127854.33,PINV003094,1
PUR003095,20270323,SUP098,PRD275,ST046,373,221.52,82626.96,PINV003095,6
PUR003096,20230113,SUP013,PRD215,ST008,75,318.41,23880.75,PINV003096,6
PUR003097,20270113,SUP051,PRD269,ST010,285,675.75,192588.75,PINV003097,14
PUR003098,20230619,SUP058,PRD005,ST022,339,29.11,9868.29,PINV003098,8
PUR003099,20270603,SUP045,PRD014,ST046,448,162.71,72894.08,PINV003099,5
PUR003100,20280202,SUP030,PRD017,ST050,408,382.86,156206.88,PINV003100,6
PUR003101,20270101,SUP070,PRD216,ST044,92,479.21,44087.32,PINV003101,8
PUR003102,20280327,SUP095,PRD016,ST038,316,752.56,237808.96,PINV003102,2
PUR003103,20260612,SUP051,PRD203,ST038,65,262.16,17040.4,PINV003103,4
PUR003104,20261028,SUP018,PRD133,ST048,153,724.08,110784.24,PINV003104,10
PUR003105,20280211,SUP034,PRD275,ST044,365,95.77,34956.05,PINV003105,5
PUR003106,20240408,SUP080,PRD263,ST018,304,659.58,200512.32,PINV003106,6
PUR003107,20270327,SUP080,PRD138,ST030,377,297.47,112146.19,PINV003107,3
PUR003108,20271009,SUP066,PRD055,ST010,483,742.25,358506.75,PINV003108,4
PUR003109,20251104,SUP076,PRD062,ST012,118,63.74,7521.32,PINV003109,4
PUR003110,20281106,SUP088,PRD164,ST039,311,176.87,55006.57,PINV003110,3
PUR003111,20230416,SUP084,PRD126,ST046,475,49.03,23289.25,PINV003111,6
PUR003112,20250316,SUP075,PRD077,ST047,198,736.82,145890.36,PINV003112,4
PUR003113,20240918,SUP071,PRD270,ST048,289,376.18,108716.02,PINV003113,11
PUR003114,20231229,SUP016,PRD291,ST027,478,137.98,65954.44,PINV003114,7
PUR003115,20270619,SUP047,PRD075,ST035,363,314.71,114239.73,PINV003115,10
PUR003116,20241114,SUP005,PRD032,ST022,260,613.76,159577.6,PINV003116,6
PUR003117,20241020,SUP021,PRD128,ST039,380,614.07,233346.6,PINV003117,1
PUR003118,20230610,SUP063,PRD063,ST036,196,323.92,63488.32,PINV003118,12
PUR003119,20280420,SUP100,PRD116,ST047,134,679.08,90996.72,PINV003119,2
PUR003120,20230902,SUP091,PRD029,ST025,171,565.13,96637.23,PINV003120,11
PUR003121,20230222,SUP033,PRD123,ST033,67,542.15,36324.05,PINV003121,10
PUR003122,20251208,SUP007,PRD210,ST016,115,477.42,54903.3,PINV003122,13
PUR003123,20271112,SUP063,PRD075,ST038,215,175.32,37693.8,PINV003123,1
PUR003124,20271004,SUP057,PRD216,ST010,147,636.11,93508.17,PINV003124,6
PUR003125,20230118,SUP053,PRD236,ST039,260,122.09,31743.4,PINV003125,2
PUR003126,20240727,SUP026,PRD187,ST012,373,356.65,133030.45,PINV003126,3
PUR003127,20250110,SUP012,PRD165,ST003,253,381.49,96516.97,PINV003127,1
PUR003128,20250825,SUP100,PRD195,ST029,418,342.29,143077.22,PINV003128,1
PUR003129,20250213,SUP018,PRD088,ST019,77,349.39,26903.03,PINV003129,6
PUR003130,20230105,SUP096,PRD010,ST006,120,759.3,91116.0,PINV003130,1
PUR003131,20270305,SUP053,PRD166,ST037,242,95.4,23086.8,PINV003131,5
PUR003132,20260515,SUP031,PRD104,ST008,140,200.54,28075.6,PINV003132,10
PUR003133,20250708,SUP058,PRD170,ST026,156,740.54,115524.24,PINV003133,3
PUR003134,20231213,SUP050,PRD112,ST039,449,588.6,264281.4,PINV003134,8
PUR003135,20260502,SUP013,PRD102,ST015,312,678.65,211738.8,PINV003135,3
PUR003136,20251209,SUP053,PRD101,ST039,354,179.8,63649.2,PINV003136,3
PUR003137,20240625,SUP028,PRD199,ST014,234,500.67,117156.78,PINV003137,13
PUR003138,20231124,SUP067,PRD050,ST030,487,519.18,252840.66,PINV003138,7
PUR003139,20260215,SUP010,PRD278,ST043,205,73.8,15129.0,PINV003139,14
PUR003140,20231204,SUP040,PRD054,ST003,238,201.75,48016.5,PINV003140,7
PUR003141,20270710,SUP056,PRD072,ST022,416,557.92,232094.72,PINV003141,10
PUR003142,20261116,SUP021,PRD057,ST010,93,243.04,22602.72,PINV003142,8
PUR003143,20230514,SUP079,PRD142,ST031,359,273.42,98157.78,PINV003143,8
PUR003144,20251205,SUP052,PRD202,ST026,231,239.98,55435.38,PINV003144,5
PUR003145,20270310,SUP043,PRD094,ST032,170,576.61,98023.7,PINV003145,4
PUR003146,20270225,SUP068,PRD269,ST028,421,469.79,197781.59,PINV003146,5
PUR003147,20280516,SUP079,PRD159,ST030,380,440.82,167511.6,PINV003147,10
PUR003148,20240509,SUP053,PRD146,ST043,405,202.5,82012.5,PINV003148,8
PUR003149,20280220,SUP031,PRD278,ST050,207,654.11,135400.77,PINV003149,15
PUR003150,20260526,SUP084,PRD048,ST005,441,157.84,69607.44,PINV003150,13
PUR003151,20261009,SUP082,PRD124,ST035,435,161.62,70304.7,PINV003151,8
PUR003152,20271103,SUP010,PRD203,ST020,131,135.91,17804.21,PINV003152,1
PUR003153,20270904,SUP050,PRD087,ST030,183,504.72,92363.76,PINV003153,6
PUR003154,20250407,SUP034,PRD265,ST010,267,771.81,206073.27,PINV003154,6
PUR003155,20270719,SUP072,PRD062,ST007,202,780.25,157610.5,PINV003155,3
PUR003156,20240707,SUP074,PRD291,ST048,71,528.38,37514.98,PINV003156,6
PUR003157,20240619,SUP040,PRD033,ST023,393,122.95,48319.35,PINV003157,13
PUR003158,20270516,SUP073,PRD055,ST020,192,608.21,116776.32,PINV003158,5
PUR003159,20270304,SUP070,PRD242,ST026,383,607.61,232714.63,PINV003159,5
PUR003160,20280926,SUP049,PRD232,ST019,434,706.58,306655.72,PINV003160,8
PUR003161,20241030,SUP059,PRD207,ST050,102,652.79,66584.58,PINV003161,6
PUR003162,20230722,SUP021,PRD205,ST005,480,434.8,208704.0,PINV003162,4
PUR003163,20260324,SUP088,PRD022,ST049,307,599.13,183932.91,PINV003163,2
PUR003164,20270121,SUP041,PRD166,ST038,78,38.11,2972.58,PINV003164,5
PUR003165,20240408,SUP061,PRD128,ST018,196,384.57,75375.72,PINV003165,4
PUR003166,20270526,SUP003,PRD112,ST033,102,101.16,10318.32,PINV003166,13
PUR003167,20280521,SUP022,PRD030,ST035,104,686.16,71360.64,PINV003167,12
PUR003168,20240617,SUP052,PRD211,ST011,359,666.23,239176.57,PINV003168,4
PUR003169,20270907,SUP080,PRD282,ST006,356,726.27,258552.12,PINV003169,5
PUR003170,20230822,SUP021,PRD232,ST044,283,495.27,140161.41,PINV003170,2
PUR003171,20280412,SUP062,PRD206,ST028,374,302.11,112989.14,PINV003171,13
PUR003172,20261012,SUP096,PRD113,ST026,78,234.02,18253.56,PINV003172,9
PUR003173,20241022,SUP053,PRD028,ST023,193,431.31,83242.83,PINV003173,4
PUR003174,20281012,SUP033,PRD049,ST036,315,58.69,18487.35,PINV003174,7
PUR003175,20270722,SUP077,PRD034,ST036,278,205.73,57192.94,PINV003175,7
PUR003176,20240918,SUP011,PRD097,ST017,302,787.52,237831.04,PINV003176,2
PUR003177,20240303,SUP054,PRD075,ST003,162,742.35,120260.7,PINV003177,14
PUR003178,20231102,SUP036,PRD058,ST045,193,212.51,41014.43,PINV003178,2
PUR003179,20261202,SUP064,PRD158,ST004,360,292.88,105436.8,PINV003179,4
PUR003180,20270831,SUP089,PRD163,ST015,51,500.38,25519.38,PINV003180,1
PUR003181,20260613,SUP050,PRD025,ST046,334,127.62,42625.08,PINV003181,6
PUR003182,20240725,SUP014,PRD175,ST010,345,213.36,73609.2,PINV003182,11
PUR003183,20260126,SUP096,PRD280,ST018,276,678.54,187277.04,PINV003183,6
PUR003184,20281217,SUP032,PRD263,ST029,139,377.59,52485.01,PINV003184,10
PUR003185,20260926,SUP087,PRD013,ST015,388,605.86,235073.68,PINV003185,12
PUR003186,20250806,SUP028,PRD077,ST012,162,700.67,113508.54,PINV003186,9
PUR003187,20250619,SUP029,PRD099,ST022,441,134.54,59332.14,PINV003187,8
PUR003188,20280303,SUP056,PRD034,ST010,239,653.26,156129.14,PINV003188,7
PUR003189,20270713,SUP069,PRD068,ST013,262,111.73,29273.26,PINV003189,9
PUR003190,20250220,SUP046,PRD150,ST029,292,490.79,143310.68,PINV003190,2
PUR003191,20251016,SUP066,PRD169,ST011,81,381.41,30894.21,PINV003191,11
PUR003192,20260131,SUP025,PRD262,ST009,242,755.51,182833.42,PINV003192,7
PUR003193,20240301,SUP100,PRD286,ST004,394,523.87,206404.78,PINV003193,3
PUR003194,20260605,SUP003,PRD155,ST044,84,127.77,10732.68,PINV003194,7
PUR003195,20250501,SUP043,PRD118,ST040,187,585.49,109486.63,PINV003195,5
PUR003196,20250205,SUP051,PRD095,ST010,437,253.58,110814.46,PINV003196,7
PUR003197,20241223,SUP018,PRD146,ST035,162,719.33,116531.46,PINV003197,2
PUR003198,20250708,SUP029,PRD099,ST027,69,663.0,45747.0,PINV003198,14
PUR003199,20270505,SUP077,PRD114,ST017,469,480.04,225138.76,PINV003199,6
PUR003200,20280326,SUP043,PRD041,ST044,323,645.3,208431.9,PINV003200,14
PUR003201,20240417,SUP002,PRD088,ST040,94,297.7,27983.8,PINV003201,7
PUR003202,20240319,SUP055,PRD240,ST017,415,516.14,214198.1,PINV003202,5
PUR003203,20280710,SUP076,PRD279,ST011,323,744.24,240389.52,PINV003203,8
PUR003204,20280804,SUP067,PRD151,ST019,267,108.11,28865.37,PINV003204,5
PUR003205,20260207,SUP081,PRD167,ST050,449,719.17,322907.33,PINV003205,12
PUR003206,20280307,SUP029,PRD089,ST004,173,206.07,35650.11,PINV003206,2
PUR003207,20260928,SUP062,PRD026,ST010,250,692.71,173177.5,PINV003207,12
PUR003208,20270826,SUP048,PRD182,ST024,419,398.46,166954.74,PINV003208,9
PUR003209,20241104,SUP079,PRD149,ST022,269,177.24,47677.56,PINV003209,6
PUR003210,20250622,SUP063,PRD154,ST047,111,509.02,56501.22,PINV003210,11
PUR003211,20281019,SUP014,PRD077,ST002,378,600.0,226800.0,PINV003211,3
PUR003212,20250118,SUP076,PRD041,ST010,379,763.39,289324.81,PINV003212,1
PUR003213,20230215,SUP074,PRD278,ST008,412,615.99,253787.88,PINV003213,14
PUR003214,20230801,SUP037,PRD225,ST015,281,315.89,88765.09,PINV003214,5
PUR003215,20250318,SUP041,PRD142,ST042,101,589.65,59554.65,PINV003215,10
PUR003216,20260108,SUP091,PRD100,ST010,77,182.46,14049.42,PINV003216,15
PUR003217,20230519,SUP017,PRD120,ST039,398,499.01,198605.98,PINV003217,11
PUR003218,20231123,SUP098,PRD120,ST050,228,737.91,168243.48,PINV003218,7
PUR003219,20230215,SUP028,PRD061,ST031,59,569.89,33623.51,PINV003219,6
PUR003220,20231223,SUP062,PRD182,ST042,381,753.1,286931.1,PINV003220,8
PUR003221,20270202,SUP082,PRD093,ST013,319,436.25,139163.75,PINV003221,3
PUR003222,20240126,SUP074,PRD179,ST023,92,428.02,39377.84,PINV003222,2
PUR003223,20280328,SUP049,PRD254,ST035,119,684.11,81409.09,PINV003223,11
PUR003224,20241231,SUP001,PRD281,ST011,205,525.75,107778.75,PINV003224,14
PUR003225,20271010,SUP056,PRD014,ST016,133,706.46,93959.18,PINV003225,14
PUR003226,20280506,SUP099,PRD272,ST027,83,792.22,65754.26,PINV003226,4
PUR003227,20250609,SUP044,PRD193,ST029,163,474.96,77418.48,PINV003227,7
PUR003228,20270616,SUP053,PRD157,ST024,153,202.74,31019.22,PINV003228,15
PUR003229,20270614,SUP086,PRD121,ST032,147,121.54,17866.38,PINV003229,2
PUR003230,20230222,SUP019,PRD017,ST023,284,279.19,79289.96,PINV003230,2
PUR003231,20261015,SUP091,PRD010,ST008,246,259.27,63780.42,PINV003231,4
PUR003232,20261027,SUP034,PRD184,ST044,393,513.78,201915.54,PINV003232,4
PUR003233,20260807,SUP089,PRD166,ST033,384,244.71,93968.64,PINV003233,2
PUR003234,20280623,SUP042,PRD091,ST044,379,22.91,8682.89,PINV003234,3
PUR003235,20271204,SUP079,PRD121,ST007,401,297.6,119337.6,PINV003235,9
PUR003236,20240409,SUP054,PRD143,ST020,179,204.57,36618.03,PINV003236,1
PUR003237,20250102,SUP058,PRD087,ST044,85,519.11,44124.35,PINV003237,8
PUR003238,20270414,SUP094,PRD021,ST002,301,513.31,154506.31,PINV003238,1
PUR003239,20281124,SUP039,PRD184,ST048,253,498.45,126107.85,PINV003239,5
PUR003240,20280728,SUP083,PRD094,ST006,354,248.32,87905.28,PINV003240,7
PUR003241,20260227,SUP076,PRD130,ST031,380,501.27,190482.6,PINV003241,2
PUR003242,20240917,SUP099,PRD091,ST049,344,430.88,148222.72,PINV003242,10
PUR003243,20281228,SUP056,PRD180,ST016,89,115.48,10277.72,PINV003243,5
PUR003244,20241211,SUP018,PRD291,ST048,172,473.29,81405.88,PINV003244,11
PUR003245,20250319,SUP080,PRD005,ST002,275,143.03,39333.25,PINV003245,10
PUR003246,20280407,SUP021,PRD199,ST043,440,22.69,9983.6,PINV003246,11
PUR003247,20240417,SUP087,PRD061,ST016,294,578.9,170196.6,PINV003247,8
PUR003248,20250412,SUP073,PRD153,ST007,112,77.65,8696.8,PINV003248,14
PUR003249,20280501,SUP001,PRD252,ST026,399,388.45,154991.55,PINV003249,3
PUR003250,20260205,SUP076,PRD128,ST005,351,592.38,207925.38,PINV003250,10
PUR003251,20230405,SUP081,PRD160,ST040,320,623.33,199465.6,PINV003251,5
PUR003252,20250618,SUP068,PRD195,ST045,239,580.49,138737.11,PINV003252,9
PUR003253,20270225,SUP067,PRD288,ST041,331,307.79,101878.49,PINV003253,5
PUR003254,20250802,SUP072,PRD203,ST021,272,707.35,192399.2,PINV003254,3
PUR003255,20240413,SUP068,PRD253,ST030,245,756.44,185327.8,PINV003255,9
PUR003256,20240708,SUP098,PRD031,ST031,277,158.11,43796.47,PINV003256,3
PUR003257,20240430,SUP007,PRD197,ST028,71,743.87,52814.77,PINV003257,14
PUR003258,20230121,SUP079,PRD070,ST001,141,163.27,23021.07,PINV003258,3
PUR003259,20240715,SUP040,PRD099,ST048,440,222.79,98027.6,PINV003259,11
PUR003260,20271208,SUP079,PRD043,ST040,89,99.47,8852.83,PINV003260,15
PUR003261,20240508,SUP073,PRD110,ST006,188,62.07,11669.16,PINV003261,9
PUR003262,20230219,SUP085,PRD098,ST037,383,728.3,278938.9,PINV003262,6
PUR003263,20270414,SUP045,PRD244,ST018,317,99.86,31655.62,PINV003263,1
PUR003264,20270315,SUP050,PRD257,ST026,327,639.04,208966.08,PINV003264,12
PUR003265,20231224,SUP075,PRD074,ST015,346,788.05,272665.3,PINV003265,5
PUR003266,20261224,SUP043,PRD245,ST039,349,83.87,29270.63,PINV003266,10
PUR003267,20260924,SUP069,PRD184,ST012,190,590.42,112179.8,PINV003267,2
PUR003268,20241027,SUP051,PRD097,ST035,62,49.31,3057.22,PINV003268,1
PUR003269,20260129,SUP065,PRD268,ST010,270,603.94,163063.8,PINV003269,13
PUR003270,20231003,SUP071,PRD271,ST045,457,612.24,279793.68,PINV003270,6
PUR003271,20281001,SUP040,PRD077,ST011,322,221.68,71380.96,PINV003271,10
PUR003272,20270708,SUP096,PRD151,ST032,290,48.29,14004.1,PINV003272,10
PUR003273,20270821,SUP036,PRD090,ST002,285,137.28,39124.8,PINV003273,12
PUR003274,20270930,SUP073,PRD232,ST021,261,461.94,120566.34,PINV003274,14
PUR003275,20281203,SUP043,PRD232,ST043,327,459.22,150164.94,PINV003275,11
PUR003276,20270511,SUP093,PRD137,ST018,246,731.97,180064.62,PINV003276,15
PUR003277,20240921,SUP031,PRD115,ST024,333,154.33,51391.89,PINV003277,10
PUR003278,20250622,SUP081,PRD092,ST020,418,151.88,63485.84,PINV003278,12
PUR003279,20250605,SUP013,PRD022,ST042,214,558.57,119533.98,PINV003279,13
PUR003280,20280908,SUP026,PRD286,ST033,192,562.07,107917.44,PINV003280,4
PUR003281,20240601,SUP055,PRD005,ST001,350,345.06,120771.0,PINV003281,10
PUR003282,20280829,SUP078,PRD007,ST041,373,270.42,100866.66,PINV003282,5
PUR003283,20241124,SUP099,PRD071,ST042,147,72.45,10650.15,PINV003283,7
PUR003284,20280626,SUP033,PRD109,ST002,193,296.43,57210.99,PINV003284,6
PUR003285,20280702,SUP029,PRD166,ST016,259,339.46,87920.14,PINV003285,7
PUR003286,20250119,SUP068,PRD093,ST011,69,625.69,43172.61,PINV003286,3
PUR003287,20260624,SUP079,PRD063,ST016,96,352.76,33864.96,PINV003287,14
PUR003288,20270318,SUP051,PRD024,ST002,96,159.84,15344.64,PINV003288,6
PUR003289,20270921,SUP093,PRD132,ST036,168,631.36,106068.48,PINV003289,9
PUR003290,20250606,SUP057,PRD048,ST029,300,763.53,229059.0,PINV003290,11
PUR003291,20241208,SUP008,PRD257,ST029,78,443.31,34578.18,PINV003291,6
PUR003292,20281106,SUP026,PRD028,ST029,307,645.7,198229.9,PINV003292,9
PUR003293,20261213,SUP003,PRD288,ST017,131,248.2,32514.2,PINV003293,7
PUR003294,20240303,SUP063,PRD091,ST025,369,758.27,279801.63,PINV003294,13
PUR003295,20231018,SUP010,PRD246,ST043,167,244.08,40761.36,PINV003295,15
PUR003296,20240607,SUP022,PRD054,ST023,89,218.27,19426.03,PINV003296,3
PUR003297,20240529,SUP083,PRD112,ST014,143,644.84,92212.12,PINV003297,9
PUR003298,20261202,SUP034,PRD016,ST029,221,363.81,80402.01,PINV003298,13
PUR003299,20260521,SUP040,PRD043,ST010,360,140.1,50436.0,PINV003299,2
PUR003300,20231027,SUP084,PRD193,ST037,405,252.87,102412.35,PINV003300,8
PUR003301,20250702,SUP058,PRD115,ST023,465,322.0,149730.0,PINV003301,14
PUR003302,20230122,SUP097,PRD104,ST041,458,485.87,222528.46,PINV003302,10
PUR003303,20270331,SUP043,PRD034,ST029,128,756.98,96893.44,PINV003303,5
PUR003304,20270211,SUP074,PRD027,ST008,84,117.45,9865.8,PINV003304,13
PUR003305,20240525,SUP016,PRD078,ST034,354,725.37,256780.98,PINV003305,1
PUR003306,20281123,SUP035,PRD156,ST034,361,599.63,216466.43,PINV003306,12
PUR003307,20250820,SUP039,PRD052,ST024,326,522.47,170325.22,PINV003307,4
PUR003308,20270514,SUP048,PRD269,ST017,257,271.26,69713.82,PINV003308,2
PUR003309,20251210,SUP044,PRD232,ST024,374,52.24,19537.76,PINV003309,1
PUR003310,20250623,SUP030,PRD271,ST042,96,86.3,8284.8,PINV003310,12
PUR003311,20231205,SUP018,PRD187,ST028,204,432.12,88152.48,PINV003311,10
PUR003312,20271123,SUP025,PRD185,ST006,226,731.51,165321.26,PINV003312,7
PUR003313,20280726,SUP060,PRD159,ST025,198,150.66,29830.68,PINV003313,6
PUR003314,20230303,SUP009,PRD068,ST048,284,249.6,70886.4,PINV003314,9
PUR003315,20260107,SUP093,PRD162,ST008,185,605.46,112010.1,PINV003315,15
PUR003316,20260504,SUP076,PRD027,ST022,242,338.41,81895.22,PINV003316,10
PUR003317,20230224,SUP010,PRD037,ST034,108,194.77,21035.16,PINV003317,15
PUR003318,20261110,SUP037,PRD188,ST010,201,434.02,87238.02,PINV003318,10
PUR003319,20260826,SUP094,PRD025,ST047,123,293.36,36083.28,PINV003319,4
PUR003320,20230907,SUP081,PRD148,ST002,140,693.45,97083.0,PINV003320,1
PUR003321,20271017,SUP004,PRD270,ST013,351,456.02,160063.02,PINV003321,2
PUR003322,20260911,SUP028,PRD083,ST043,123,144.16,17731.68,PINV003322,12
PUR003323,20270904,SUP046,PRD161,ST034,489,211.82,103579.98,PINV003323,13
PUR003324,20240122,SUP035,PRD125,ST002,255,480.52,122532.6,PINV003324,10
PUR003325,20250316,SUP010,PRD136,ST020,410,373.72,153225.2,PINV003325,9
PUR003326,20280924,SUP050,PRD251,ST035,77,479.85,36948.45,PINV003326,3
PUR003327,20280910,SUP043,PRD067,ST030,267,104.49,27898.83,PINV003327,6
PUR003328,20230926,SUP030,PRD022,ST028,299,596.66,178401.34,PINV003328,2
PUR003329,20250103,SUP068,PRD182,ST001,187,403.85,75519.95,PINV003329,13
PUR003330,20230202,SUP013,PRD296,ST014,353,88.55,31258.15,PINV003330,4
PUR003331,20270527,SUP019,PRD027,ST045,348,368.11,128102.28,PINV003331,12
PUR003332,20280101,SUP008,PRD119,ST038,239,405.78,96981.42,PINV003332,10
PUR003333,20270502,SUP044,PRD114,ST017,429,311.01,133423.29,PINV003333,4
PUR003334,20230125,SUP030,PRD298,ST019,377,136.32,51392.64,PINV003334,7
PUR003335,20230605,SUP019,PRD255,ST030,156,451.16,70380.96,PINV003335,10
PUR003336,20280621,SUP029,PRD217,ST016,142,474.59,67391.78,PINV003336,3
PUR003337,20230220,SUP093,PRD142,ST002,194,487.72,94617.68,PINV003337,1
PUR003338,20280620,SUP026,PRD101,ST014,488,20.97,10233.36,PINV003338,1
PUR003339,20270817,SUP069,PRD046,ST001,424,430.06,182345.44,PINV003339,8
PUR003340,20231225,SUP050,PRD266,ST020,236,589.82,139197.52,PINV003340,2
PUR003341,20261007,SUP019,PRD254,ST005,373,769.85,287154.05,PINV003341,13
PUR003342,20240809,SUP066,PRD026,ST020,218,648.19,141305.42,PINV003342,8
PUR003343,20230825,SUP089,PRD116,ST045,254,631.1,160299.4,PINV003343,9
PUR003344,20271230,SUP097,PRD041,ST037,226,169.51,38309.26,PINV003344,12
PUR003345,20250319,SUP029,PRD280,ST044,437,715.73,312774.01,PINV003345,13
PUR003346,20280313,SUP090,PRD237,ST017,264,569.95,150466.8,PINV003346,9
PUR003347,20231029,SUP097,PRD169,ST018,274,745.21,204187.54,PINV003347,10
PUR003348,20260403,SUP042,PRD289,ST025,156,230.55,35965.8,PINV003348,3
PUR003349,20260508,SUP014,PRD262,ST048,189,74.83,14142.87,PINV003349,2
PUR003350,20251215,SUP048,PRD150,ST041,188,688.73,129481.24,PINV003350,13
PUR003351,20280626,SUP020,PRD093,ST001,99,618.04,61185.96,PINV003351,14
PUR003352,20230208,SUP018,PRD005,ST026,482,487.6,235023.2,PINV003352,6
PUR003353,20250825,SUP094,PRD010,ST048,410,520.36,213347.6,PINV003353,9
PUR003354,20270829,SUP024,PRD097,ST022,215,519.76,111748.4,PINV003354,11
PUR003355,20231028,SUP081,PRD162,ST037,86,526.39,45269.54,PINV003355,3
PUR003356,20270709,SUP070,PRD136,ST007,493,731.13,360447.09,PINV003356,13
PUR003357,20260927,SUP048,PRD084,ST046,436,170.36,74276.96,PINV003357,4
PUR003358,20240205,SUP089,PRD171,ST009,111,164.34,18241.74,PINV003358,7
PUR003359,20260512,SUP081,PRD030,ST044,374,69.15,25862.1,PINV003359,1
PUR003360,20271025,SUP031,PRD085,ST034,84,654.07,54941.88,PINV003360,8
PUR003361,20260104,SUP083,PRD160,ST025,234,546.62,127909.08,PINV003361,2
PUR003362,20240125,SUP005,PRD021,ST022,187,625.01,116876.87,PINV003362,10
PUR003363,20241115,SUP002,PRD235,ST043,96,793.62,76187.52,PINV003363,3
PUR003364,20280308,SUP025,PRD074,ST016,201,432.87,87006.87,PINV003364,5
PUR003365,20281004,SUP017,PRD251,ST015,436,419.08,182718.88,PINV003365,4
PUR003366,20270123,SUP022,PRD106,ST034,146,415.9,60721.4,PINV003366,13
PUR003367,20250227,SUP001,PRD049,ST005,191,373.3,71300.3,PINV003367,2
PUR003368,20271210,SUP091,PRD135,ST030,473,96.75,45762.75,PINV003368,4
PUR003369,20270124,SUP013,PRD199,ST020,83,81.6,6772.8,PINV003369,11
PUR003370,20270702,SUP042,PRD082,ST026,189,316.82,59878.98,PINV003370,5
PUR003371,20230929,SUP023,PRD006,ST016,354,558.98,197878.92,PINV003371,7
PUR003372,20270722,SUP100,PRD243,ST015,106,460.77,48841.62,PINV003372,14
PUR003373,20231201,SUP099,PRD048,ST035,153,186.33,28508.49,PINV003373,2
PUR003374,20241118,SUP007,PRD076,ST027,92,577.7,53148.4,PINV003374,10
PUR003375,20250113,SUP080,PRD029,ST013,284,236.02,67029.68,PINV003375,14
PUR003376,20270617,SUP053,PRD070,ST018,62,46.43,2878.66,PINV003376,15
PUR003377,20240710,SUP074,PRD027,ST025,129,664.26,85689.54,PINV003377,8
PUR003378,20250402,SUP073,PRD075,ST010,397,211.83,84096.51,PINV003378,15
PUR003379,20270113,SUP016,PRD174,ST016,249,97.85,24364.65,PINV003379,2
PUR003380,20280912,SUP033,PRD288,ST032,352,622.48,219112.96,PINV003380,12
PUR003381,20251025,SUP089,PRD081,ST002,78,384.59,29998.02,PINV003381,6
PUR003382,20250409,SUP074,PRD008,ST012,146,94.95,13862.7,PINV003382,12
PUR003383,20231126,SUP048,PRD293,ST017,450,86.41,38884.5,PINV003383,5
PUR003384,20260501,SUP013,PRD285,ST004,134,268.03,35916.02,PINV003384,10
PUR003385,20250718,SUP065,PRD141,ST021,266,373.88,99452.08,PINV003385,12
PUR003386,20250725,SUP095,PRD257,ST047,414,789.26,326753.64,PINV003386,15
PUR003387,20281015,SUP049,PRD042,ST037,224,152.99,34269.76,PINV003387,15
PUR003388,20260306,SUP063,PRD010,ST010,184,416.54,76643.36,PINV003388,11
PUR003389,20230924,SUP077,PRD032,ST043,62,409.08,25362.96,PINV003389,9
PUR003390,20280328,SUP027,PRD296,ST026,105,344.56,36178.8,PINV003390,14
PUR003391,20280402,SUP093,PRD163,ST013,388,264.48,102618.24,PINV003391,15
PUR003392,20270607,SUP030,PRD165,ST048,379,317.85,120465.15,PINV003392,4
PUR003393,20281025,SUP030,PRD080,ST005,467,435.15,203215.05,PINV003393,9
PUR003394,20260613,SUP058,PRD075,ST017,88,738.22,64963.36,PINV003394,15
PUR003395,20231126,SUP039,PRD111,ST019,54,317.81,17161.74,PINV003395,3
PUR003396,20270916,SUP075,PRD076,ST041,372,21.21,7890.12,PINV003396,6
PUR003397,20240425,SUP090,PRD150,ST016,213,501.13,106740.69,PINV003397,3
PUR003398,20230930,SUP038,PRD260,ST039,383,436.21,167068.43,PINV003398,11
PUR003399,20271208,SUP057,PRD030,ST037,102,345.87,35278.74,PINV003399,10
PUR003400,20230616,SUP027,PRD174,ST007,119,639.04,76045.76,PINV003400,10
PUR003401,20271128,SUP086,PRD039,ST049,80,102.61,8208.8,PINV003401,12
PUR003402,20240915,SUP025,PRD218,ST019,114,188.74,21516.36,PINV003402,14
PUR003403,20240326,SUP012,PRD097,ST011,159,719.44,114390.96,PINV003403,12
PUR003404,20280106,SUP051,PRD161,ST015,173,27.12,4691.76,PINV003404,2
PUR003405,20230203,SUP018,PRD268,ST016,162,780.77,126484.74,PINV003405,10
PUR003406,20270330,SUP094,PRD131,ST022,330,532.0,175560.0,PINV003406,11
PUR003407,20280718,SUP015,PRD062,ST002,458,365.97,167614.26,PINV003407,1
PUR003408,20281014,SUP006,PRD201,ST021,189,623.12,117769.68,PINV003408,9
PUR003409,20260408,SUP082,PRD070,ST045,457,44.15,20176.55,PINV003409,3
PUR003410,20270605,SUP039,PRD118,ST008,83,423.4,35142.2,PINV003410,10
PUR003411,20240605,SUP040,PRD080,ST020,145,462.69,67090.05,PINV003411,2
PUR003412,20271209,SUP012,PRD108,ST010,407,558.88,227464.16,PINV003412,15
PUR003413,20230911,SUP024,PRD238,ST045,378,539.55,203949.9,PINV003413,7
PUR003414,20230110,SUP003,PRD033,ST030,53,736.5,39034.5,PINV003414,2
PUR003415,20270906,SUP056,PRD058,ST003,60,133.61,8016.6,PINV003415,2
PUR003416,20231215,SUP087,PRD175,ST031,77,563.49,43388.73,PINV003416,9
PUR003417,20271026,SUP049,PRD130,ST040,235,674.79,158575.65,PINV003417,6
PUR003418,20250814,SUP065,PRD082,ST018,272,45.66,12419.52,PINV003418,10
PUR003419,20270929,SUP001,PRD147,ST019,452,595.99,269387.48,PINV003419,4
PUR003420,20281028,SUP054,PRD032,ST033,435,70.63,30724.05,PINV003420,12
PUR003421,20240707,SUP100,PRD174,ST049,484,621.39,300752.76,PINV003421,11
PUR003422,20260629,SUP065,PRD138,ST012,219,506.55,110934.45,PINV003422,1
PUR003423,20261201,SUP014,PRD108,ST011,294,248.38,73023.72,PINV003423,3
PUR003424,20280106,SUP080,PRD240,ST029,250,305.9,76475.0,PINV003424,7
PUR003425,20260328,SUP064,PRD226,ST016,57,108.51,6185.07,PINV003425,5
PUR003426,20270422,SUP085,PRD181,ST028,185,690.08,127664.8,PINV003426,14
PUR003427,20231228,SUP038,PRD015,ST001,368,434.36,159844.48,PINV003427,12
PUR003428,20230317,SUP010,PRD144,ST024,240,380.95,91428.0,PINV003428,9
PUR003429,20240904,SUP043,PRD251,ST009,98,652.33,63928.34,PINV003429,2
PUR003430,20281221,SUP029,PRD275,ST009,94,160.19,15057.86,PINV003430,13
PUR003431,20230904,SUP078,PRD213,ST025,191,36.51,6973.41,PINV003431,12
PUR003432,20240915,SUP012,PRD260,ST048,158,585.4,92493.2,PINV003432,5
PUR003433,20251208,SUP002,PRD218,ST030,101,419.92,42411.92,PINV003433,5
PUR003434,20251219,SUP007,PRD184,ST023,220,216.06,47533.2,PINV003434,15
PUR003435,20230324,SUP065,PRD186,ST003,406,261.59,106205.54,PINV003435,15
PUR003436,20250310,SUP086,PRD125,ST001,208,677.11,140838.88,PINV003436,1
PUR003437,20270529,SUP055,PRD100,ST045,377,784.33,295692.41,PINV003437,8
PUR003438,20250117,SUP033,PRD195,ST043,255,799.86,203964.3,PINV003438,13
PUR003439,20240819,SUP011,PRD116,ST046,430,393.09,169028.7,PINV003439,10
PUR003440,20270321,SUP008,PRD122,ST023,156,316.71,49406.76,PINV003440,12
PUR003441,20260703,SUP049,PRD137,ST032,357,311.46,111191.22,PINV003441,4
PUR003442,20280405,SUP079,PRD256,ST035,198,161.29,31935.42,PINV003442,4
PUR003443,20240409,SUP089,PRD021,ST049,447,138.44,61882.68,PINV003443,10
PUR003444,20281123,SUP071,PRD008,ST001,417,382.17,159364.89,PINV003444,4
PUR003445,20260604,SUP021,PRD131,ST024,361,433.66,156551.26,PINV003445,6
PUR003446,20281220,SUP065,PRD296,ST049,192,121.67,23360.64,PINV003446,13
PUR003447,20280901,SUP053,PRD087,ST001,126,430.63,54259.38,PINV003447,12
PUR003448,20260402,SUP031,PRD037,ST036,93,603.27,56104.11,PINV003448,4
PUR003449,20270619,SUP034,PRD162,ST043,413,74.0,30562.0,PINV003449,3
PUR003450,20271204,SUP067,PRD006,ST045,364,609.85,221985.4,PINV003450,13
PUR003451,20250724,SUP031,PRD189,ST041,126,415.85,52397.1,PINV003451,4
PUR003452,20260707,SUP087,PRD227,ST035,182,29.32,5336.24,PINV003452,9
PUR003453,20260330,SUP017,PRD143,ST031,69,272.74,18819.06,PINV003453,3
PUR003454,20230122,SUP082,PRD106,ST039,230,615.85,141645.5,PINV003454,3
PUR003455,20240724,SUP014,PRD059,ST014,66,227.11,14989.26,PINV003455,5
PUR003456,20230129,SUP077,PRD234,ST018,433,735.2,318341.6,PINV003456,10
PUR003457,20231226,SUP074,PRD258,ST041,162,226.07,36623.34,PINV003457,2
PUR003458,20270816,SUP098,PRD094,ST048,280,774.02,216725.6,PINV003458,13
PUR003459,20251126,SUP091,PRD017,ST003,135,436.7,58954.5,PINV003459,10
PUR003460,20261015,SUP064,PRD060,ST014,108,112.33,12131.64,PINV003460,9
PUR003461,20230119,SUP057,PRD132,ST034,245,765.39,187520.55,PINV003461,15
PUR003462,20260816,SUP049,PRD066,ST005,473,334.71,158317.83,PINV003462,3
PUR003463,20250727,SUP051,PRD075,ST002,479,452.47,216733.13,PINV003463,4
PUR003464,20240921,SUP059,PRD011,ST044,308,613.99,189108.92,PINV003464,13
PUR003465,20280121,SUP073,PRD004,ST018,332,113.67,37738.44,PINV003465,5
PUR003466,20280627,SUP032,PRD270,ST039,468,768.37,359597.16,PINV003466,14
PUR003467,20280518,SUP078,PRD126,ST032,254,277.33,70441.82,PINV003467,10
PUR003468,20240520,SUP044,PRD116,ST003,459,736.9,338237.1,PINV003468,6
PUR003469,20280712,SUP057,PRD300,ST009,355,754.59,267879.45,PINV003469,3
PUR003470,20250216,SUP016,PRD128,ST021,234,85.45,19995.3,PINV003470,1
PUR003471,20260513,SUP047,PRD202,ST015,246,398.09,97930.14,PINV003471,8
PUR003472,20250118,SUP100,PRD194,ST031,158,54.64,8633.12,PINV003472,6
PUR003473,20260320,SUP065,PRD166,ST042,340,355.56,120890.4,PINV003473,12
PUR003474,20240602,SUP092,PRD253,ST023,216,39.53,8538.48,PINV003474,8
PUR003475,20241025,SUP084,PRD174,ST002,103,339.64,34982.92,PINV003475,1
PUR003476,20280322,SUP047,PRD178,ST046,156,302.01,47113.56,PINV003476,10
PUR003477,20231014,SUP082,PRD233,ST040,195,689.86,134522.7,PINV003477,9
PUR003478,20260719,SUP027,PRD034,ST005,464,252.64,117224.96,PINV003478,13
PUR003479,20250920,SUP041,PRD005,ST049,397,133.84,53134.48,PINV003479,5
PUR003480,20280210,SUP058,PRD149,ST035,142,706.52,100325.84,PINV003480,13
PUR003481,20280326,SUP036,PRD129,ST031,176,634.93,111747.68,PINV003481,5
PUR003482,20261227,SUP079,PRD052,ST039,493,340.96,168093.28,PINV003482,4
PUR003483,20250328,SUP098,PRD103,ST049,72,495.97,35709.84,PINV003483,9
PUR003484,20280423,SUP100,PRD130,ST002,267,407.12,108701.04,PINV003484,2
PUR003485,20260514,SUP033,PRD188,ST035,86,179.68,15452.48,PINV003485,9
PUR003486,20240506,SUP094,PRD016,ST046,154,555.27,85511.58,PINV003486,10
PUR003487,20250303,SUP081,PRD178,ST047,148,271.6,40196.8,PINV003487,2
PUR003488,20270125,SUP038,PRD068,ST003,461,642.5,296192.5,PINV003488,1
PUR003489,20240118,SUP076,PRD271,ST003,225,676.45,152201.25,PINV003489,7
PUR003490,20240426,SUP073,PRD179,ST006,266,191.4,50912.4,PINV003490,13
PUR003491,20281221,SUP025,PRD009,ST002,385,50.57,19469.45,PINV003491,1
PUR003492,20231020,SUP029,PRD295,ST014,478,697.15,333237.7,PINV003492,12
PUR003493,20230225,SUP082,PRD070,ST041,213,202.31,43092.03,PINV003493,9
PUR003494,20280522,SUP081,PRD063,ST012,246,387.18,95246.28,PINV003494,9
PUR003495,20280804,SUP057,PRD014,ST001,291,36.07,10496.37,PINV003495,10
PUR003496,20231112,SUP024,PRD012,ST038,398,218.24,86859.52,PINV003496,13
PUR003497,20231115,SUP072,PRD233,ST021,106,433.74,45976.44,PINV003497,1
PUR003498,20280325,SUP100,PRD227,ST030,62,420.05,26043.1,PINV003498,1
PUR003499,20271123,SUP043,PRD170,ST025,383,453.42,173659.86,PINV003499,8
PUR003500,20260106,SUP075,PRD124,ST007,121,482.0,58322.0,PINV003500,1
PUR003501,20260205,SUP027,PRD064,ST041,246,375.06,92264.76,PINV003501,3
PUR003502,20250311,SUP030,PRD134,ST025,386,160.14,61814.04,PINV003502,8
PUR003503,20260630,SUP070,PRD195,ST009,179,57.54,10299.66,PINV003503,2
PUR003504,20271217,SUP052,PRD139,ST026,342,165.68,56662.56,PINV003504,2
PUR003505,20231208,SUP078,PRD238,ST001,73,90.63,6615.99,PINV003505,15
PUR003506,20271217,SUP031,PRD241,ST036,322,716.36,230667.92,PINV003506,2
PUR003507,20270906,SUP079,PRD274,ST003,148,450.52,66676.96,PINV003507,6
PUR003508,20240405,SUP062,PRD261,ST022,324,32.26,10452.24,PINV003508,5
PUR003509,20250812,SUP048,PRD233,ST044,126,573.06,72205.56,PINV003509,3
PUR003510,20271216,SUP032,PRD143,ST050,457,40.33,18430.81,PINV003510,14
PUR003511,20231102,SUP013,PRD037,ST018,116,368.95,42798.2,PINV003511,1
PUR003512,20241020,SUP025,PRD199,ST002,166,282.33,46866.78,PINV003512,12
PUR003513,20250705,SUP079,PRD024,ST027,490,88.66,43443.4,PINV003513,5
PUR003514,20261018,SUP033,PRD245,ST008,406,310.04,125876.24,PINV003514,11
PUR003515,20260724,SUP084,PRD101,ST046,470,671.73,315713.1,PINV003515,4
PUR003516,20240921,SUP095,PRD221,ST002,252,525.96,132541.92,PINV003516,2
PUR003517,20240829,SUP029,PRD021,ST048,169,340.31,57512.39,PINV003517,10
PUR003518,20240403,SUP044,PRD293,ST016,161,91.38,14712.18,PINV003518,10
PUR003519,20231130,SUP013,PRD010,ST002,263,499.13,131271.19,PINV003519,13
PUR003520,20271203,SUP097,PRD284,ST027,425,345.9,147007.5,PINV003520,2
PUR003521,20250701,SUP049,PRD266,ST029,56,505.95,28333.2,PINV003521,7
PUR003522,20240213,SUP029,PRD177,ST040,255,588.7,150118.5,PINV003522,14
PUR003523,20280813,SUP012,PRD186,ST009,66,473.27,31235.82,PINV003523,2
PUR003524,20260329,SUP087,PRD285,ST038,416,148.62,61825.92,PINV003524,11
PUR003525,20230127,SUP074,PRD154,ST032,383,655.8,251171.4,PINV003525,4
PUR003526,20281212,SUP028,PRD221,ST028,152,64.93,9869.36,PINV003526,5
PUR003527,20270418,SUP050,PRD029,ST028,309,200.7,62016.3,PINV003527,1
PUR003528,20240317,SUP079,PRD244,ST037,163,96.86,15788.18,PINV003528,4
PUR003529,20260707,SUP043,PRD070,ST042,81,449.01,36369.81,PINV003529,11
PUR003530,20271228,SUP064,PRD017,ST050,248,655.01,162442.48,PINV003530,12
PUR003531,20250701,SUP075,PRD114,ST010,494,151.92,75048.48,PINV003531,2
PUR003532,20250204,SUP030,PRD167,ST038,90,35.45,3190.5,PINV003532,8
PUR003533,20271202,SUP031,PRD009,ST027,488,171.52,83701.76,PINV003533,6
PUR003534,20230713,SUP070,PRD288,ST023,209,676.33,141352.97,PINV003534,10
PUR003535,20261218,SUP056,PRD155,ST020,430,211.03,90742.9,PINV003535,8
PUR003536,20260825,SUP003,PRD044,ST035,476,189.36,90135.36,PINV003536,10
PUR003537,20261112,SUP074,PRD044,ST009,144,603.01,86833.44,PINV003537,15
PUR003538,20260804,SUP048,PRD195,ST022,278,767.77,213440.06,PINV003538,3
PUR003539,20261020,SUP098,PRD197,ST010,459,776.82,356560.38,PINV003539,6
PUR003540,20270731,SUP070,PRD219,ST025,314,214.7,67415.8,PINV003540,7
PUR003541,20230925,SUP053,PRD078,ST018,214,797.99,170769.86,PINV003541,6
PUR003542,20280204,SUP092,PRD015,ST011,292,700.76,204621.92,PINV003542,10
PUR003543,20270826,SUP022,PRD126,ST025,278,145.76,40521.28,PINV003543,13
PUR003544,20260310,SUP082,PRD238,ST011,174,230.25,40063.5,PINV003544,4
PUR003545,20231022,SUP077,PRD020,ST036,157,185.6,29139.2,PINV003545,12
PUR003546,20260513,SUP033,PRD044,ST002,54,486.99,26297.46,PINV003546,1
PUR003547,20260405,SUP044,PRD298,ST024,296,560.51,165910.96,PINV003547,9
PUR003548,20230926,SUP067,PRD043,ST046,157,409.03,64217.71,PINV003548,13
PUR003549,20260524,SUP017,PRD195,ST029,110,186.08,20468.8,PINV003549,2
PUR003550,20261125,SUP029,PRD052,ST018,250,65.95,16487.5,PINV003550,7
PUR003551,20261219,SUP057,PRD170,ST047,362,231.81,83915.22,PINV003551,1
PUR003552,20270723,SUP038,PRD215,ST014,431,190.9,82277.9,PINV003552,11
PUR003553,20250102,SUP020,PRD076,ST048,305,697.7,212798.5,PINV003553,15
PUR003554,20260324,SUP025,PRD001,ST024,331,253.27,83832.37,PINV003554,7
PUR003555,20260821,SUP083,PRD246,ST027,431,289.8,124903.8,PINV003555,7
PUR003556,20230628,SUP094,PRD124,ST014,241,427.07,102923.87,PINV003556,10
PUR003557,20260410,SUP058,PRD211,ST026,211,782.15,165033.65,PINV003557,11
PUR003558,20260406,SUP017,PRD167,ST020,72,264.62,19052.64,PINV003558,9
PUR003559,20251213,SUP026,PRD170,ST041,61,555.65,33894.65,PINV003559,2
PUR003560,20260905,SUP088,PRD132,ST020,475,438.56,208316.0,PINV003560,9
PUR003561,20230511,SUP069,PRD162,ST038,274,86.84,23794.16,PINV003561,10
PUR003562,20281114,SUP081,PRD228,ST027,165,178.52,29455.8,PINV003562,15
PUR003563,20270626,SUP088,PRD179,ST005,138,140.5,19389.0,PINV003563,4
PUR003564,20270503,SUP037,PRD016,ST021,115,545.11,62687.65,PINV003564,13
PUR003565,20261018,SUP088,PRD290,ST034,245,171.52,42022.4,PINV003565,13
PUR003566,20230917,SUP082,PRD072,ST007,405,548.1,221980.5,PINV003566,6
PUR003567,20270530,SUP089,PRD197,ST028,487,634.98,309235.26,PINV003567,12
PUR003568,20250728,SUP061,PRD276,ST036,245,608.41,149060.45,PINV003568,10
PUR003569,20271228,SUP005,PRD054,ST030,391,329.96,129014.36,PINV003569,3
PUR003570,20271209,SUP091,PRD102,ST027,438,434.63,190367.94,PINV003570,4
PUR003571,20231224,SUP096,PRD286,ST023,371,728.99,270455.29,PINV003571,10
PUR003572,20240627,SUP087,PRD253,ST016,485,611.84,296742.4,PINV003572,7
PUR003573,20250110,SUP081,PRD109,ST032,286,112.63,32212.18,PINV003573,2
PUR003574,20240506,SUP019,PRD040,ST009,441,691.89,305123.49,PINV003574,12
PUR003575,20260611,SUP066,PRD226,ST045,61,656.03,40017.83,PINV003575,15
PUR003576,20240510,SUP079,PRD213,ST032,88,588.07,51750.16,PINV003576,11
PUR003577,20270206,SUP006,PRD123,ST020,335,513.52,172029.2,PINV003577,10
PUR003578,20260426,SUP089,PRD072,ST010,308,362.67,111702.36,PINV003578,2
PUR003579,20251005,SUP009,PRD005,ST015,410,659.73,270489.3,PINV003579,4
PUR003580,20240905,SUP030,PRD026,ST004,290,643.23,186536.7,PINV003580,12
PUR003581,20270321,SUP082,PRD124,ST028,408,257.73,105153.84,PINV003581,3
PUR003582,20250923,SUP054,PRD106,ST019,390,208.77,81420.3,PINV003582,5
PUR003583,20261022,SUP041,PRD203,ST018,484,714.45,345793.8,PINV003583,5
PUR003584,20241016,SUP088,PRD111,ST031,400,21.2,8480.0,PINV003584,10
PUR003585,20251215,SUP005,PRD079,ST032,93,424.39,39468.27,PINV003585,5
PUR003586,20250618,SUP015,PRD218,ST029,170,161.49,27453.3,PINV003586,10
PUR003587,20280327,SUP016,PRD056,ST031,305,300.12,91536.6,PINV003587,10
PUR003588,20240123,SUP096,PRD047,ST012,389,736.54,286514.06,PINV003588,14
PUR003589,20260418,SUP036,PRD225,ST037,238,419.54,99850.52,PINV003589,14
PUR003590,20261212,SUP037,PRD029,ST027,493,36.54,18014.22,PINV003590,13
PUR003591,20240816,SUP089,PRD294,ST023,336,770.1,258753.6,PINV003591,7
PUR003592,20270609,SUP004,PRD275,ST030,59,515.26,30400.34,PINV003592,8
PUR003593,20251030,SUP089,PRD160,ST017,88,21.56,1897.28,PINV003593,14
PUR003594,20270104,SUP088,PRD020,ST043,497,372.76,185261.72,PINV003594,9
PUR003595,20240627,SUP014,PRD131,ST046,65,85.51,5558.15,PINV003595,12
PUR003596,20230122,SUP028,PRD194,ST050,216,120.6,26049.6,PINV003596,8
PUR003597,20230730,SUP069,PRD038,ST018,59,185.08,10919.72,PINV003597,12
PUR003598,20280323,SUP030,PRD133,ST026,410,312.05,127940.5,PINV003598,12
PUR003599,20240519,SUP018,PRD016,ST002,166,391.08,64919.28,PINV003599,1
PUR003600,20230425,SUP061,PRD109,ST030,79,25.79,2037.41,PINV003600,14
PUR003601,20261210,SUP018,PRD232,ST039,204,49.52,10102.08,PINV003601,5
PUR003602,20260803,SUP089,PRD080,ST039,325,172.31,56000.75,PINV003602,14
PUR003603,20250327,SUP038,PRD163,ST036,429,187.51,80441.79,PINV003603,14
PUR003604,20240315,SUP073,PRD123,ST026,499,249.15,124325.85,PINV003604,11
PUR003605,20240227,SUP002,PRD179,ST033,424,240.4,101929.6,PINV003605,10
PUR003606,20280321,SUP045,PRD173,ST050,111,239.71,26607.81,PINV003606,14
PUR003607,20280918,SUP061,PRD133,ST027,384,592.19,227400.96,PINV003607,5
PUR003608,20260208,SUP054,PRD045,ST035,314,640.23,201032.22,PINV003608,11
PUR003609,20240212,SUP076,PRD136,ST010,276,214.91,59315.16,PINV003609,3
PUR003610,20281017,SUP014,PRD205,ST024,57,141.21,8048.97,PINV003610,8
PUR003611,20250928,SUP084,PRD017,ST003,152,105.23,15994.96,PINV003611,14
PUR003612,20250612,SUP070,PRD209,ST017,439,257.31,112959.09,PINV003612,11
PUR003613,20281214,SUP009,PRD214,ST023,433,509.68,220691.44,PINV003613,2
PUR003614,20280202,SUP031,PRD153,ST026,474,426.93,202364.82,PINV003614,2
PUR003615,20230125,SUP097,PRD129,ST043,260,725.73,188689.8,PINV003615,4
PUR003616,20280625,SUP014,PRD103,ST009,190,235.0,44650.0,PINV003616,7
PUR003617,20240411,SUP076,PRD016,ST012,355,33.67,11952.85,PINV003617,10
PUR003618,20230528,SUP054,PRD088,ST035,436,785.26,342373.36,PINV003618,6
PUR003619,20240809,SUP033,PRD057,ST037,304,29.21,8879.84,PINV003619,7
PUR003620,20230922,SUP039,PRD109,ST013,388,391.56,151925.28,PINV003620,3
PUR003621,20230105,SUP018,PRD300,ST010,393,567.75,223125.75,PINV003621,4
PUR003622,20241209,SUP072,PRD100,ST006,294,510.48,150081.12,PINV003622,14
PUR003623,20271014,SUP055,PRD231,ST036,201,140.73,28286.73,PINV003623,8
PUR003624,20261220,SUP069,PRD138,ST048,204,388.18,79188.72,PINV003624,15
PUR003625,20250719,SUP056,PRD047,ST030,142,302.84,43003.28,PINV003625,3
PUR003626,20280722,SUP013,PRD155,ST021,344,765.41,263301.04,PINV003626,4
PUR003627,20280823,SUP087,PRD174,ST004,225,44.09,9920.25,PINV003627,9
PUR003628,20241204,SUP046,PRD222,ST027,241,484.01,116646.41,PINV003628,7
PUR003629,20240806,SUP049,PRD192,ST011,468,564.99,264415.32,PINV003629,5
PUR003630,20251220,SUP021,PRD063,ST033,381,613.74,233834.94,PINV003630,6
PUR003631,20240525,SUP096,PRD209,ST001,343,88.74,30437.82,PINV003631,9
PUR003632,20270802,SUP057,PRD295,ST049,337,760.55,256305.35,PINV003632,14
PUR003633,20231220,SUP073,PRD205,ST047,368,467.58,172069.44,PINV003633,3
PUR003634,20270629,SUP056,PRD251,ST005,65,587.92,38214.8,PINV003634,13
PUR003635,20270821,SUP051,PRD154,ST014,494,145.33,71793.02,PINV003635,6
PUR003636,20240820,SUP067,PRD184,ST038,179,268.58,48075.82,PINV003636,11
PUR003637,20270111,SUP035,PRD146,ST038,174,338.38,58878.12,PINV003637,6
PUR003638,20230107,SUP045,PRD091,ST038,169,35.17,5943.73,PINV003638,8
PUR003639,20240403,SUP047,PRD087,ST035,159,131.87,20967.33,PINV003639,12
PUR003640,20280329,SUP022,PRD043,ST024,397,442.01,175477.97,PINV003640,1
PUR003641,20280713,SUP099,PRD293,ST004,208,205.27,42696.16,PINV003641,4
PUR003642,20280705,SUP083,PRD149,ST003,402,396.87,159541.74,PINV003642,14
PUR003643,20280402,SUP068,PRD234,ST021,222,489.9,108757.8,PINV003643,8
PUR003644,20271023,SUP081,PRD028,ST012,307,668.63,205269.41,PINV003644,9
PUR003645,20280704,SUP052,PRD283,ST042,55,420.45,23124.75,PINV003645,3
PUR003646,20261201,SUP003,PRD265,ST020,208,335.21,69723.68,PINV003646,2
PUR003647,20260310,SUP095,PRD286,ST030,177,415.18,73486.86,PINV003647,2
PUR003648,20250426,SUP036,PRD234,ST034,452,514.19,232413.88,PINV003648,8
PUR003649,20251210,SUP057,PRD206,ST033,317,250.97,79557.49,PINV003649,1
PUR003650,20270923,SUP063,PRD136,ST041,146,67.3,9825.8,PINV003650,13
PUR003651,20251123,SUP012,PRD236,ST012,117,354.4,41464.8,PINV003651,1
PUR003652,20251206,SUP020,PRD156,ST044,335,299.37,100288.95,PINV003652,5
PUR003653,20230120,SUP022,PRD036,ST031,335,774.63,259501.05,PINV003653,4
PUR003654,20260525,SUP029,PRD113,ST016,367,427.49,156888.83,PINV003654,3
PUR003655,20240909,SUP061,PRD089,ST007,69,552.49,38121.81,PINV003655,6
PUR003656,20240624,SUP033,PRD057,ST035,374,620.55,232085.7,PINV003656,13
PUR003657,20251109,SUP020,PRD012,ST011,152,371.65,56490.8,PINV003657,6
PUR003658,20260224,SUP064,PRD182,ST015,105,658.44,69136.2,PINV003658,6
PUR003659,20260124,SUP012,PRD052,ST028,221,506.01,111828.21,PINV003659,5
PUR003660,20250311,SUP083,PRD016,ST019,244,158.03,38559.32,PINV003660,4
PUR003661,20261116,SUP045,PRD002,ST020,232,231.93,53807.76,PINV003661,9
PUR003662,20230720,SUP014,PRD276,ST029,481,462.4,222414.4,PINV003662,10
PUR003663,20240211,SUP014,PRD296,ST014,356,237.2,84443.2,PINV003663,10
PUR003664,20251124,SUP097,PRD268,ST006,167,433.06,72321.02,PINV003664,2
PUR003665,20260518,SUP049,PRD030,ST021,168,405.39,68105.52,PINV003665,11
PUR003666,20261001,SUP076,PRD009,ST012,349,616.5,215158.5,PINV003666,10
PUR003667,20250224,SUP045,PRD215,ST044,473,128.45,60756.85,PINV003667,12
PUR003668,20250826,SUP028,PRD286,ST042,173,779.74,134895.02,PINV003668,13
PUR003669,20280827,SUP003,PRD101,ST043,201,401.02,80605.02,PINV003669,2
PUR003670,20251220,SUP087,PRD061,ST024,279,213.44,59549.76,PINV003670,1
PUR003671,20250808,SUP085,PRD207,ST031,448,571.08,255843.84,PINV003671,15
PUR003672,20260214,SUP002,PRD113,ST017,153,382.12,58464.36,PINV003672,14
PUR003673,20250604,SUP095,PRD137,ST024,162,662.63,107346.06,PINV003673,2
PUR003674,20271110,SUP017,PRD259,ST041,216,749.09,161803.44,PINV003674,4
PUR003675,20260327,SUP096,PRD223,ST042,330,374.63,123627.9,PINV003675,5
PUR003676,20250121,SUP030,PRD166,ST027,150,259.96,38994.0,PINV003676,5
PUR003677,20231028,SUP012,PRD268,ST045,375,592.84,222315.0,PINV003677,11
PUR003678,20250614,SUP083,PRD238,ST004,60,419.09,25145.4,PINV003678,6
PUR003679,20280519,SUP041,PRD206,ST042,468,578.43,270705.24,PINV003679,4
PUR003680,20280513,SUP091,PRD015,ST004,156,401.45,62626.2,PINV003680,12
PUR003681,20280521,SUP062,PRD142,ST041,347,796.34,276329.98,PINV003681,2
PUR003682,20270826,SUP038,PRD122,ST006,87,231.19,20113.53,PINV003682,15
PUR003683,20230602,SUP052,PRD249,ST041,492,276.97,136269.24,PINV003683,2
PUR003684,20271215,SUP068,PRD118,ST013,300,549.88,164964.0,PINV003684,6
PUR003685,20250516,SUP041,PRD063,ST042,57,530.32,30228.24,PINV003685,14
PUR003686,20261127,SUP091,PRD285,ST022,379,705.09,267229.11,PINV003686,11
PUR003687,20230507,SUP059,PRD038,ST044,169,475.68,80389.92,PINV003687,13
PUR003688,20231104,SUP023,PRD259,ST008,145,766.26,111107.7,PINV003688,5
PUR003689,20260911,SUP059,PRD032,ST047,57,239.49,13650.93,PINV003689,5
PUR003690,20280808,SUP086,PRD024,ST011,72,772.9,55648.8,PINV003690,5
PUR003691,20230211,SUP054,PRD035,ST034,197,68.57,13508.29,PINV003691,7
PUR003692,20251121,SUP004,PRD136,ST022,155,28.84,4470.2,PINV003692,1
PUR003693,20240319,SUP044,PRD226,ST018,488,302.33,147537.04,PINV003693,4
PUR003694,20280409,SUP055,PRD090,ST030,409,111.5,45603.5,PINV003694,2
PUR003695,20241021,SUP049,PRD032,ST032,309,238.98,73844.82,PINV003695,11
PUR003696,20271126,SUP060,PRD250,ST022,428,146.72,62796.16,PINV003696,7
PUR003697,20260513,SUP052,PRD265,ST033,78,616.93,48120.54,PINV003697,3
PUR003698,20261118,SUP021,PRD238,ST037,466,511.62,238414.92,PINV003698,4
PUR003699,20280603,SUP082,PRD103,ST033,137,117.98,16163.26,PINV003699,9
PUR003700,20281114,SUP073,PRD027,ST027,304,216.32,65761.28,PINV003700,8
PUR003701,20260824,SUP031,PRD140,ST021,85,133.99,11389.15,PINV003701,13
PUR003702,20230804,SUP019,PRD300,ST031,434,615.5,267127.0,PINV003702,8
PUR003703,20240208,SUP067,PRD192,ST029,371,688.11,255288.81,PINV003703,10
PUR003704,20250410,SUP087,PRD194,ST023,367,180.68,66309.56,PINV003704,14
PUR003705,20250420,SUP030,PRD223,ST025,90,354.61,31914.9,PINV003705,2
PUR003706,20281116,SUP031,PRD250,ST038,320,23.98,7673.6,PINV003706,11
PUR003707,20250703,SUP017,PRD049,ST001,236,202.88,47879.68,PINV003707,9
PUR003708,20230522,SUP004,PRD027,ST021,295,319.08,94128.6,PINV003708,4
PUR003709,20261005,SUP080,PRD280,ST045,125,677.32,84665.0,PINV003709,6
PUR003710,20240514,SUP069,PRD200,ST030,281,152.45,42838.45,PINV003710,4
PUR003711,20260214,SUP004,PRD296,ST033,374,772.38,288870.12,PINV003711,13
PUR003712,20230527,SUP076,PRD012,ST012,396,563.71,223229.16,PINV003712,7
PUR003713,20260407,SUP086,PRD259,ST016,76,714.82,54326.32,PINV003713,14
PUR003714,20280417,SUP045,PRD100,ST046,117,22.02,2576.34,PINV003714,5
PUR003715,20241110,SUP096,PRD150,ST003,278,519.79,144501.62,PINV003715,6
PUR003716,20230413,SUP012,PRD061,ST004,277,150.66,41732.82,PINV003716,1
PUR003717,20250725,SUP079,PRD166,ST023,188,330.43,62120.84,PINV003717,4
PUR003718,20230507,SUP018,PRD212,ST030,162,298.35,48332.7,PINV003718,2
PUR003719,20250501,SUP056,PRD194,ST027,262,563.91,147744.42,PINV003719,2
PUR003720,20250217,SUP002,PRD132,ST029,74,169.52,12544.48,PINV003720,15
PUR003721,20271104,SUP027,PRD163,ST033,63,214.11,13488.93,PINV003721,13
PUR003722,20230531,SUP067,PRD224,ST049,149,454.64,67741.36,PINV003722,13
PUR003723,20270109,SUP012,PRD230,ST020,325,235.53,76547.25,PINV003723,10
PUR003724,20230725,SUP098,PRD259,ST003,225,759.28,170838.0,PINV003724,10
PUR003725,20231012,SUP031,PRD227,ST010,440,786.04,345857.6,PINV003725,7
PUR003726,20260317,SUP019,PRD006,ST008,213,481.68,102597.84,PINV003726,2
PUR003727,20280816,SUP013,PRD107,ST038,439,352.42,154712.38,PINV003727,12
PUR003728,20270717,SUP068,PRD025,ST020,164,738.2,121064.8,PINV003728,13
PUR003729,20250219,SUP028,PRD149,ST033,257,29.2,7504.4,PINV003729,9
PUR003730,20230411,SUP028,PRD081,ST023,101,479.78,48457.78,PINV003730,10
PUR003731,20241228,SUP096,PRD032,ST032,160,657.04,105126.4,PINV003731,15
PUR003732,20270426,SUP001,PRD263,ST009,144,64.26,9253.44,PINV003732,9
PUR003733,20281019,SUP058,PRD264,ST010,109,226.6,24699.4,PINV003733,4
PUR003734,20270210,SUP054,PRD278,ST050,410,710.04,291116.4,PINV003734,13
PUR003735,20270920,SUP083,PRD052,ST002,70,86.31,6041.7,PINV003735,12
PUR003736,20230430,SUP078,PRD156,ST045,371,252.83,93799.93,PINV003736,3
PUR003737,20251118,SUP064,PRD147,ST016,299,434.87,130026.13,PINV003737,13
PUR003738,20250711,SUP011,PRD254,ST025,154,298.29,45936.66,PINV003738,10
PUR003739,20280719,SUP029,PRD131,ST026,65,322.66,20972.9,PINV003739,7
PUR003740,20280613,SUP052,PRD128,ST042,50,111.87,5593.5,PINV003740,15
PUR003741,20241113,SUP005,PRD004,ST034,488,99.8,48702.4,PINV003741,7
PUR003742,20240609,SUP005,PRD001,ST001,500,465.84,232920.0,PINV003742,4
PUR003743,20270623,SUP078,PRD268,ST030,105,571.51,60008.55,PINV003743,10
PUR003744,20260502,SUP089,PRD141,ST013,84,250.12,21010.08,PINV003744,14
PUR003745,20240301,SUP068,PRD051,ST025,342,669.77,229061.34,PINV003745,1
PUR003746,20240621,SUP096,PRD163,ST020,361,39.84,14382.24,PINV003746,5
PUR003747,20260420,SUP069,PRD205,ST047,215,686.88,147679.2,PINV003747,13
PUR003748,20280524,SUP079,PRD123,ST034,179,307.13,54976.27,PINV003748,13
PUR003749,20240919,SUP017,PRD185,ST008,423,60.07,25409.61,PINV003749,7
PUR003750,20271102,SUP085,PRD169,ST027,279,681.82,190227.78,PINV003750,6
PUR003751,20280519,SUP023,PRD039,ST044,139,511.59,71111.01,PINV003751,6
PUR003752,20250627,SUP021,PRD060,ST029,364,560.62,204065.68,PINV003752,8
PUR003753,20280427,SUP085,PRD112,ST001,444,296.43,131614.92,PINV003753,2
PUR003754,20260110,SUP013,PRD090,ST017,236,322.91,76206.76,PINV003754,4
PUR003755,20240805,SUP088,PRD022,ST036,427,748.68,319686.36,PINV003755,14
PUR003756,20240802,SUP046,PRD064,ST010,196,156.85,30742.6,PINV003756,1
PUR003757,20261003,SUP084,PRD239,ST013,289,426.95,123388.55,PINV003757,11
PUR003758,20240422,SUP045,PRD030,ST001,269,543.13,146101.97,PINV003758,14
PUR003759,20241110,SUP053,PRD099,ST009,411,650.95,267540.45,PINV003759,1
PUR003760,20240719,SUP056,PRD024,ST025,170,777.38,132154.6,PINV003760,9
PUR003761,20280130,SUP047,PRD086,ST003,93,81.72,7599.96,PINV003761,4
PUR003762,20260926,SUP002,PRD245,ST034,55,476.59,26212.45,PINV003762,9
PUR003763,20281029,SUP016,PRD258,ST009,195,678.85,132375.75,PINV003763,13
PUR003764,20250702,SUP035,PRD008,ST020,442,279.61,123587.62,PINV003764,6
PUR003765,20260812,SUP088,PRD146,ST043,277,463.73,128453.21,PINV003765,6
PUR003766,20270509,SUP087,PRD130,ST021,64,199.37,12759.68,PINV003766,15
PUR003767,20280117,SUP087,PRD177,ST029,85,799.32,67942.2,PINV003767,8
PUR003768,20230125,SUP028,PRD291,ST047,121,394.53,47738.13,PINV003768,12
PUR003769,20231022,SUP061,PRD258,ST039,52,152.15,7911.8,PINV003769,4
PUR003770,20241203,SUP075,PRD171,ST033,316,435.21,137526.36,PINV003770,8
PUR003771,20251123,SUP056,PRD182,ST039,230,737.99,169737.7,PINV003771,9
PUR003772,20251126,SUP001,PRD234,ST025,199,383.35,76286.65,PINV003772,6
PUR003773,20240524,SUP088,PRD130,ST046,136,477.5,64940.0,PINV003773,9
PUR003774,20240425,SUP059,PRD060,ST022,449,318.41,142966.09,PINV003774,4
PUR003775,20231102,SUP092,PRD064,ST030,244,564.74,137796.56,PINV003775,4
PUR003776,20230126,SUP043,PRD296,ST013,78,57.21,4462.38,PINV003776,11
PUR003777,20251210,SUP008,PRD276,ST040,178,452.62,80566.36,PINV003777,14
PUR003778,20260721,SUP052,PRD112,ST016,271,42.09,11406.39,PINV003778,5
PUR003779,20250607,SUP056,PRD103,ST036,470,706.73,332163.1,PINV003779,7
PUR003780,20270610,SUP051,PRD241,ST025,398,607.56,241808.88,PINV003780,13
PUR003781,20260301,SUP062,PRD015,ST045,266,499.16,132776.56,PINV003781,10
PUR003782,20240409,SUP078,PRD191,ST011,425,748.5,318112.5,PINV003782,9
PUR003783,20260223,SUP098,PRD041,ST013,445,178.6,79477.0,PINV003783,12
PUR003784,20231003,SUP032,PRD008,ST010,411,598.26,245884.86,PINV003784,13
PUR003785,20270518,SUP051,PRD290,ST034,490,783.94,384130.6,PINV003785,9
PUR003786,20231206,SUP026,PRD214,ST015,311,498.8,155126.8,PINV003786,15
PUR003787,20280703,SUP071,PRD199,ST026,335,463.95,155423.25,PINV003787,8
PUR003788,20271223,SUP035,PRD116,ST003,383,501.47,192063.01,PINV003788,10
PUR003789,20240601,SUP047,PRD101,ST017,300,53.38,16014.0,PINV003789,9
PUR003790,20280620,SUP068,PRD090,ST041,204,794.99,162177.96,PINV003790,7
PUR003791,20271030,SUP005,PRD134,ST043,64,72.97,4670.08,PINV003791,12
PUR003792,20241201,SUP032,PRD007,ST016,448,166.74,74699.52,PINV003792,11
PUR003793,20281001,SUP071,PRD038,ST048,464,382.25,177364.0,PINV003793,7
PUR003794,20281218,SUP017,PRD236,ST017,60,590.73,35443.8,PINV003794,14
PUR003795,20260803,SUP091,PRD069,ST029,272,198.92,54106.24,PINV003795,9
PUR003796,20250520,SUP092,PRD010,ST048,274,383.48,105073.52,PINV003796,5
PUR003797,20281115,SUP063,PRD157,ST002,287,126.83,36400.21,PINV003797,1
PUR003798,20240505,SUP076,PRD151,ST036,113,121.82,13765.66,PINV003798,10
PUR003799,20250515,SUP044,PRD011,ST043,72,25.32,1823.04,PINV003799,5
PUR003800,20230701,SUP012,PRD116,ST040,69,499.86,34490.34,PINV003800,12
PUR003801,20280802,SUP093,PRD002,ST047,236,594.04,140193.44,PINV003801,13
PUR003802,20241016,SUP087,PRD160,ST024,244,641.76,156589.44,PINV003802,4
PUR003803,20230114,SUP034,PRD146,ST014,474,240.62,114053.88,PINV003803,14
PUR003804,20281027,SUP002,PRD207,ST029,323,158.89,51321.47,PINV003804,15
PUR003805,20230209,SUP073,PRD008,ST029,275,40.94,11258.5,PINV003805,4
PUR003806,20280509,SUP083,PRD182,ST026,104,752.12,78220.48,PINV003806,4
PUR003807,20261024,SUP017,PRD086,ST019,353,454.54,160452.62,PINV003807,9
PUR003808,20250516,SUP098,PRD141,ST018,387,648.57,250996.59,PINV003808,13
PUR003809,20280123,SUP083,PRD167,ST042,83,579.11,48066.13,PINV003809,2
PUR003810,20270418,SUP078,PRD251,ST040,473,604.39,285876.47,PINV003810,7
PUR003811,20230328,SUP038,PRD207,ST048,378,397.83,150379.74,PINV003811,3
PUR003812,20240219,SUP008,PRD251,ST039,190,505.92,96124.8,PINV003812,11
PUR003813,20280302,SUP009,PRD036,ST025,435,128.24,55784.4,PINV003813,8
PUR003814,20281023,SUP027,PRD052,ST001,302,579.77,175090.54,PINV003814,7
PUR003815,20260826,SUP055,PRD255,ST033,277,101.36,28076.72,PINV003815,8
PUR003816,20271004,SUP078,PRD263,ST024,321,524.53,168374.13,PINV003816,6
PUR003817,20250221,SUP030,PRD056,ST036,302,329.52,99515.04,PINV003817,10
PUR003818,20231016,SUP062,PRD203,ST040,412,360.97,148719.64,PINV003818,12
PUR003819,20260420,SUP049,PRD157,ST015,178,312.86,55689.08,PINV003819,12
PUR003820,20281028,SUP086,PRD117,ST030,336,461.22,154969.92,PINV003820,5
PUR003821,20271129,SUP014,PRD045,ST037,353,443.8,156661.4,PINV003821,12
PUR003822,20240506,SUP099,PRD210,ST021,338,66.02,22314.76,PINV003822,4
PUR003823,20231209,SUP091,PRD028,ST029,67,65.44,4384.48,PINV003823,15
PUR003824,20280914,SUP080,PRD083,ST050,167,134.99,22543.33,PINV003824,9
PUR003825,20261205,SUP005,PRD167,ST046,132,535.57,70695.24,PINV003825,1
PUR003826,20280725,SUP029,PRD137,ST032,159,50.73,8066.07,PINV003826,7
PUR003827,20280525,SUP035,PRD099,ST001,103,366.52,37751.56,PINV003827,9
PUR003828,20230309,SUP034,PRD070,ST013,343,567.03,194491.29,PINV003828,3
PUR003829,20270205,SUP038,PRD296,ST050,137,440.72,60378.64,PINV003829,2
PUR003830,20271121,SUP081,PRD132,ST037,496,164.15,81418.4,PINV003830,12
PUR003831,20251218,SUP042,PRD184,ST015,309,621.97,192188.73,PINV003831,8
PUR003832,20271027,SUP053,PRD126,ST023,434,350.36,152056.24,PINV003832,6
PUR003833,20250314,SUP051,PRD273,ST034,222,56.63,12571.86,PINV003833,13
PUR003834,20231206,SUP011,PRD202,ST008,182,366.18,66644.76,PINV003834,1
PUR003835,20260226,SUP004,PRD094,ST022,459,760.72,349170.48,PINV003835,5
PUR003836,20240124,SUP043,PRD133,ST025,395,665.11,262718.45,PINV003836,10
PUR003837,20241225,SUP038,PRD118,ST041,307,286.48,87949.36,PINV003837,15
PUR003838,20240821,SUP084,PRD138,ST019,120,463.31,55597.2,PINV003838,9
PUR003839,20230208,SUP026,PRD220,ST006,123,299.84,36880.32,PINV003839,5
PUR003840,20230827,SUP097,PRD056,ST010,364,359.25,130767.0,PINV003840,1
PUR003841,20230827,SUP003,PRD095,ST018,127,205.83,26140.41,PINV003841,4
PUR003842,20240101,SUP006,PRD238,ST008,89,200.06,17805.34,PINV003842,15
PUR003843,20271123,SUP084,PRD261,ST044,403,149.55,60268.65,PINV003843,8
PUR003844,20260731,SUP001,PRD055,ST002,304,78.19,23769.76,PINV003844,4
PUR003845,20250626,SUP016,PRD226,ST046,370,301.65,111610.5,PINV003845,6
PUR003846,20251221,SUP098,PRD171,ST034,154,464.05,71463.7,PINV003846,13
PUR003847,20230718,SUP024,PRD289,ST048,96,140.61,13498.56,PINV003847,4
PUR003848,20280813,SUP040,PRD028,ST001,285,128.5,36622.5,PINV003848,12
PUR003849,20240616,SUP064,PRD249,ST048,448,552.21,247390.08,PINV003849,15
PUR003850,20250221,SUP069,PRD289,ST013,323,172.06,55575.38,PINV003850,15
PUR003851,20240506,SUP006,PRD156,ST042,328,472.86,155098.08,PINV003851,8
PUR003852,20231218,SUP045,PRD025,ST013,352,343.89,121049.28,PINV003852,1
PUR003853,20241009,SUP015,PRD105,ST001,68,226.97,15433.96,PINV003853,5
PUR003854,20250623,SUP066,PRD125,ST028,174,147.02,25581.48,PINV003854,3
PUR003855,20240720,SUP097,PRD271,ST010,95,611.66,58107.7,PINV003855,1
PUR003856,20230628,SUP064,PRD102,ST024,488,500.74,244361.12,PINV003856,1
PUR003857,20240218,SUP040,PRD221,ST047,190,140.57,26708.3,PINV003857,12
PUR003858,20241214,SUP014,PRD253,ST013,127,193.25,24542.75,PINV003858,11
PUR003859,20250421,SUP063,PRD076,ST025,302,521.72,157559.44,PINV003859,14
PUR003860,20251029,SUP051,PRD086,ST020,495,286.13,141634.35,PINV003860,3
PUR003861,20230330,SUP038,PRD262,ST014,159,603.02,95880.18,PINV003861,4
PUR003862,20280303,SUP084,PRD012,ST011,150,387.07,58060.5,PINV003862,12
PUR003863,20270212,SUP096,PRD029,ST031,215,161.47,34716.05,PINV003863,12
PUR003864,20281230,SUP092,PRD191,ST045,339,146.23,49571.97,PINV003864,12
PUR003865,20280513,SUP051,PRD294,ST013,368,252.15,92791.2,PINV003865,15
PUR003866,20230329,SUP017,PRD113,ST004,175,520.96,91168.0,PINV003866,6
PUR003867,20281024,SUP074,PRD036,ST035,500,108.88,54440.0,PINV003867,6
PUR003868,20230621,SUP036,PRD107,ST040,500,91.35,45675.0,PINV003868,15
PUR003869,20260725,SUP020,PRD073,ST021,491,672.11,330006.01,PINV003869,10
PUR003870,20280403,SUP018,PRD182,ST046,344,219.06,75356.64,PINV003870,1
PUR003871,20240831,SUP018,PRD062,ST010,413,467.32,193003.16,PINV003871,12
PUR003872,20241116,SUP044,PRD042,ST007,307,248.89,76409.23,PINV003872,1
PUR003873,20250914,SUP022,PRD100,ST032,416,91.52,38072.32,PINV003873,7
PUR003874,20230110,SUP060,PRD259,ST033,290,534.31,154949.9,PINV003874,4
PUR003875,20270501,SUP051,PRD238,ST038,250,49.4,12350.0,PINV003875,10
PUR003876,20270907,SUP049,PRD186,ST049,268,523.6,140324.8,PINV003876,10
PUR003877,20260727,SUP092,PRD295,ST019,466,698.22,325370.52,PINV003877,9
PUR003878,20260125,SUP072,PRD020,ST021,457,650.15,297118.55,PINV003878,9
PUR003879,20281121,SUP071,PRD297,ST014,213,702.65,149664.45,PINV003879,10
PUR003880,20271025,SUP008,PRD103,ST027,270,360.79,97413.3,PINV003880,13
PUR003881,20230403,SUP030,PRD250,ST026,199,396.14,78831.86,PINV003881,4
PUR003882,20240823,SUP039,PRD285,ST017,145,350.28,50790.6,PINV003882,1
PUR003883,20260710,SUP021,PRD170,ST046,458,514.36,235576.88,PINV003883,15
PUR003884,20241211,SUP073,PRD257,ST043,229,69.86,15997.94,PINV003884,10
PUR003885,20280727,SUP082,PRD076,ST006,455,518.62,235972.1,PINV003885,2
PUR003886,20241026,SUP015,PRD249,ST020,169,208.78,35283.82,PINV003886,1
PUR003887,20251111,SUP009,PRD212,ST033,134,258.57,34648.38,PINV003887,10
PUR003888,20240224,SUP089,PRD080,ST009,455,484.71,220543.05,PINV003888,12
PUR003889,20241009,SUP003,PRD201,ST017,357,456.39,162931.23,PINV003889,13
PUR003890,20230724,SUP069,PRD263,ST035,210,723.0,151830.0,PINV003890,12
PUR003891,20240913,SUP011,PRD222,ST022,167,293.86,49074.62,PINV003891,15
PUR003892,20261017,SUP082,PRD223,ST030,362,93.39,33807.18,PINV003892,12
PUR003893,20230518,SUP041,PRD235,ST018,355,159.34,56565.7,PINV003893,1
PUR003894,20261002,SUP093,PRD297,ST032,98,349.42,34243.16,PINV003894,9
PUR003895,20280106,SUP005,PRD162,ST029,456,164.36,74948.16,PINV003895,8
PUR003896,20250309,SUP091,PRD055,ST041,496,791.09,392380.64,PINV003896,9
PUR003897,20250904,SUP045,PRD097,ST015,406,359.67,146026.02,PINV003897,10
PUR003898,20260709,SUP024,PRD006,ST020,436,666.17,290450.12,PINV003898,3
PUR003899,20250304,SUP098,PRD117,ST043,186,103.53,19256.58,PINV003899,1
PUR003900,20261210,SUP034,PRD276,ST041,91,45.23,4115.93,PINV003900,7
PUR003901,20241208,SUP074,PRD249,ST017,132,531.65,70177.8,PINV003901,10
PUR003902,20230219,SUP031,PRD055,ST028,442,513.02,226754.84,PINV003902,11
PUR003903,20230717,SUP069,PRD038,ST009,164,494.91,81165.24,PINV003903,15
PUR003904,20240709,SUP089,PRD246,ST007,275,289.86,79711.5,PINV003904,7
PUR003905,20270712,SUP035,PRD191,ST002,95,156.4,14858.0,PINV003905,1
PUR003906,20271115,SUP004,PRD059,ST006,319,48.29,15404.51,PINV003906,1
PUR003907,20261029,SUP095,PRD210,ST045,464,377.73,175266.72,PINV003907,10
PUR003908,20240117,SUP063,PRD107,ST032,187,127.69,23878.03,PINV003908,2
PUR003909,20270404,SUP092,PRD266,ST028,448,27.73,12423.04,PINV003909,15
PUR003910,20250519,SUP013,PRD144,ST008,168,508.99,85510.32,PINV003910,4
PUR003911,20250912,SUP090,PRD067,ST050,289,442.92,128003.88,PINV003911,10
PUR003912,20271224,SUP070,PRD079,ST048,307,300.61,92287.27,PINV003912,10
PUR003913,20240921,SUP052,PRD233,ST009,285,84.55,24096.75,PINV003913,1
PUR003914,20280718,SUP066,PRD256,ST032,164,320.44,52552.16,PINV003914,9
PUR003915,20260714,SUP087,PRD210,ST047,209,450.52,94158.68,PINV003915,1
PUR003916,20280824,SUP014,PRD005,ST012,490,788.47,386350.3,PINV003916,5
PUR003917,20250105,SUP034,PRD135,ST034,285,181.48,51721.8,PINV003917,10
PUR003918,20241025,SUP041,PRD069,ST005,83,776.44,64444.52,PINV003918,2
PUR003919,20250808,SUP076,PRD123,ST030,240,651.74,156417.6,PINV003919,11
PUR003920,20260209,SUP088,PRD075,ST026,176,705.07,124092.32,PINV003920,6
PUR003921,20251203,SUP020,PRD267,ST005,327,295.35,96579.45,PINV003921,8
PUR003922,20271230,SUP073,PRD215,ST027,272,318.49,86629.28,PINV003922,5
PUR003923,20251116,SUP030,PRD168,ST017,354,515.99,182660.46,PINV003923,14
PUR003924,20270527,SUP085,PRD170,ST023,160,383.98,61436.8,PINV003924,14
PUR003925,20231128,SUP039,PRD273,ST006,487,463.35,225651.45,PINV003925,2
PUR003926,20240619,SUP047,PRD013,ST028,175,585.85,102523.75,PINV003926,12
PUR003927,20230820,SUP046,PRD156,ST001,415,711.13,295118.95,PINV003927,14
PUR003928,20281219,SUP052,PRD204,ST041,472,686.0,323792.0,PINV003928,2
PUR003929,20230707,SUP070,PRD051,ST050,458,675.21,309246.18,PINV003929,4
PUR003930,20281202,SUP046,PRD010,ST016,179,106.04,18981.16,PINV003930,12
PUR003931,20280321,SUP077,PRD219,ST005,457,798.85,365074.45,PINV003931,4
PUR003932,20280325,SUP010,PRD097,ST033,500,412.43,206215.0,PINV003932,6
PUR003933,20271113,SUP037,PRD200,ST038,429,87.73,37636.17,PINV003933,10
PUR003934,20230920,SUP060,PRD088,ST022,144,701.08,100955.52,PINV003934,14
PUR003935,20230515,SUP060,PRD286,ST018,313,59.37,18582.81,PINV003935,9
PUR003936,20250330,SUP081,PRD111,ST037,191,627.4,119833.4,PINV003936,1
PUR003937,20261010,SUP007,PRD035,ST034,393,263.44,103531.92,PINV003937,11
PUR003938,20230210,SUP030,PRD194,ST007,181,377.1,68255.1,PINV003938,3
PUR003939,20250306,SUP067,PRD214,ST005,84,441.53,37088.52,PINV003939,12
PUR003940,20240611,SUP028,PRD180,ST040,125,532.8,66600.0,PINV003940,15
PUR003941,20281027,SUP020,PRD077,ST015,346,428.68,148323.28,PINV003941,6
PUR003942,20270413,SUP097,PRD199,ST035,294,270.9,79644.6,PINV003942,3
PUR003943,20280420,SUP023,PRD285,ST013,283,371.41,105109.03,PINV003943,3
PUR003944,20240827,SUP030,PRD275,ST039,299,653.77,195477.23,PINV003944,15
PUR003945,20250226,SUP034,PRD178,ST018,130,707.92,92029.6,PINV003945,6
PUR003946,20270512,SUP022,PRD183,ST028,417,225.62,94083.54,PINV003946,13
PUR003947,20250804,SUP067,PRD013,ST028,428,770.54,329791.12,PINV003947,5
PUR003948,20261220,SUP077,PRD017,ST037,307,272.76,83737.32,PINV003948,1
PUR003949,20260903,SUP003,PRD068,ST013,205,31.43,6443.15,PINV003949,5
PUR003950,20270922,SUP019,PRD187,ST012,389,179.18,69701.02,PINV003950,14
PUR003951,20250812,SUP087,PRD239,ST037,256,92.69,23728.64,PINV003951,13
PUR003952,20240109,SUP086,PRD066,ST013,162,115.77,18754.74,PINV003952,4
PUR003953,20270114,SUP051,PRD060,ST027,386,387.94,149744.84,PINV003953,15
PUR003954,20250225,SUP059,PRD276,ST010,437,754.76,329830.12,PINV003954,4
PUR003955,20260428,SUP025,PRD035,ST049,253,175.12,44305.36,PINV003955,3
PUR003956,20260627,SUP040,PRD149,ST011,181,758.82,137346.42,PINV003956,12
PUR003957,20270304,SUP025,PRD263,ST016,439,552.99,242762.61,PINV003957,15
PUR003958,20270724,SUP044,PRD249,ST037,188,700.45,131684.6,PINV003958,8
PUR003959,20250902,SUP003,PRD284,ST019,138,471.85,65115.3,PINV003959,10
PUR003960,20280316,SUP097,PRD017,ST006,237,194.52,46101.24,PINV003960,14
PUR003961,20270226,SUP057,PRD295,ST037,283,754.68,213574.44,PINV003961,4
PUR003962,20240226,SUP059,PRD055,ST024,376,760.75,286042.0,PINV003962,6
PUR003963,20270605,SUP068,PRD257,ST008,60,792.73,47563.8,PINV003963,13
PUR003964,20241101,SUP041,PRD202,ST004,139,245.06,34063.34,PINV003964,8
PUR003965,20240604,SUP049,PRD256,ST047,386,471.5,181999.0,PINV003965,6
PUR003966,20240804,SUP055,PRD216,ST015,480,144.98,69590.4,PINV003966,9
PUR003967,20280712,SUP096,PRD176,ST030,204,169.58,34594.32,PINV003967,11
PUR003968,20281218,SUP100,PRD250,ST011,202,517.19,104472.38,PINV003968,1
PUR003969,20281210,SUP090,PRD028,ST026,234,549.74,128639.16,PINV003969,4
PUR003970,20260112,SUP072,PRD148,ST045,292,720.19,210295.48,PINV003970,9
PUR003971,20230701,SUP079,PRD188,ST041,296,795.98,235610.08,PINV003971,6
PUR003972,20231217,SUP089,PRD212,ST021,201,470.28,94526.28,PINV003972,9
PUR003973,20250110,SUP094,PRD241,ST047,206,233.19,48037.14,PINV003973,3
PUR003974,20260823,SUP018,PRD278,ST046,161,26.7,4298.7,PINV003974,8
PUR003975,20260913,SUP009,PRD060,ST025,400,120.68,48272.0,PINV003975,10
PUR003976,20280206,SUP064,PRD156,ST040,349,361.87,126292.63,PINV003976,13
PUR003977,20250217,SUP048,PRD250,ST030,474,340.58,161434.92,PINV003977,13
PUR003978,20230822,SUP040,PRD148,ST024,443,136.25,60358.75,PINV003978,12
PUR003979,20270803,SUP007,PRD006,ST017,227,178.94,40619.38,PINV003979,5
PUR003980,20260806,SUP098,PRD198,ST050,420,694.58,291723.6,PINV003980,13
PUR003981,20271020,SUP013,PRD227,ST017,349,786.69,274554.81,PINV003981,13
PUR003982,20281212,SUP020,PRD175,ST029,467,156.03,72866.01,PINV003982,4
PUR003983,20280613,SUP083,PRD193,ST049,155,340.1,52715.5,PINV003983,11
PUR003984,20240520,SUP017,PRD200,ST028,407,384.96,156678.72,PINV003984,12
PUR003985,20241214,SUP008,PRD233,ST015,297,395.23,117383.31,PINV003985,2
PUR003986,20260609,SUP070,PRD279,ST026,172,250.61,43104.92,PINV003986,8
PUR003987,20281001,SUP081,PRD090,ST008,418,494.15,206554.7,PINV003987,4
PUR003988,20260213,SUP010,PRD064,ST021,104,241.14,25078.56,PINV003988,4
PUR003989,20240107,SUP001,PRD182,ST025,287,44.48,12765.76,PINV003989,15
PUR003990,20241121,SUP022,PRD075,ST049,112,52.18,5844.16,PINV003990,3
PUR003991,20251217,SUP093,PRD111,ST027,167,151.3,25267.1,PINV003991,3
PUR003992,20271203,SUP059,PRD108,ST012,169,258.56,43696.64,PINV003992,10
PUR003993,20270311,SUP057,PRD100,ST003,213,665.02,141649.26,PINV003993,4
PUR003994,20240301,SUP062,PRD028,ST013,243,199.34,48439.62,PINV003994,3
PUR003995,20230725,SUP031,PRD100,ST029,308,487.9,150273.2,PINV003995,2
PUR003996,20260301,SUP025,PRD245,ST014,191,293.53,56064.23,PINV003996,13
PUR003997,20280915,SUP040,PRD188,ST028,249,707.84,176252.16,PINV003997,1
PUR003998,20230820,SUP089,PRD161,ST015,73,356.66,26036.18,PINV003998,6
PUR003999,20280101,SUP080,PRD280,ST020,71,460.04,32662.84,PINV003999,14
PUR004000,20230918,SUP020,PRD174,ST011,71,350.75,24903.25,PINV004000,5
PUR004001,20251121,SUP081,PRD234,ST018,411,521.6,214377.6,PINV004001,1
PUR004002,20270820,SUP024,PRD178,ST018,51,86.2,4396.2,PINV004002,15
PUR004003,20230515,SUP012,PRD099,ST022,407,152.49,62063.43,PINV004003,6
PUR004004,20270813,SUP006,PRD177,ST018,376,372.41,140026.16,PINV004004,14
PUR004005,20231110,SUP087,PRD064,ST039,52,246.16,12800.32,PINV004005,1
PUR004006,20230401,SUP037,PRD016,ST044,250,412.08,103020.0,PINV004006,11
PUR004007,20240810,SUP042,PRD136,ST042,171,718.53,122868.63,PINV004007,12
PUR004008,20230124,SUP062,PRD030,ST050,446,223.1,99502.6,PINV004008,2
PUR004009,20270209,SUP019,PRD096,ST029,164,765.12,125479.68,PINV004009,11
PUR004010,20250815,SUP088,PRD058,ST012,447,200.86,89784.42,PINV004010,10
PUR004011,20270819,SUP028,PRD150,ST045,273,676.47,184676.31,PINV004011,6
PUR004012,20281009,SUP031,PRD039,ST011,113,528.46,59715.98,PINV004012,7
PUR004013,20250916,SUP043,PRD034,ST023,454,565.37,256677.98,PINV004013,7
PUR004014,20280825,SUP062,PRD273,ST006,118,519.81,61337.58,PINV004014,4
PUR004015,20280724,SUP099,PRD032,ST017,466,577.47,269101.02,PINV004015,10
PUR004016,20270310,SUP072,PRD090,ST009,67,715.66,47949.22,PINV004016,5
PUR004017,20251103,SUP046,PRD148,ST044,283,534.31,151209.73,PINV004017,15
PUR004018,20280521,SUP069,PRD134,ST019,220,28.2,6204.0,PINV004018,15
PUR004019,20260611,SUP096,PRD025,ST002,333,174.82,58215.06,PINV004019,1
PUR004020,20241114,SUP003,PRD087,ST019,65,58.57,3807.05,PINV004020,4
PUR004021,20270227,SUP077,PRD074,ST040,149,263.2,39216.8,PINV004021,13
PUR004022,20230526,SUP044,PRD208,ST044,367,706.55,259303.85,PINV004022,5
PUR004023,20230123,SUP065,PRD083,ST002,443,141.07,62494.01,PINV004023,10
PUR004024,20231204,SUP027,PRD231,ST019,195,603.32,117647.4,PINV004024,15
PUR004025,20271126,SUP004,PRD203,ST009,113,712.48,80510.24,PINV004025,1
PUR004026,20260910,SUP055,PRD257,ST033,381,384.67,146559.27,PINV004026,1
PUR004027,20240305,SUP021,PRD189,ST037,182,88.72,16147.04,PINV004027,10
PUR004028,20251204,SUP053,PRD264,ST011,197,751.92,148128.24,PINV004028,9
PUR004029,20241002,SUP080,PRD209,ST016,286,642.87,183860.82,PINV004029,5
PUR004030,20280417,SUP098,PRD187,ST024,225,217.5,48937.5,PINV004030,8
PUR004031,20240904,SUP037,PRD183,ST010,379,216.05,81882.95,PINV004031,13
PUR004032,20230201,SUP052,PRD056,ST044,460,513.91,236398.6,PINV004032,7
PUR004033,20280529,SUP086,PRD101,ST010,91,637.45,58007.95,PINV004033,15
PUR004034,20230204,SUP010,PRD051,ST005,282,741.94,209227.08,PINV004034,13
PUR004035,20260108,SUP034,PRD196,ST005,215,559.72,120339.8,PINV004035,3
PUR004036,20240330,SUP057,PRD084,ST036,318,138.46,44030.28,PINV004036,14
PUR004037,20250112,SUP042,PRD238,ST018,146,629.62,91924.52,PINV004037,1
PUR004038,20280417,SUP009,PRD245,ST048,108,400.61,43265.88,PINV004038,2
PUR004039,20270904,SUP088,PRD132,ST032,262,499.37,130834.94,PINV004039,15
PUR004040,20251030,SUP088,PRD150,ST018,199,565.21,112476.79,PINV004040,3
PUR004041,20280430,SUP072,PRD235,ST026,356,474.0,168744.0,PINV004041,6
PUR004042,20260520,SUP055,PRD246,ST042,172,103.19,17748.68,PINV004042,2
PUR004043,20270405,SUP028,PRD040,ST042,350,399.32,139762.0,PINV004043,4
PUR004044,20240530,SUP069,PRD245,ST030,229,234.77,53762.33,PINV004044,1
PUR004045,20231218,SUP051,PRD037,ST038,399,637.99,254558.01,PINV004045,14
PUR004046,20251003,SUP091,PRD297,ST036,208,192.5,40040.0,PINV004046,8
PUR004047,20230910,SUP014,PRD034,ST042,306,640.23,195910.38,PINV004047,10
PUR004048,20270319,SUP039,PRD006,ST023,365,293.53,107138.45,PINV004048,1
PUR004049,20240422,SUP070,PRD124,ST031,66,240.0,15840.0,PINV004049,2
PUR004050,20261002,SUP033,PRD035,ST004,467,153.05,71474.35,PINV004050,6
PUR004051,20270529,SUP053,PRD101,ST036,120,625.69,75082.8,PINV004051,2
PUR004052,20240330,SUP041,PRD260,ST008,418,630.48,263540.64,PINV004052,5
PUR004053,20260606,SUP033,PRD105,ST020,187,427.76,79991.12,PINV004053,1
PUR004054,20250326,SUP034,PRD041,ST013,261,177.78,46400.58,PINV004054,11
PUR004055,20250224,SUP048,PRD181,ST036,440,772.95,340098.0,PINV004055,8
PUR004056,20281223,SUP065,PRD251,ST026,414,363.82,150621.48,PINV004056,11
PUR004057,20281101,SUP090,PRD066,ST015,403,788.93,317938.79,PINV004057,12
PUR004058,20270622,SUP089,PRD048,ST036,88,199.53,17558.64,PINV004058,10
PUR004059,20231217,SUP068,PRD049,ST049,235,344.65,80992.75,PINV004059,12
PUR004060,20281217,SUP001,PRD147,ST022,75,63.04,4728.0,PINV004060,4
PUR004061,20271127,SUP033,PRD061,ST018,419,85.02,35623.38,PINV004061,10
PUR004062,20270425,SUP031,PRD263,ST027,285,189.37,53970.45,PINV004062,3
PUR004063,20270814,SUP080,PRD067,ST014,123,438.86,53979.78,PINV004063,15
PUR004064,20261030,SUP043,PRD279,ST028,167,102.91,17185.97,PINV004064,2
PUR004065,20260811,SUP078,PRD008,ST041,192,59.9,11500.8,PINV004065,6
PUR004066,20240213,SUP010,PRD197,ST026,491,320.68,157453.88,PINV004066,1
PUR004067,20260506,SUP072,PRD240,ST003,129,276.79,35705.91,PINV004067,10
PUR004068,20240429,SUP063,PRD249,ST003,68,480.06,32644.08,PINV004068,8
PUR004069,20240709,SUP097,PRD076,ST004,481,635.64,305742.84,PINV004069,6
PUR004070,20251012,SUP068,PRD205,ST048,491,737.39,362058.49,PINV004070,14
PUR004071,20241217,SUP062,PRD144,ST022,147,763.11,112177.17,PINV004071,4
PUR004072,20260411,SUP013,PRD090,ST023,375,306.81,115053.75,PINV004072,1
PUR004073,20240530,SUP018,PRD026,ST006,163,474.98,77421.74,PINV004073,6
PUR004074,20280327,SUP018,PRD109,ST049,306,467.46,143042.76,PINV004074,9
PUR004075,20230513,SUP045,PRD022,ST018,224,499.53,111894.72,PINV004075,14
PUR004076,20260803,SUP012,PRD238,ST007,198,408.0,80784.0,PINV004076,9
PUR004077,20250422,SUP070,PRD017,ST035,143,705.63,100905.09,PINV004077,8
PUR004078,20240402,SUP062,PRD228,ST007,300,486.78,146034.0,PINV004078,8
PUR004079,20240425,SUP073,PRD030,ST001,110,419.37,46130.7,PINV004079,11
PUR004080,20260612,SUP009,PRD038,ST043,453,680.36,308203.08,PINV004080,14
PUR004081,20270329,SUP016,PRD022,ST007,217,538.18,116785.06,PINV004081,4
PUR004082,20270514,SUP066,PRD153,ST010,188,414.14,77858.32,PINV004082,15
PUR004083,20231210,SUP089,PRD018,ST033,285,47.67,13585.95,PINV004083,8
PUR004084,20260102,SUP017,PRD231,ST005,461,120.95,55757.95,PINV004084,13
PUR004085,20260806,SUP098,PRD099,ST013,442,56.95,25171.9,PINV004085,2
PUR004086,20260424,SUP049,PRD007,ST007,169,377.83,63853.27,PINV004086,2
PUR004087,20250410,SUP027,PRD214,ST011,329,249.99,82246.71,PINV004087,14
PUR004088,20280525,SUP062,PRD255,ST030,245,342.68,83956.6,PINV004088,11
PUR004089,20240509,SUP011,PRD060,ST009,272,237.91,64711.52,PINV004089,8
PUR004090,20270808,SUP089,PRD115,ST024,118,762.5,89975.0,PINV004090,2
PUR004091,20261214,SUP070,PRD075,ST046,303,738.01,223617.03,PINV004091,10
PUR004092,20240411,SUP060,PRD005,ST025,115,692.43,79629.45,PINV004092,10
PUR004093,20231222,SUP019,PRD026,ST046,354,159.35,56409.9,PINV004093,3
PUR004094,20231127,SUP048,PRD062,ST024,390,725.47,282933.3,PINV004094,8
PUR004095,20280909,SUP030,PRD078,ST044,143,717.86,102653.98,PINV004095,5
PUR004096,20251216,SUP017,PRD136,ST035,494,384.43,189908.42,PINV004096,5
PUR004097,20260310,SUP004,PRD154,ST013,304,130.07,39541.28,PINV004097,1
PUR004098,20281020,SUP096,PRD079,ST048,152,33.21,5047.92,PINV004098,7
PUR004099,20230928,SUP054,PRD235,ST033,365,350.34,127874.1,PINV004099,8
PUR004100,20270609,SUP099,PRD048,ST035,484,686.22,332130.48,PINV004100,1
PUR004101,20280912,SUP029,PRD176,ST036,176,148.56,26146.56,PINV004101,3
PUR004102,20230213,SUP092,PRD228,ST047,302,320.61,96824.22,PINV004102,6
PUR004103,20230905,SUP053,PRD136,ST036,366,244.0,89304.0,PINV004103,5
PUR004104,20240526,SUP060,PRD195,ST019,424,162.92,69078.08,PINV004104,12
PUR004105,20251031,SUP066,PRD051,ST023,393,261.95,102946.35,PINV004105,10
PUR004106,20250726,SUP042,PRD005,ST013,334,314.16,104929.44,PINV004106,15
PUR004107,20230328,SUP091,PRD096,ST026,431,762.64,328697.84,PINV004107,6
PUR004108,20280309,SUP057,PRD094,ST012,319,330.88,105550.72,PINV004108,11
PUR004109,20231001,SUP049,PRD254,ST025,391,667.79,261105.89,PINV004109,12
PUR004110,20271222,SUP012,PRD252,ST028,142,766.67,108867.14,PINV004110,13
PUR004111,20280116,SUP078,PRD071,ST030,173,616.42,106640.66,PINV004111,13
PUR004112,20280218,SUP040,PRD234,ST004,152,753.68,114559.36,PINV004112,4
PUR004113,20280312,SUP039,PRD272,ST009,373,41.52,15486.96,PINV004113,5
PUR004114,20250802,SUP062,PRD270,ST025,116,632.62,73383.92,PINV004114,5
PUR004115,20240508,SUP042,PRD210,ST029,460,259.81,119512.6,PINV004115,9
PUR004116,20250317,SUP054,PRD276,ST020,147,218.4,32104.8,PINV004116,11
PUR004117,20250204,SUP014,PRD197,ST006,281,466.12,130979.72,PINV004117,6
PUR004118,20261110,SUP067,PRD107,ST013,342,21.35,7301.7,PINV004118,10
PUR004119,20240825,SUP027,PRD124,ST017,150,699.59,104938.5,PINV004119,5
PUR004120,20280514,SUP056,PRD210,ST027,457,503.76,230218.32,PINV004120,9
PUR004121,20230106,SUP005,PRD075,ST017,333,781.6,260272.8,PINV004121,4
PUR004122,20260423,SUP067,PRD129,ST034,433,545.32,236123.56,PINV004122,7
PUR004123,20240509,SUP029,PRD295,ST046,490,736.94,361100.6,PINV004123,1
PUR004124,20260124,SUP069,PRD120,ST002,352,733.29,258118.08,PINV004124,13
PUR004125,20270718,SUP026,PRD175,ST011,405,692.55,280482.75,PINV004125,6
PUR004126,20240920,SUP043,PRD228,ST042,431,526.14,226766.34,PINV004126,14
PUR004127,20260605,SUP066,PRD199,ST009,168,174.45,29307.6,PINV004127,9
PUR004128,20241207,SUP038,PRD137,ST012,153,123.29,18863.37,PINV004128,7
PUR004129,20270411,SUP084,PRD222,ST029,210,209.33,43959.3,PINV004129,6
PUR004130,20250903,SUP020,PRD170,ST028,53,282.53,14974.09,PINV004130,4
PUR004131,20270418,SUP078,PRD071,ST018,242,651.94,157769.48,PINV004131,4
PUR004132,20260813,SUP065,PRD242,ST012,200,794.66,158932.0,PINV004132,10
PUR004133,20240822,SUP089,PRD211,ST046,230,343.45,78993.5,PINV004133,10
PUR004134,20241219,SUP059,PRD002,ST036,85,383.35,32584.75,PINV004134,4
PUR004135,20270917,SUP078,PRD260,ST024,153,507.61,77664.33,PINV004135,4
PUR004136,20230821,SUP035,PRD115,ST009,198,451.6,89416.8,PINV004136,7
PUR004137,20271220,SUP071,PRD087,ST017,59,486.11,28680.49,PINV004137,2
PUR004138,20231124,SUP069,PRD037,ST019,385,368.19,141753.15,PINV004138,12
PUR004139,20250606,SUP094,PRD073,ST012,401,680.17,272748.17,PINV004139,4
PUR004140,20260405,SUP017,PRD101,ST039,254,714.8,181559.2,PINV004140,12
PUR004141,20280608,SUP030,PRD232,ST018,200,214.22,42844.0,PINV004141,11
PUR004142,20230223,SUP069,PRD020,ST033,220,575.56,126623.2,PINV004142,4
PUR004143,20230420,SUP054,PRD293,ST024,199,48.61,9673.39,PINV004143,6
PUR004144,20260808,SUP081,PRD222,ST030,187,470.49,87981.63,PINV004144,6
PUR004145,20260907,SUP068,PRD283,ST032,307,238.87,73333.09,PINV004145,11
PUR004146,20270509,SUP051,PRD086,ST039,287,240.47,69014.89,PINV004146,1
PUR004147,20270629,SUP008,PRD112,ST009,233,573.65,133660.45,PINV004147,6
PUR004148,20280624,SUP081,PRD286,ST012,178,415.94,74037.32,PINV004148,3
PUR004149,20270101,SUP001,PRD256,ST011,343,509.24,174669.32,PINV004149,3
PUR004150,20270924,SUP021,PRD206,ST011,90,531.34,47820.6,PINV004150,5
PUR004151,20230603,SUP028,PRD038,ST002,459,266.94,122525.46,PINV004151,6
PUR004152,20230131,SUP051,PRD101,ST006,302,27.83,8404.66,PINV004152,11
PUR004153,20280913,SUP030,PRD169,ST015,180,203.35,36603.0,PINV004153,15
PUR004154,20271109,SUP090,PRD034,ST036,112,553.26,61965.12,PINV004154,13
PUR004155,20260915,SUP096,PRD102,ST025,52,764.6,39759.2,PINV004155,14
PUR004156,20240329,SUP071,PRD012,ST029,159,35.96,5717.64,PINV004156,6
PUR004157,20260809,SUP043,PRD192,ST016,92,567.02,52165.84,PINV004157,6
PUR004158,20241111,SUP084,PRD265,ST012,126,229.84,28959.84,PINV004158,3
PUR004159,20231017,SUP051,PRD040,ST001,339,678.5,230011.5,PINV004159,3
PUR004160,20270313,SUP018,PRD216,ST047,486,526.73,255990.78,PINV004160,5
PUR004161,20271020,SUP080,PRD243,ST015,369,545.81,201403.89,PINV004161,10
PUR004162,20260117,SUP086,PRD237,ST009,158,464.52,73394.16,PINV004162,5
PUR004163,20250825,SUP084,PRD245,ST041,449,34.12,15319.88,PINV004163,2
PUR004164,20251006,SUP011,PRD062,ST009,159,130.48,20746.32,PINV004164,2
PUR004165,20230629,SUP008,PRD257,ST040,325,729.87,237207.75,PINV004165,13
PUR004166,20280623,SUP048,PRD293,ST016,199,49.0,9751.0,PINV004166,15
PUR004167,20260122,SUP025,PRD160,ST001,474,350.07,165933.18,PINV004167,10
PUR004168,20260906,SUP063,PRD283,ST032,218,463.94,101138.92,PINV004168,8
PUR004169,20280113,SUP042,PRD173,ST008,270,80.83,21824.1,PINV004169,10
PUR004170,20260615,SUP034,PRD173,ST042,471,340.44,160347.24,PINV004170,7
PUR004171,20280101,SUP094,PRD059,ST017,239,532.65,127303.35,PINV004171,3
PUR004172,20280712,SUP010,PRD172,ST020,470,173.22,81413.4,PINV004172,10
PUR004173,20260607,SUP086,PRD199,ST035,230,714.95,164438.5,PINV004173,11
PUR004174,20261118,SUP048,PRD264,ST050,376,230.33,86604.08,PINV004174,12
PUR004175,20251224,SUP071,PRD013,ST040,52,586.0,30472.0,PINV004175,3
PUR004176,20250423,SUP060,PRD024,ST022,245,280.38,68693.1,PINV004176,13
PUR004177,20270901,SUP059,PRD266,ST040,281,528.87,148612.47,PINV004177,1
PUR004178,20280805,SUP082,PRD198,ST035,137,432.6,59266.2,PINV004178,15
PUR004179,20231130,SUP027,PRD210,ST041,80,398.13,31850.4,PINV004179,4
PUR004180,20240622,SUP098,PRD082,ST010,403,415.11,167289.33,PINV004180,11
PUR004181,20250620,SUP090,PRD272,ST031,487,494.6,240870.2,PINV004181,14
PUR004182,20250623,SUP085,PRD088,ST017,116,123.09,14278.44,PINV004182,3
PUR004183,20250613,SUP002,PRD168,ST038,454,405.26,183988.04,PINV004183,3
PUR004184,20240222,SUP025,PRD215,ST007,227,586.65,133169.55,PINV004184,6
PUR004185,20260124,SUP036,PRD251,ST021,188,463.71,87177.48,PINV004185,11
PUR004186,20230907,SUP046,PRD083,ST023,275,786.98,216419.5,PINV004186,1
PUR004187,20230711,SUP040,PRD189,ST009,199,197.05,39212.95,PINV004187,7
PUR004188,20240313,SUP085,PRD188,ST047,222,140.76,31248.72,PINV004188,2
PUR004189,20251204,SUP074,PRD217,ST044,419,757.42,317358.98,PINV004189,12
PUR004190,20270903,SUP055,PRD225,ST017,316,764.72,241651.52,PINV004190,9
PUR004191,20251225,SUP067,PRD071,ST034,487,346.52,168755.24,PINV004191,13
PUR004192,20260419,SUP060,PRD221,ST036,376,325.98,122568.48,PINV004192,9
PUR004193,20250323,SUP082,PRD295,ST041,388,189.4,73487.2,PINV004193,14
PUR004194,20270809,SUP027,PRD068,ST014,174,77.16,13425.84,PINV004194,2
PUR004195,20231011,SUP059,PRD236,ST005,318,455.73,144922.14,PINV004195,7
PUR004196,20260916,SUP055,PRD056,ST004,477,120.57,57511.89,PINV004196,14
PUR004197,20281124,SUP051,PRD100,ST046,348,799.45,278208.6,PINV004197,7
PUR004198,20260728,SUP039,PRD026,ST046,375,667.09,250158.75,PINV004198,10
PUR004199,20280804,SUP043,PRD164,ST012,444,547.52,243098.88,PINV004199,8
PUR004200,20280210,SUP049,PRD104,ST005,302,291.97,88174.94,PINV004200,11
PUR004201,20231030,SUP068,PRD140,ST006,440,764.29,336287.6,PINV004201,7
PUR004202,20270801,SUP035,PRD060,ST041,283,530.23,150055.09,PINV004202,9
PUR004203,20251010,SUP003,PRD175,ST030,254,232.57,59072.78,PINV004203,15
PUR004204,20250430,SUP048,PRD231,ST013,449,432.84,194345.16,PINV004204,15
PUR004205,20270610,SUP024,PRD031,ST033,355,612.05,217277.75,PINV004205,7
PUR004206,20230620,SUP099,PRD252,ST001,223,199.58,44506.34,PINV004206,4
PUR004207,20230512,SUP057,PRD250,ST020,214,257.42,55087.88,PINV004207,8
PUR004208,20241001,SUP065,PRD061,ST004,167,116.55,19463.85,PINV004208,7
PUR004209,20260123,SUP093,PRD279,ST018,300,292.5,87750.0,PINV004209,7
PUR004210,20270912,SUP082,PRD207,ST016,359,743.51,266920.09,PINV004210,10
PUR004211,20270616,SUP068,PRD176,ST023,358,188.96,67647.68,PINV004211,4
PUR004212,20260921,SUP008,PRD242,ST044,90,96.67,8700.3,PINV004212,7
PUR004213,20260314,SUP004,PRD295,ST015,495,355.93,176185.35,PINV004213,3
PUR004214,20240325,SUP072,PRD047,ST041,405,470.14,190406.7,PINV004214,3
PUR004215,20240401,SUP010,PRD235,ST012,230,92.96,21380.8,PINV004215,12
PUR004216,20230301,SUP063,PRD272,ST033,139,729.18,101356.02,PINV004216,13
PUR004217,20241215,SUP100,PRD040,ST033,399,697.12,278150.88,PINV004217,11
PUR004218,20281021,SUP008,PRD091,ST016,69,242.94,16762.86,PINV004218,10
PUR004219,20231108,SUP088,PRD220,ST010,214,447.94,95859.16,PINV004219,14
PUR004220,20230126,SUP029,PRD279,ST010,465,159.56,74195.4,PINV004220,9
PUR004221,20251003,SUP028,PRD027,ST011,287,388.1,111384.7,PINV004221,11
PUR004222,20280113,SUP063,PRD223,ST023,159,193.54,30772.86,PINV004222,3
PUR004223,20230928,SUP021,PRD106,ST023,263,251.23,66073.49,PINV004223,13
PUR004224,20231130,SUP029,PRD130,ST010,370,165.95,61401.5,PINV004224,2
PUR004225,20260908,SUP059,PRD048,ST047,455,384.08,174756.4,PINV004225,15
PUR004226,20280306,SUP015,PRD256,ST001,91,729.85,66416.35,PINV004226,13
PUR004227,20280518,SUP091,PRD056,ST030,178,187.86,33439.08,PINV004227,10
PUR004228,20271209,SUP100,PRD070,ST010,337,697.2,234956.4,PINV004228,10
PUR004229,20260602,SUP074,PRD042,ST022,371,707.13,262345.23,PINV004229,14
PUR004230,20231123,SUP046,PRD029,ST044,218,576.25,125622.5,PINV004230,10
PUR004231,20231224,SUP035,PRD177,ST026,250,163.52,40880.0,PINV004231,6
PUR004232,20230901,SUP068,PRD110,ST028,413,97.37,40213.81,PINV004232,13
PUR004233,20240215,SUP053,PRD172,ST016,475,379.96,180481.0,PINV004233,4
PUR004234,20270521,SUP039,PRD147,ST029,68,105.77,7192.36,PINV004234,13
PUR004235,20260221,SUP051,PRD022,ST038,215,451.48,97068.2,PINV004235,5
PUR004236,20250523,SUP025,PRD175,ST034,60,185.31,11118.6,PINV004236,1
PUR004237,20230417,SUP039,PRD006,ST011,90,175.29,15776.1,PINV004237,1
PUR004238,20250302,SUP023,PRD030,ST017,227,273.56,62098.12,PINV004238,7
PUR004239,20230807,SUP043,PRD095,ST049,52,106.32,5528.64,PINV004239,7
PUR004240,20240912,SUP052,PRD094,ST039,500,234.18,117090.0,PINV004240,9
PUR004241,20250321,SUP051,PRD148,ST045,335,796.87,266951.45,PINV004241,8
PUR004242,20270208,SUP061,PRD257,ST026,213,155.74,33172.62,PINV004242,11
PUR004243,20280719,SUP037,PRD237,ST019,244,359.59,87739.96,PINV004243,14
PUR004244,20271030,SUP028,PRD057,ST003,65,268.22,17434.3,PINV004244,5
PUR004245,20271213,SUP015,PRD206,ST022,366,52.53,19225.98,PINV004245,2
PUR004246,20250822,SUP034,PRD023,ST002,298,46.94,13988.12,PINV004246,11
PUR004247,20270410,SUP019,PRD250,ST027,240,183.64,44073.6,PINV004247,9
PUR004248,20240330,SUP075,PRD213,ST031,322,738.97,237948.34,PINV004248,10
PUR004249,20260105,SUP053,PRD022,ST010,383,424.37,162533.71,PINV004249,10
PUR004250,20260218,SUP066,PRD244,ST044,361,250.24,90336.64,PINV004250,1
PUR004251,20240715,SUP039,PRD083,ST019,132,446.22,58901.04,PINV004251,1
PUR004252,20240106,SUP023,PRD198,ST031,160,582.89,93262.4,PINV004252,14
PUR004253,20270710,SUP009,PRD260,ST028,382,414.8,158453.6,PINV004253,4
PUR004254,20281211,SUP080,PRD209,ST048,158,266.67,42133.86,PINV004254,6
PUR004255,20270221,SUP090,PRD053,ST050,403,143.44,57806.32,PINV004255,13
PUR004256,20230718,SUP025,PRD226,ST012,425,736.37,312957.25,PINV004256,9
PUR004257,20240922,SUP088,PRD042,ST050,473,77.11,36473.03,PINV004257,10
PUR004258,20270517,SUP100,PRD300,ST049,359,558.29,200426.11,PINV004258,9
PUR004259,20250208,SUP054,PRD210,ST032,287,141.62,40644.94,PINV004259,11
PUR004260,20280820,SUP041,PRD290,ST028,80,38.83,3106.4,PINV004260,8
PUR004261,20260920,SUP050,PRD170,ST013,138,773.33,106719.54,PINV004261,3
PUR004262,20240906,SUP069,PRD002,ST013,394,52.5,20685.0,PINV004262,5
PUR004263,20270727,SUP098,PRD159,ST013,122,466.18,56873.96,PINV004263,12
PUR004264,20250904,SUP092,PRD036,ST023,137,102.16,13995.92,PINV004264,6
PUR004265,20260712,SUP042,PRD199,ST026,165,606.62,100092.3,PINV004265,6
PUR004266,20230921,SUP007,PRD248,ST024,315,361.73,113944.95,PINV004266,1
PUR004267,20230526,SUP030,PRD201,ST028,396,119.61,47365.56,PINV004267,2
PUR004268,20281231,SUP081,PRD293,ST008,247,122.13,30166.11,PINV004268,6
PUR004269,20240310,SUP036,PRD217,ST030,454,482.79,219186.66,PINV004269,8
PUR004270,20231108,SUP012,PRD117,ST039,463,221.48,102545.24,PINV004270,11
PUR004271,20231018,SUP041,PRD200,ST004,329,112.14,36894.06,PINV004271,11
PUR004272,20270323,SUP020,PRD122,ST032,420,785.78,330027.6,PINV004272,8
PUR004273,20250713,SUP075,PRD103,ST003,167,26.57,4437.19,PINV004273,1
PUR004274,20260316,SUP017,PRD191,ST043,118,422.4,49843.2,PINV004274,3
PUR004275,20280514,SUP033,PRD033,ST049,327,467.66,152924.82,PINV004275,6
PUR004276,20260129,SUP037,PRD294,ST046,265,604.31,160142.15,PINV004276,2
PUR004277,20240318,SUP044,PRD071,ST024,498,447.4,222805.2,PINV004277,4
PUR004278,20230912,SUP002,PRD231,ST023,219,780.97,171032.43,PINV004278,7
PUR004279,20250121,SUP085,PRD119,ST020,162,717.55,116243.1,PINV004279,3
PUR004280,20271016,SUP044,PRD123,ST027,92,79.14,7280.88,PINV004280,12
PUR004281,20250105,SUP058,PRD295,ST041,388,204.1,79190.8,PINV004281,10
PUR004282,20251106,SUP030,PRD145,ST040,173,384.5,66518.5,PINV004282,14
PUR004283,20270109,SUP003,PRD100,ST048,320,527.42,168774.4,PINV004283,15
PUR004284,20280312,SUP054,PRD108,ST008,345,180.61,62310.45,PINV004284,6
PUR004285,20270525,SUP003,PRD058,ST048,381,374.01,142497.81,PINV004285,11
PUR004286,20260202,SUP086,PRD073,ST033,368,109.34,40237.12,PINV004286,12
PUR004287,20230320,SUP080,PRD215,ST003,324,646.19,209365.56,PINV004287,8
PUR004288,20261004,SUP036,PRD143,ST002,350,444.09,155431.5,PINV004288,4
PUR004289,20251125,SUP012,PRD288,ST019,101,654.64,66118.64,PINV004289,8
PUR004290,20241008,SUP013,PRD233,ST011,286,307.06,87819.16,PINV004290,7
PUR004291,20251104,SUP046,PRD101,ST017,166,185.09,30724.94,PINV004291,8
PUR004292,20260405,SUP084,PRD056,ST036,459,593.93,272613.87,PINV004292,6
PUR004293,20240217,SUP076,PRD273,ST024,153,469.83,71883.99,PINV004293,4
PUR004294,20250817,SUP007,PRD008,ST021,56,682.95,38245.2,PINV004294,11
PUR004295,20240218,SUP001,PRD054,ST046,307,696.15,213718.05,PINV004295,7
PUR004296,20231022,SUP029,PRD114,ST013,229,426.05,97565.45,PINV004296,2
PUR004297,20251025,SUP061,PRD135,ST033,310,335.27,103933.7,PINV004297,12
PUR004298,20231030,SUP068,PRD082,ST026,150,486.08,72912.0,PINV004298,4
PUR004299,20251214,SUP020,PRD220,ST040,51,186.34,9503.34,PINV004299,2
PUR004300,20260209,SUP081,PRD024,ST008,281,300.41,84415.21,PINV004300,10
PUR004301,20251120,SUP004,PRD276,ST049,227,166.62,37822.74,PINV004301,2
PUR004302,20260510,SUP005,PRD165,ST016,154,412.17,63474.18,PINV004302,2
PUR004303,20280608,SUP078,PRD171,ST026,312,561.5,175188.0,PINV004303,13
PUR004304,20230120,SUP100,PRD291,ST034,427,56.46,24108.42,PINV004304,5
PUR004305,20280917,SUP064,PRD125,ST029,264,720.33,190167.12,PINV004305,4
PUR004306,20230524,SUP089,PRD260,ST036,435,628.24,273284.4,PINV004306,6
PUR004307,20241222,SUP054,PRD238,ST024,433,174.04,75359.32,PINV004307,1
PUR004308,20241009,SUP098,PRD001,ST021,379,328.01,124315.79,PINV004308,11
PUR004309,20251129,SUP026,PRD098,ST003,332,587.59,195079.88,PINV004309,15
PUR004310,20251213,SUP053,PRD139,ST018,189,670.24,126675.36,PINV004310,7
PUR004311,20270413,SUP063,PRD146,ST040,459,321.97,147784.23,PINV004311,7
PUR004312,20271105,SUP009,PRD300,ST015,283,434.61,122994.63,PINV004312,14
PUR004313,20280911,SUP082,PRD049,ST007,53,158.9,8421.7,PINV004313,8
PUR004314,20250201,SUP082,PRD147,ST013,147,510.4,75028.8,PINV004314,11
PUR004315,20261213,SUP087,PRD225,ST036,383,455.51,174460.33,PINV004315,11
PUR004316,20260511,SUP066,PRD045,ST018,498,268.34,133633.32,PINV004316,14
PUR004317,20240924,SUP074,PRD055,ST046,285,108.7,30979.5,PINV004317,3
PUR004318,20240813,SUP076,PRD267,ST048,463,280.69,129959.47,PINV004318,12
PUR004319,20280209,SUP027,PRD011,ST049,144,530.17,76344.48,PINV004319,15
PUR004320,20231112,SUP027,PRD148,ST009,422,366.18,154527.96,PINV004320,3
PUR004321,20270901,SUP090,PRD049,ST007,124,433.7,53778.8,PINV004321,7
PUR004322,20231211,SUP055,PRD043,ST010,179,723.84,129567.36,PINV004322,8
PUR004323,20241020,SUP041,PRD008,ST002,275,738.8,203170.0,PINV004323,12
PUR004324,20281221,SUP018,PRD158,ST022,192,214.08,41103.36,PINV004324,13
PUR004325,20280607,SUP049,PRD093,ST015,288,246.49,70989.12,PINV004325,7
PUR004326,20250916,SUP069,PRD138,ST042,390,724.56,282578.4,PINV004326,13
PUR004327,20240128,SUP100,PRD020,ST027,263,731.19,192302.97,PINV004327,5
PUR004328,20281109,SUP095,PRD066,ST030,205,631.18,129391.9,PINV004328,14
PUR004329,20230924,SUP024,PRD055,ST011,447,377.39,168693.33,PINV004329,15
PUR004330,20231119,SUP042,PRD238,ST043,490,123.06,60299.4,PINV004330,12
PUR004331,20270508,SUP085,PRD288,ST036,398,351.41,139861.18,PINV004331,14
PUR004332,20270721,SUP065,PRD247,ST004,316,248.52,78532.32,PINV004332,2
PUR004333,20230704,SUP007,PRD003,ST019,135,565.34,76320.9,PINV004333,13
PUR004334,20231230,SUP082,PRD215,ST005,97,483.63,46912.11,PINV004334,11
PUR004335,20230910,SUP086,PRD103,ST018,101,381.57,38538.57,PINV004335,5
PUR004336,20230114,SUP077,PRD273,ST007,141,157.33,22183.53,PINV004336,2
PUR004337,20250225,SUP092,PRD088,ST031,270,400.9,108243.0,PINV004337,8
PUR004338,20271012,SUP009,PRD154,ST044,405,88.99,36040.95,PINV004338,6
PUR004339,20240402,SUP052,PRD085,ST019,314,268.36,84265.04,PINV004339,8
PUR004340,20251106,SUP051,PRD222,ST014,116,281.71,32678.36,PINV004340,9
PUR004341,20250503,SUP047,PRD295,ST028,447,64.71,28925.37,PINV004341,6
PUR004342,20260523,SUP081,PRD239,ST004,172,633.09,108891.48,PINV004342,3
PUR004343,20241230,SUP084,PRD233,ST049,414,26.8,11095.2,PINV004343,15
PUR004344,20280201,SUP027,PRD291,ST031,377,759.19,286214.63,PINV004344,1
PUR004345,20241011,SUP013,PRD052,ST020,436,426.58,185988.88,PINV004345,12
PUR004346,20280530,SUP014,PRD158,ST034,233,652.03,151922.99,PINV004346,1
PUR004347,20240718,SUP033,PRD250,ST011,402,58.2,23396.4,PINV004347,2
PUR004348,20270416,SUP076,PRD216,ST037,419,686.1,287475.9,PINV004348,13
PUR004349,20241120,SUP073,PRD033,ST029,275,230.61,63417.75,PINV004349,9
PUR004350,20270124,SUP088,PRD126,ST036,315,568.96,179222.4,PINV004350,8
PUR004351,20270116,SUP069,PRD069,ST020,241,352.55,84964.55,PINV004351,7
PUR004352,20280922,SUP075,PRD142,ST043,481,290.38,139672.78,PINV004352,6
PUR004353,20230629,SUP024,PRD001,ST043,226,31.64,7150.64,PINV004353,10
PUR004354,20230710,SUP019,PRD224,ST034,350,247.19,86516.5,PINV004354,2
PUR004355,20230601,SUP096,PRD138,ST044,333,182.86,60892.38,PINV004355,5
PUR004356,20240101,SUP055,PRD094,ST012,341,692.81,236248.21,PINV004356,11
PUR004357,20251112,SUP008,PRD205,ST047,430,220.51,94819.3,PINV004357,11
PUR004358,20260705,SUP015,PRD099,ST033,287,172.76,49582.12,PINV004358,12
PUR004359,20260910,SUP038,PRD179,ST010,497,237.99,118281.03,PINV004359,12
PUR004360,20260515,SUP096,PRD299,ST042,379,21.97,8326.63,PINV004360,1
PUR004361,20260328,SUP007,PRD147,ST019,264,328.57,86742.48,PINV004361,1
PUR004362,20280409,SUP092,PRD279,ST008,385,458.77,176626.45,PINV004362,4
PUR004363,20281107,SUP005,PRD228,ST026,448,518.69,232373.12,PINV004363,8
PUR004364,20241024,SUP012,PRD200,ST036,222,710.94,157828.68,PINV004364,15
PUR004365,20271206,SUP065,PRD186,ST018,325,80.45,26146.25,PINV004365,14
PUR004366,20270927,SUP100,PRD274,ST019,94,658.69,61916.86,PINV004366,15
PUR004367,20270225,SUP001,PRD161,ST045,328,562.86,184618.08,PINV004367,7
PUR004368,20260331,SUP035,PRD238,ST036,143,81.96,11720.28,PINV004368,10
PUR004369,20280821,SUP009,PRD125,ST014,67,290.06,19434.02,PINV004369,2
PUR004370,20240622,SUP056,PRD057,ST011,449,483.7,217181.3,PINV004370,1
PUR004371,20261018,SUP025,PRD222,ST009,478,700.69,334929.82,PINV004371,12
PUR004372,20240217,SUP091,PRD234,ST033,67,172.11,11531.37,PINV004372,3
PUR004373,20240301,SUP079,PRD132,ST009,149,757.53,112871.97,PINV004373,13
PUR004374,20241219,SUP001,PRD207,ST008,379,503.49,190822.71,PINV004374,14
PUR004375,20230101,SUP030,PRD290,ST037,303,398.83,120845.49,PINV004375,7
PUR004376,20240315,SUP012,PRD157,ST027,292,748.08,218439.36,PINV004376,6
PUR004377,20260809,SUP085,PRD055,ST021,151,530.97,80176.47,PINV004377,4
PUR004378,20231011,SUP036,PRD279,ST020,290,272.0,78880.0,PINV004378,7
PUR004379,20240224,SUP042,PRD230,ST024,266,726.42,193227.72,PINV004379,6
PUR004380,20250413,SUP037,PRD277,ST016,450,27.4,12330.0,PINV004380,4
PUR004381,20230121,SUP055,PRD251,ST025,425,725.36,308278.0,PINV004381,9
PUR004382,20230213,SUP091,PRD082,ST025,71,22.14,1571.94,PINV004382,15
PUR004383,20241022,SUP061,PRD084,ST036,322,586.21,188759.62,PINV004383,2
PUR004384,20260729,SUP008,PRD020,ST042,265,25.83,6844.95,PINV004384,10
PUR004385,20270602,SUP081,PRD124,ST013,444,388.38,172440.72,PINV004385,11
PUR004386,20270420,SUP053,PRD023,ST035,491,515.26,252992.66,PINV004386,15
PUR004387,20250409,SUP079,PRD142,ST007,158,155.48,24565.84,PINV004387,9
PUR004388,20230925,SUP095,PRD133,ST026,62,599.11,37144.82,PINV004388,2
PUR004389,20231007,SUP066,PRD078,ST046,498,236.09,117572.82,PINV004389,1
PUR004390,20271221,SUP028,PRD047,ST001,258,544.55,140493.9,PINV004390,8
PUR004391,20270929,SUP089,PRD240,ST012,156,524.39,81804.84,PINV004391,12
PUR004392,20230217,SUP079,PRD236,ST047,472,372.22,175687.84,PINV004392,4
PUR004393,20280614,SUP072,PRD192,ST044,473,251.08,118760.84,PINV004393,7
PUR004394,20270428,SUP047,PRD073,ST026,357,83.49,29805.93,PINV004394,15
PUR004395,20240802,SUP039,PRD043,ST008,369,424.2,156529.8,PINV004395,2
PUR004396,20280807,SUP057,PRD277,ST046,152,107.18,16291.36,PINV004396,7
PUR004397,20270607,SUP049,PRD038,ST041,301,28.63,8617.63,PINV004397,6
PUR004398,20251225,SUP089,PRD070,ST047,458,688.36,315268.88,PINV004398,9
PUR004399,20230808,SUP083,PRD195,ST039,487,65.12,31713.44,PINV004399,5
PUR004400,20230520,SUP036,PRD105,ST017,212,166.62,35323.44,PINV004400,12
PUR004401,20230812,SUP095,PRD165,ST003,266,372.87,99183.42,PINV004401,9
PUR004402,20250616,SUP049,PRD059,ST004,477,574.59,274079.43,PINV004402,15
PUR004403,20281220,SUP008,PRD290,ST030,500,410.03,205015.0,PINV004403,4
PUR004404,20250505,SUP023,PRD181,ST016,192,499.76,95953.92,PINV004404,12
PUR004405,20250228,SUP076,PRD027,ST001,178,93.11,16573.58,PINV004405,4
PUR004406,20231026,SUP050,PRD131,ST008,317,331.23,104999.91,PINV004406,12
PUR004407,20230519,SUP060,PRD016,ST005,80,646.65,51732.0,PINV004407,11
PUR004408,20230608,SUP031,PRD011,ST009,402,187.04,75190.08,PINV004408,12
PUR004409,20240203,SUP032,PRD210,ST029,361,216.1,78012.1,PINV004409,2
PUR004410,20271206,SUP021,PRD160,ST023,278,369.07,102601.46,PINV004410,4
PUR004411,20230714,SUP013,PRD139,ST036,365,766.73,279856.45,PINV004411,12
PUR004412,20240320,SUP055,PRD170,ST030,490,25.0,12250.0,PINV004412,2
PUR004413,20270327,SUP085,PRD104,ST041,124,733.12,90906.88,PINV004413,7
PUR004414,20260112,SUP089,PRD211,ST030,421,729.69,307199.49,PINV004414,7
PUR004415,20261216,SUP095,PRD282,ST047,177,373.26,66067.02,PINV004415,9
PUR004416,20250718,SUP029,PRD201,ST031,85,566.85,48182.25,PINV004416,2
PUR004417,20270205,SUP023,PRD011,ST002,459,660.92,303362.28,PINV004417,13
PUR004418,20230301,SUP046,PRD126,ST031,56,603.85,33815.6,PINV004418,3
PUR004419,20260830,SUP080,PRD125,ST025,254,187.47,47617.38,PINV004419,14
PUR004420,20240510,SUP088,PRD018,ST021,205,708.05,145150.25,PINV004420,14
PUR004421,20250925,SUP071,PRD004,ST027,398,610.13,242831.74,PINV004421,1
PUR004422,20240410,SUP028,PRD027,ST005,275,127.15,34966.25,PINV004422,13
PUR004423,20280922,SUP053,PRD273,ST035,370,72.43,26799.1,PINV004423,15
PUR004424,20260812,SUP083,PRD107,ST045,389,185.36,72105.04,PINV004424,13
PUR004425,20230119,SUP024,PRD132,ST034,249,210.29,52362.21,PINV004425,1
PUR004426,20240717,SUP008,PRD120,ST022,182,322.56,58705.92,PINV004426,13
PUR004427,20230413,SUP069,PRD076,ST016,162,293.92,47615.04,PINV004427,13
PUR004428,20230830,SUP085,PRD131,ST023,399,438.81,175085.19,PINV004428,15
PUR004429,20281222,SUP004,PRD216,ST012,360,406.96,146505.6,PINV004429,15
PUR004430,20280310,SUP013,PRD280,ST028,494,484.58,239382.52,PINV004430,14
PUR004431,20280530,SUP046,PRD220,ST013,488,295.22,144067.36,PINV004431,2
PUR004432,20240204,SUP029,PRD181,ST042,491,571.2,280459.2,PINV004432,13
PUR004433,20261101,SUP096,PRD281,ST033,416,259.57,107981.12,PINV004433,7
PUR004434,20280130,SUP018,PRD166,ST042,210,443.48,93130.8,PINV004434,8
PUR004435,20240314,SUP046,PRD233,ST050,221,264.44,58441.24,PINV004435,9
PUR004436,20230523,SUP036,PRD035,ST004,350,640.33,224115.5,PINV004436,1
PUR004437,20280604,SUP015,PRD288,ST049,420,375.0,157500.0,PINV004437,6
PUR004438,20250305,SUP043,PRD186,ST049,417,22.28,9290.76,PINV004438,14
PUR004439,20230610,SUP001,PRD126,ST021,167,740.97,123741.99,PINV004439,15
PUR004440,20240413,SUP027,PRD099,ST041,89,27.26,2426.14,PINV004440,2
PUR004441,20260706,SUP038,PRD253,ST015,441,341.28,150504.48,PINV004441,12
PUR004442,20250117,SUP071,PRD130,ST023,463,528.94,244899.22,PINV004442,4
PUR004443,20280823,SUP004,PRD177,ST027,277,539.97,149571.69,PINV004443,13
PUR004444,20281026,SUP096,PRD002,ST031,493,753.24,371347.32,PINV004444,13
PUR004445,20231127,SUP089,PRD165,ST025,241,101.99,24579.59,PINV004445,3
PUR004446,20280810,SUP058,PRD028,ST021,225,615.48,138483.0,PINV004446,2
PUR004447,20270404,SUP033,PRD086,ST035,462,32.27,14908.74,PINV004447,6
PUR004448,20230910,SUP020,PRD245,ST036,224,722.85,161918.4,PINV004448,15
PUR004449,20230918,SUP083,PRD079,ST026,308,265.11,81653.88,PINV004449,4
PUR004450,20260214,SUP022,PRD259,ST002,468,377.49,176665.32,PINV004450,2
PUR004451,20240802,SUP097,PRD263,ST029,421,238.36,100349.56,PINV004451,12
PUR004452,20240515,SUP045,PRD130,ST017,464,343.93,159583.52,PINV004452,10
PUR004453,20280724,SUP061,PRD200,ST016,329,773.53,254491.37,PINV004453,9
PUR004454,20260221,SUP042,PRD091,ST033,364,288.32,104948.48,PINV004454,8
PUR004455,20250624,SUP034,PRD182,ST003,276,308.6,85173.6,PINV004455,10
PUR004456,20281128,SUP050,PRD103,ST035,437,26.24,11466.88,PINV004456,13
PUR004457,20231220,SUP040,PRD007,ST044,207,631.39,130697.73,PINV004457,9
PUR004458,20230910,SUP077,PRD125,ST046,432,42.2,18230.4,PINV004458,15
PUR004459,20280313,SUP052,PRD267,ST036,262,620.02,162445.24,PINV004459,8
PUR004460,20280914,SUP086,PRD065,ST005,407,230.56,93837.92,PINV004460,1
PUR004461,20260819,SUP095,PRD060,ST045,245,68.55,16794.75,PINV004461,2
PUR004462,20270506,SUP044,PRD020,ST004,317,782.31,247992.27,PINV004462,6
PUR004463,20240312,SUP084,PRD228,ST034,129,401.69,51818.01,PINV004463,8
PUR004464,20230609,SUP064,PRD280,ST010,190,599.96,113992.4,PINV004464,12
PUR004465,20250703,SUP097,PRD186,ST044,50,781.98,39099.0,PINV004465,3
PUR004466,20250717,SUP007,PRD254,ST040,76,627.05,47655.8,PINV004466,3
PUR004467,20260628,SUP013,PRD204,ST007,262,741.89,194375.18,PINV004467,2
PUR004468,20240215,SUP080,PRD190,ST008,438,216.0,94608.0,PINV004468,10
PUR004469,20270615,SUP002,PRD200,ST010,428,93.63,40073.64,PINV004469,1
PUR004470,20271007,SUP063,PRD240,ST019,212,711.41,150818.92,PINV004470,15
PUR004471,20281111,SUP007,PRD183,ST047,265,527.42,139766.3,PINV004471,15
PUR004472,20230326,SUP036,PRD144,ST049,408,379.68,154909.44,PINV004472,12
PUR004473,20230819,SUP067,PRD079,ST010,115,38.78,4459.7,PINV004473,4
PUR004474,20271115,SUP027,PRD023,ST041,342,584.83,200011.86,PINV004474,2
PUR004475,20230920,SUP089,PRD290,ST018,64,797.52,51041.28,PINV004475,10
PUR004476,20270430,SUP037,PRD022,ST028,103,341.54,35178.62,PINV004476,8
PUR004477,20230429,SUP098,PRD275,ST026,407,650.55,264773.85,PINV004477,5
PUR004478,20270211,SUP038,PRD289,ST002,88,511.33,44997.04,PINV004478,11
PUR004479,20231107,SUP048,PRD274,ST029,123,745.04,91639.92,PINV004479,9
PUR004480,20281107,SUP083,PRD194,ST029,145,139.58,20239.1,PINV004480,8
PUR004481,20241107,SUP007,PRD190,ST031,50,200.95,10047.5,PINV004481,9
PUR004482,20280716,SUP031,PRD184,ST041,475,158.11,75102.25,PINV004482,12
PUR004483,20280606,SUP049,PRD156,ST026,102,478.28,48784.56,PINV004483,8
PUR004484,20260718,SUP041,PRD082,ST036,233,530.44,123592.52,PINV004484,1
PUR004485,20241219,SUP058,PRD153,ST033,72,232.76,16758.72,PINV004485,6
PUR004486,20260822,SUP015,PRD109,ST013,479,409.02,195920.58,PINV004486,11
PUR004487,20230515,SUP074,PRD267,ST027,405,301.21,121990.05,PINV004487,15
PUR004488,20240714,SUP017,PRD048,ST039,483,238.14,115021.62,PINV004488,7
PUR004489,20260908,SUP026,PRD089,ST028,131,673.04,88168.24,PINV004489,14
PUR004490,20280105,SUP077,PRD004,ST016,271,693.31,187887.01,PINV004490,9
PUR004491,20240105,SUP069,PRD024,ST036,312,734.84,229270.08,PINV004491,9
PUR004492,20280924,SUP078,PRD233,ST008,369,284.34,104921.46,PINV004492,14
PUR004493,20241019,SUP082,PRD174,ST027,90,113.81,10242.9,PINV004493,11
PUR004494,20260725,SUP050,PRD142,ST005,198,160.95,31868.1,PINV004494,13
PUR004495,20250708,SUP010,PRD285,ST008,166,111.0,18426.0,PINV004495,8
PUR004496,20240918,SUP029,PRD131,ST044,427,269.11,114909.97,PINV004496,2
PUR004497,20270608,SUP038,PRD278,ST045,339,422.37,143183.43,PINV004497,7
PUR004498,20261028,SUP022,PRD023,ST008,151,372.66,56271.66,PINV004498,3
PUR004499,20250312,SUP028,PRD036,ST004,90,125.39,11285.1,PINV004499,15
PUR004500,20241220,SUP003,PRD228,ST005,405,671.37,271904.85,PINV004500,1
PUR004501,20250109,SUP092,PRD132,ST022,267,797.0,212799.0,PINV004501,12
PUR004502,20251031,SUP096,PRD085,ST022,256,508.62,130206.72,PINV004502,4
PUR004503,20241009,SUP023,PRD209,ST050,75,763.58,57268.5,PINV004503,6
PUR004504,20230604,SUP001,PRD132,ST004,245,239.59,58699.55,PINV004504,1
PUR004505,20250828,SUP059,PRD232,ST023,416,756.52,314712.32,PINV004505,4
PUR004506,20280929,SUP055,PRD261,ST018,291,347.75,101195.25,PINV004506,1
PUR004507,20271012,SUP069,PRD195,ST004,454,608.52,276268.08,PINV004507,8
PUR004508,20250717,SUP097,PRD120,ST024,447,360.49,161139.03,PINV004508,10
PUR004509,20260709,SUP033,PRD180,ST016,106,689.32,73067.92,PINV004509,9
PUR004510,20271206,SUP040,PRD176,ST014,471,798.63,376154.73,PINV004510,13
PUR004511,20270922,SUP045,PRD214,ST022,299,185.48,55458.52,PINV004511,15
PUR004512,20240414,SUP019,PRD158,ST029,189,124.21,23475.69,PINV004512,15
PUR004513,20261017,SUP003,PRD131,ST035,242,745.19,180335.98,PINV004513,6
PUR004514,20270729,SUP086,PRD083,ST038,314,750.26,235581.64,PINV004514,1
PUR004515,20261024,SUP004,PRD006,ST046,171,650.25,111192.75,PINV004515,9
PUR004516,20230227,SUP082,PRD190,ST013,147,97.48,14329.56,PINV004516,12
PUR004517,20261018,SUP011,PRD165,ST001,287,597.17,171387.79,PINV004517,1
PUR004518,20250719,SUP028,PRD182,ST028,326,111.58,36375.08,PINV004518,12
PUR004519,20280520,SUP062,PRD139,ST019,219,116.91,25603.29,PINV004519,5
PUR004520,20280420,SUP065,PRD039,ST009,333,201.22,67006.26,PINV004520,14
PUR004521,20270621,SUP066,PRD239,ST017,262,38.17,10000.54,PINV004521,5
PUR004522,20230609,SUP078,PRD025,ST022,107,244.17,26126.19,PINV004522,4
PUR004523,20241003,SUP083,PRD023,ST022,389,756.52,294286.28,PINV004523,5
PUR004524,20260207,SUP029,PRD245,ST011,432,384.25,165996.0,PINV004524,10
PUR004525,20250928,SUP011,PRD101,ST030,110,664.71,73118.1,PINV004525,11
PUR004526,20240215,SUP078,PRD238,ST007,340,135.43,46046.2,PINV004526,10
PUR004527,20270512,SUP092,PRD093,ST031,238,155.83,37087.54,PINV004527,7
PUR004528,20260423,SUP009,PRD211,ST016,372,583.5,217062.0,PINV004528,11
PUR004529,20250622,SUP094,PRD296,ST041,342,129.54,44302.68,PINV004529,15
PUR004530,20231004,SUP059,PRD213,ST024,57,775.64,44211.48,PINV004530,8
PUR004531,20271128,SUP077,PRD050,ST007,235,579.3,136135.5,PINV004531,11
PUR004532,20230225,SUP031,PRD142,ST035,460,606.38,278934.8,PINV004532,13
PUR004533,20280806,SUP062,PRD041,ST005,192,731.61,140469.12,PINV004533,3
PUR004534,20250521,SUP004,PRD165,ST040,356,456.1,162371.6,PINV004534,5
PUR004535,20250816,SUP063,PRD252,ST007,284,536.2,152280.8,PINV004535,3
PUR004536,20281127,SUP079,PRD145,ST032,382,674.45,257639.9,PINV004536,11
PUR004537,20281222,SUP013,PRD002,ST030,307,786.57,241476.99,PINV004537,10
PUR004538,20260502,SUP006,PRD167,ST036,60,418.32,25099.2,PINV004538,5
PUR004539,20261120,SUP060,PRD013,ST002,453,320.61,145236.33,PINV004539,1
PUR004540,20280317,SUP038,PRD243,ST050,274,201.54,55221.96,PINV004540,2
PUR004541,20260601,SUP060,PRD223,ST006,389,722.69,281126.41,PINV004541,6
PUR004542,20271215,SUP013,PRD248,ST029,75,735.48,55161.0,PINV004542,6
PUR004543,20280824,SUP097,PRD002,ST025,115,715.78,82314.7,PINV004543,11
PUR004544,20271208,SUP027,PRD129,ST047,389,325.74,126712.86,PINV004544,2
PUR004545,20261120,SUP039,PRD149,ST015,362,571.59,206915.58,PINV004545,8
PUR004546,20270805,SUP098,PRD137,ST034,231,678.35,156698.85,PINV004546,15
PUR004547,20250717,SUP084,PRD195,ST047,355,222.4,78952.0,PINV004547,3
PUR004548,20241009,SUP031,PRD021,ST003,355,494.05,175387.75,PINV004548,14
PUR004549,20261212,SUP097,PRD083,ST022,350,178.82,62587.0,PINV004549,9
PUR004550,20261118,SUP027,PRD151,ST039,312,178.25,55614.0,PINV004550,7
PUR004551,20270727,SUP064,PRD082,ST032,232,793.6,184115.2,PINV004551,7
PUR004552,20270111,SUP022,PRD293,ST007,115,171.58,19731.7,PINV004552,6
PUR004553,20260302,SUP009,PRD239,ST045,179,536.8,96087.2,PINV004553,4
PUR004554,20230901,SUP091,PRD094,ST042,64,34.18,2187.52,PINV004554,10
PUR004555,20261002,SUP091,PRD196,ST019,419,425.79,178406.01,PINV004555,3
PUR004556,20280810,SUP059,PRD250,ST019,290,511.99,148477.1,PINV004556,15
PUR004557,20240208,SUP070,PRD128,ST038,472,166.13,78413.36,PINV004557,6
PUR004558,20260917,SUP025,PRD170,ST008,419,590.53,247432.07,PINV004558,1
PUR004559,20250529,SUP072,PRD056,ST028,491,207.07,101671.37,PINV004559,9
PUR004560,20260507,SUP031,PRD002,ST001,244,752.51,183612.44,PINV004560,5
PUR004561,20250101,SUP083,PRD074,ST007,86,490.91,42218.26,PINV004561,15
PUR004562,20251201,SUP074,PRD193,ST007,276,24.74,6828.24,PINV004562,1
PUR004563,20260410,SUP026,PRD057,ST036,282,640.58,180643.56,PINV004563,10
PUR004564,20271219,SUP008,PRD068,ST032,370,98.72,36526.4,PINV004564,14
PUR004565,20280725,SUP049,PRD242,ST022,489,267.75,130929.75,PINV004565,7
PUR004566,20240113,SUP059,PRD192,ST047,126,570.69,71906.94,PINV004566,12
PUR004567,20260503,SUP037,PRD009,ST042,329,645.2,212270.8,PINV004567,11
PUR004568,20280725,SUP050,PRD053,ST045,209,583.58,121968.22,PINV004568,6
PUR004569,20260604,SUP045,PRD020,ST035,392,78.86,30913.12,PINV004569,13
PUR004570,20251027,SUP055,PRD147,ST009,143,310.01,44331.43,PINV004570,9
PUR004571,20281220,SUP098,PRD151,ST046,479,652.9,312739.1,PINV004571,6
PUR004572,20241227,SUP054,PRD102,ST044,342,298.41,102056.22,PINV004572,10
PUR004573,20240413,SUP027,PRD176,ST041,193,687.71,132728.03,PINV004573,4
PUR004574,20270728,SUP030,PRD070,ST037,134,290.55,38933.7,PINV004574,5
PUR004575,20280222,SUP004,PRD161,ST039,268,495.56,132810.08,PINV004575,9
PUR004576,20230110,SUP036,PRD050,ST015,212,505.54,107174.48,PINV004576,13
PUR004577,20270609,SUP050,PRD229,ST039,398,678.21,269927.58,PINV004577,11
PUR004578,20250926,SUP080,PRD142,ST027,376,773.43,290809.68,PINV004578,9
PUR004579,20261002,SUP040,PRD191,ST018,262,310.87,81447.94,PINV004579,4
PUR004580,20280123,SUP069,PRD256,ST023,435,221.28,96256.8,PINV004580,2
PUR004581,20241225,SUP092,PRD211,ST017,206,375.63,77379.78,PINV004581,1
PUR004582,20260503,SUP029,PRD069,ST013,160,443.79,71006.4,PINV004582,14
PUR004583,20250720,SUP085,PRD233,ST044,106,165.2,17511.2,PINV004583,15
PUR004584,20231217,SUP063,PRD215,ST021,319,119.24,38037.56,PINV004584,11
PUR004585,20240517,SUP041,PRD161,ST042,434,391.68,169989.12,PINV004585,10
PUR004586,20280103,SUP045,PRD220,ST005,373,229.25,85510.25,PINV004586,9
PUR004587,20261208,SUP001,PRD133,ST005,104,588.64,61218.56,PINV004587,6
PUR004588,20231130,SUP005,PRD140,ST041,203,405.22,82259.66,PINV004588,4
PUR004589,20230917,SUP048,PRD295,ST022,469,369.29,173197.01,PINV004589,7
PUR004590,20250226,SUP022,PRD137,ST012,222,546.09,121231.98,PINV004590,13
PUR004591,20231013,SUP047,PRD295,ST001,116,303.21,35172.36,PINV004591,2
PUR004592,20280905,SUP090,PRD002,ST008,424,512.37,217244.88,PINV004592,12
PUR004593,20250828,SUP039,PRD252,ST022,273,159.25,43475.25,PINV004593,13
PUR004594,20231125,SUP093,PRD213,ST009,494,753.58,372268.52,PINV004594,2
PUR004595,20251015,SUP052,PRD157,ST024,69,46.21,3188.49,PINV004595,13
PUR004596,20241111,SUP004,PRD202,ST024,278,607.43,168865.54,PINV004596,7
PUR004597,20240626,SUP014,PRD222,ST046,120,388.95,46674.0,PINV004597,4
PUR004598,20240503,SUP026,PRD105,ST039,475,227.07,107858.25,PINV004598,8
PUR004599,20241121,SUP038,PRD088,ST015,357,255.91,91359.87,PINV004599,14
PUR004600,20270422,SUP004,PRD083,ST046,444,721.4,320301.6,PINV004600,15
PUR004601,20260201,SUP039,PRD257,ST006,452,458.44,207214.88,PINV004601,12
PUR004602,20260522,SUP037,PRD266,ST030,59,326.63,19271.17,PINV004602,3
PUR004603,20261011,SUP090,PRD078,ST004,286,539.71,154357.06,PINV004603,8
PUR004604,20240509,SUP021,PRD238,ST018,95,273.14,25948.3,PINV004604,1
PUR004605,20260710,SUP055,PRD161,ST047,53,202.53,10734.09,PINV004605,4
PUR004606,20260403,SUP090,PRD106,ST025,391,297.88,116471.08,PINV004606,8
PUR004607,20250603,SUP076,PRD123,ST046,141,552.02,77834.82,PINV004607,15
PUR004608,20280509,SUP020,PRD142,ST030,230,198.55,45666.5,PINV004608,3
PUR004609,20240711,SUP045,PRD151,ST003,358,283.01,101317.58,PINV004609,8
PUR004610,20251227,SUP068,PRD291,ST033,493,679.21,334850.53,PINV004610,2
PUR004611,20240114,SUP042,PRD158,ST028,68,89.05,6055.4,PINV004611,3
PUR004612,20261223,SUP088,PRD097,ST037,334,503.39,168132.26,PINV004612,14
PUR004613,20250416,SUP093,PRD153,ST040,56,480.24,26893.44,PINV004613,5
PUR004614,20230106,SUP027,PRD036,ST026,376,373.91,140590.16,PINV004614,6
PUR004615,20280905,SUP090,PRD066,ST033,395,35.34,13959.3,PINV004615,8
PUR004616,20230117,SUP041,PRD135,ST012,133,399.11,53081.63,PINV004616,1
PUR004617,20280529,SUP060,PRD109,ST034,52,612.97,31874.44,PINV004617,10
PUR004618,20280127,SUP023,PRD114,ST001,429,657.88,282230.52,PINV004618,12
PUR004619,20280618,SUP074,PRD292,ST026,111,657.24,72953.64,PINV004619,1
PUR004620,20281119,SUP047,PRD151,ST025,279,73.5,20506.5,PINV004620,8
PUR004621,20271129,SUP026,PRD112,ST001,138,212.83,29370.54,PINV004621,11
PUR004622,20240729,SUP057,PRD203,ST028,196,119.4,23402.4,PINV004622,12
PUR004623,20270913,SUP060,PRD280,ST040,167,112.66,18814.22,PINV004623,1
PUR004624,20260113,SUP060,PRD281,ST029,274,163.91,44911.34,PINV004624,5
PUR004625,20260610,SUP087,PRD177,ST021,121,622.55,75328.55,PINV004625,13
PUR004626,20250218,SUP064,PRD174,ST048,316,767.59,242558.44,PINV004626,12
PUR004627,20270511,SUP033,PRD133,ST025,398,543.97,216500.06,PINV004627,8
PUR004628,20230718,SUP099,PRD177,ST011,343,476.04,163281.72,PINV004628,13
PUR004629,20281231,SUP063,PRD087,ST017,232,413.79,95999.28,PINV004629,6
PUR004630,20250105,SUP008,PRD173,ST049,51,326.11,16631.61,PINV004630,11
PUR004631,20250424,SUP022,PRD184,ST024,145,373.67,54182.15,PINV004631,3
PUR004632,20230504,SUP051,PRD290,ST036,193,362.25,69914.25,PINV004632,1
PUR004633,20230420,SUP040,PRD045,ST040,342,744.8,254721.6,PINV004633,4
PUR004634,20270125,SUP065,PRD031,ST008,414,343.49,142204.86,PINV004634,14
PUR004635,20230722,SUP039,PRD197,ST050,187,490.73,91766.51,PINV004635,12
PUR004636,20260310,SUP036,PRD081,ST010,136,212.21,28860.56,PINV004636,5
PUR004637,20251201,SUP052,PRD258,ST012,491,422.39,207393.49,PINV004637,6
PUR004638,20240508,SUP036,PRD072,ST046,281,566.3,159130.3,PINV004638,10
PUR004639,20230228,SUP045,PRD262,ST002,229,655.96,150214.84,PINV004639,4
PUR004640,20270831,SUP044,PRD180,ST018,306,159.91,48932.46,PINV004640,4
PUR004641,20280225,SUP031,PRD261,ST046,456,269.71,122987.76,PINV004641,15
PUR004642,20240906,SUP041,PRD132,ST001,490,677.64,332043.6,PINV004642,14
PUR004643,20261111,SUP071,PRD255,ST024,143,450.28,64390.04,PINV004643,7
PUR004644,20271006,SUP068,PRD091,ST015,123,601.71,74010.33,PINV004644,9
PUR004645,20260730,SUP042,PRD216,ST038,123,553.47,68076.81,PINV004645,3
PUR004646,20250725,SUP004,PRD252,ST027,439,335.14,147126.46,PINV004646,4
PUR004647,20240715,SUP016,PRD006,ST038,108,537.48,58047.84,PINV004647,9
PUR004648,20251215,SUP055,PRD242,ST049,136,738.52,100438.72,PINV004648,2
PUR004649,20230510,SUP088,PRD231,ST018,340,419.01,142463.4,PINV004649,3
PUR004650,20240516,SUP082,PRD252,ST011,500,400.35,200175.0,PINV004650,4
PUR004651,20250808,SUP022,PRD133,ST017,199,351.01,69850.99,PINV004651,5
PUR004652,20281106,SUP010,PRD198,ST023,62,409.02,25359.24,PINV004652,6
PUR004653,20270818,SUP009,PRD285,ST033,419,190.61,79865.59,PINV004653,5
PUR004654,20231219,SUP064,PRD162,ST048,276,367.23,101355.48,PINV004654,13
PUR004655,20250222,SUP024,PRD114,ST003,446,735.65,328099.9,PINV004655,7
PUR004656,20280121,SUP063,PRD197,ST007,435,769.08,334549.8,PINV004656,13
PUR004657,20260828,SUP025,PRD201,ST041,383,163.62,62666.46,PINV004657,4
PUR004658,20251017,SUP013,PRD080,ST003,418,324.96,135833.28,PINV004658,14
PUR004659,20240819,SUP075,PRD007,ST035,105,467.63,49101.15,PINV004659,2
PUR004660,20230501,SUP065,PRD126,ST034,73,304.41,22221.93,PINV004660,14
PUR004661,20270916,SUP089,PRD027,ST038,395,572.7,226216.5,PINV004661,15
PUR004662,20240710,SUP035,PRD066,ST018,155,286.93,44474.15,PINV004662,2
PUR004663,20240521,SUP052,PRD088,ST022,234,734.78,171938.52,PINV004663,6
PUR004664,20270503,SUP093,PRD200,ST009,199,79.4,15800.6,PINV004664,4
PUR004665,20280922,SUP052,PRD125,ST047,427,520.54,222270.58,PINV004665,13
PUR004666,20261217,SUP067,PRD214,ST040,88,330.69,29100.72,PINV004666,2
PUR004667,20240902,SUP029,PRD094,ST018,217,215.11,46678.87,PINV004667,7
PUR004668,20240413,SUP007,PRD163,ST009,341,540.43,184286.63,PINV004668,10
PUR004669,20280611,SUP084,PRD148,ST033,248,49.61,12303.28,PINV004669,10
PUR004670,20250406,SUP087,PRD274,ST026,60,478.63,28717.8,PINV004670,6
PUR004671,20230416,SUP026,PRD211,ST036,94,628.01,59032.94,PINV004671,12
PUR004672,20251010,SUP051,PRD182,ST037,446,667.09,297522.14,PINV004672,3
PUR004673,20250207,SUP095,PRD017,ST041,384,421.82,161978.88,PINV004673,6
PUR004674,20280710,SUP076,PRD151,ST024,364,229.9,83683.6,PINV004674,2
PUR004675,20280102,SUP005,PRD045,ST049,343,751.35,257713.05,PINV004675,12
PUR004676,20250808,SUP090,PRD091,ST043,142,767.77,109023.34,PINV004676,15
PUR004677,20250417,SUP063,PRD106,ST025,143,168.92,24155.56,PINV004677,12
PUR004678,20240921,SUP015,PRD047,ST012,364,239.37,87130.68,PINV004678,6
PUR004679,20260119,SUP086,PRD257,ST020,425,583.74,248089.5,PINV004679,13
PUR004680,20281011,SUP097,PRD188,ST010,303,88.95,26951.85,PINV004680,14
PUR004681,20240926,SUP028,PRD223,ST004,170,153.17,26038.9,PINV004681,5
PUR004682,20230624,SUP089,PRD193,ST011,442,131.59,58162.78,PINV004682,5
PUR004683,20251117,SUP069,PRD274,ST033,308,199.1,61322.8,PINV004683,3
PUR004684,20270825,SUP051,PRD204,ST004,264,157.24,41511.36,PINV004684,3
PUR004685,20271124,SUP009,PRD098,ST014,96,432.26,41496.96,PINV004685,3
PUR004686,20240601,SUP072,PRD010,ST038,207,788.78,163277.46,PINV004686,8
PUR004687,20270327,SUP089,PRD005,ST040,357,627.12,223881.84,PINV004687,3
PUR004688,20241109,SUP029,PRD112,ST049,157,158.78,24928.46,PINV004688,1
PUR004689,20270213,SUP045,PRD241,ST027,97,95.87,9299.39,PINV004689,11
PUR004690,20241015,SUP017,PRD112,ST016,476,716.31,340963.56,PINV004690,13
PUR004691,20240407,SUP052,PRD088,ST023,230,353.72,81355.6,PINV004691,8
PUR004692,20230917,SUP090,PRD110,ST023,132,158.58,20932.56,PINV004692,15
PUR004693,20250119,SUP006,PRD163,ST041,494,471.4,232871.6,PINV004693,12
PUR004694,20260903,SUP034,PRD091,ST041,221,478.06,105651.26,PINV004694,8
PUR004695,20280304,SUP022,PRD030,ST013,444,220.65,97968.6,PINV004695,5
PUR004696,20281222,SUP064,PRD235,ST049,448,391.29,175297.92,PINV004696,1
PUR004697,20230606,SUP025,PRD077,ST021,241,746.38,179877.58,PINV004697,13
PUR004698,20230326,SUP026,PRD022,ST047,286,681.07,194786.02,PINV004698,10
PUR004699,20270413,SUP097,PRD141,ST028,249,430.87,107286.63,PINV004699,10
PUR004700,20270422,SUP004,PRD239,ST019,275,149.28,41052.0,PINV004700,13
PUR004701,20240724,SUP029,PRD222,ST010,151,93.43,14107.93,PINV004701,10
PUR004702,20240827,SUP026,PRD003,ST038,325,753.81,244988.25,PINV004702,8
PUR004703,20270413,SUP070,PRD111,ST005,497,74.0,36778.0,PINV004703,11
PUR004704,20260530,SUP032,PRD006,ST010,130,388.02,50442.6,PINV004704,15
PUR004705,20250810,SUP002,PRD250,ST039,150,395.4,59310.0,PINV004705,8
PUR004706,20230210,SUP040,PRD196,ST038,409,749.46,306529.14,PINV004706,15
PUR004707,20281214,SUP062,PRD167,ST006,464,37.03,17181.92,PINV004707,5
PUR004708,20230313,SUP005,PRD161,ST035,234,588.79,137776.86,PINV004708,10
PUR004709,20250520,SUP071,PRD185,ST046,483,423.74,204666.42,PINV004709,14
PUR004710,20280524,SUP029,PRD082,ST029,101,149.84,15133.84,PINV004710,12
PUR004711,20240125,SUP013,PRD269,ST037,97,346.39,33599.83,PINV004711,6
PUR004712,20251023,SUP080,PRD275,ST013,130,386.27,50215.1,PINV004712,15
PUR004713,20240717,SUP075,PRD181,ST029,323,40.92,13217.16,PINV004713,5
PUR004714,20260609,SUP094,PRD162,ST035,251,776.22,194831.22,PINV004714,8
PUR004715,20230521,SUP076,PRD035,ST037,387,389.01,150546.87,PINV004715,6
PUR004716,20270727,SUP071,PRD144,ST032,394,168.32,66318.08,PINV004716,1
PUR004717,20250107,SUP084,PRD095,ST002,498,354.01,176296.98,PINV004717,6
PUR004718,20280128,SUP096,PRD289,ST005,427,127.75,54549.25,PINV004718,15
PUR004719,20281020,SUP030,PRD219,ST039,311,769.86,239426.46,PINV004719,13
PUR004720,20230802,SUP050,PRD067,ST014,249,369.36,91970.64,PINV004720,4
PUR004721,20270112,SUP077,PRD244,ST025,144,314.93,45349.92,PINV004721,5
PUR004722,20250405,SUP034,PRD282,ST024,222,342.87,76117.14,PINV004722,8
PUR004723,20270719,SUP005,PRD204,ST015,467,724.63,338402.21,PINV004723,8
PUR004724,20281207,SUP050,PRD275,ST017,252,376.19,94799.88,PINV004724,1
PUR004725,20250315,SUP005,PRD118,ST031,328,674.35,221186.8,PINV004725,11
PUR004726,20250507,SUP001,PRD289,ST019,59,539.15,31809.85,PINV004726,5
PUR004727,20260330,SUP041,PRD238,ST031,172,644.5,110854.0,PINV004727,5
PUR004728,20250916,SUP027,PRD033,ST048,314,607.15,190645.1,PINV004728,15
PUR004729,20241103,SUP069,PRD151,ST006,93,146.43,13617.99,PINV004729,14
PUR004730,20251017,SUP084,PRD057,ST009,138,29.52,4073.76,PINV004730,1
PUR004731,20261121,SUP046,PRD065,ST006,258,248.14,64020.12,PINV004731,15
PUR004732,20271213,SUP044,PRD024,ST038,88,143.13,12595.44,PINV004732,1
PUR004733,20281016,SUP083,PRD239,ST001,262,44.13,11562.06,PINV004733,6
PUR004734,20250517,SUP044,PRD299,ST042,213,253.61,54018.93,PINV004734,11
PUR004735,20250614,SUP032,PRD080,ST006,126,248.01,31249.26,PINV004735,15
PUR004736,20260715,SUP024,PRD075,ST003,224,535.66,119987.84,PINV004736,7
PUR004737,20280928,SUP030,PRD282,ST003,451,146.78,66197.78,PINV004737,9
PUR004738,20270527,SUP075,PRD214,ST041,292,763.08,222819.36,PINV004738,6
PUR004739,20270727,SUP064,PRD078,ST033,206,525.67,108288.02,PINV004739,5
PUR004740,20231220,SUP031,PRD239,ST027,360,595.15,214254.0,PINV004740,1
PUR004741,20240610,SUP096,PRD100,ST003,106,581.93,61684.58,PINV004741,7
PUR004742,20270512,SUP068,PRD021,ST012,238,133.45,31761.1,PINV004742,6
PUR004743,20230429,SUP023,PRD199,ST010,211,38.01,8020.11,PINV004743,7
PUR004744,20270814,SUP007,PRD024,ST036,360,640.83,230698.8,PINV004744,7
PUR004745,20280308,SUP009,PRD031,ST043,165,309.89,51131.85,PINV004745,1
PUR004746,20240412,SUP018,PRD149,ST044,161,695.41,111961.01,PINV004746,15
PUR004747,20240813,SUP026,PRD183,ST049,306,725.34,221954.04,PINV004747,2
PUR004748,20250316,SUP096,PRD266,ST004,106,696.01,73777.06,PINV004748,13
PUR004749,20270410,SUP069,PRD028,ST042,281,514.47,144566.07,PINV004749,1
PUR004750,20230519,SUP017,PRD276,ST022,485,528.07,256113.95,PINV004750,9
PUR004751,20270102,SUP032,PRD295,ST032,355,214.74,76232.7,PINV004751,5
PUR004752,20230514,SUP050,PRD003,ST045,478,670.51,320503.78,PINV004752,6
PUR004753,20280726,SUP041,PRD109,ST023,157,576.71,90543.47,PINV004753,14
PUR004754,20261028,SUP062,PRD105,ST012,313,157.84,49403.92,PINV004754,13
PUR004755,20230325,SUP015,PRD175,ST022,346,288.57,99845.22,PINV004755,13
PUR004756,20241229,SUP026,PRD017,ST022,113,406.56,45941.28,PINV004756,13
PUR004757,20230511,SUP021,PRD150,ST024,431,711.68,306734.08,PINV004757,13
PUR004758,20231203,SUP013,PRD034,ST048,338,607.32,205274.16,PINV004758,15
PUR004759,20230821,SUP037,PRD080,ST029,432,219.07,94638.24,PINV004759,9
PUR004760,20251213,SUP078,PRD279,ST046,323,507.4,163890.2,PINV004760,5
PUR004761,20271226,SUP077,PRD293,ST010,267,297.39,79403.13,PINV004761,4
PUR004762,20260906,SUP013,PRD246,ST048,94,281.95,26503.3,PINV004762,13
PUR004763,20280819,SUP059,PRD230,ST034,338,248.65,84043.7,PINV004763,4
PUR004764,20240918,SUP029,PRD113,ST017,235,630.25,148108.75,PINV004764,15
PUR004765,20271216,SUP033,PRD084,ST011,164,679.6,111454.4,PINV004765,9
PUR004766,20280824,SUP044,PRD068,ST008,390,745.99,290936.1,PINV004766,15
PUR004767,20241208,SUP084,PRD278,ST013,190,41.43,7871.7,PINV004767,13
PUR004768,20230130,SUP097,PRD240,ST013,493,44.96,22165.28,PINV004768,10
PUR004769,20260921,SUP010,PRD204,ST026,179,745.9,133516.1,PINV004769,7
PUR004770,20280711,SUP017,PRD070,ST027,150,519.73,77959.5,PINV004770,9
PUR004771,20250201,SUP053,PRD172,ST009,490,23.35,11441.5,PINV004771,15
PUR004772,20251111,SUP013,PRD198,ST018,55,295.49,16251.95,PINV004772,5
PUR004773,20240908,SUP047,PRD292,ST017,226,580.61,131217.86,PINV004773,9
PUR004774,20241021,SUP009,PRD156,ST034,444,398.47,176920.68,PINV004774,7
PUR004775,20280329,SUP070,PRD156,ST041,406,53.14,21574.84,PINV004775,12
PUR004776,20261206,SUP058,PRD239,ST002,93,261.26,24297.18,PINV004776,5
PUR004777,20241004,SUP040,PRD219,ST024,66,598.09,39473.94,PINV004777,10
PUR004778,20240127,SUP006,PRD206,ST037,441,674.48,297445.68,PINV004778,9
PUR004779,20240129,SUP070,PRD242,ST032,353,103.79,36637.87,PINV004779,11
PUR004780,20250801,SUP044,PRD099,ST032,458,743.59,340564.22,PINV004780,14
PUR004781,20260613,SUP055,PRD262,ST035,255,27.68,7058.4,PINV004781,14
PUR004782,20230725,SUP073,PRD249,ST019,403,581.33,234275.99,PINV004782,12
PUR004783,20281002,SUP044,PRD017,ST017,399,424.39,169331.61,PINV004783,9
PUR004784,20281018,SUP024,PRD054,ST005,228,98.87,22542.36,PINV004784,3
PUR004785,20280122,SUP056,PRD110,ST036,353,351.38,124037.14,PINV004785,1
PUR004786,20270621,SUP003,PRD126,ST020,308,586.05,180503.4,PINV004786,9
PUR004787,20260429,SUP011,PRD137,ST050,477,636.2,303467.4,PINV004787,12
PUR004788,20260104,SUP098,PRD213,ST015,66,495.12,32677.92,PINV004788,13
PUR004789,20280125,SUP079,PRD112,ST015,423,263.25,111354.75,PINV004789,7
PUR004790,20281229,SUP018,PRD141,ST033,318,144.86,46065.48,PINV004790,13
PUR004791,20240222,SUP096,PRD132,ST027,495,397.87,196945.65,PINV004791,8
PUR004792,20250716,SUP017,PRD004,ST013,332,282.94,93936.08,PINV004792,1
PUR004793,20260312,SUP066,PRD155,ST033,481,320.29,154059.49,PINV004793,10
PUR004794,20260307,SUP019,PRD159,ST020,410,471.6,193356.0,PINV004794,11
PUR004795,20280306,SUP083,PRD112,ST044,209,215.71,45083.39,PINV004795,6
PUR004796,20240417,SUP044,PRD209,ST045,336,165.28,55534.08,PINV004796,4
PUR004797,20250604,SUP088,PRD010,ST014,265,668.4,177126.0,PINV004797,9
PUR004798,20250219,SUP081,PRD291,ST004,386,436.33,168423.38,PINV004798,14
PUR004799,20260721,SUP036,PRD155,ST009,52,504.45,26231.4,PINV004799,2
PUR004800,20230402,SUP088,PRD300,ST035,193,555.65,107240.45,PINV004800,8
PUR004801,20280722,SUP029,PRD167,ST006,187,619.99,115938.13,PINV004801,10
PUR004802,20271109,SUP035,PRD192,ST003,342,489.47,167398.74,PINV004802,12
PUR004803,20230328,SUP002,PRD096,ST030,321,351.51,112834.71,PINV004803,12
PUR004804,20260308,SUP091,PRD238,ST001,333,114.62,38168.46,PINV004804,12
PUR004805,20270719,SUP061,PRD082,ST036,85,255.48,21715.8,PINV004805,12
PUR004806,20270122,SUP098,PRD167,ST026,228,746.36,170170.08,PINV004806,3
PUR004807,20230706,SUP006,PRD020,ST003,391,746.81,292002.71,PINV004807,6
PUR004808,20260507,SUP020,PRD179,ST047,484,156.75,75867.0,PINV004808,4
PUR004809,20241225,SUP082,PRD252,ST029,190,635.18,120684.2,PINV004809,6
PUR004810,20271116,SUP001,PRD169,ST044,213,192.96,41100.48,PINV004810,13
PUR004811,20231123,SUP019,PRD186,ST019,53,218.97,11605.41,PINV004811,7
PUR004812,20260814,SUP077,PRD231,ST017,417,201.06,83842.02,PINV004812,6
PUR004813,20250715,SUP080,PRD078,ST038,429,377.14,161793.06,PINV004813,14
PUR004814,20250215,SUP056,PRD076,ST049,151,549.74,83010.74,PINV004814,13
PUR004815,20260911,SUP012,PRD171,ST011,334,784.87,262146.58,PINV004815,6
PUR004816,20250825,SUP047,PRD024,ST017,229,418.27,95783.83,PINV004816,6
PUR004817,20251008,SUP097,PRD242,ST046,86,294.35,25314.1,PINV004817,8
PUR004818,20250106,SUP052,PRD157,ST015,50,398.03,19901.5,PINV004818,3
PUR004819,20240716,SUP063,PRD024,ST003,436,489.53,213435.08,PINV004819,5
PUR004820,20250615,SUP056,PRD056,ST009,289,220.14,63620.46,PINV004820,14
PUR004821,20280521,SUP024,PRD175,ST050,313,205.17,64218.21,PINV004821,11
PUR004822,20241112,SUP003,PRD293,ST013,263,761.71,200329.73,PINV004822,2
PUR004823,20270615,SUP085,PRD244,ST025,289,180.81,52254.09,PINV004823,13
PUR004824,20250321,SUP060,PRD112,ST044,229,566.59,129749.11,PINV004824,3
PUR004825,20250717,SUP016,PRD201,ST046,304,139.67,42459.68,PINV004825,15
PUR004826,20250827,SUP005,PRD049,ST048,350,152.83,53490.5,PINV004826,1
PUR004827,20250707,SUP091,PRD170,ST048,174,221.2,38488.8,PINV004827,6
PUR004828,20261002,SUP077,PRD234,ST035,470,349.25,164147.5,PINV004828,2
PUR004829,20271224,SUP031,PRD149,ST037,416,602.17,250502.72,PINV004829,13
PUR004830,20280531,SUP018,PRD022,ST012,235,38.59,9068.65,PINV004830,6
PUR004831,20231224,SUP033,PRD069,ST027,126,144.13,18160.38,PINV004831,7
PUR004832,20270606,SUP003,PRD063,ST020,479,106.02,50783.58,PINV004832,8
PUR004833,20230516,SUP032,PRD156,ST005,417,742.4,309580.8,PINV004833,8
PUR004834,20280805,SUP001,PRD177,ST043,255,395.1,100750.5,PINV004834,3
PUR004835,20260808,SUP093,PRD106,ST014,499,253.7,126596.3,PINV004835,5
PUR004836,20260512,SUP051,PRD104,ST033,306,657.07,201063.42,PINV004836,15
PUR004837,20230803,SUP046,PRD149,ST014,242,457.47,110707.74,PINV004837,1
PUR004838,20230219,SUP035,PRD229,ST007,222,402.92,89448.24,PINV004838,1
PUR004839,20250106,SUP051,PRD067,ST009,60,176.03,10561.8,PINV004839,11
PUR004840,20231016,SUP093,PRD150,ST026,134,662.91,88829.94,PINV004840,15
PUR004841,20230617,SUP060,PRD052,ST045,198,273.01,54055.98,PINV004841,7
PUR004842,20240322,SUP026,PRD004,ST022,111,84.68,9399.48,PINV004842,5
PUR004843,20241209,SUP066,PRD163,ST024,108,701.45,75756.6,PINV004843,1
PUR004844,20250903,SUP069,PRD279,ST032,421,637.48,268379.08,PINV004844,6
PUR004845,20231124,SUP082,PRD293,ST016,64,296.62,18983.68,PINV004845,2
PUR004846,20241005,SUP024,PRD066,ST017,412,607.67,250360.04,PINV004846,14
PUR004847,20241022,SUP053,PRD297,ST034,142,453.9,64453.8,PINV004847,3
PUR004848,20270611,SUP073,PRD187,ST045,50,181.68,9084.0,PINV004848,10
PUR004849,20270331,SUP017,PRD079,ST001,374,265.47,99285.78,PINV004849,14
PUR004850,20240724,SUP010,PRD010,ST021,458,58.17,26641.86,PINV004850,9
PUR004851,20241214,SUP005,PRD126,ST001,473,80.97,38298.81,PINV004851,15
PUR004852,20260710,SUP062,PRD162,ST030,266,621.49,165316.34,PINV004852,8
PUR004853,20240210,SUP100,PRD212,ST001,206,679.62,140001.72,PINV004853,8
PUR004854,20280130,SUP004,PRD046,ST002,403,528.11,212828.33,PINV004854,14
PUR004855,20231220,SUP079,PRD264,ST030,115,167.46,19257.9,PINV004855,10
PUR004856,20270501,SUP029,PRD220,ST029,190,439.93,83586.7,PINV004856,12
PUR004857,20240327,SUP038,PRD237,ST015,216,274.39,59268.24,PINV004857,4
PUR004858,20251212,SUP073,PRD002,ST023,184,756.06,139115.04,PINV004858,3
PUR004859,20240613,SUP057,PRD155,ST001,424,383.63,162659.12,PINV004859,13
PUR004860,20240902,SUP047,PRD272,ST032,322,162.99,52482.78,PINV004860,10
PUR004861,20241013,SUP045,PRD168,ST048,342,524.69,179443.98,PINV004861,1
PUR004862,20281228,SUP096,PRD234,ST030,443,511.33,226519.19,PINV004862,14
PUR004863,20250519,SUP005,PRD281,ST013,155,202.24,31347.2,PINV004863,1
PUR004864,20280111,SUP074,PRD014,ST024,76,607.44,46165.44,PINV004864,7
PUR004865,20240112,SUP065,PRD008,ST043,474,657.14,311484.36,PINV004865,2
PUR004866,20280518,SUP032,PRD099,ST004,95,210.31,19979.45,PINV004866,14
PUR004867,20240529,SUP031,PRD092,ST002,348,448.12,155945.76,PINV004867,12
PUR004868,20270604,SUP071,PRD183,ST023,60,246.48,14788.8,PINV004868,2
PUR004869,20251120,SUP065,PRD170,ST047,248,423.02,104908.96,PINV004869,8
PUR004870,20280426,SUP023,PRD224,ST001,265,197.05,52218.25,PINV004870,7
PUR004871,20250603,SUP043,PRD124,ST019,344,650.09,223630.96,PINV004871,11
PUR004872,20230328,SUP088,PRD200,ST038,316,710.69,224578.04,PINV004872,9
PUR004873,20250329,SUP030,PRD107,ST012,166,738.33,122562.78,PINV004873,4
PUR004874,20270930,SUP070,PRD178,ST036,260,86.97,22612.2,PINV004874,7
PUR004875,20251115,SUP026,PRD142,ST015,283,533.85,151079.55,PINV004875,5
PUR004876,20231116,SUP052,PRD072,ST015,149,289.35,43113.15,PINV004876,12
PUR004877,20250925,SUP099,PRD194,ST011,456,616.16,280968.96,PINV004877,9
PUR004878,20260930,SUP050,PRD013,ST050,333,537.66,179040.78,PINV004878,8
PUR004879,20260111,SUP039,PRD187,ST006,334,673.44,224928.96,PINV004879,6
PUR004880,20281128,SUP016,PRD248,ST036,211,787.59,166181.49,PINV004880,3
PUR004881,20260926,SUP071,PRD300,ST003,457,556.31,254233.67,PINV004881,7
PUR004882,20260320,SUP069,PRD169,ST004,250,103.86,25965.0,PINV004882,14
PUR004883,20250323,SUP061,PRD039,ST019,300,272.29,81687.0,PINV004883,7
PUR004884,20280506,SUP074,PRD066,ST030,431,372.21,160422.51,PINV004884,10
PUR004885,20260209,SUP062,PRD068,ST043,218,380.15,82872.7,PINV004885,14
PUR004886,20230401,SUP006,PRD157,ST004,376,740.25,278334.0,PINV004886,12
PUR004887,20280424,SUP085,PRD026,ST010,305,80.31,24494.55,PINV004887,9
PUR004888,20251214,SUP054,PRD262,ST050,403,599.37,241546.11,PINV004888,9
PUR004889,20260328,SUP066,PRD175,ST009,76,479.75,36461.0,PINV004889,4
PUR004890,20270302,SUP082,PRD272,ST041,302,769.01,232241.02,PINV004890,7
PUR004891,20240810,SUP055,PRD035,ST046,434,784.29,340381.86,PINV004891,3
PUR004892,20240317,SUP046,PRD226,ST044,424,642.18,272284.32,PINV004892,4
PUR004893,20231113,SUP019,PRD293,ST041,206,134.63,27733.78,PINV004893,7
PUR004894,20281127,SUP032,PRD292,ST047,480,430.68,206726.4,PINV004894,10
PUR004895,20230612,SUP039,PRD023,ST043,144,765.43,110221.92,PINV004895,8
PUR004896,20230912,SUP036,PRD286,ST027,237,232.46,55093.02,PINV004896,4
PUR004897,20241204,SUP011,PRD058,ST036,294,761.98,224022.12,PINV004897,14
PUR004898,20280510,SUP004,PRD281,ST030,212,82.06,17396.72,PINV004898,1
PUR004899,20231116,SUP025,PRD083,ST024,292,729.57,213034.44,PINV004899,11
PUR004900,20280117,SUP020,PRD248,ST017,208,234.01,48674.08,PINV004900,6
PUR004901,20240103,SUP076,PRD163,ST045,322,692.26,222907.72,PINV004901,7
PUR004902,20270419,SUP046,PRD201,ST029,160,73.42,11747.2,PINV004902,6
PUR004903,20230323,SUP085,PRD211,ST019,389,140.4,54615.6,PINV004903,9
PUR004904,20241212,SUP059,PRD267,ST036,384,277.16,106429.44,PINV004904,11
PUR004905,20240423,SUP014,PRD045,ST032,123,538.8,66272.4,PINV004905,9
PUR004906,20270109,SUP033,PRD035,ST050,444,120.27,53399.88,PINV004906,2
PUR004907,20281122,SUP026,PRD109,ST018,168,514.89,86501.52,PINV004907,6
PUR004908,20270315,SUP098,PRD009,ST042,116,797.88,92554.08,PINV004908,3
PUR004909,20230107,SUP071,PRD043,ST014,462,565.45,261237.9,PINV004909,12
PUR004910,20260217,SUP014,PRD124,ST017,88,205.84,18113.92,PINV004910,9
PUR004911,20241028,SUP094,PRD093,ST037,291,594.11,172886.01,PINV004911,13
PUR004912,20260527,SUP041,PRD274,ST045,391,440.43,172208.13,PINV004912,12
PUR004913,20280509,SUP076,PRD127,ST025,97,444.57,43123.29,PINV004913,7
PUR004914,20260728,SUP096,PRD177,ST039,125,393.04,49130.0,PINV004914,4
PUR004915,20280713,SUP012,PRD229,ST037,313,607.45,190131.85,PINV004915,12
PUR004916,20241113,SUP017,PRD056,ST044,466,383.69,178799.54,PINV004916,12
PUR004917,20230513,SUP046,PRD117,ST034,188,242.98,45680.24,PINV004917,3
PUR004918,20250609,SUP073,PRD078,ST036,352,756.96,266449.92,PINV004918,6
PUR004919,20260102,SUP077,PRD080,ST029,275,251.92,69278.0,PINV004919,11
PUR004920,20230219,SUP092,PRD152,ST045,147,720.48,105910.56,PINV004920,12
PUR004921,20241026,SUP058,PRD055,ST032,342,165.98,56765.16,PINV004921,7
PUR004922,20260528,SUP058,PRD258,ST048,67,575.19,38537.73,PINV004922,10
PUR004923,20240416,SUP017,PRD154,ST012,413,220.27,90971.51,PINV004923,2
PUR004924,20271004,SUP046,PRD162,ST025,191,698.79,133468.89,PINV004924,4
PUR004925,20251019,SUP098,PRD143,ST001,371,103.71,38476.41,PINV004925,11
PUR004926,20270603,SUP079,PRD040,ST041,141,566.59,79889.19,PINV004926,2
PUR004927,20261007,SUP010,PRD169,ST025,489,474.24,231903.36,PINV004927,13
PUR004928,20270117,SUP026,PRD022,ST044,217,684.41,148516.97,PINV004928,7
PUR004929,20231109,SUP042,PRD214,ST008,299,308.46,92229.54,PINV004929,9
PUR004930,20281017,SUP025,PRD172,ST024,58,393.79,22839.82,PINV004930,3
PUR004931,20281220,SUP061,PRD058,ST017,476,227.91,108485.16,PINV004931,9
PUR004932,20280121,SUP031,PRD126,ST027,79,38.67,3054.93,PINV004932,13
PUR004933,20281125,SUP097,PRD009,ST009,251,434.59,109082.09,PINV004933,3
PUR004934,20261219,SUP034,PRD231,ST049,420,249.94,104974.8,PINV004934,11
PUR004935,20280102,SUP079,PRD285,ST031,160,41.17,6587.2,PINV004935,1
PUR004936,20250506,SUP008,PRD149,ST040,80,89.99,7199.2,PINV004936,1
PUR004937,20250908,SUP004,PRD265,ST038,343,183.87,63067.41,PINV004937,14
PUR004938,20230801,SUP063,PRD286,ST026,266,442.66,117747.56,PINV004938,15
PUR004939,20231031,SUP052,PRD089,ST037,246,563.07,138515.22,PINV004939,4
PUR004940,20230904,SUP037,PRD022,ST018,364,80.11,29160.04,PINV004940,15
PUR004941,20251124,SUP072,PRD287,ST040,135,56.64,7646.4,PINV004941,4
PUR004942,20240205,SUP012,PRD004,ST028,267,716.37,191270.79,PINV004942,12
PUR004943,20270411,SUP050,PRD163,ST005,361,307.16,110884.76,PINV004943,7
PUR004944,20250202,SUP037,PRD277,ST009,338,486.21,164338.98,PINV004944,1
PUR004945,20250711,SUP097,PRD177,ST003,496,39.95,19815.2,PINV004945,1
PUR004946,20270519,SUP088,PRD091,ST029,471,581.84,274046.64,PINV004946,1
PUR004947,20260327,SUP015,PRD194,ST021,456,154.36,70388.16,PINV004947,14
PUR004948,20271119,SUP019,PRD146,ST003,227,443.01,100563.27,PINV004948,10
PUR004949,20240923,SUP055,PRD133,ST050,384,726.26,278883.84,PINV004949,10
PUR004950,20240705,SUP050,PRD095,ST017,308,649.08,199916.64,PINV004950,7
PUR004951,20260730,SUP027,PRD243,ST038,275,724.42,199215.5,PINV004951,1
PUR004952,20270324,SUP080,PRD112,ST004,277,509.81,141217.37,PINV004952,3
PUR004953,20250908,SUP030,PRD234,ST002,135,134.57,18166.95,PINV004953,1
PUR004954,20250818,SUP095,PRD100,ST001,354,148.21,52466.34,PINV004954,15
PUR004955,20260213,SUP037,PRD068,ST025,330,400.8,132264.0,PINV004955,14
PUR004956,20270327,SUP065,PRD214,ST032,186,382.79,71198.94,PINV004956,8
PUR004957,20250915,SUP042,PRD161,ST027,379,455.69,172706.51,PINV004957,15
PUR004958,20281226,SUP062,PRD041,ST049,139,353.09,49079.51,PINV004958,10
PUR004959,20241104,SUP011,PRD027,ST032,84,520.06,43685.04,PINV004959,8
PUR004960,20230405,SUP021,PRD105,ST031,196,242.31,47492.76,PINV004960,7
PUR004961,20250928,SUP058,PRD020,ST026,257,771.62,198306.34,PINV004961,12
PUR004962,20280909,SUP063,PRD243,ST044,176,188.28,33137.28,PINV004962,8
PUR004963,20231026,SUP035,PRD036,ST027,54,792.51,42795.54,PINV004963,3
PUR004964,20231023,SUP019,PRD202,ST006,166,92.5,15355.0,PINV004964,15
PUR004965,20250927,SUP042,PRD202,ST048,316,532.7,168333.2,PINV004965,1
PUR004966,20280108,SUP073,PRD276,ST018,259,672.75,174242.25,PINV004966,3
PUR004967,20280807,SUP003,PRD101,ST048,385,50.04,19265.4,PINV004967,15
PUR004968,20240107,SUP070,PRD105,ST003,277,665.52,184349.04,PINV004968,10
PUR004969,20240708,SUP095,PRD157,ST029,417,52.28,21800.76,PINV004969,14
PUR004970,20240717,SUP058,PRD195,ST031,464,748.72,347406.08,PINV004970,9
PUR004971,20260209,SUP011,PRD241,ST026,424,242.06,102633.44,PINV004971,8
PUR004972,20260909,SUP063,PRD148,ST045,457,83.25,38045.25,PINV004972,14
PUR004973,20240210,SUP044,PRD277,ST026,288,608.69,175302.72,PINV004973,13
PUR004974,20230808,SUP076,PRD180,ST033,472,153.77,72579.44,PINV004974,14
PUR004975,20230318,SUP081,PRD241,ST021,339,288.59,97832.01,PINV004975,5
PUR004976,20271212,SUP077,PRD163,ST011,227,264.32,60000.64,PINV004976,14
PUR004977,20251226,SUP093,PRD065,ST034,214,132.26,28303.64,PINV004977,4
PUR004978,20230129,SUP077,PRD119,ST030,331,653.01,216146.31,PINV004978,15
PUR004979,20261204,SUP013,PRD084,ST015,341,206.43,70392.63,PINV004979,8
PUR004980,20240823,SUP015,PRD170,ST021,443,592.99,262694.57,PINV004980,2
PUR004981,20231002,SUP024,PRD110,ST037,465,257.81,119881.65,PINV004981,1
PUR004982,20270924,SUP075,PRD146,ST037,189,141.16,26679.24,PINV004982,3
PUR004983,20281010,SUP027,PRD279,ST014,351,553.76,194369.76,PINV004983,12
PUR004984,20240710,SUP030,PRD277,ST028,265,532.52,141117.8,PINV004984,2
PUR004985,20230714,SUP040,PRD148,ST018,304,376.55,114471.2,PINV004985,1
PUR004986,20250406,SUP057,PRD255,ST018,224,77.07,17263.68,PINV004986,2
PUR004987,20260914,SUP079,PRD196,ST005,442,295.29,130518.18,PINV004987,1
PUR004988,20261030,SUP062,PRD080,ST048,236,334.82,79017.52,PINV004988,4
PUR004989,20260819,SUP093,PRD249,ST044,170,136.39,23186.3,PINV004989,8
PUR004990,20250207,SUP085,PRD277,ST001,497,511.64,254285.08,PINV004990,4
PUR004991,20250421,SUP045,PRD092,ST041,432,377.2,162950.4,PINV004991,1
PUR004992,20280523,SUP075,PRD276,ST012,495,788.89,390500.55,PINV004992,9
PUR004993,20250322,SUP023,PRD163,ST039,444,52.82,23452.08,PINV004993,1
PUR004994,20280825,SUP016,PRD099,ST036,465,448.22,208422.3,PINV004994,4
PUR004995,20240902,SUP048,PRD069,ST039,151,481.15,72653.65,PINV004995,11
PUR004996,20241030,SUP019,PRD236,ST011,106,669.33,70948.98,PINV004996,8
PUR004997,20271208,SUP083,PRD024,ST004,91,116.8,10628.8,PINV004997,3
PUR004998,20250504,SUP057,PRD121,ST040,474,389.39,184570.86,PINV004998,14
PUR004999,20250725,SUP081,PRD016,ST036,270,686.13,185255.1,PINV004999,8
PUR005000,20270228,SUP076,PRD164,ST034,279,555.84,155079.36,PINV005000,8
PUR005001,20250731,SUP067,PRD256,ST017,113,790.02,89272.26,PINV005001,13
PUR005002,20240529,SUP033,PRD278,ST040,123,368.86,45369.78,PINV005002,9
PUR005003,20230603,SUP068,PRD087,ST017,372,592.35,220354.2,PINV005003,11
PUR005004,20270915,SUP030,PRD228,ST022,388,216.65,84060.2,PINV005004,4
PUR005005,20250611,SUP023,PRD102,ST007,229,337.83,77363.07,PINV005005,13
PUR005006,20260606,SUP012,PRD090,ST024,429,744.62,319441.98,PINV005006,2
PUR005007,20281031,SUP043,PRD189,ST041,82,637.86,52304.52,PINV005007,3
PUR005008,20260926,SUP046,PRD099,ST015,225,362.77,81623.25,PINV005008,2
PUR005009,20251106,SUP071,PRD266,ST042,304,232.86,70789.44,PINV005009,2
PUR005010,20270416,SUP028,PRD051,ST048,425,467.64,198747.0,PINV005010,3
PUR005011,20231106,SUP073,PRD250,ST019,437,637.52,278596.24,PINV005011,1
PUR005012,20270725,SUP048,PRD227,ST006,315,562.45,177171.75,PINV005012,4
PUR005013,20280705,SUP031,PRD028,ST034,445,504.01,224284.45,PINV005013,9
PUR005014,20250507,SUP024,PRD073,ST023,177,787.41,139371.57,PINV005014,15
PUR005015,20230814,SUP032,PRD269,ST048,256,732.81,187599.36,PINV005015,13
PUR005016,20271027,SUP054,PRD169,ST045,270,195.44,52768.8,PINV005016,6
PUR005017,20280424,SUP029,PRD170,ST037,252,244.94,61724.88,PINV005017,3
PUR005018,20241125,SUP097,PRD183,ST047,64,193.98,12414.72,PINV005018,3
PUR005019,20280822,SUP015,PRD103,ST025,373,620.44,231424.12,PINV005019,15
PUR005020,20240109,SUP039,PRD114,ST008,462,244.69,113046.78,PINV005020,12
PUR005021,20260201,SUP093,PRD177,ST045,325,51.29,16669.25,PINV005021,7
PUR005022,20261010,SUP084,PRD267,ST044,146,436.48,63726.08,PINV005022,6
PUR005023,20241220,SUP099,PRD070,ST034,430,20.61,8862.3,PINV005023,9
PUR005024,20231108,SUP049,PRD020,ST026,144,116.6,16790.4,PINV005024,9
PUR005025,20280829,SUP082,PRD209,ST023,460,209.51,96374.6,PINV005025,7
PUR005026,20280304,SUP100,PRD021,ST006,421,61.86,26043.06,PINV005026,4
PUR005027,20261013,SUP071,PRD245,ST039,268,54.56,14622.08,PINV005027,7
PUR005028,20250813,SUP053,PRD106,ST025,263,287.54,75623.02,PINV005028,6
PUR005029,20240607,SUP066,PRD056,ST041,180,761.79,137122.2,PINV005029,9
PUR005030,20281224,SUP049,PRD118,ST025,205,277.02,56789.1,PINV005030,14
PUR005031,20240117,SUP051,PRD166,ST035,260,526.39,136861.4,PINV005031,1
PUR005032,20230912,SUP080,PRD244,ST007,83,447.08,37107.64,PINV005032,3
PUR005033,20280207,SUP025,PRD129,ST024,178,570.59,101565.02,PINV005033,3
PUR005034,20250620,SUP024,PRD038,ST019,456,507.18,231274.08,PINV005034,7
PUR005035,20251110,SUP047,PRD057,ST032,378,756.23,285854.94,PINV005035,8
PUR005036,20261012,SUP048,PRD124,ST019,159,522.8,83125.2,PINV005036,8
PUR005037,20230311,SUP053,PRD095,ST028,370,554.25,205072.5,PINV005037,11
PUR005038,20250106,SUP048,PRD208,ST045,217,739.15,160395.55,PINV005038,15
PUR005039,20270726,SUP030,PRD182,ST031,108,417.89,45132.12,PINV005039,2
PUR005040,20271125,SUP090,PRD131,ST017,156,90.63,14138.28,PINV005040,10
PUR005041,20240310,SUP029,PRD093,ST009,382,187.24,71525.68,PINV005041,7
PUR005042,20271019,SUP057,PRD222,ST011,417,566.3,236147.1,PINV005042,3
PUR005043,20231214,SUP088,PRD188,ST048,157,328.9,51637.3,PINV005043,13
PUR005044,20280417,SUP034,PRD166,ST034,360,418.99,150836.4,PINV005044,12
PUR005045,20241207,SUP030,PRD119,ST031,449,146.71,65872.79,PINV005045,4
PUR005046,20280120,SUP077,PRD254,ST027,421,633.74,266804.54,PINV005046,1
PUR005047,20260110,SUP094,PRD196,ST047,336,474.58,159458.88,PINV005047,1
PUR005048,20230106,SUP070,PRD078,ST016,154,236.17,36370.18,PINV005048,8
PUR005049,20240620,SUP045,PRD245,ST018,198,741.9,146896.2,PINV005049,12
PUR005050,20230711,SUP021,PRD131,ST046,465,121.39,56446.35,PINV005050,1
PUR005051,20270108,SUP073,PRD178,ST040,164,453.11,74310.04,PINV005051,4
PUR005052,20280723,SUP004,PRD202,ST016,274,311.56,85367.44,PINV005052,2
PUR005053,20230916,SUP013,PRD030,ST028,354,358.61,126947.94,PINV005053,10
PUR005054,20250213,SUP089,PRD173,ST015,305,240.39,73318.95,PINV005054,7
PUR005055,20260323,SUP078,PRD065,ST048,469,281.49,132018.81,PINV005055,12
PUR005056,20260905,SUP040,PRD118,ST023,420,519.4,218148.0,PINV005056,14
PUR005057,20251106,SUP017,PRD010,ST046,359,160.1,57475.9,PINV005057,13
PUR005058,20251214,SUP078,PRD018,ST049,185,300.79,55646.15,PINV005058,5
PUR005059,20230731,SUP044,PRD210,ST034,63,636.13,40076.19,PINV005059,13
PUR005060,20250617,SUP029,PRD048,ST042,208,719.19,149591.52,PINV005060,2
PUR005061,20230325,SUP041,PRD191,ST044,469,99.13,46491.97,PINV005061,9
PUR005062,20230505,SUP014,PRD186,ST026,462,132.97,61432.14,PINV005062,5
PUR005063,20231027,SUP013,PRD109,ST007,249,20.0,4980.0,PINV005063,13
PUR005064,20271019,SUP085,PRD297,ST021,215,354.58,76234.7,PINV005064,4
PUR005065,20260531,SUP015,PRD019,ST045,303,195.97,59378.91,PINV005065,12
PUR005066,20280416,SUP098,PRD062,ST023,56,490.43,27464.08,PINV005066,11
PUR005067,20281004,SUP038,PRD035,ST025,183,371.94,68065.02,PINV005067,14
PUR005068,20270724,SUP040,PRD156,ST020,190,771.0,146490.0,PINV005068,15
PUR005069,20281207,SUP046,PRD219,ST004,99,390.32,38641.68,PINV005069,12
PUR005070,20270213,SUP080,PRD261,ST042,211,765.87,161598.57,PINV005070,15
PUR005071,20281114,SUP062,PRD288,ST017,453,64.4,29173.2,PINV005071,14
PUR005072,20241129,SUP031,PRD044,ST022,277,211.98,58718.46,PINV005072,8
PUR005073,20260802,SUP042,PRD087,ST003,428,341.13,146003.64,PINV005073,4
PUR005074,20231111,SUP012,PRD163,ST038,127,731.4,92887.8,PINV005074,1
PUR005075,20240915,SUP078,PRD051,ST023,298,353.8,105432.4,PINV005075,14
PUR005076,20230227,SUP097,PRD029,ST036,218,58.25,12698.5,PINV005076,8
PUR005077,20280207,SUP025,PRD102,ST048,392,551.04,216007.68,PINV005077,5
PUR005078,20270609,SUP039,PRD199,ST040,436,231.18,100794.48,PINV005078,11
PUR005079,20261207,SUP071,PRD204,ST023,195,217.23,42359.85,PINV005079,7
PUR005080,20250205,SUP028,PRD097,ST025,333,281.92,93879.36,PINV005080,9
PUR005081,20230807,SUP028,PRD102,ST043,253,23.81,6023.93,PINV005081,1
PUR005082,20261122,SUP085,PRD281,ST009,393,104.35,41009.55,PINV005082,1
PUR005083,20240704,SUP028,PRD181,ST048,369,127.47,47036.43,PINV005083,6
PUR005084,20280611,SUP080,PRD007,ST020,210,28.16,5913.6,PINV005084,10
PUR005085,20280119,SUP045,PRD190,ST049,310,95.9,29729.0,PINV005085,2
PUR005086,20231011,SUP043,PRD059,ST049,105,562.29,59040.45,PINV005086,12
PUR005087,20231209,SUP046,PRD140,ST008,270,501.29,135348.3,PINV005087,4
PUR005088,20260313,SUP079,PRD086,ST021,57,651.42,37130.94,PINV005088,9
PUR005089,20280614,SUP081,PRD012,ST045,299,102.08,30521.92,PINV005089,12
PUR005090,20241019,SUP068,PRD181,ST030,91,703.03,63975.73,PINV005090,10
PUR005091,20261025,SUP008,PRD098,ST045,325,368.99,119921.75,PINV005091,14
PUR005092,20280330,SUP067,PRD172,ST027,317,273.12,86579.04,PINV005092,11
PUR005093,20241012,SUP017,PRD063,ST021,100,310.25,31025.0,PINV005093,13
PUR005094,20260530,SUP054,PRD141,ST050,196,391.24,76683.04,PINV005094,11
PUR005095,20271124,SUP084,PRD008,ST022,186,526.78,97981.08,PINV005095,7
PUR005096,20250319,SUP042,PRD122,ST040,71,619.71,43999.41,PINV005096,6
PUR005097,20270414,SUP002,PRD035,ST030,238,93.66,22291.08,PINV005097,8
PUR005098,20250113,SUP042,PRD096,ST014,421,67.29,28329.09,PINV005098,10
PUR005099,20280324,SUP019,PRD005,ST026,97,575.19,55793.43,PINV005099,6
PUR005100,20240118,SUP041,PRD149,ST044,303,50.27,15231.81,PINV005100,1
PUR005101,20240318,SUP048,PRD106,ST048,54,172.07,9291.78,PINV005101,8
PUR005102,20240827,SUP057,PRD060,ST019,497,356.72,177289.84,PINV005102,14
PUR005103,20271023,SUP093,PRD019,ST047,161,543.77,87546.97,PINV005103,2
PUR005104,20270827,SUP012,PRD171,ST008,65,247.66,16097.9,PINV005104,5
PUR005105,20270118,SUP015,PRD165,ST025,401,454.34,182190.34,PINV005105,11
PUR005106,20250324,SUP075,PRD085,ST021,244,148.19,36158.36,PINV005106,3
PUR005107,20231019,SUP032,PRD227,ST006,69,687.43,47432.67,PINV005107,11
PUR005108,20280822,SUP067,PRD255,ST028,119,73.52,8748.88,PINV005108,5
PUR005109,20251215,SUP010,PRD123,ST041,416,734.68,305626.88,PINV005109,14
PUR005110,20250220,SUP095,PRD262,ST030,440,474.27,208678.8,PINV005110,4
PUR005111,20261213,SUP001,PRD044,ST005,293,302.69,88688.17,PINV005111,15
PUR005112,20260304,SUP066,PRD171,ST006,186,212.69,39560.34,PINV005112,13
PUR005113,20280726,SUP100,PRD106,ST006,312,625.48,195149.76,PINV005113,11
PUR005114,20230706,SUP014,PRD262,ST046,151,686.31,103632.81,PINV005114,1
PUR005115,20240601,SUP038,PRD095,ST017,154,408.49,62907.46,PINV005115,5
PUR005116,20281104,SUP074,PRD258,ST038,266,610.55,162406.3,PINV005116,13
PUR005117,20251003,SUP055,PRD193,ST023,461,137.77,63511.97,PINV005117,1
PUR005118,20250124,SUP097,PRD217,ST048,376,329.46,123876.96,PINV005118,2
PUR005119,20280202,SUP097,PRD279,ST019,168,51.77,8697.36,PINV005119,14
PUR005120,20240217,SUP047,PRD155,ST021,401,446.1,178886.1,PINV005120,9
PUR005121,20270704,SUP027,PRD156,ST041,442,96.07,42462.94,PINV005121,7
PUR005122,20240903,SUP055,PRD073,ST027,61,707.64,43166.04,PINV005122,1
PUR005123,20271113,SUP090,PRD087,ST041,262,448.15,117415.3,PINV005123,6
PUR005124,20230501,SUP016,PRD180,ST022,493,512.91,252864.63,PINV005124,4
PUR005125,20250406,SUP031,PRD031,ST017,241,643.09,154984.69,PINV005125,14
PUR005126,20270430,SUP090,PRD124,ST041,408,98.09,40020.72,PINV005126,5
PUR005127,20230711,SUP019,PRD032,ST037,367,120.42,44194.14,PINV005127,15
PUR005128,20240129,SUP015,PRD283,ST018,311,107.6,33463.6,PINV005128,15
PUR005129,20280113,SUP048,PRD027,ST035,400,97.23,38892.0,PINV005129,2
PUR005130,20260409,SUP086,PRD082,ST020,255,163.31,41644.05,PINV005130,4
PUR005131,20240302,SUP007,PRD072,ST040,136,343.27,46684.72,PINV005131,5
PUR005132,20240328,SUP076,PRD235,ST024,66,83.46,5508.36,PINV005132,4
PUR005133,20230209,SUP085,PRD136,ST019,320,65.53,20969.6,PINV005133,4
PUR005134,20260409,SUP036,PRD229,ST022,373,392.67,146465.91,PINV005134,3
PUR005135,20230118,SUP074,PRD089,ST043,427,668.34,285381.18,PINV005135,3
PUR005136,20250328,SUP040,PRD021,ST005,410,663.95,272219.5,PINV005136,14
PUR005137,20230629,SUP054,PRD115,ST026,415,709.29,294355.35,PINV005137,13
PUR005138,20270928,SUP086,PRD032,ST039,458,22.23,10181.34,PINV005138,7
PUR005139,20230515,SUP009,PRD095,ST011,337,198.18,66786.66,PINV005139,1
PUR005140,20230829,SUP065,PRD068,ST006,145,793.87,115111.15,PINV005140,7
PUR005141,20280401,SUP060,PRD017,ST008,236,795.09,187641.24,PINV005141,3
PUR005142,20240302,SUP026,PRD237,ST032,419,578.31,242311.89,PINV005142,15
PUR005143,20240522,SUP047,PRD083,ST006,419,447.07,187322.33,PINV005143,15
PUR005144,20260516,SUP043,PRD100,ST028,250,202.69,50672.5,PINV005144,2
PUR005145,20230801,SUP070,PRD170,ST011,452,296.93,134212.36,PINV005145,8
PUR005146,20280503,SUP049,PRD141,ST021,179,386.03,69099.37,PINV005146,15
PUR005147,20270621,SUP071,PRD022,ST045,179,673.3,120520.7,PINV005147,15
PUR005148,20270707,SUP038,PRD025,ST012,68,350.04,23802.72,PINV005148,5
PUR005149,20271129,SUP030,PRD086,ST018,195,250.9,48925.5,PINV005149,9
PUR005150,20270313,SUP022,PRD296,ST049,72,207.86,14965.92,PINV005150,7
PUR005151,20260330,SUP078,PRD053,ST001,304,564.24,171528.96,PINV005151,15
PUR005152,20281018,SUP066,PRD053,ST037,70,461.64,32314.8,PINV005152,13
PUR005153,20270217,SUP005,PRD171,ST014,306,563.64,172473.84,PINV005153,9
PUR005154,20271028,SUP056,PRD291,ST037,446,563.39,251271.94,PINV005154,8
PUR005155,20261007,SUP050,PRD110,ST026,402,473.61,190391.22,PINV005155,9
PUR005156,20271227,SUP045,PRD232,ST046,206,270.35,55692.1,PINV005156,9
PUR005157,20261205,SUP088,PRD275,ST026,287,470.22,134953.14,PINV005157,5
PUR005158,20240317,SUP010,PRD060,ST003,173,435.39,75322.47,PINV005158,9
PUR005159,20260516,SUP012,PRD154,ST032,414,784.63,324836.82,PINV005159,12
PUR005160,20230204,SUP034,PRD269,ST044,292,508.62,148517.04,PINV005160,4
PUR005161,20270519,SUP098,PRD249,ST038,276,55.29,15260.04,PINV005161,3
PUR005162,20251007,SUP067,PRD269,ST017,404,509.87,205987.48,PINV005162,2
PUR005163,20260705,SUP007,PRD285,ST023,198,141.2,27957.6,PINV005163,1
PUR005164,20280503,SUP030,PRD290,ST017,412,243.67,100392.04,PINV005164,6
PUR005165,20280229,SUP006,PRD283,ST011,427,172.23,73542.21,PINV005165,8
PUR005166,20230314,SUP064,PRD098,ST017,279,228.04,63623.16,PINV005166,12
PUR005167,20281129,SUP041,PRD151,ST021,328,211.0,69208.0,PINV005167,11
PUR005168,20280904,SUP074,PRD182,ST007,236,38.97,9196.92,PINV005168,10
PUR005169,20270814,SUP020,PRD015,ST009,428,156.05,66789.4,PINV005169,11
PUR005170,20270727,SUP005,PRD233,ST008,210,153.33,32199.3,PINV005170,10
PUR005171,20250506,SUP014,PRD038,ST032,140,197.79,27690.6,PINV005171,7
PUR005172,20240721,SUP021,PRD295,ST034,497,425.5,211473.5,PINV005172,3
PUR005173,20281214,SUP008,PRD102,ST006,448,84.02,37640.96,PINV005173,10
PUR005174,20281106,SUP027,PRD152,ST030,254,284.29,72209.66,PINV005174,9
PUR005175,20260924,SUP077,PRD041,ST045,415,283.43,117623.45,PINV005175,12
PUR005176,20230521,SUP032,PRD178,ST002,216,487.48,105295.68,PINV005176,1
PUR005177,20260224,SUP086,PRD116,ST007,228,32.09,7316.52,PINV005177,9
PUR005178,20230415,SUP098,PRD191,ST010,389,223.58,86972.62,PINV005178,7
PUR005179,20280404,SUP073,PRD074,ST050,249,96.73,24085.77,PINV005179,14
PUR005180,20260901,SUP016,PRD237,ST047,55,717.74,39475.7,PINV005180,1
PUR005181,20260129,SUP004,PRD237,ST042,91,325.04,29578.64,PINV005181,13
PUR005182,20270520,SUP011,PRD153,ST046,189,700.49,132392.61,PINV005182,12
PUR005183,20280302,SUP033,PRD053,ST022,491,503.99,247459.09,PINV005183,5
PUR005184,20240715,SUP096,PRD080,ST050,342,528.15,180627.3,PINV005184,4
PUR005185,20281216,SUP030,PRD049,ST014,498,191.8,95516.4,PINV005185,10
PUR005186,20260529,SUP099,PRD196,ST013,278,225.36,62650.08,PINV005186,15
PUR005187,20260920,SUP001,PRD030,ST036,349,542.02,189164.98,PINV005187,6
PUR005188,20260711,SUP080,PRD192,ST039,407,493.89,201013.23,PINV005188,6
PUR005189,20230121,SUP019,PRD249,ST004,217,705.96,153193.32,PINV005189,3
PUR005190,20280220,SUP085,PRD029,ST024,71,481.54,34189.34,PINV005190,12
PUR005191,20240702,SUP007,PRD001,ST017,78,171.57,13382.46,PINV005191,11
PUR005192,20260707,SUP095,PRD296,ST017,430,256.75,110402.5,PINV005192,1
PUR005193,20260106,SUP057,PRD101,ST046,293,197.66,57914.38,PINV005193,6
PUR005194,20231208,SUP006,PRD072,ST037,497,260.82,129627.54,PINV005194,10
PUR005195,20280917,SUP056,PRD185,ST005,204,162.2,33088.8,PINV005195,4
PUR005196,20260819,SUP088,PRD168,ST043,444,69.7,30946.8,PINV005196,12
PUR005197,20230402,SUP079,PRD153,ST019,63,758.04,47756.52,PINV005197,7
PUR005198,20260826,SUP050,PRD212,ST020,399,181.98,72610.02,PINV005198,3
PUR005199,20251027,SUP094,PRD198,ST029,192,602.27,115635.84,PINV005199,12
PUR005200,20271014,SUP009,PRD204,ST018,283,426.33,120651.39,PINV005200,13
PUR005201,20231112,SUP001,PRD134,ST022,453,276.06,125055.18,PINV005201,6
PUR005202,20270816,SUP083,PRD093,ST023,129,532.94,68749.26,PINV005202,7
PUR005203,20240128,SUP059,PRD225,ST049,204,391.96,79959.84,PINV005203,2
PUR005204,20280809,SUP062,PRD257,ST029,392,496.69,194702.48,PINV005204,1
PUR005205,20250213,SUP076,PRD070,ST030,123,153.38,18865.74,PINV005205,15
PUR005206,20260726,SUP092,PRD143,ST045,153,119.5,18283.5,PINV005206,14
PUR005207,20261114,SUP082,PRD241,ST009,394,405.63,159818.22,PINV005207,10
PUR005208,20280615,SUP073,PRD232,ST049,203,225.32,45739.96,PINV005208,14
PUR005209,20270421,SUP050,PRD051,ST024,492,654.82,322171.44,PINV005209,6
PUR005210,20251210,SUP049,PRD271,ST034,232,757.36,175707.52,PINV005210,5
PUR005211,20260929,SUP091,PRD293,ST010,380,272.66,103610.8,PINV005211,2
PUR005212,20260801,SUP076,PRD094,ST032,419,769.49,322416.31,PINV005212,14
PUR005213,20281030,SUP099,PRD072,ST030,328,737.41,241870.48,PINV005213,10
PUR005214,20280527,SUP058,PRD061,ST042,133,245.15,32604.95,PINV005214,1
PUR005215,20250828,SUP014,PRD177,ST008,194,572.84,111130.96,PINV005215,12
PUR005216,20281017,SUP077,PRD201,ST001,129,615.36,79381.44,PINV005216,5
PUR005217,20231206,SUP004,PRD039,ST034,195,456.78,89072.1,PINV005217,1
PUR005218,20240703,SUP073,PRD211,ST045,122,454.26,55419.72,PINV005218,14
PUR005219,20270104,SUP049,PRD221,ST006,422,713.41,301059.02,PINV005219,6
PUR005220,20231220,SUP067,PRD060,ST030,180,411.18,74012.4,PINV005220,14
PUR005221,20240613,SUP088,PRD026,ST029,234,211.1,49397.4,PINV005221,13
PUR005222,20280730,SUP048,PRD026,ST005,328,633.48,207781.44,PINV005222,14
PUR005223,20251013,SUP088,PRD052,ST012,172,752.06,129354.32,PINV005223,4
PUR005224,20271124,SUP003,PRD123,ST020,227,192.43,43681.61,PINV005224,8
PUR005225,20250627,SUP076,PRD118,ST001,478,427.74,204459.72,PINV005225,12
PUR005226,20280721,SUP076,PRD072,ST035,90,651.17,58605.3,PINV005226,4
PUR005227,20280308,SUP081,PRD215,ST016,277,26.8,7423.6,PINV005227,4
PUR005228,20280115,SUP045,PRD141,ST020,458,275.85,126339.3,PINV005228,6
PUR005229,20260419,SUP011,PRD143,ST027,336,746.68,250884.48,PINV005229,14
PUR005230,20250610,SUP084,PRD140,ST042,368,600.83,221105.44,PINV005230,15
PUR005231,20270628,SUP031,PRD254,ST011,210,667.96,140271.6,PINV005231,4
PUR005232,20240625,SUP071,PRD182,ST017,381,41.23,15708.63,PINV005232,11
PUR005233,20230628,SUP071,PRD284,ST020,466,309.25,144110.5,PINV005233,8
PUR005234,20271101,SUP024,PRD112,ST035,129,707.29,91240.41,PINV005234,3
PUR005235,20281115,SUP042,PRD099,ST004,348,790.86,275219.28,PINV005235,7
PUR005236,20250424,SUP037,PRD160,ST043,268,313.41,83993.88,PINV005236,15
PUR005237,20240130,SUP065,PRD080,ST020,258,751.98,194010.84,PINV005237,14
PUR005238,20251107,SUP056,PRD116,ST031,185,167.63,31011.55,PINV005238,6
PUR005239,20271225,SUP039,PRD075,ST010,451,670.81,302535.31,PINV005239,9
PUR005240,20280814,SUP013,PRD043,ST023,346,674.85,233498.1,PINV005240,14
PUR005241,20281118,SUP008,PRD141,ST028,284,647.84,183986.56,PINV005241,1
PUR005242,20240827,SUP033,PRD248,ST045,225,765.42,172219.5,PINV005242,7
PUR005243,20261009,SUP066,PRD294,ST001,210,758.47,159278.7,PINV005243,2
PUR005244,20230103,SUP064,PRD238,ST034,436,180.89,78868.04,PINV005244,3
PUR005245,20261220,SUP077,PRD163,ST035,245,102.72,25166.4,PINV005245,7
PUR005246,20270627,SUP073,PRD191,ST014,112,168.96,18923.52,PINV005246,6
PUR005247,20271202,SUP069,PRD044,ST029,415,96.15,39902.25,PINV005247,1
PUR005248,20230728,SUP071,PRD228,ST002,204,387.38,79025.52,PINV005248,12
PUR005249,20260104,SUP090,PRD127,ST011,241,86.55,20858.55,PINV005249,1
PUR005250,20271021,SUP057,PRD038,ST003,77,473.63,36469.51,PINV005250,6
PUR005251,20250218,SUP097,PRD201,ST036,98,611.39,59916.22,PINV005251,1
PUR005252,20260708,SUP036,PRD051,ST046,89,601.25,53511.25,PINV005252,8
PUR005253,20230418,SUP082,PRD011,ST008,252,239.21,60280.92,PINV005253,10
PUR005254,20280707,SUP070,PRD071,ST024,138,198.75,27427.5,PINV005254,10
PUR005255,20230925,SUP075,PRD165,ST035,484,239.8,116063.2,PINV005255,8
PUR005256,20251002,SUP040,PRD099,ST034,79,349.35,27598.65,PINV005256,6
PUR005257,20280301,SUP027,PRD120,ST025,444,665.06,295286.64,PINV005257,9
PUR005258,20271021,SUP065,PRD001,ST004,199,331.21,65910.79,PINV005258,15
PUR005259,20251104,SUP011,PRD171,ST014,498,680.41,338844.18,PINV005259,4
PUR005260,20240731,SUP011,PRD244,ST027,70,203.55,14248.5,PINV005260,12
PUR005261,20240323,SUP057,PRD050,ST048,495,456.66,226046.7,PINV005261,4
PUR005262,20240308,SUP089,PRD155,ST046,404,490.82,198291.28,PINV005262,9
PUR005263,20280626,SUP015,PRD040,ST034,206,727.43,149850.58,PINV005263,1
PUR005264,20250905,SUP028,PRD081,ST024,209,318.22,66507.98,PINV005264,14
PUR005265,20231030,SUP044,PRD176,ST031,204,721.37,147159.48,PINV005265,13
PUR005266,20271124,SUP098,PRD027,ST034,189,441.57,83456.73,PINV005266,15
PUR005267,20260817,SUP092,PRD071,ST010,95,203.51,19333.45,PINV005267,11
PUR005268,20240715,SUP084,PRD012,ST040,211,586.64,123781.04,PINV005268,5
PUR005269,20280103,SUP010,PRD252,ST018,365,60.34,22024.1,PINV005269,10
PUR005270,20260131,SUP010,PRD148,ST044,325,641.64,208533.0,PINV005270,14
PUR005271,20260101,SUP070,PRD279,ST038,497,163.85,81433.45,PINV005271,10
PUR005272,20260125,SUP011,PRD035,ST005,131,719.59,94266.29,PINV005272,7
PUR005273,20231023,SUP095,PRD087,ST006,244,68.3,16665.2,PINV005273,2
PUR005274,20230126,SUP056,PRD254,ST048,320,585.61,187395.2,PINV005274,5
PUR005275,20250422,SUP069,PRD281,ST032,335,92.09,30850.15,PINV005275,10
PUR005276,20251006,SUP023,PRD145,ST009,337,783.42,264012.54,PINV005276,9
PUR005277,20270505,SUP094,PRD154,ST010,137,243.23,33322.51,PINV005277,1
PUR005278,20250417,SUP071,PRD229,ST046,372,228.43,84975.96,PINV005278,12
PUR005279,20260920,SUP074,PRD076,ST027,73,515.19,37608.87,PINV005279,14
PUR005280,20230521,SUP046,PRD006,ST020,156,750.53,117082.68,PINV005280,11
PUR005281,20271110,SUP013,PRD262,ST015,137,422.72,57912.64,PINV005281,2
PUR005282,20230207,SUP057,PRD012,ST002,122,208.78,25471.16,PINV005282,5
PUR005283,20271215,SUP047,PRD098,ST047,319,27.89,8896.91,PINV005283,14
PUR005284,20280421,SUP067,PRD280,ST003,176,407.24,71674.24,PINV005284,14
PUR005285,20270320,SUP016,PRD110,ST033,456,369.63,168551.28,PINV005285,9
PUR005286,20251013,SUP044,PRD196,ST042,257,516.25,132676.25,PINV005286,13
PUR005287,20260120,SUP053,PRD044,ST044,92,109.88,10108.96,PINV005287,1
PUR005288,20240915,SUP084,PRD154,ST035,243,786.2,191046.6,PINV005288,12
PUR005289,20250414,SUP032,PRD060,ST035,409,121.01,49493.09,PINV005289,8
PUR005290,20230906,SUP033,PRD182,ST042,460,58.94,27112.4,PINV005290,1
PUR005291,20250813,SUP025,PRD177,ST026,303,470.78,142646.34,PINV005291,4
PUR005292,20260502,SUP059,PRD249,ST035,372,100.63,37434.36,PINV005292,5
PUR005293,20250214,SUP089,PRD114,ST023,321,598.22,192028.62,PINV005293,7
PUR005294,20270108,SUP028,PRD226,ST024,221,568.59,125658.39,PINV005294,6
PUR005295,20260720,SUP062,PRD163,ST004,50,289.59,14479.5,PINV005295,15
PUR005296,20250125,SUP064,PRD151,ST011,492,396.69,195171.48,PINV005296,11
PUR005297,20250417,SUP003,PRD214,ST050,61,527.94,32204.34,PINV005297,9
PUR005298,20271227,SUP022,PRD083,ST011,75,20.86,1564.5,PINV005298,14
PUR005299,20240316,SUP040,PRD165,ST029,298,764.85,227925.3,PINV005299,4
PUR005300,20281109,SUP088,PRD029,ST011,155,288.89,44777.95,PINV005300,1
PUR005301,20240708,SUP041,PRD272,ST044,60,724.66,43479.6,PINV005301,3
PUR005302,20270905,SUP005,PRD271,ST012,480,166.72,80025.6,PINV005302,2
PUR005303,20250920,SUP096,PRD218,ST006,88,416.21,36626.48,PINV005303,7
PUR005304,20231227,SUP042,PRD140,ST048,310,224.23,69511.3,PINV005304,2
PUR005305,20231220,SUP024,PRD001,ST027,330,786.92,259683.6,PINV005305,7
PUR005306,20270505,SUP085,PRD173,ST049,248,253.55,62880.4,PINV005306,12
PUR005307,20270326,SUP092,PRD180,ST005,86,581.96,50048.56,PINV005307,1
PUR005308,20250204,SUP094,PRD146,ST003,293,151.19,44298.67,PINV005308,13
PUR005309,20270507,SUP041,PRD061,ST041,97,381.7,37024.9,PINV005309,7
PUR005310,20240712,SUP073,PRD096,ST004,138,727.69,100421.22,PINV005310,8
PUR005311,20241128,SUP030,PRD240,ST038,426,153.01,65182.26,PINV005311,4
PUR005312,20240226,SUP081,PRD116,ST026,321,735.51,236098.71,PINV005312,10
PUR005313,20261129,SUP051,PRD041,ST028,95,372.39,35377.05,PINV005313,2
PUR005314,20260205,SUP092,PRD134,ST049,126,628.84,79233.84,PINV005314,4
PUR005315,20230428,SUP036,PRD076,ST033,368,703.83,259009.44,PINV005315,11
PUR005316,20281231,SUP003,PRD227,ST050,466,764.71,356354.86,PINV005316,6
PUR005317,20281223,SUP056,PRD113,ST004,144,381.32,54910.08,PINV005317,11
PUR005318,20260428,SUP048,PRD019,ST050,108,700.17,75618.36,PINV005318,3
PUR005319,20250804,SUP037,PRD166,ST036,360,536.93,193294.8,PINV005319,14
PUR005320,20230530,SUP019,PRD264,ST013,210,419.68,88132.8,PINV005320,12
PUR005321,20270530,SUP013,PRD113,ST035,327,335.29,109639.83,PINV005321,3
PUR005322,20230321,SUP057,PRD048,ST028,354,163.19,57769.26,PINV005322,3
PUR005323,20241104,SUP089,PRD080,ST035,216,277.39,59916.24,PINV005323,2
PUR005324,20260726,SUP045,PRD284,ST013,147,47.27,6948.69,PINV005324,12
PUR005325,20270103,SUP025,PRD050,ST028,105,505.7,53098.5,PINV005325,2
PUR005326,20250823,SUP057,PRD272,ST019,391,711.56,278219.96,PINV005326,8
PUR005327,20251115,SUP067,PRD060,ST043,211,147.21,31061.31,PINV005327,2
PUR005328,20251117,SUP007,PRD104,ST049,418,761.02,318106.36,PINV005328,9
PUR005329,20231231,SUP010,PRD245,ST015,448,731.31,327626.88,PINV005329,15
PUR005330,20270216,SUP013,PRD082,ST035,258,565.75,145963.5,PINV005330,5
PUR005331,20280718,SUP055,PRD282,ST048,95,90.44,8591.8,PINV005331,8
PUR005332,20241204,SUP084,PRD224,ST027,193,677.7,130796.1,PINV005332,11
PUR005333,20260824,SUP058,PRD001,ST032,317,626.29,198533.93,PINV005333,5
PUR005334,20250417,SUP029,PRD258,ST028,221,33.35,7370.35,PINV005334,8
PUR005335,20270218,SUP039,PRD241,ST004,383,597.11,228693.13,PINV005335,8
PUR005336,20240723,SUP029,PRD261,ST015,396,500.59,198233.64,PINV005336,14
PUR005337,20231218,SUP071,PRD096,ST027,244,530.74,129500.56,PINV005337,14
PUR005338,20270111,SUP017,PRD087,ST016,354,615.94,218042.76,PINV005338,2
PUR005339,20270429,SUP090,PRD055,ST010,360,361.23,130042.8,PINV005339,14
PUR005340,20260317,SUP069,PRD173,ST012,391,350.01,136853.91,PINV005340,11
PUR005341,20230204,SUP016,PRD293,ST042,301,22.77,6853.77,PINV005341,9
PUR005342,20260927,SUP017,PRD005,ST002,156,96.24,15013.44,PINV005342,5
PUR005343,20260621,SUP098,PRD108,ST005,180,512.03,92165.4,PINV005343,8
PUR005344,20261222,SUP071,PRD116,ST031,472,298.97,141113.84,PINV005344,13
PUR005345,20240401,SUP050,PRD233,ST027,305,237.89,72556.45,PINV005345,11
PUR005346,20250603,SUP067,PRD075,ST001,160,190.79,30526.4,PINV005346,8
PUR005347,20280224,SUP091,PRD031,ST022,196,528.78,103640.88,PINV005347,6
PUR005348,20240505,SUP029,PRD058,ST002,110,758.82,83470.2,PINV005348,9
PUR005349,20270120,SUP087,PRD159,ST009,447,708.69,316784.43,PINV005349,3
PUR005350,20251119,SUP017,PRD058,ST028,416,406.88,169262.08,PINV005350,10
PUR005351,20260815,SUP018,PRD190,ST006,168,774.43,130104.24,PINV005351,2
PUR005352,20260628,SUP046,PRD255,ST036,417,717.88,299355.96,PINV005352,13
PUR005353,20270720,SUP075,PRD094,ST032,498,585.72,291688.56,PINV005353,7
PUR005354,20280603,SUP071,PRD042,ST009,226,461.46,104289.96,PINV005354,2
PUR005355,20230920,SUP014,PRD201,ST035,235,504.13,118470.55,PINV005355,7
PUR005356,20240517,SUP032,PRD143,ST002,197,557.09,109746.73,PINV005356,6
PUR005357,20250201,SUP018,PRD024,ST022,256,524.21,134197.76,PINV005357,8
PUR005358,20270121,SUP047,PRD235,ST010,117,228.17,26695.89,PINV005358,5
PUR005359,20230621,SUP016,PRD275,ST046,390,123.93,48332.7,PINV005359,2
PUR005360,20270317,SUP010,PRD141,ST029,80,587.95,47036.0,PINV005360,9
PUR005361,20250510,SUP065,PRD296,ST021,233,621.13,144723.29,PINV005361,1
PUR005362,20270511,SUP055,PRD127,ST038,219,576.53,126260.07,PINV005362,7
PUR005363,20250507,SUP052,PRD011,ST005,375,153.38,57517.5,PINV005363,8
PUR005364,20281121,SUP026,PRD220,ST019,66,508.71,33574.86,PINV005364,15
PUR005365,20251120,SUP070,PRD194,ST012,291,129.92,37806.72,PINV005365,14
PUR005366,20281114,SUP037,PRD104,ST003,378,488.58,184683.24,PINV005366,6
PUR005367,20270919,SUP007,PRD180,ST001,481,415.21,199716.01,PINV005367,4
PUR005368,20241203,SUP032,PRD035,ST014,308,328.73,101248.84,PINV005368,9
PUR005369,20250811,SUP070,PRD027,ST012,367,402.63,147765.21,PINV005369,2
PUR005370,20260330,SUP041,PRD064,ST037,481,412.87,198590.47,PINV005370,12
PUR005371,20261201,SUP017,PRD139,ST005,186,230.81,42930.66,PINV005371,12
PUR005372,20240109,SUP081,PRD034,ST032,456,621.42,283367.52,PINV005372,15
PUR005373,20230222,SUP046,PRD244,ST035,78,567.97,44301.66,PINV005373,11
PUR005374,20240121,SUP017,PRD144,ST029,103,151.04,15557.12,PINV005374,9
PUR005375,20271118,SUP074,PRD140,ST031,229,93.96,21516.84,PINV005375,6
PUR005376,20260217,SUP099,PRD217,ST028,483,398.26,192359.58,PINV005376,15
PUR005377,20240909,SUP054,PRD257,ST027,385,506.73,195091.05,PINV005377,11
PUR005378,20260617,SUP086,PRD233,ST045,109,785.11,85576.99,PINV005378,13
PUR005379,20280809,SUP082,PRD087,ST016,165,96.08,15853.2,PINV005379,9
PUR005380,20240623,SUP025,PRD295,ST044,468,572.55,267953.4,PINV005380,11
PUR005381,20231212,SUP030,PRD278,ST039,163,531.41,86619.83,PINV005381,3
PUR005382,20270616,SUP086,PRD014,ST022,297,149.99,44547.03,PINV005382,14
PUR005383,20280602,SUP099,PRD210,ST010,446,146.74,65446.04,PINV005383,15
PUR005384,20241112,SUP053,PRD057,ST041,117,44.31,5184.27,PINV005384,2
PUR005385,20261103,SUP060,PRD055,ST036,274,340.25,93228.5,PINV005385,7
PUR005386,20230620,SUP045,PRD178,ST022,457,748.91,342251.87,PINV005386,2
PUR005387,20271101,SUP089,PRD162,ST042,77,357.29,27511.33,PINV005387,3
PUR005388,20270203,SUP007,PRD025,ST047,295,49.54,14614.3,PINV005388,3
PUR005389,20281203,SUP014,PRD252,ST032,65,544.31,35380.15,PINV005389,7
PUR005390,20250929,SUP003,PRD070,ST042,426,514.02,218972.52,PINV005390,13
PUR005391,20240905,SUP093,PRD134,ST024,89,452.0,40228.0,PINV005391,3
PUR005392,20241231,SUP074,PRD288,ST049,326,302.25,98533.5,PINV005392,13
PUR005393,20270212,SUP086,PRD180,ST047,267,165.89,44292.63,PINV005393,11
PUR005394,20250522,SUP039,PRD081,ST017,481,199.14,95786.34,PINV005394,4
PUR005395,20240222,SUP013,PRD008,ST038,124,139.19,17259.56,PINV005395,9
PUR005396,20231212,SUP050,PRD078,ST007,181,661.91,119805.71,PINV005396,12
PUR005397,20280908,SUP049,PRD214,ST014,478,744.38,355813.64,PINV005397,2
PUR005398,20270628,SUP037,PRD126,ST009,482,581.74,280398.68,PINV005398,9
PUR005399,20260603,SUP016,PRD116,ST016,498,377.02,187755.96,PINV005399,7
PUR005400,20260501,SUP084,PRD068,ST008,209,581.09,121447.81,PINV005400,15
PUR005401,20260117,SUP066,PRD054,ST021,127,593.77,75408.79,PINV005401,7
PUR005402,20240824,SUP003,PRD176,ST037,399,651.62,259996.38,PINV005402,3
PUR005403,20250918,SUP042,PRD235,ST018,85,239.0,20315.0,PINV005403,6
PUR005404,20270114,SUP084,PRD006,ST021,222,29.57,6564.54,PINV005404,7
PUR005405,20240212,SUP053,PRD132,ST013,327,740.88,242267.76,PINV005405,6
PUR005406,20260307,SUP040,PRD091,ST033,236,613.95,144892.2,PINV005406,4
PUR005407,20270728,SUP096,PRD126,ST022,88,206.33,18157.04,PINV005407,13
PUR005408,20280208,SUP023,PRD130,ST016,483,743.23,358980.09,PINV005408,1
PUR005409,20270630,SUP008,PRD265,ST010,302,548.51,165650.02,PINV005409,7
PUR005410,20230920,SUP070,PRD217,ST038,256,172.55,44172.8,PINV005410,12
PUR005411,20250726,SUP067,PRD106,ST047,333,577.98,192467.34,PINV005411,1
PUR005412,20270214,SUP012,PRD067,ST025,369,568.63,209824.47,PINV005412,9
PUR005413,20250218,SUP097,PRD092,ST036,57,211.89,12077.73,PINV005413,2
PUR005414,20250420,SUP047,PRD157,ST045,161,710.63,114411.43,PINV005414,3
PUR005415,20230125,SUP003,PRD208,ST012,234,398.88,93337.92,PINV005415,4
PUR005416,20230225,SUP061,PRD028,ST043,458,34.34,15727.72,PINV005416,3
PUR005417,20270303,SUP090,PRD012,ST047,174,725.96,126317.04,PINV005417,4
PUR005418,20230831,SUP053,PRD118,ST008,156,650.29,101445.24,PINV005418,12
PUR005419,20270822,SUP032,PRD198,ST050,104,211.42,21987.68,PINV005419,5
PUR005420,20250415,SUP082,PRD280,ST047,396,516.26,204438.96,PINV005420,14
PUR005421,20230310,SUP022,PRD095,ST049,447,360.01,160924.47,PINV005421,9
PUR005422,20240109,SUP084,PRD156,ST022,330,738.91,243840.3,PINV005422,1
PUR005423,20240817,SUP039,PRD103,ST047,280,400.38,112106.4,PINV005423,1
PUR005424,20270405,SUP075,PRD166,ST044,144,299.06,43064.64,PINV005424,4
PUR005425,20231128,SUP004,PRD021,ST039,368,695.2,255833.6,PINV005425,8
PUR005426,20240225,SUP073,PRD183,ST033,128,21.3,2726.4,PINV005426,8
PUR005427,20270625,SUP063,PRD235,ST029,151,591.92,89379.92,PINV005427,8
PUR005428,20261219,SUP098,PRD285,ST024,412,55.49,22861.88,PINV005428,11
PUR005429,20270314,SUP007,PRD014,ST043,154,127.01,19559.54,PINV005429,11
PUR005430,20260704,SUP074,PRD135,ST016,499,119.07,59415.93,PINV005430,5
PUR005431,20260717,SUP070,PRD165,ST049,348,567.77,197583.96,PINV005431,8
PUR005432,20271006,SUP077,PRD278,ST044,471,722.73,340405.83,PINV005432,8
PUR005433,20280316,SUP099,PRD265,ST010,129,333.32,42998.28,PINV005433,9
PUR005434,20270331,SUP023,PRD043,ST011,427,99.96,42682.92,PINV005434,13
PUR005435,20230912,SUP097,PRD071,ST038,476,91.08,43354.08,PINV005435,3
PUR005436,20251002,SUP013,PRD282,ST050,411,752.49,309273.39,PINV005436,5
PUR005437,20250105,SUP065,PRD171,ST023,416,750.03,312012.48,PINV005437,14
PUR005438,20261213,SUP026,PRD273,ST008,207,247.72,51278.04,PINV005438,10
PUR005439,20241012,SUP030,PRD143,ST009,270,206.14,55657.8,PINV005439,12
PUR005440,20280616,SUP092,PRD207,ST019,411,504.41,207312.51,PINV005440,8
PUR005441,20250814,SUP087,PRD219,ST044,375,173.06,64897.5,PINV005441,2
PUR005442,20260208,SUP064,PRD121,ST013,290,625.61,181426.9,PINV005442,7
PUR005443,20240420,SUP017,PRD047,ST023,257,724.74,186258.18,PINV005443,9
PUR005444,20271118,SUP074,PRD132,ST041,233,228.08,53142.64,PINV005444,2
PUR005445,20260205,SUP054,PRD003,ST002,399,271.85,108468.15,PINV005445,14
PUR005446,20260201,SUP067,PRD139,ST014,383,552.72,211691.76,PINV005446,8
PUR005447,20251026,SUP069,PRD046,ST049,76,41.06,3120.56,PINV005447,6
PUR005448,20261019,SUP020,PRD283,ST041,290,374.1,108489.0,PINV005448,13
PUR005449,20230309,SUP056,PRD013,ST027,259,46.84,12131.56,PINV005449,6
PUR005450,20250518,SUP015,PRD054,ST049,170,600.77,102130.9,PINV005450,14
PUR005451,20280603,SUP080,PRD074,ST003,121,634.49,76773.29,PINV005451,3
PUR005452,20270327,SUP063,PRD274,ST024,192,359.7,69062.4,PINV005452,4
PUR005453,20271209,SUP069,PRD080,ST025,308,588.13,181144.04,PINV005453,10
PUR005454,20230909,SUP059,PRD093,ST047,497,768.79,382088.63,PINV005454,1
PUR005455,20260819,SUP069,PRD043,ST010,273,462.79,126341.67,PINV005455,15
PUR005456,20281012,SUP069,PRD150,ST004,311,126.68,39397.48,PINV005456,4
PUR005457,20260902,SUP029,PRD063,ST008,357,242.5,86572.5,PINV005457,15
PUR005458,20230320,SUP079,PRD047,ST012,298,403.45,120228.1,PINV005458,13
PUR005459,20230114,SUP029,PRD284,ST008,394,753.71,296961.74,PINV005459,10
PUR005460,20270822,SUP071,PRD199,ST046,57,213.46,12167.22,PINV005460,14
PUR005461,20261105,SUP072,PRD296,ST003,346,557.99,193064.54,PINV005461,1
PUR005462,20230104,SUP017,PRD241,ST021,170,401.58,68268.6,PINV005462,4
PUR005463,20270210,SUP054,PRD195,ST013,93,697.09,64829.37,PINV005463,4
PUR005464,20250507,SUP087,PRD208,ST044,411,310.14,127467.54,PINV005464,12
PUR005465,20261207,SUP084,PRD275,ST038,384,750.24,288092.16,PINV005465,11
PUR005466,20280911,SUP090,PRD114,ST012,244,141.74,34584.56,PINV005466,13
PUR005467,20240630,SUP032,PRD030,ST004,446,667.94,297901.24,PINV005467,7
PUR005468,20240102,SUP093,PRD041,ST035,290,609.24,176679.6,PINV005468,5
PUR005469,20230113,SUP043,PRD109,ST007,441,367.99,162283.59,PINV005469,7
PUR005470,20270820,SUP039,PRD122,ST042,151,327.14,49398.14,PINV005470,2
PUR005471,20260917,SUP099,PRD152,ST033,294,729.46,214461.24,PINV005471,10
PUR005472,20280618,SUP088,PRD045,ST028,443,230.9,102288.7,PINV005472,10
PUR005473,20270417,SUP069,PRD185,ST039,499,93.74,46776.26,PINV005473,13
PUR005474,20230316,SUP024,PRD088,ST039,480,186.34,89443.2,PINV005474,8
PUR005475,20270313,SUP086,PRD288,ST028,140,726.47,101705.8,PINV005475,12
PUR005476,20250225,SUP069,PRD147,ST048,452,119.22,53887.44,PINV005476,12
PUR005477,20270317,SUP034,PRD022,ST030,285,649.4,185079.0,PINV005477,6
PUR005478,20240210,SUP026,PRD049,ST008,306,318.94,97595.64,PINV005478,15
PUR005479,20231001,SUP023,PRD038,ST034,76,501.71,38129.96,PINV005479,6
PUR005480,20280602,SUP045,PRD300,ST012,397,173.08,68712.76,PINV005480,6
PUR005481,20230428,SUP027,PRD020,ST015,413,406.06,167702.78,PINV005481,4
PUR005482,20250320,SUP017,PRD166,ST023,236,90.46,21348.56,PINV005482,10
PUR005483,20280616,SUP019,PRD197,ST023,61,615.75,37560.75,PINV005483,15
PUR005484,20230116,SUP014,PRD265,ST040,174,369.46,64286.04,PINV005484,4
PUR005485,20250521,SUP085,PRD041,ST025,245,775.09,189897.05,PINV005485,15
PUR005486,20270218,SUP062,PRD178,ST017,175,349.89,61230.75,PINV005486,14
PUR005487,20251114,SUP065,PRD042,ST049,349,491.82,171645.18,PINV005487,11
PUR005488,20260427,SUP075,PRD013,ST030,182,702.39,127834.98,PINV005488,10
PUR005489,20230310,SUP072,PRD252,ST042,497,768.83,382108.51,PINV005489,12
PUR005490,20280825,SUP039,PRD166,ST035,470,711.92,334602.4,PINV005490,3
PUR005491,20240512,SUP100,PRD264,ST035,269,433.55,116624.95,PINV005491,5
PUR005492,20271202,SUP018,PRD293,ST020,80,195.98,15678.4,PINV005492,1
PUR005493,20250608,SUP051,PRD103,ST027,375,572.21,214578.75,PINV005493,11
PUR005494,20230705,SUP043,PRD186,ST013,184,663.74,122128.16,PINV005494,8
PUR005495,20260802,SUP049,PRD237,ST044,103,453.19,46678.57,PINV005495,12
PUR005496,20240621,SUP027,PRD054,ST046,381,685.48,261167.88,PINV005496,1
PUR005497,20270504,SUP001,PRD003,ST026,111,713.83,79235.13,PINV005497,3
PUR005498,20270208,SUP021,PRD222,ST010,73,212.46,15509.58,PINV005498,6
PUR005499,20230122,SUP023,PRD083,ST037,326,715.01,233093.26,PINV005499,4
PUR005500,20231016,SUP037,PRD182,ST020,377,637.27,240250.79,PINV005500,5
PUR005501,20270723,SUP093,PRD237,ST039,478,788.53,376917.34,PINV005501,13
PUR005502,20280105,SUP059,PRD247,ST024,390,382.11,149022.9,PINV005502,14
PUR005503,20251221,SUP028,PRD123,ST045,400,544.34,217736.0,PINV005503,3
PUR005504,20250821,SUP025,PRD257,ST049,50,121.99,6099.5,PINV005504,1
PUR005505,20260718,SUP022,PRD270,ST002,293,312.04,91427.72,PINV005505,3
PUR005506,20230818,SUP019,PRD164,ST047,65,485.78,31575.7,PINV005506,4
PUR005507,20260312,SUP056,PRD208,ST006,242,716.98,173509.16,PINV005507,1
PUR005508,20230306,SUP043,PRD127,ST015,53,270.95,14360.35,PINV005508,13
PUR005509,20240204,SUP026,PRD231,ST016,286,380.17,108728.62,PINV005509,7
PUR005510,20250228,SUP057,PRD089,ST025,232,447.65,103854.8,PINV005510,7
PUR005511,20240512,SUP079,PRD086,ST039,337,304.74,102697.38,PINV005511,6
PUR005512,20240517,SUP052,PRD065,ST024,198,385.87,76402.26,PINV005512,10
PUR005513,20230621,SUP014,PRD119,ST043,478,255.86,122301.08,PINV005513,14
PUR005514,20250225,SUP032,PRD046,ST042,466,230.01,107184.66,PINV005514,5
PUR005515,20280326,SUP052,PRD247,ST044,275,611.39,168132.25,PINV005515,4
PUR005516,20280519,SUP010,PRD081,ST037,314,658.26,206693.64,PINV005516,3
PUR005517,20280217,SUP018,PRD231,ST020,247,562.32,138893.04,PINV005517,2
PUR005518,20250405,SUP066,PRD190,ST008,271,757.07,205165.97,PINV005518,14
PUR005519,20270127,SUP066,PRD176,ST025,453,774.66,350920.98,PINV005519,11
PUR005520,20230116,SUP082,PRD026,ST007,313,728.63,228061.19,PINV005520,10
PUR005521,20260208,SUP050,PRD131,ST042,51,165.9,8460.9,PINV005521,3
PUR005522,20270508,SUP084,PRD191,ST001,448,219.14,98174.72,PINV005522,11
PUR005523,20230516,SUP015,PRD004,ST045,180,373.4,67212.0,PINV005523,15
PUR005524,20230710,SUP028,PRD152,ST039,112,152.87,17121.44,PINV005524,6
PUR005525,20250614,SUP031,PRD197,ST020,72,435.7,31370.4,PINV005525,14
PUR005526,20240217,SUP076,PRD208,ST020,124,289.66,35917.84,PINV005526,8
PUR005527,20281001,SUP028,PRD104,ST048,103,454.76,46840.28,PINV005527,14
PUR005528,20270817,SUP067,PRD108,ST038,500,449.23,224615.0,PINV005528,7
PUR005529,20240327,SUP042,PRD214,ST005,84,403.71,33911.64,PINV005529,1
PUR005530,20270207,SUP092,PRD059,ST015,380,635.43,241463.4,PINV005530,8
PUR005531,20230914,SUP006,PRD066,ST045,82,430.02,35261.64,PINV005531,3
PUR005532,20231229,SUP022,PRD004,ST033,468,614.75,287703.0,PINV005532,13
PUR005533,20250429,SUP052,PRD223,ST008,424,619.76,262778.24,PINV005533,14
PUR005534,20241231,SUP039,PRD169,ST020,111,600.49,66654.39,PINV005534,13
PUR005535,20280130,SUP094,PRD145,ST034,465,97.18,45188.7,PINV005535,6
PUR005536,20270901,SUP097,PRD060,ST028,297,601.91,178767.27,PINV005536,12
PUR005537,20281101,SUP005,PRD043,ST008,165,654.46,107985.9,PINV005537,1
PUR005538,20270401,SUP014,PRD247,ST047,427,325.52,138997.04,PINV005538,14
PUR005539,20280414,SUP038,PRD017,ST017,357,253.11,90360.27,PINV005539,2
PUR005540,20271205,SUP060,PRD038,ST027,149,567.34,84533.66,PINV005540,15
PUR005541,20260523,SUP092,PRD111,ST019,283,61.5,17404.5,PINV005541,4
PUR005542,20270309,SUP038,PRD222,ST002,354,459.3,162592.2,PINV005542,3
PUR005543,20281106,SUP083,PRD131,ST030,74,180.81,13379.94,PINV005543,5
PUR005544,20230807,SUP001,PRD134,ST016,157,302.34,47467.38,PINV005544,6
PUR005545,20231203,SUP089,PRD274,ST050,318,210.78,67028.04,PINV005545,13
PUR005546,20260404,SUP031,PRD084,ST021,381,342.05,130321.05,PINV005546,7
PUR005547,20260213,SUP047,PRD206,ST044,285,297.83,84881.55,PINV005547,15
PUR005548,20231119,SUP012,PRD285,ST017,320,399.26,127763.2,PINV005548,12
PUR005549,20270106,SUP064,PRD133,ST036,468,460.13,215340.84,PINV005549,9
PUR005550,20251211,SUP096,PRD154,ST021,470,679.13,319191.1,PINV005550,5
PUR005551,20280331,SUP036,PRD034,ST016,178,306.72,54596.16,PINV005551,14
PUR005552,20240929,SUP080,PRD029,ST033,79,471.37,37238.23,PINV005552,9
PUR005553,20281214,SUP100,PRD226,ST031,267,684.57,182780.19,PINV005553,8
PUR005554,20250415,SUP062,PRD065,ST050,184,196.15,36091.6,PINV005554,11
PUR005555,20230518,SUP071,PRD061,ST001,227,786.67,178574.09,PINV005555,11
PUR005556,20280928,SUP042,PRD267,ST013,260,495.04,128710.4,PINV005556,1
PUR005557,20230316,SUP014,PRD080,ST027,239,787.62,188241.18,PINV005557,1
PUR005558,20280428,SUP082,PRD149,ST005,64,777.37,49751.68,PINV005558,10
PUR005559,20261123,SUP093,PRD123,ST040,458,362.04,165814.32,PINV005559,5
PUR005560,20270424,SUP084,PRD013,ST046,139,204.71,28454.69,PINV005560,13
PUR005561,20230228,SUP008,PRD181,ST018,274,569.66,156086.84,PINV005561,1
PUR005562,20280403,SUP060,PRD219,ST012,215,234.38,50391.7,PINV005562,14
PUR005563,20250708,SUP009,PRD241,ST007,330,744.77,245774.1,PINV005563,10
PUR005564,20250821,SUP009,PRD251,ST038,306,179.16,54822.96,PINV005564,11
PUR005565,20280622,SUP090,PRD005,ST030,213,718.43,153025.59,PINV005565,4
PUR005566,20270713,SUP048,PRD213,ST004,489,737.33,360554.37,PINV005566,4
PUR005567,20270622,SUP069,PRD124,ST028,292,470.67,137435.64,PINV005567,15
PUR005568,20250625,SUP045,PRD066,ST040,326,703.75,229422.5,PINV005568,4
PUR005569,20241229,SUP100,PRD239,ST019,304,288.87,87816.48,PINV005569,5
PUR005570,20250413,SUP042,PRD164,ST026,393,320.42,125925.06,PINV005570,11
PUR005571,20260122,SUP001,PRD259,ST046,190,311.53,59190.7,PINV005571,15
PUR005572,20231025,SUP096,PRD219,ST009,186,249.89,46479.54,PINV005572,8
PUR005573,20271112,SUP060,PRD137,ST005,464,28.88,13400.32,PINV005573,14
PUR005574,20240314,SUP017,PRD233,ST003,187,478.51,89481.37,PINV005574,9
PUR005575,20231221,SUP026,PRD045,ST039,68,267.86,18214.48,PINV005575,4
PUR005576,20240705,SUP084,PRD282,ST029,450,585.71,263569.5,PINV005576,6
PUR005577,20230327,SUP061,PRD184,ST017,430,786.21,338070.3,PINV005577,14
PUR005578,20250214,SUP030,PRD116,ST040,121,187.83,22727.43,PINV005578,12
PUR005579,20280523,SUP079,PRD097,ST032,171,190.67,32604.57,PINV005579,14
PUR005580,20240411,SUP023,PRD219,ST039,491,389.17,191082.47,PINV005580,8
PUR005581,20271122,SUP090,PRD220,ST043,167,70.04,11696.68,PINV005581,6
PUR005582,20230219,SUP011,PRD206,ST041,490,710.25,348022.5,PINV005582,10
PUR005583,20260721,SUP042,PRD162,ST037,214,351.17,75150.38,PINV005583,9
PUR005584,20230812,SUP024,PRD272,ST022,148,598.33,88552.84,PINV005584,10
PUR005585,20230102,SUP044,PRD207,ST042,103,649.93,66942.79,PINV005585,10
PUR005586,20230201,SUP051,PRD300,ST004,60,478.01,28680.6,PINV005586,7
PUR005587,20280122,SUP012,PRD152,ST030,84,91.49,7685.16,PINV005587,15
PUR005588,20270218,SUP033,PRD290,ST042,366,350.61,128323.26,PINV005588,3
PUR005589,20230816,SUP067,PRD020,ST042,329,762.71,250931.59,PINV005589,14
PUR005590,20250105,SUP040,PRD220,ST029,417,369.88,154239.96,PINV005590,12
PUR005591,20250108,SUP019,PRD006,ST042,230,494.89,113824.7,PINV005591,7
PUR005592,20271229,SUP029,PRD032,ST003,304,577.39,175526.56,PINV005592,3
PUR005593,20280328,SUP097,PRD175,ST038,72,646.37,46538.64,PINV005593,10
PUR005594,20270304,SUP057,PRD187,ST023,357,427.17,152499.69,PINV005594,11
PUR005595,20281016,SUP091,PRD165,ST018,53,104.07,5515.71,PINV005595,12
PUR005596,20240502,SUP019,PRD162,ST032,482,482.08,232362.56,PINV005596,9
PUR005597,20231007,SUP050,PRD118,ST032,133,294.57,39177.81,PINV005597,12
PUR005598,20260430,SUP052,PRD221,ST044,231,161.68,37348.08,PINV005598,6
PUR005599,20250801,SUP085,PRD241,ST033,259,75.37,19520.83,PINV005599,15
PUR005600,20240612,SUP081,PRD202,ST027,125,99.26,12407.5,PINV005600,8
PUR005601,20240420,SUP081,PRD036,ST017,146,268.81,39246.26,PINV005601,4
PUR005602,20281007,SUP055,PRD070,ST039,413,69.0,28497.0,PINV005602,14
PUR005603,20250720,SUP006,PRD085,ST029,436,569.63,248358.68,PINV005603,10
PUR005604,20250227,SUP016,PRD034,ST007,483,355.52,171716.16,PINV005604,12
PUR005605,20280730,SUP022,PRD241,ST028,146,491.98,71829.08,PINV005605,14
PUR005606,20260708,SUP012,PRD010,ST008,326,170.51,55586.26,PINV005606,14
PUR005607,20240716,SUP071,PRD252,ST037,326,259.39,84561.14,PINV005607,15
PUR005608,20241125,SUP048,PRD225,ST046,429,518.13,222277.77,PINV005608,14
PUR005609,20241117,SUP093,PRD175,ST018,309,334.75,103437.75,PINV005609,5
PUR005610,20280623,SUP053,PRD178,ST018,466,293.87,136943.42,PINV005610,4
PUR005611,20230613,SUP044,PRD043,ST037,131,592.72,77646.32,PINV005611,7
PUR005612,20270526,SUP067,PRD257,ST002,242,277.11,67060.62,PINV005612,2
PUR005613,20230908,SUP094,PRD237,ST010,449,327.34,146975.66,PINV005613,13
PUR005614,20241225,SUP069,PRD188,ST007,471,753.58,354936.18,PINV005614,2
PUR005615,20250916,SUP077,PRD275,ST045,374,378.47,141547.78,PINV005615,12
PUR005616,20260620,SUP056,PRD177,ST016,483,398.43,192441.69,PINV005616,1
PUR005617,20250107,SUP077,PRD103,ST035,64,55.93,3579.52,PINV005617,14
PUR005618,20260328,SUP010,PRD107,ST019,104,222.56,23146.24,PINV005618,13
PUR005619,20260921,SUP018,PRD226,ST013,295,777.88,229474.6,PINV005619,2
PUR005620,20230119,SUP075,PRD197,ST041,465,70.55,32805.75,PINV005620,8
PUR005621,20280816,SUP023,PRD052,ST019,351,751.81,263885.31,PINV005621,15
PUR005622,20261206,SUP042,PRD150,ST008,357,345.9,123486.3,PINV005622,4
PUR005623,20270120,SUP063,PRD003,ST034,213,151.02,32167.26,PINV005623,9
PUR005624,20270509,SUP083,PRD039,ST040,62,109.56,6792.72,PINV005624,6
PUR005625,20240516,SUP088,PRD237,ST040,138,225.64,31138.32,PINV005625,4
PUR005626,20240120,SUP020,PRD121,ST048,277,613.6,169967.2,PINV005626,5
PUR005627,20240521,SUP048,PRD091,ST039,385,611.28,235342.8,PINV005627,13
PUR005628,20240201,SUP080,PRD032,ST035,237,597.07,141505.59,PINV005628,12
PUR005629,20270421,SUP055,PRD129,ST049,343,233.55,80107.65,PINV005629,7
PUR005630,20280520,SUP017,PRD100,ST048,209,146.67,30654.03,PINV005630,6
PUR005631,20270317,SUP097,PRD228,ST044,360,457.88,164836.8,PINV005631,5
PUR005632,20270606,SUP073,PRD115,ST032,283,388.87,110050.21,PINV005632,2
PUR005633,20271220,SUP088,PRD121,ST033,305,713.64,217660.2,PINV005633,1
PUR005634,20260522,SUP052,PRD242,ST031,375,737.85,276693.75,PINV005634,1
PUR005635,20230811,SUP096,PRD153,ST039,95,269.81,25631.95,PINV005635,1
PUR005636,20240824,SUP093,PRD127,ST042,110,155.91,17150.1,PINV005636,6
PUR005637,20240213,SUP056,PRD105,ST047,266,536.69,142759.54,PINV005637,13
PUR005638,20250127,SUP033,PRD022,ST048,228,514.59,117326.52,PINV005638,5
PUR005639,20240212,SUP016,PRD028,ST010,175,112.95,19766.25,PINV005639,9
PUR005640,20230219,SUP064,PRD103,ST003,500,715.93,357965.0,PINV005640,10
PUR005641,20260508,SUP059,PRD274,ST003,54,185.19,10000.26,PINV005641,4
PUR005642,20280702,SUP045,PRD104,ST017,52,640.15,33287.8,PINV005642,15
PUR005643,20280409,SUP021,PRD206,ST003,268,148.02,39669.36,PINV005643,14
PUR005644,20260319,SUP068,PRD039,ST019,325,714.31,232150.75,PINV005644,10
PUR005645,20251220,SUP094,PRD026,ST031,365,139.88,51056.2,PINV005645,5
PUR005646,20280619,SUP094,PRD144,ST022,223,473.4,105568.2,PINV005646,4
PUR005647,20270307,SUP008,PRD300,ST005,361,461.6,166637.6,PINV005647,7
PUR005648,20270516,SUP026,PRD156,ST008,320,160.09,51228.8,PINV005648,6
PUR005649,20270827,SUP086,PRD015,ST003,175,416.42,72873.5,PINV005649,1
PUR005650,20271105,SUP036,PRD024,ST002,179,791.44,141667.76,PINV005650,1
PUR005651,20250904,SUP025,PRD023,ST027,157,671.34,105400.38,PINV005651,2
PUR005652,20281118,SUP070,PRD007,ST002,439,376.64,165344.96,PINV005652,15
PUR005653,20260826,SUP020,PRD026,ST007,125,519.59,64948.75,PINV005653,2
PUR005654,20231025,SUP022,PRD150,ST024,237,676.36,160297.32,PINV005654,3
PUR005655,20280212,SUP055,PRD062,ST002,58,641.85,37227.3,PINV005655,11
PUR005656,20270531,SUP043,PRD166,ST019,449,720.39,323455.11,PINV005656,13
PUR005657,20280505,SUP020,PRD275,ST030,375,731.69,274383.75,PINV005657,13
PUR005658,20241016,SUP017,PRD169,ST011,387,524.62,203027.94,PINV005658,13
PUR005659,20240916,SUP080,PRD131,ST013,340,792.11,269317.4,PINV005659,9
PUR005660,20280609,SUP080,PRD187,ST025,277,424.24,117514.48,PINV005660,13
PUR005661,20261029,SUP082,PRD151,ST037,210,615.84,129326.4,PINV005661,14
PUR005662,20281203,SUP049,PRD034,ST018,370,643.5,238095.0,PINV005662,12
PUR005663,20261227,SUP089,PRD177,ST026,223,345.95,77146.85,PINV005663,4
PUR005664,20271107,SUP082,PRD298,ST043,105,278.85,29279.25,PINV005664,5
PUR005665,20240420,SUP084,PRD297,ST047,296,44.19,13080.24,PINV005665,6
PUR005666,20230926,SUP067,PRD047,ST045,451,329.79,148735.29,PINV005666,9
PUR005667,20230519,SUP066,PRD181,ST032,204,481.59,98244.36,PINV005667,14
PUR005668,20250811,SUP096,PRD167,ST040,429,200.04,85817.16,PINV005668,1
PUR005669,20230506,SUP076,PRD018,ST007,349,85.18,29727.82,PINV005669,15
PUR005670,20260427,SUP070,PRD145,ST003,193,208.71,40281.03,PINV005670,14
PUR005671,20230804,SUP065,PRD229,ST023,79,568.8,44935.2,PINV005671,10
PUR005672,20260307,SUP005,PRD188,ST039,138,428.15,59084.7,PINV005672,5
PUR005673,20261026,SUP072,PRD249,ST043,232,125.26,29060.32,PINV005673,8
PUR005674,20270529,SUP075,PRD270,ST016,210,680.99,143007.9,PINV005674,4
PUR005675,20230304,SUP066,PRD083,ST005,227,24.93,5659.11,PINV005675,6
PUR005676,20241106,SUP024,PRD223,ST018,115,152.8,17572.0,PINV005676,12
PUR005677,20280208,SUP016,PRD163,ST022,142,566.98,80511.16,PINV005677,1
PUR005678,20251229,SUP001,PRD163,ST033,429,366.89,157395.81,PINV005678,7
PUR005679,20271114,SUP038,PRD152,ST020,187,192.26,35952.62,PINV005679,3
PUR005680,20240717,SUP005,PRD212,ST006,333,149.28,49710.24,PINV005680,11
PUR005681,20260609,SUP001,PRD138,ST026,393,172.18,67666.74,PINV005681,1
PUR005682,20261212,SUP040,PRD216,ST016,278,135.88,37774.64,PINV005682,15
PUR005683,20270310,SUP011,PRD022,ST024,212,232.92,49379.04,PINV005683,13
PUR005684,20251003,SUP087,PRD046,ST040,176,739.15,130090.4,PINV005684,1
PUR005685,20230721,SUP079,PRD208,ST034,201,699.94,140687.94,PINV005685,6
PUR005686,20260329,SUP011,PRD280,ST008,380,132.43,50323.4,PINV005686,15
PUR005687,20240513,SUP007,PRD151,ST043,456,677.49,308935.44,PINV005687,14
PUR005688,20280828,SUP034,PRD055,ST006,131,485.14,63553.34,PINV005688,6
PUR005689,20260505,SUP096,PRD011,ST008,359,378.26,135795.34,PINV005689,3
PUR005690,20271005,SUP058,PRD226,ST017,391,140.73,55025.43,PINV005690,5
PUR005691,20271228,SUP007,PRD221,ST039,103,147.16,15157.48,PINV005691,12
PUR005692,20270915,SUP091,PRD203,ST036,427,787.18,336125.86,PINV005692,6
PUR005693,20231224,SUP016,PRD030,ST020,163,416.8,67938.4,PINV005693,14
PUR005694,20280424,SUP064,PRD260,ST025,346,230.29,79680.34,PINV005694,1
PUR005695,20230810,SUP040,PRD050,ST007,492,588.69,289635.48,PINV005695,12
PUR005696,20260310,SUP035,PRD148,ST033,96,69.88,6708.48,PINV005696,1
PUR005697,20241104,SUP078,PRD040,ST027,161,162.73,26199.53,PINV005697,13
PUR005698,20250120,SUP096,PRD040,ST017,310,576.11,178594.1,PINV005698,14
PUR005699,20270408,SUP034,PRD148,ST045,358,511.5,183117.0,PINV005699,15
PUR005700,20260203,SUP002,PRD020,ST011,63,760.59,47917.17,PINV005700,14
PUR005701,20260130,SUP053,PRD039,ST050,334,92.29,30824.86,PINV005701,3
PUR005702,20260406,SUP062,PRD150,ST041,279,641.41,178953.39,PINV005702,12
PUR005703,20260910,SUP005,PRD124,ST003,233,352.93,82232.69,PINV005703,6
PUR005704,20270802,SUP048,PRD067,ST011,252,368.83,92945.16,PINV005704,10
PUR005705,20240809,SUP009,PRD120,ST049,132,767.34,101288.88,PINV005705,4
PUR005706,20280918,SUP044,PRD045,ST023,216,337.38,72874.08,PINV005706,5
PUR005707,20280624,SUP100,PRD273,ST020,461,667.22,307588.42,PINV005707,3
PUR005708,20270603,SUP099,PRD123,ST049,166,417.57,69316.62,PINV005708,6
PUR005709,20240507,SUP053,PRD138,ST050,499,137.45,68587.55,PINV005709,4
PUR005710,20230531,SUP008,PRD212,ST015,225,46.31,10419.75,PINV005710,15
PUR005711,20241009,SUP099,PRD184,ST023,78,480.83,37504.74,PINV005711,14
PUR005712,20240328,SUP052,PRD155,ST005,368,131.5,48392.0,PINV005712,11
PUR005713,20280129,SUP031,PRD159,ST039,133,539.88,71804.04,PINV005713,7
PUR005714,20260504,SUP042,PRD202,ST038,255,338.15,86228.25,PINV005714,5
PUR005715,20260221,SUP008,PRD062,ST043,174,597.01,103879.74,PINV005715,4
PUR005716,20230916,SUP090,PRD234,ST041,409,601.47,246001.23,PINV005716,7
PUR005717,20260722,SUP084,PRD080,ST002,108,191.68,20701.44,PINV005717,7
PUR005718,20260924,SUP033,PRD005,ST043,125,330.56,41320.0,PINV005718,10
PUR005719,20230423,SUP054,PRD069,ST033,495,644.28,318918.6,PINV005719,11
PUR005720,20260731,SUP039,PRD020,ST007,82,733.1,60114.2,PINV005720,1
PUR005721,20230301,SUP013,PRD009,ST030,134,175.19,23475.46,PINV005721,1
PUR005722,20270207,SUP074,PRD295,ST034,204,151.88,30983.52,PINV005722,3
PUR005723,20281008,SUP026,PRD081,ST026,55,483.77,26607.35,PINV005723,11
PUR005724,20260718,SUP030,PRD123,ST041,333,241.61,80456.13,PINV005724,1
PUR005725,20260406,SUP009,PRD123,ST040,107,589.17,63041.19,PINV005725,11
PUR005726,20260514,SUP038,PRD073,ST012,382,721.39,275570.98,PINV005726,10
PUR005727,20250116,SUP034,PRD230,ST024,290,175.86,50999.4,PINV005727,12
PUR005728,20250806,SUP064,PRD101,ST039,312,405.28,126447.36,PINV005728,1
PUR005729,20240501,SUP059,PRD279,ST044,309,215.39,66555.51,PINV005729,7
PUR005730,20261108,SUP097,PRD081,ST040,184,614.02,112979.68,PINV005730,1
PUR005731,20240703,SUP094,PRD285,ST002,258,249.08,64262.64,PINV005731,3
PUR005732,20261225,SUP070,PRD145,ST015,488,678.25,330986.0,PINV005732,5
PUR005733,20240608,SUP037,PRD192,ST038,469,785.62,368455.78,PINV005733,13
PUR005734,20261025,SUP064,PRD242,ST038,257,299.04,76853.28,PINV005734,9
PUR005735,20271006,SUP024,PRD183,ST013,106,183.54,19455.24,PINV005735,4
PUR005736,20251226,SUP073,PRD069,ST011,494,134.82,66601.08,PINV005736,10
PUR005737,20280913,SUP020,PRD036,ST007,310,278.05,86195.5,PINV005737,1
PUR005738,20270705,SUP088,PRD087,ST037,204,539.54,110066.16,PINV005738,3
PUR005739,20260105,SUP022,PRD093,ST002,272,630.62,171528.64,PINV005739,5
PUR005740,20230613,SUP090,PRD191,ST009,160,377.38,60380.8,PINV005740,6
PUR005741,20260531,SUP057,PRD014,ST012,186,713.41,132694.26,PINV005741,8
PUR005742,20231213,SUP086,PRD122,ST031,391,64.55,25239.05,PINV005742,12
PUR005743,20260811,SUP077,PRD044,ST026,485,659.81,320007.85,PINV005743,15
PUR005744,20270702,SUP042,PRD195,ST048,147,795.68,116964.96,PINV005744,9
PUR005745,20280502,SUP004,PRD078,ST003,370,528.31,195474.7,PINV005745,13
PUR005746,20230219,SUP039,PRD136,ST003,215,160.32,34468.8,PINV005746,3
PUR005747,20250822,SUP020,PRD047,ST015,407,235.37,95795.59,PINV005747,11
PUR005748,20231122,SUP097,PRD259,ST048,248,26.71,6624.08,PINV005748,7
PUR005749,20240611,SUP059,PRD168,ST016,313,248.23,77695.99,PINV005749,11
PUR005750,20270404,SUP083,PRD167,ST045,388,390.54,151529.52,PINV005750,1
PUR005751,20270221,SUP043,PRD147,ST018,114,182.38,20791.32,PINV005751,6
PUR005752,20261021,SUP036,PRD247,ST016,434,449.26,194978.84,PINV005752,6
PUR005753,20280710,SUP009,PRD158,ST011,74,170.99,12653.26,PINV005753,7
PUR005754,20270508,SUP040,PRD271,ST035,386,532.55,205564.3,PINV005754,12
PUR005755,20240430,SUP039,PRD016,ST033,105,169.06,17751.3,PINV005755,7
PUR005756,20280511,SUP025,PRD206,ST006,87,411.04,35760.48,PINV005756,6
PUR005757,20240624,SUP087,PRD040,ST026,437,190.77,83366.49,PINV005757,7
PUR005758,20230719,SUP052,PRD224,ST040,213,43.32,9227.16,PINV005758,9
PUR005759,20270405,SUP085,PRD217,ST027,271,729.44,197678.24,PINV005759,11
PUR005760,20240114,SUP028,PRD294,ST017,361,361.95,130663.95,PINV005760,5
PUR005761,20250627,SUP023,PRD200,ST038,464,455.94,211556.16,PINV005761,5
PUR005762,20240711,SUP039,PRD027,ST050,186,298.53,55526.58,PINV005762,2
PUR005763,20281201,SUP059,PRD275,ST036,143,756.46,108173.78,PINV005763,13
PUR005764,20250606,SUP041,PRD134,ST015,149,40.24,5995.76,PINV005764,3
PUR005765,20260505,SUP058,PRD136,ST004,112,143.04,16020.48,PINV005765,5
PUR005766,20240805,SUP023,PRD162,ST027,166,332.98,55274.68,PINV005766,2
PUR005767,20261022,SUP065,PRD282,ST017,240,478.45,114828.0,PINV005767,14
PUR005768,20270907,SUP076,PRD220,ST021,312,699.92,218375.04,PINV005768,8
PUR005769,20240514,SUP066,PRD058,ST043,276,642.24,177258.24,PINV005769,7
PUR005770,20230814,SUP033,PRD115,ST006,216,101.99,22029.84,PINV005770,13
PUR005771,20260303,SUP031,PRD134,ST004,446,43.97,19610.62,PINV005771,6
PUR005772,20260602,SUP041,PRD094,ST049,308,743.61,229031.88,PINV005772,13
PUR005773,20251016,SUP001,PRD031,ST001,444,787.64,349712.16,PINV005773,1
PUR005774,20240731,SUP078,PRD150,ST033,72,591.84,42612.48,PINV005774,5
PUR005775,20260223,SUP085,PRD108,ST040,346,558.48,193234.08,PINV005775,6
PUR005776,20261009,SUP003,PRD039,ST031,407,99.53,40508.71,PINV005776,13
PUR005777,20230719,SUP056,PRD238,ST018,81,773.65,62665.65,PINV005777,9
PUR005778,20261031,SUP013,PRD249,ST002,114,310.52,35399.28,PINV005778,8
PUR005779,20260428,SUP049,PRD011,ST043,103,262.52,27039.56,PINV005779,9
PUR005780,20261202,SUP033,PRD149,ST005,180,470.98,84776.4,PINV005780,15
PUR005781,20250823,SUP056,PRD098,ST005,117,732.05,85649.85,PINV005781,14
PUR005782,20260519,SUP044,PRD059,ST012,184,543.21,99950.64,PINV005782,10
PUR005783,20261231,SUP087,PRD125,ST015,73,753.16,54980.68,PINV005783,4
PUR005784,20250524,SUP048,PRD166,ST027,427,268.89,114816.03,PINV005784,15
PUR005785,20270913,SUP076,PRD017,ST041,51,369.63,18851.13,PINV005785,12
PUR005786,20281127,SUP026,PRD036,ST020,84,478.78,40217.52,PINV005786,15
PUR005787,20280311,SUP095,PRD057,ST017,225,87.66,19723.5,PINV005787,6
PUR005788,20230919,SUP025,PRD214,ST028,399,53.97,21534.03,PINV005788,1
PUR005789,20231013,SUP059,PRD093,ST050,367,738.84,271154.28,PINV005789,11
PUR005790,20241218,SUP086,PRD198,ST030,89,109.94,9784.66,PINV005790,4
PUR005791,20281127,SUP004,PRD019,ST032,417,458.31,191115.27,PINV005791,10
PUR005792,20250129,SUP024,PRD267,ST010,156,758.4,118310.4,PINV005792,1
PUR005793,20231106,SUP084,PRD159,ST038,414,502.12,207877.68,PINV005793,10
PUR005794,20260209,SUP097,PRD245,ST009,141,243.67,34357.47,PINV005794,8
PUR005795,20260803,SUP069,PRD134,ST005,461,780.1,359626.1,PINV005795,11
PUR005796,20250403,SUP064,PRD077,ST037,417,740.78,308905.26,PINV005796,8
PUR005797,20270311,SUP081,PRD046,ST041,426,264.57,112706.82,PINV005797,7
PUR005798,20280115,SUP054,PRD014,ST011,383,696.75,266855.25,PINV005798,2
PUR005799,20250408,SUP011,PRD208,ST047,418,552.33,230873.94,PINV005799,3
PUR005800,20251001,SUP076,PRD145,ST026,457,212.88,97286.16,PINV005800,6
PUR005801,20260827,SUP096,PRD086,ST048,333,688.55,229287.15,PINV005801,2
PUR005802,20270823,SUP041,PRD074,ST040,285,544.89,155293.65,PINV005802,5
PUR005803,20280123,SUP074,PRD159,ST013,96,402.77,38665.92,PINV005803,15
PUR005804,20260916,SUP084,PRD074,ST024,415,189.44,78617.6,PINV005804,10
PUR005805,20240831,SUP074,PRD061,ST045,472,650.95,307248.4,PINV005805,12
PUR005806,20240919,SUP069,PRD199,ST025,91,84.22,7664.02,PINV005806,9
PUR005807,20270329,SUP080,PRD186,ST044,376,505.18,189947.68,PINV005807,7
PUR005808,20240324,SUP056,PRD027,ST023,157,429.83,67483.31,PINV005808,6
PUR005809,20280822,SUP097,PRD117,ST008,478,672.2,321311.6,PINV005809,13
PUR005810,20231209,SUP027,PRD008,ST004,93,246.66,22939.38,PINV005810,4
PUR005811,20280129,SUP040,PRD089,ST017,81,219.98,17818.38,PINV005811,10
PUR005812,20260705,SUP062,PRD255,ST019,159,606.93,96501.87,PINV005812,7
PUR005813,20270318,SUP016,PRD137,ST009,219,273.94,59992.86,PINV005813,13
PUR005814,20241218,SUP072,PRD084,ST032,498,390.08,194259.84,PINV005814,3
PUR005815,20260129,SUP061,PRD013,ST037,414,375.13,155303.82,PINV005815,1
PUR005816,20280516,SUP030,PRD250,ST041,181,778.56,140919.36,PINV005816,2
PUR005817,20250307,SUP081,PRD067,ST030,365,176.91,64572.15,PINV005817,2
PUR005818,20240902,SUP001,PRD062,ST043,482,547.4,263846.8,PINV005818,4
PUR005819,20260319,SUP042,PRD254,ST016,203,99.67,20233.01,PINV005819,3
PUR005820,20251115,SUP044,PRD074,ST026,317,311.65,98793.05,PINV005820,14
PUR005821,20281030,SUP034,PRD181,ST027,440,91.69,40343.6,PINV005821,11
PUR005822,20260213,SUP014,PRD047,ST041,488,423.4,206619.2,PINV005822,8
PUR005823,20230429,SUP042,PRD020,ST042,168,655.87,110186.16,PINV005823,3
PUR005824,20270523,SUP083,PRD173,ST038,136,266.22,36205.92,PINV005824,1
PUR005825,20270309,SUP036,PRD073,ST030,290,703.45,204000.5,PINV005825,7
PUR005826,20281213,SUP089,PRD158,ST023,399,187.63,74864.37,PINV005826,11
PUR005827,20260625,SUP083,PRD235,ST019,450,345.95,155677.5,PINV005827,7
PUR005828,20231007,SUP070,PRD006,ST007,338,366.49,123873.62,PINV005828,2
PUR005829,20260321,SUP076,PRD250,ST031,174,748.01,130153.74,PINV005829,2
PUR005830,20281217,SUP020,PRD074,ST027,356,669.75,238431.0,PINV005830,3
PUR005831,20270615,SUP044,PRD149,ST042,315,320.1,100831.5,PINV005831,15
PUR005832,20230309,SUP073,PRD041,ST050,425,496.65,211076.25,PINV005832,12
PUR005833,20240727,SUP040,PRD168,ST007,194,379.53,73628.82,PINV005833,8
PUR005834,20230721,SUP059,PRD194,ST013,90,213.37,19203.3,PINV005834,15
PUR005835,20250116,SUP020,PRD240,ST042,381,525.87,200356.47,PINV005835,2
PUR005836,20240424,SUP075,PRD004,ST014,225,59.78,13450.5,PINV005836,13
PUR005837,20280729,SUP088,PRD252,ST037,341,226.25,77151.25,PINV005837,10
PUR005838,20251112,SUP098,PRD101,ST016,188,565.13,106244.44,PINV005838,14
PUR005839,20240703,SUP062,PRD160,ST018,481,405.68,195132.08,PINV005839,9
PUR005840,20240612,SUP099,PRD246,ST021,269,728.79,196044.51,PINV005840,3
PUR005841,20250716,SUP052,PRD263,ST011,118,363.63,42908.34,PINV005841,1
PUR005842,20251024,SUP014,PRD153,ST029,300,360.25,108075.0,PINV005842,7
PUR005843,20230714,SUP033,PRD198,ST012,179,68.94,12340.26,PINV005843,8
PUR005844,20231020,SUP067,PRD288,ST017,368,356.55,131210.4,PINV005844,7
PUR005845,20240430,SUP040,PRD023,ST011,176,611.34,107595.84,PINV005845,5
PUR005846,20231120,SUP065,PRD262,ST018,345,693.17,239143.65,PINV005846,13
PUR005847,20250527,SUP022,PRD067,ST046,213,55.75,11874.75,PINV005847,12
PUR005848,20240909,SUP037,PRD174,ST001,456,719.52,328101.12,PINV005848,2
PUR005849,20230323,SUP046,PRD139,ST035,125,433.43,54178.75,PINV005849,9
PUR005850,20280908,SUP035,PRD072,ST045,186,645.66,120092.76,PINV005850,8
PUR005851,20250526,SUP032,PRD133,ST011,72,311.07,22397.04,PINV005851,14
PUR005852,20250217,SUP071,PRD143,ST006,126,756.82,95359.32,PINV005852,12
PUR005853,20240310,SUP076,PRD236,ST010,459,47.69,21889.71,PINV005853,3
PUR005854,20251202,SUP028,PRD179,ST019,365,796.63,290769.95,PINV005854,10
PUR005855,20271030,SUP032,PRD181,ST026,316,745.87,235694.92,PINV005855,9
PUR005856,20280523,SUP056,PRD001,ST022,500,70.93,35465.0,PINV005856,6
PUR005857,20250219,SUP016,PRD139,ST045,292,335.33,97916.36,PINV005857,5
PUR005858,20230302,SUP071,PRD111,ST006,285,114.59,32658.15,PINV005858,5
PUR005859,20261205,SUP089,PRD265,ST001,366,688.47,251980.02,PINV005859,2
PUR005860,20270626,SUP003,PRD212,ST004,328,605.27,198528.56,PINV005860,12
PUR005861,20260927,SUP035,PRD160,ST024,57,113.31,6458.67,PINV005861,14
PUR005862,20280118,SUP081,PRD282,ST048,354,125.63,44473.02,PINV005862,14
PUR005863,20260227,SUP076,PRD250,ST047,240,119.78,28747.2,PINV005863,3
PUR005864,20241122,SUP021,PRD054,ST018,420,498.65,209433.0,PINV005864,6
PUR005865,20281122,SUP058,PRD268,ST012,276,714.53,197210.28,PINV005865,14
PUR005866,20250513,SUP052,PRD083,ST006,421,413.38,174032.98,PINV005866,10
PUR005867,20230617,SUP034,PRD012,ST039,268,588.07,157602.76,PINV005867,3
PUR005868,20280617,SUP052,PRD059,ST047,111,138.29,15350.19,PINV005868,9
PUR005869,20241101,SUP039,PRD073,ST032,135,470.62,63533.7,PINV005869,14
PUR005870,20280103,SUP017,PRD262,ST012,416,258.43,107506.88,PINV005870,10
PUR005871,20261013,SUP088,PRD166,ST010,378,709.69,268262.82,PINV005871,5
PUR005872,20230723,SUP064,PRD019,ST011,286,202.47,57906.42,PINV005872,8
PUR005873,20230306,SUP094,PRD097,ST018,409,300.13,122753.17,PINV005873,14
PUR005874,20231121,SUP052,PRD179,ST001,67,186.54,12498.18,PINV005874,10
PUR005875,20230925,SUP027,PRD108,ST037,165,645.26,106467.9,PINV005875,5
PUR005876,20250912,SUP065,PRD142,ST040,98,790.1,77429.8,PINV005876,3
PUR005877,20270124,SUP082,PRD247,ST045,134,697.92,93521.28,PINV005877,12
PUR005878,20240328,SUP002,PRD167,ST043,303,685.19,207612.57,PINV005878,8
PUR005879,20240924,SUP022,PRD158,ST044,400,213.85,85540.0,PINV005879,13
PUR005880,20230609,SUP002,PRD061,ST024,55,78.12,4296.6,PINV005880,15
PUR005881,20260904,SUP040,PRD136,ST039,361,458.32,165453.52,PINV005881,12
PUR005882,20250311,SUP054,PRD105,ST034,103,499.11,51408.33,PINV005882,12
PUR005883,20270808,SUP015,PRD110,ST033,356,381.93,135967.08,PINV005883,5
PUR005884,20271017,SUP090,PRD235,ST028,447,484.76,216687.72,PINV005884,15
PUR005885,20280527,SUP025,PRD149,ST015,479,440.12,210817.48,PINV005885,2
PUR005886,20281014,SUP049,PRD212,ST048,274,781.06,214010.44,PINV005886,7
PUR005887,20241028,SUP042,PRD280,ST032,300,24.79,7437.0,PINV005887,12
PUR005888,20250225,SUP061,PRD140,ST045,59,616.09,36349.31,PINV005888,9
PUR005889,20240511,SUP095,PRD121,ST024,257,253.83,65234.31,PINV005889,3
PUR005890,20251121,SUP045,PRD148,ST003,391,668.31,261309.21,PINV005890,14
PUR005891,20240331,SUP022,PRD201,ST007,394,350.6,138136.4,PINV005891,6
PUR005892,20280629,SUP039,PRD253,ST037,434,518.31,224946.54,PINV005892,2
PUR005893,20231115,SUP015,PRD197,ST033,73,57.2,4175.6,PINV005893,14
PUR005894,20280125,SUP098,PRD180,ST024,102,118.47,12083.94,PINV005894,9
PUR005895,20251126,SUP034,PRD141,ST035,459,244.57,112257.63,PINV005895,3
PUR005896,20271012,SUP072,PRD183,ST047,86,58.06,4993.16,PINV005896,3
PUR005897,20270829,SUP008,PRD183,ST006,399,685.68,273586.32,PINV005897,14
PUR005898,20260716,SUP004,PRD281,ST014,464,431.92,200410.88,PINV005898,13
PUR005899,20260705,SUP083,PRD144,ST028,180,767.26,138106.8,PINV005899,14
PUR005900,20250925,SUP046,PRD121,ST048,474,270.33,128136.42,PINV005900,10
PUR005901,20270712,SUP100,PRD292,ST032,102,728.07,74263.14,PINV005901,5
PUR005902,20260312,SUP058,PRD031,ST011,209,591.44,123610.96,PINV005902,10
PUR005903,20270923,SUP099,PRD031,ST014,402,351.02,141110.04,PINV005903,4
PUR005904,20251112,SUP017,PRD185,ST050,225,330.99,74472.75,PINV005904,10
PUR005905,20251229,SUP044,PRD299,ST050,364,570.46,207647.44,PINV005905,11
PUR005906,20230112,SUP001,PRD208,ST040,325,425.49,138284.25,PINV005906,13
PUR005907,20260710,SUP083,PRD256,ST025,310,410.74,127329.4,PINV005907,15
PUR005908,20251106,SUP096,PRD074,ST001,118,582.09,68686.62,PINV005908,1
PUR005909,20230108,SUP081,PRD250,ST043,260,584.64,152006.4,PINV005909,11
PUR005910,20231112,SUP041,PRD046,ST043,138,361.87,49938.06,PINV005910,14
PUR005911,20240525,SUP063,PRD122,ST022,315,328.54,103490.1,PINV005911,11
PUR005912,20241220,SUP014,PRD147,ST007,140,313.33,43866.2,PINV005912,12
PUR005913,20280414,SUP053,PRD224,ST048,461,452.6,208648.6,PINV005913,15
PUR005914,20251226,SUP033,PRD053,ST008,59,649.09,38296.31,PINV005914,1
PUR005915,20281111,SUP087,PRD036,ST040,407,705.63,287191.41,PINV005915,9
PUR005916,20231106,SUP035,PRD160,ST009,476,212.12,100969.12,PINV005916,5
PUR005917,20270831,SUP076,PRD087,ST048,412,645.84,266086.08,PINV005917,6
PUR005918,20281104,SUP009,PRD059,ST034,55,636.09,34984.95,PINV005918,2
PUR005919,20231012,SUP060,PRD042,ST001,238,177.96,42354.48,PINV005919,11
PUR005920,20281129,SUP059,PRD299,ST004,57,748.93,42689.01,PINV005920,11
PUR005921,20281224,SUP003,PRD110,ST047,431,756.51,326055.81,PINV005921,13
PUR005922,20260731,SUP097,PRD171,ST040,142,760.75,108026.5,PINV005922,3
PUR005923,20230527,SUP027,PRD266,ST047,77,761.44,58630.88,PINV005923,13
PUR005924,20230825,SUP032,PRD130,ST033,434,270.53,117410.02,PINV005924,7
PUR005925,20280508,SUP011,PRD030,ST038,244,192.67,47011.48,PINV005925,6
PUR005926,20270610,SUP022,PRD137,ST042,406,28.36,11514.16,PINV005926,5
PUR005927,20280524,SUP097,PRD063,ST016,326,621.1,202478.6,PINV005927,9
PUR005928,20250829,SUP082,PRD033,ST017,480,217.81,104548.8,PINV005928,7
PUR005929,20280117,SUP070,PRD287,ST009,209,790.35,165183.15,PINV005929,15
PUR005930,20250210,SUP030,PRD040,ST015,454,554.05,251538.7,PINV005930,13
PUR005931,20240515,SUP087,PRD133,ST014,399,347.02,138460.98,PINV005931,11
PUR005932,20280401,SUP044,PRD204,ST028,409,202.49,82818.41,PINV005932,15
PUR005933,20271031,SUP082,PRD095,ST036,193,471.13,90928.09,PINV005933,10
PUR005934,20250823,SUP062,PRD235,ST008,318,246.1,78259.8,PINV005934,7
PUR005935,20240129,SUP043,PRD275,ST032,349,743.16,259362.84,PINV005935,13
PUR005936,20270107,SUP034,PRD004,ST035,472,437.75,206618.0,PINV005936,10
PUR005937,20270914,SUP091,PRD284,ST011,437,244.31,106763.47,PINV005937,8
PUR005938,20240309,SUP069,PRD135,ST040,75,383.42,28756.5,PINV005938,6
PUR005939,20270904,SUP042,PRD258,ST015,333,698.01,232437.33,PINV005939,1
PUR005940,20270821,SUP043,PRD292,ST010,63,246.02,15499.26,PINV005940,4
PUR005941,20271012,SUP002,PRD122,ST021,213,67.37,14349.81,PINV005941,5
PUR005942,20280505,SUP082,PRD223,ST036,427,648.19,276777.13,PINV005942,7
PUR005943,20230106,SUP032,PRD137,ST029,70,388.23,27176.1,PINV005943,14
PUR005944,20250309,SUP066,PRD099,ST039,157,254.41,39942.37,PINV005944,9
PUR005945,20280506,SUP036,PRD206,ST033,247,283.58,70044.26,PINV005945,13
PUR005946,20280422,SUP030,PRD230,ST028,446,258.13,115125.98,PINV005946,11
PUR005947,20240309,SUP063,PRD271,ST004,249,414.79,103282.71,PINV005947,3
PUR005948,20250628,SUP034,PRD024,ST046,195,153.94,30018.3,PINV005948,12
PUR005949,20230725,SUP043,PRD277,ST031,394,543.85,214276.9,PINV005949,13
PUR005950,20230314,SUP043,PRD040,ST003,387,524.3,202904.1,PINV005950,14
PUR005951,20230117,SUP039,PRD210,ST007,140,226.49,31708.6,PINV005951,8
PUR005952,20251203,SUP036,PRD178,ST004,51,606.11,30911.61,PINV005952,4
PUR005953,20230919,SUP075,PRD062,ST021,186,507.39,94374.54,PINV005953,8
PUR005954,20251226,SUP091,PRD245,ST040,57,306.18,17452.26,PINV005954,15
PUR005955,20260429,SUP079,PRD050,ST043,148,89.66,13269.68,PINV005955,6
PUR005956,20250602,SUP050,PRD223,ST048,383,153.11,58641.13,PINV005956,11
PUR005957,20231117,SUP077,PRD227,ST050,271,241.17,65357.07,PINV005957,14
PUR005958,20241021,SUP080,PRD083,ST031,257,389.75,100165.75,PINV005958,3
PUR005959,20270525,SUP010,PRD092,ST043,285,453.07,129124.95,PINV005959,11
PUR005960,20230330,SUP052,PRD059,ST036,188,473.38,88995.44,PINV005960,4
PUR005961,20280416,SUP099,PRD019,ST044,267,106.35,28395.45,PINV005961,6
PUR005962,20261102,SUP020,PRD125,ST016,158,375.66,59354.28,PINV005962,13
PUR005963,20280420,SUP080,PRD121,ST027,428,379.38,162374.64,PINV005963,12
PUR005964,20251004,SUP068,PRD083,ST002,178,460.09,81896.02,PINV005964,12
PUR005965,20281206,SUP003,PRD230,ST044,137,742.4,101708.8,PINV005965,13
PUR005966,20280521,SUP100,PRD073,ST016,195,484.21,94420.95,PINV005966,12
PUR005967,20280110,SUP032,PRD288,ST006,477,588.38,280657.26,PINV005967,11
PUR005968,20280514,SUP069,PRD089,ST035,206,749.2,154335.2,PINV005968,12
PUR005969,20270909,SUP040,PRD191,ST026,128,399.33,51114.24,PINV005969,12
PUR005970,20240909,SUP051,PRD112,ST010,246,258.94,63699.24,PINV005970,8
PUR005971,20230609,SUP045,PRD160,ST043,463,213.51,98855.13,PINV005971,7
PUR005972,20250726,SUP086,PRD278,ST022,299,275.38,82338.62,PINV005972,2
PUR005973,20250919,SUP088,PRD023,ST039,180,262.06,47170.8,PINV005973,1
PUR005974,20250516,SUP078,PRD044,ST039,96,747.53,71762.88,PINV005974,10
PUR005975,20271029,SUP092,PRD300,ST003,384,182.68,70149.12,PINV005975,11
PUR005976,20240524,SUP006,PRD096,ST050,64,336.64,21544.96,PINV005976,5
PUR005977,20250626,SUP051,PRD080,ST028,230,782.84,180053.2,PINV005977,4
PUR005978,20280414,SUP011,PRD150,ST010,291,260.59,75831.69,PINV005978,12
PUR005979,20251213,SUP078,PRD030,ST020,226,237.5,53675.0,PINV005979,8
PUR005980,20240113,SUP002,PRD270,ST043,318,96.91,30817.38,PINV005980,6
PUR005981,20230619,SUP029,PRD186,ST006,484,205.5,99462.0,PINV005981,13
PUR005982,20260408,SUP090,PRD151,ST026,326,667.18,217500.68,PINV005982,4
PUR005983,20280822,SUP073,PRD151,ST004,101,574.24,57998.24,PINV005983,11
PUR005984,20250312,SUP020,PRD091,ST006,266,499.23,132795.18,PINV005984,2
PUR005985,20280411,SUP060,PRD045,ST039,126,634.07,79892.82,PINV005985,15
PUR005986,20251019,SUP021,PRD211,ST032,477,41.53,19809.81,PINV005986,8
PUR005987,20280306,SUP090,PRD020,ST002,220,393.0,86460.0,PINV005987,9
PUR005988,20260729,SUP019,PRD240,ST018,72,283.79,20432.88,PINV005988,13
PUR005989,20231004,SUP059,PRD297,ST045,149,567.46,84551.54,PINV005989,8
PUR005990,20250423,SUP018,PRD149,ST049,338,111.68,37747.84,PINV005990,3
PUR005991,20260913,SUP042,PRD142,ST004,410,292.86,120072.6,PINV005991,10
PUR005992,20270313,SUP085,PRD289,ST012,418,738.42,308659.56,PINV005992,5
PUR005993,20240529,SUP011,PRD116,ST023,175,532.87,93252.25,PINV005993,6
PUR005994,20270710,SUP061,PRD276,ST035,88,721.69,63508.72,PINV005994,4
PUR005995,20280210,SUP055,PRD109,ST031,188,384.74,72331.12,PINV005995,7
PUR005996,20240710,SUP085,PRD032,ST010,241,269.3,64901.3,PINV005996,4
PUR005997,20281228,SUP021,PRD133,ST021,210,759.12,159415.2,PINV005997,4
PUR005998,20260827,SUP059,PRD044,ST014,344,683.67,235182.48,PINV005998,4
PUR005999,20280812,SUP073,PRD228,ST019,160,192.09,30734.4,PINV005999,14
PUR006000,20240429,SUP063,PRD052,ST018,186,232.46,43237.56,PINV006000,6
PUR006001,20280120,SUP100,PRD250,ST023,435,309.18,134493.3,PINV006001,9
PUR006002,20230213,SUP067,PRD291,ST027,268,463.76,124287.68,PINV006002,8
PUR006003,20230928,SUP046,PRD002,ST041,280,237.2,66416.0,PINV006003,1
PUR006004,20280820,SUP063,PRD025,ST044,236,79.63,18792.68,PINV006004,10
PUR006005,20270128,SUP051,PRD167,ST016,350,244.35,85522.5,PINV006005,7
PUR006006,20271127,SUP018,PRD110,ST047,377,285.75,107727.75,PINV006006,5
PUR006007,20240424,SUP037,PRD099,ST008,416,414.42,172398.72,PINV006007,12
PUR006008,20250403,SUP017,PRD111,ST014,159,612.26,97349.34,PINV006008,15
PUR006009,20281021,SUP045,PRD231,ST027,317,246.59,78169.03,PINV006009,13
PUR006010,20280319,SUP076,PRD284,ST031,160,204.88,32780.8,PINV006010,2
PUR006011,20270925,SUP064,PRD201,ST036,271,221.45,60012.95,PINV006011,15
PUR006012,20270717,SUP094,PRD269,ST045,239,723.69,172961.91,PINV006012,13
PUR006013,20270213,SUP044,PRD190,ST028,216,662.55,143110.8,PINV006013,14
PUR006014,20230508,SUP017,PRD195,ST027,66,251.33,16587.78,PINV006014,5
PUR006015,20270616,SUP006,PRD188,ST012,320,563.16,180211.2,PINV006015,3
PUR006016,20260712,SUP059,PRD036,ST045,295,27.72,8177.4,PINV006016,13
PUR006017,20281210,SUP019,PRD153,ST036,477,716.28,341665.56,PINV006017,6
PUR006018,20270427,SUP034,PRD169,ST040,465,160.08,74437.2,PINV006018,14
PUR006019,20270118,SUP012,PRD179,ST034,126,446.01,56197.26,PINV006019,5
PUR006020,20251201,SUP028,PRD123,ST048,72,592.81,42682.32,PINV006020,9
PUR006021,20241008,SUP093,PRD296,ST011,483,641.52,309854.16,PINV006021,11
PUR006022,20240902,SUP042,PRD192,ST040,172,758.38,130441.36,PINV006022,6
PUR006023,20250927,SUP075,PRD232,ST009,315,556.0,175140.0,PINV006023,15
PUR006024,20261205,SUP061,PRD299,ST012,254,193.32,49103.28,PINV006024,15
PUR006025,20261114,SUP017,PRD033,ST043,55,476.02,26181.1,PINV006025,9
PUR006026,20230918,SUP074,PRD237,ST050,379,191.74,72669.46,PINV006026,5
PUR006027,20280515,SUP018,PRD105,ST038,357,229.55,81949.35,PINV006027,4
PUR006028,20231029,SUP096,PRD089,ST028,79,772.7,61043.3,PINV006028,12
PUR006029,20280831,SUP066,PRD136,ST003,314,486.05,152619.7,PINV006029,1
PUR006030,20240909,SUP022,PRD008,ST026,54,648.22,35003.88,PINV006030,1
PUR006031,20270414,SUP020,PRD099,ST046,70,443.95,31076.5,PINV006031,6
PUR006032,20270525,SUP051,PRD284,ST042,388,544.39,211223.32,PINV006032,6
PUR006033,20270318,SUP049,PRD193,ST039,220,437.01,96142.2,PINV006033,1
PUR006034,20251102,SUP061,PRD140,ST036,410,666.32,273191.2,PINV006034,14
PUR006035,20280127,SUP074,PRD172,ST008,490,542.23,265692.7,PINV006035,1
PUR006036,20261123,SUP077,PRD028,ST006,165,256.23,42277.95,PINV006036,13
PUR006037,20230815,SUP086,PRD066,ST009,183,136.85,25043.55,PINV006037,11
PUR006038,20241107,SUP091,PRD123,ST041,388,240.47,93302.36,PINV006038,4
PUR006039,20280925,SUP093,PRD146,ST041,255,240.42,61307.1,PINV006039,11
PUR006040,20240327,SUP067,PRD211,ST018,262,544.27,142598.74,PINV006040,9
PUR006041,20260312,SUP100,PRD291,ST008,413,125.04,51641.52,PINV006041,15
PUR006042,20230825,SUP041,PRD161,ST014,210,492.45,103414.5,PINV006042,5
PUR006043,20250818,SUP065,PRD144,ST046,258,458.67,118336.86,PINV006043,6
PUR006044,20250427,SUP031,PRD188,ST023,54,704.61,38048.94,PINV006044,2
PUR006045,20241022,SUP092,PRD178,ST031,296,254.23,75252.08,PINV006045,7
PUR006046,20240416,SUP067,PRD154,ST044,185,630.04,116557.4,PINV006046,14
PUR006047,20260507,SUP066,PRD127,ST041,414,784.58,324816.12,PINV006047,1
PUR006048,20230509,SUP082,PRD281,ST044,230,309.26,71129.8,PINV006048,15
PUR006049,20250907,SUP071,PRD175,ST047,84,182.55,15334.2,PINV006049,11
PUR006050,20240324,SUP058,PRD020,ST032,131,421.42,55206.02,PINV006050,13
PUR006051,20280218,SUP007,PRD285,ST026,126,623.61,78574.86,PINV006051,6
PUR006052,20250524,SUP063,PRD058,ST002,487,177.87,86622.69,PINV006052,3
PUR006053,20240725,SUP050,PRD088,ST025,146,798.37,116562.02,PINV006053,7
PUR006054,20270710,SUP017,PRD239,ST044,196,416.56,81645.76,PINV006054,1
PUR006055,20240815,SUP019,PRD266,ST036,462,674.62,311674.44,PINV006055,7
PUR006056,20241127,SUP015,PRD057,ST020,310,540.4,167524.0,PINV006056,1
PUR006057,20260226,SUP061,PRD280,ST025,188,638.53,120043.64,PINV006057,8
PUR006058,20240405,SUP004,PRD114,ST037,183,680.09,124456.47,PINV006058,2
PUR006059,20230422,SUP020,PRD102,ST019,403,493.65,198940.95,PINV006059,7
PUR006060,20260211,SUP030,PRD234,ST034,419,308.21,129139.99,PINV006060,7
PUR006061,20281210,SUP078,PRD263,ST038,230,261.87,60230.1,PINV006061,3
PUR006062,20280122,SUP061,PRD084,ST045,68,160.09,10886.12,PINV006062,12
PUR006063,20260621,SUP001,PRD011,ST038,420,310.22,130292.4,PINV006063,13
PUR006064,20230522,SUP044,PRD271,ST018,215,140.45,30196.75,PINV006064,8
PUR006065,20260726,SUP094,PRD085,ST044,438,324.05,141933.9,PINV006065,1
PUR006066,20260502,SUP082,PRD229,ST009,434,671.98,291639.32,PINV006066,1
PUR006067,20241216,SUP008,PRD285,ST027,155,44.64,6919.2,PINV006067,11
PUR006068,20281109,SUP017,PRD133,ST046,378,259.31,98019.18,PINV006068,12
PUR006069,20260725,SUP064,PRD261,ST016,197,681.01,134158.97,PINV006069,6
PUR006070,20231226,SUP023,PRD214,ST003,202,129.6,26179.2,PINV006070,11
PUR006071,20231130,SUP033,PRD065,ST040,377,434.97,163983.69,PINV006071,8
PUR006072,20260113,SUP033,PRD122,ST032,328,414.15,135841.2,PINV006072,5
PUR006073,20230815,SUP092,PRD055,ST008,69,132.27,9126.63,PINV006073,13
PUR006074,20270517,SUP039,PRD273,ST003,69,335.48,23148.12,PINV006074,12
PUR006075,20260312,SUP007,PRD177,ST030,123,689.48,84806.04,PINV006075,8
PUR006076,20240329,SUP098,PRD256,ST005,339,642.97,217966.83,PINV006076,9
PUR006077,20251106,SUP077,PRD153,ST009,445,520.24,231506.8,PINV006077,1
PUR006078,20260520,SUP078,PRD181,ST016,204,385.74,78690.96,PINV006078,12
PUR006079,20241105,SUP052,PRD144,ST043,181,701.85,127034.85,PINV006079,12
PUR006080,20241127,SUP005,PRD046,ST011,71,157.62,11191.02,PINV006080,3
PUR006081,20231124,SUP011,PRD050,ST032,114,484.44,55226.16,PINV006081,12
PUR006082,20250806,SUP054,PRD163,ST018,308,133.1,40994.8,PINV006082,9
PUR006083,20230925,SUP083,PRD134,ST008,342,487.38,166683.96,PINV006083,7
PUR006084,20240908,SUP003,PRD190,ST027,160,753.99,120638.4,PINV006084,8
PUR006085,20260211,SUP031,PRD165,ST035,109,625.29,68156.61,PINV006085,9
PUR006086,20260407,SUP093,PRD082,ST017,379,31.98,12120.42,PINV006086,11
PUR006087,20280822,SUP055,PRD156,ST013,284,433.73,123179.32,PINV006087,4
PUR006088,20260427,SUP071,PRD162,ST011,217,45.09,9784.53,PINV006088,12
PUR006089,20240424,SUP025,PRD211,ST004,76,485.9,36928.4,PINV006089,2
PUR006090,20280206,SUP060,PRD058,ST022,359,426.79,153217.61,PINV006090,11
PUR006091,20240919,SUP004,PRD076,ST002,490,424.72,208112.8,PINV006091,10
PUR006092,20260223,SUP044,PRD034,ST004,88,125.16,11014.08,PINV006092,14
PUR006093,20230103,SUP033,PRD030,ST043,108,461.99,49894.92,PINV006093,3
PUR006094,20270814,SUP073,PRD145,ST046,165,786.14,129713.1,PINV006094,10
PUR006095,20250107,SUP013,PRD012,ST040,105,361.19,37924.95,PINV006095,7
PUR006096,20240414,SUP023,PRD010,ST027,129,714.4,92157.6,PINV006096,15
PUR006097,20271023,SUP013,PRD098,ST018,311,594.88,185007.68,PINV006097,9
PUR006098,20280512,SUP034,PRD101,ST009,178,330.82,58885.96,PINV006098,9
PUR006099,20260518,SUP073,PRD223,ST019,380,23.33,8865.4,PINV006099,1
PUR006100,20260327,SUP032,PRD047,ST002,491,278.11,136552.01,PINV006100,8
PUR006101,20261107,SUP090,PRD116,ST021,221,684.78,151336.38,PINV006101,15
PUR006102,20240220,SUP016,PRD197,ST033,473,217.14,102707.22,PINV006102,3
PUR006103,20241031,SUP048,PRD064,ST032,444,489.33,217262.52,PINV006103,10
PUR006104,20280702,SUP096,PRD195,ST016,192,571.18,109666.56,PINV006104,15
PUR006105,20230325,SUP092,PRD054,ST041,92,46.31,4260.52,PINV006105,8
PUR006106,20250414,SUP029,PRD113,ST023,413,486.69,201002.97,PINV006106,7
PUR006107,20230625,SUP100,PRD157,ST025,144,397.73,57273.12,PINV006107,8
PUR006108,20270607,SUP099,PRD005,ST014,400,705.97,282388.0,PINV006108,12
PUR006109,20260607,SUP025,PRD127,ST009,126,644.76,81239.76,PINV006109,13
PUR006110,20231216,SUP029,PRD190,ST010,128,756.94,96888.32,PINV006110,15
PUR006111,20251123,SUP066,PRD205,ST002,374,483.36,180776.64,PINV006111,10
PUR006112,20280228,SUP036,PRD099,ST044,314,780.29,245011.06,PINV006112,10
PUR006113,20281018,SUP081,PRD164,ST019,300,631.56,189468.0,PINV006113,8
PUR006114,20260115,SUP090,PRD211,ST041,474,543.69,257709.06,PINV006114,1
PUR006115,20270108,SUP035,PRD015,ST004,83,581.65,48276.95,PINV006115,15
PUR006116,20250622,SUP031,PRD065,ST007,361,198.07,71503.27,PINV006116,8
PUR006117,20281226,SUP046,PRD237,ST024,147,599.42,88114.74,PINV006117,15
PUR006118,20241001,SUP059,PRD077,ST028,257,258.96,66552.72,PINV006118,2
PUR006119,20270518,SUP091,PRD056,ST027,266,795.8,211682.8,PINV006119,5
PUR006120,20281117,SUP029,PRD069,ST002,339,236.06,80024.34,PINV006120,5
PUR006121,20270910,SUP060,PRD014,ST027,116,196.83,22832.28,PINV006121,7
PUR006122,20271111,SUP068,PRD149,ST004,323,644.39,208137.97,PINV006122,7
PUR006123,20241026,SUP075,PRD158,ST005,464,133.99,62171.36,PINV006123,13
PUR006124,20231118,SUP070,PRD153,ST048,219,181.06,39652.14,PINV006124,13
PUR006125,20260101,SUP064,PRD220,ST002,140,707.56,99058.4,PINV006125,5
PUR006126,20271102,SUP060,PRD095,ST043,425,383.11,162821.75,PINV006126,2
PUR006127,20230128,SUP037,PRD217,ST011,285,298.71,85132.35,PINV006127,12
PUR006128,20271105,SUP076,PRD017,ST014,316,696.2,219999.2,PINV006128,9
PUR006129,20261115,SUP076,PRD032,ST025,323,336.21,108595.83,PINV006129,15
PUR006130,20261229,SUP009,PRD229,ST017,186,396.88,73819.68,PINV006130,7
PUR006131,20280715,SUP035,PRD269,ST001,80,122.02,9761.6,PINV006131,6
PUR006132,20241004,SUP002,PRD005,ST015,244,619.38,151128.72,PINV006132,14
PUR006133,20280708,SUP026,PRD144,ST022,332,456.37,151514.84,PINV006133,8
PUR006134,20261102,SUP081,PRD031,ST006,339,311.69,105662.91,PINV006134,6
PUR006135,20281225,SUP021,PRD170,ST015,367,725.51,266262.17,PINV006135,15
PUR006136,20270121,SUP069,PRD111,ST029,334,737.68,246385.12,PINV006136,15
PUR006137,20260608,SUP067,PRD076,ST019,50,660.6,33030.0,PINV006137,5
PUR006138,20250318,SUP061,PRD063,ST033,116,127.22,14757.52,PINV006138,10
PUR006139,20250804,SUP006,PRD161,ST008,111,493.54,54782.94,PINV006139,11
PUR006140,20240221,SUP014,PRD222,ST020,419,479.59,200948.21,PINV006140,9
PUR006141,20230108,SUP033,PRD098,ST014,348,391.46,136228.08,PINV006141,6
PUR006142,20260910,SUP020,PRD286,ST012,207,513.59,106313.13,PINV006142,14
PUR006143,20240206,SUP064,PRD089,ST027,148,561.58,83113.84,PINV006143,9
PUR006144,20251104,SUP079,PRD033,ST023,121,703.0,85063.0,PINV006144,13
PUR006145,20280725,SUP028,PRD246,ST038,219,334.21,73191.99,PINV006145,11
PUR006146,20241030,SUP042,PRD295,ST028,210,364.63,76572.3,PINV006146,5
PUR006147,20280930,SUP098,PRD003,ST006,313,141.47,44280.11,PINV006147,14
PUR006148,20241113,SUP067,PRD160,ST003,358,211.78,75817.24,PINV006148,7
PUR006149,20270329,SUP004,PRD115,ST039,470,352.81,165820.7,PINV006149,6
PUR006150,20280910,SUP019,PRD057,ST012,139,158.0,21962.0,PINV006150,15
PUR006151,20230830,SUP010,PRD102,ST037,130,625.9,81367.0,PINV006151,13
PUR006152,20280604,SUP051,PRD103,ST024,210,625.58,131371.8,PINV006152,13
PUR006153,20260111,SUP051,PRD044,ST016,126,617.97,77864.22,PINV006153,8
PUR006154,20250914,SUP009,PRD166,ST029,104,659.17,68553.68,PINV006154,5
PUR006155,20250912,SUP055,PRD081,ST031,481,624.83,300543.23,PINV006155,2
PUR006156,20281110,SUP078,PRD284,ST034,175,651.81,114066.75,PINV006156,5
PUR006157,20261229,SUP004,PRD022,ST030,497,647.6,321857.2,PINV006157,9
PUR006158,20270518,SUP034,PRD129,ST011,68,786.21,53462.28,PINV006158,5
PUR006159,20230710,SUP043,PRD160,ST037,157,390.28,61273.96,PINV006159,3
PUR006160,20270307,SUP049,PRD168,ST007,449,155.58,69855.42,PINV006160,7
PUR006161,20251120,SUP021,PRD171,ST005,351,24.14,8473.14,PINV006161,8
PUR006162,20240831,SUP024,PRD206,ST004,381,357.9,136359.9,PINV006162,11
PUR006163,20250129,SUP058,PRD251,ST025,203,657.51,133474.53,PINV006163,6
PUR006164,20270520,SUP025,PRD182,ST010,86,553.57,47607.02,PINV006164,2
PUR006165,20250824,SUP092,PRD134,ST013,201,432.34,86900.34,PINV006165,2
PUR006166,20241123,SUP048,PRD064,ST004,268,292.72,78448.96,PINV006166,7
PUR006167,20280127,SUP015,PRD235,ST047,206,762.37,157048.22,PINV006167,10
PUR006168,20250318,SUP008,PRD031,ST049,191,514.45,98259.95,PINV006168,8
PUR006169,20250127,SUP085,PRD097,ST048,257,451.82,116117.74,PINV006169,2
PUR006170,20280209,SUP087,PRD114,ST026,370,787.14,291241.8,PINV006170,14
PUR006171,20230508,SUP045,PRD085,ST012,365,789.47,288156.55,PINV006171,11
PUR006172,20251225,SUP088,PRD045,ST033,431,315.01,135769.31,PINV006172,11
PUR006173,20270807,SUP045,PRD045,ST034,262,153.98,40342.76,PINV006173,7
PUR006174,20260204,SUP068,PRD207,ST005,179,614.24,109948.96,PINV006174,2
PUR006175,20230618,SUP031,PRD042,ST020,279,676.9,188855.1,PINV006175,13
PUR006176,20270220,SUP005,PRD231,ST018,175,778.02,136153.5,PINV006176,15
PUR006177,20231205,SUP038,PRD043,ST001,382,516.3,197226.6,PINV006177,15
PUR006178,20231103,SUP027,PRD223,ST019,382,769.25,293853.5,PINV006178,2
PUR006179,20230416,SUP098,PRD235,ST001,193,715.26,138045.18,PINV006179,10
PUR006180,20260920,SUP020,PRD136,ST020,433,537.34,232668.22,PINV006180,10
PUR006181,20230211,SUP068,PRD180,ST045,205,372.92,76448.6,PINV006181,6
PUR006182,20260921,SUP031,PRD167,ST012,108,502.35,54253.8,PINV006182,11
PUR006183,20231013,SUP029,PRD194,ST046,421,615.31,259045.51,PINV006183,14
PUR006184,20261021,SUP098,PRD110,ST032,467,440.67,205792.89,PINV006184,7
PUR006185,20240722,SUP070,PRD200,ST010,394,338.8,133487.2,PINV006185,12
PUR006186,20261125,SUP048,PRD153,ST039,51,372.12,18978.12,PINV006186,7
PUR006187,20230526,SUP032,PRD262,ST024,253,750.32,189830.96,PINV006187,9
PUR006188,20250806,SUP028,PRD279,ST005,124,326.88,40533.12,PINV006188,11
PUR006189,20240822,SUP092,PRD037,ST035,399,208.96,83375.04,PINV006189,2
PUR006190,20270629,SUP014,PRD041,ST006,310,622.52,192981.2,PINV006190,8
PUR006191,20270203,SUP070,PRD286,ST039,111,636.87,70692.57,PINV006191,6
PUR006192,20251202,SUP013,PRD215,ST041,455,335.66,152725.3,PINV006192,15
PUR006193,20251229,SUP082,PRD218,ST012,185,709.65,131285.25,PINV006193,13
PUR006194,20250224,SUP063,PRD275,ST018,74,671.28,49674.72,PINV006194,8
PUR006195,20271024,SUP021,PRD269,ST027,349,628.3,219276.7,PINV006195,4
PUR006196,20230113,SUP077,PRD054,ST026,127,624.79,79348.33,PINV006196,15
PUR006197,20250823,SUP033,PRD272,ST045,495,522.4,258588.0,PINV006197,3
PUR006198,20250410,SUP037,PRD060,ST011,160,174.03,27844.8,PINV006198,8
PUR006199,20230725,SUP060,PRD038,ST020,251,77.15,19364.65,PINV006199,1
PUR006200,20280903,SUP072,PRD037,ST020,500,763.41,381705.0,PINV006200,12
PUR006201,20260507,SUP058,PRD173,ST032,303,647.24,196113.72,PINV006201,12
PUR006202,20270921,SUP047,PRD164,ST031,338,461.65,156037.7,PINV006202,1
PUR006203,20260525,SUP049,PRD020,ST008,309,159.69,49344.21,PINV006203,5
PUR006204,20240425,SUP048,PRD291,ST038,162,620.16,100465.92,PINV006204,10
PUR006205,20251217,SUP023,PRD099,ST041,232,264.89,61454.48,PINV006205,15
PUR006206,20281212,SUP050,PRD298,ST050,115,493.98,56807.7,PINV006206,15
PUR006207,20241017,SUP014,PRD120,ST029,382,687.52,262632.64,PINV006207,2
PUR006208,20270109,SUP054,PRD150,ST023,311,606.42,188596.62,PINV006208,11
PUR006209,20261115,SUP039,PRD065,ST002,54,99.08,5350.32,PINV006209,12
PUR006210,20241203,SUP082,PRD174,ST002,387,82.49,31923.63,PINV006210,6
PUR006211,20270615,SUP056,PRD203,ST048,269,345.54,92950.26,PINV006211,8
PUR006212,20261013,SUP077,PRD180,ST033,358,361.65,129470.7,PINV006212,14
PUR006213,20250717,SUP100,PRD082,ST033,351,353.95,124236.45,PINV006213,7
PUR006214,20230503,SUP052,PRD235,ST020,440,324.23,142661.2,PINV006214,4
PUR006215,20270327,SUP063,PRD006,ST029,315,351.36,110678.4,PINV006215,11
PUR006216,20251223,SUP018,PRD279,ST033,166,507.14,84185.24,PINV006216,2
PUR006217,20280401,SUP020,PRD234,ST049,116,790.58,91707.28,PINV006217,4
PUR006218,20270321,SUP068,PRD057,ST024,221,449.81,99408.01,PINV006218,2
PUR006219,20281209,SUP005,PRD276,ST021,258,518.91,133878.78,PINV006219,3
PUR006220,20241017,SUP054,PRD278,ST027,323,315.27,101832.21,PINV006220,12
PUR006221,20230112,SUP051,PRD064,ST042,276,581.47,160485.72,PINV006221,13
PUR006222,20270225,SUP094,PRD292,ST022,418,325.35,135996.3,PINV006222,9
PUR006223,20240412,SUP079,PRD136,ST006,464,771.58,358013.12,PINV006223,7
PUR006224,20251009,SUP032,PRD141,ST021,147,358.86,52752.42,PINV006224,4
PUR006225,20250808,SUP075,PRD057,ST007,384,677.86,260298.24,PINV006225,13
PUR006226,20241118,SUP027,PRD223,ST015,393,611.74,240413.82,PINV006226,2
PUR006227,20240401,SUP009,PRD232,ST006,462,371.07,171434.34,PINV006227,3
PUR006228,20240705,SUP034,PRD297,ST044,107,209.27,22391.89,PINV006228,7
PUR006229,20280306,SUP001,PRD261,ST038,414,657.19,272076.66,PINV006229,7
PUR006230,20240302,SUP063,PRD083,ST025,423,432.77,183061.71,PINV006230,13
PUR006231,20231124,SUP038,PRD023,ST010,173,793.39,137256.47,PINV006231,3
PUR006232,20240108,SUP004,PRD025,ST048,484,288.26,139517.84,PINV006232,2
PUR006233,20280717,SUP080,PRD004,ST021,463,24.72,11445.36,PINV006233,14
PUR006234,20280502,SUP013,PRD237,ST021,385,475.12,182921.2,PINV006234,10
PUR006235,20230405,SUP091,PRD280,ST045,190,61.63,11709.7,PINV006235,9
PUR006236,20241010,SUP009,PRD210,ST008,106,493.4,52300.4,PINV006236,12
PUR006237,20270310,SUP033,PRD299,ST048,197,206.97,40773.09,PINV006237,7
PUR006238,20280531,SUP004,PRD021,ST013,209,22.27,4654.43,PINV006238,12
PUR006239,20270208,SUP051,PRD175,ST042,327,439.36,143670.72,PINV006239,5
PUR006240,20241220,SUP051,PRD066,ST040,233,103.51,24117.83,PINV006240,4
PUR006241,20260806,SUP050,PRD195,ST037,150,458.91,68836.5,PINV006241,14
PUR006242,20280626,SUP071,PRD118,ST047,495,360.94,178665.3,PINV006242,14
PUR006243,20260829,SUP006,PRD042,ST027,183,701.71,128412.93,PINV006243,13
PUR006244,20241031,SUP094,PRD121,ST043,207,427.33,88457.31,PINV006244,14
PUR006245,20280422,SUP069,PRD058,ST025,113,791.99,89494.87,PINV006245,5
PUR006246,20250606,SUP094,PRD263,ST033,381,275.0,104775.0,PINV006246,5
PUR006247,20230518,SUP091,PRD287,ST013,167,191.26,31940.42,PINV006247,1
PUR006248,20240127,SUP044,PRD049,ST041,228,83.61,19063.08,PINV006248,9
PUR006249,20280130,SUP060,PRD031,ST033,123,690.77,84964.71,PINV006249,9
PUR006250,20281229,SUP038,PRD221,ST041,466,133.5,62211.0,PINV006250,1
PUR006251,20240521,SUP056,PRD092,ST021,168,399.04,67038.72,PINV006251,9
PUR006252,20270425,SUP067,PRD055,ST031,221,746.63,165005.23,PINV006252,7
PUR006253,20280328,SUP099,PRD266,ST030,126,391.19,49289.94,PINV006253,13
PUR006254,20250204,SUP065,PRD199,ST047,163,422.6,68883.8,PINV006254,14
PUR006255,20260204,SUP080,PRD149,ST034,239,767.59,183454.01,PINV006255,5
PUR006256,20241120,SUP040,PRD295,ST047,409,497.66,203542.94,PINV006256,13
PUR006257,20280426,SUP035,PRD252,ST046,250,124.37,31092.5,PINV006257,4
PUR006258,20260107,SUP056,PRD010,ST045,434,732.25,317796.5,PINV006258,5
PUR006259,20271028,SUP078,PRD142,ST046,375,256.63,96236.25,PINV006259,5
PUR006260,20240729,SUP081,PRD208,ST035,479,316.87,151780.73,PINV006260,4
PUR006261,20240523,SUP048,PRD273,ST050,382,508.33,194182.06,PINV006261,7
PUR006262,20270715,SUP020,PRD093,ST031,149,404.59,60283.91,PINV006262,7
PUR006263,20280517,SUP079,PRD293,ST048,152,441.69,67136.88,PINV006263,6
PUR006264,20280921,SUP030,PRD086,ST046,144,757.16,109031.04,PINV006264,14
PUR006265,20241101,SUP037,PRD085,ST017,377,797.04,300484.08,PINV006265,9
PUR006266,20251117,SUP068,PRD038,ST040,303,504.18,152766.54,PINV006266,12
PUR006267,20250519,SUP004,PRD138,ST043,472,575.42,271598.24,PINV006267,3
PUR006268,20261105,SUP005,PRD076,ST045,406,169.39,68772.34,PINV006268,11
PUR006269,20280907,SUP055,PRD286,ST025,84,526.07,44189.88,PINV006269,4
PUR006270,20250330,SUP055,PRD060,ST033,186,761.29,141599.94,PINV006270,10
PUR006271,20260209,SUP043,PRD188,ST010,104,573.66,59660.64,PINV006271,4
PUR006272,20270509,SUP084,PRD261,ST023,100,41.88,4188.0,PINV006272,4
PUR006273,20271020,SUP089,PRD047,ST012,466,497.65,231904.9,PINV006273,6
PUR006274,20280508,SUP004,PRD257,ST008,231,596.87,137876.97,PINV006274,9
PUR006275,20250817,SUP028,PRD078,ST043,425,549.81,233669.25,PINV006275,3
PUR006276,20280308,SUP077,PRD129,ST005,80,493.71,39496.8,PINV006276,8
PUR006277,20231223,SUP059,PRD014,ST027,393,46.3,18195.9,PINV006277,11
PUR006278,20230722,SUP091,PRD025,ST015,304,569.21,173039.84,PINV006278,14
PUR006279,20280609,SUP078,PRD149,ST017,497,764.15,379782.55,PINV006279,5
PUR006280,20261214,SUP087,PRD041,ST005,374,665.65,248953.1,PINV006280,13
PUR006281,20260917,SUP001,PRD296,ST002,210,464.05,97450.5,PINV006281,14
PUR006282,20250110,SUP060,PRD202,ST021,332,651.4,216264.8,PINV006282,13
PUR006283,20281223,SUP039,PRD178,ST003,209,568.99,118918.91,PINV006283,5
PUR006284,20240119,SUP087,PRD270,ST002,114,679.78,77494.92,PINV006284,3
PUR006285,20240325,SUP021,PRD138,ST003,78,620.63,48409.14,PINV006285,11
PUR006286,20251203,SUP084,PRD157,ST040,329,110.09,36219.61,PINV006286,5
PUR006287,20270503,SUP041,PRD120,ST036,323,375.43,121263.89,PINV006287,12
PUR006288,20250701,SUP075,PRD270,ST035,233,35.31,8227.23,PINV006288,4
PUR006289,20260315,SUP100,PRD086,ST026,139,428.48,59558.72,PINV006289,1
PUR006290,20260906,SUP062,PRD027,ST033,54,465.85,25155.9,PINV006290,4
PUR006291,20280812,SUP004,PRD261,ST016,456,158.12,72102.72,PINV006291,10
PUR006292,20270222,SUP067,PRD151,ST011,61,258.38,15761.18,PINV006292,15
PUR006293,20230206,SUP047,PRD070,ST039,321,586.44,188247.24,PINV006293,8
PUR006294,20261230,SUP014,PRD289,ST021,166,306.05,50804.3,PINV006294,15
PUR006295,20280418,SUP033,PRD122,ST035,397,752.07,298571.79,PINV006295,12
PUR006296,20260623,SUP099,PRD169,ST042,435,603.51,262526.85,PINV006296,11
PUR006297,20230919,SUP058,PRD236,ST024,369,339.0,125091.0,PINV006297,1
PUR006298,20280229,SUP051,PRD070,ST031,371,168.16,62387.36,PINV006298,8
PUR006299,20280321,SUP026,PRD077,ST004,212,707.82,150057.84,PINV006299,3
PUR006300,20250515,SUP004,PRD220,ST016,116,352.06,40838.96,PINV006300,3
PUR006301,20270809,SUP067,PRD094,ST037,443,628.09,278243.87,PINV006301,10
PUR006302,20280926,SUP093,PRD150,ST018,73,666.28,48638.44,PINV006302,7
PUR006303,20260717,SUP087,PRD109,ST018,403,370.2,149190.6,PINV006303,1
PUR006304,20260115,SUP015,PRD110,ST016,472,389.62,183900.64,PINV006304,12
PUR006305,20250827,SUP007,PRD051,ST009,52,203.99,10607.48,PINV006305,4
PUR006306,20240426,SUP033,PRD236,ST033,335,261.24,87515.4,PINV006306,1
PUR006307,20270825,SUP083,PRD298,ST025,474,280.51,132961.74,PINV006307,5
PUR006308,20231111,SUP081,PRD245,ST008,148,710.73,105188.04,PINV006308,14
PUR006309,20270129,SUP086,PRD164,ST048,145,751.23,108928.35,PINV006309,2
PUR006310,20270102,SUP005,PRD226,ST020,204,550.38,112277.52,PINV006310,13
PUR006311,20280801,SUP058,PRD281,ST018,370,91.2,33744.0,PINV006311,11
PUR006312,20271108,SUP073,PRD138,ST037,342,625.26,213838.92,PINV006312,8
PUR006313,20231018,SUP085,PRD244,ST028,439,657.33,288567.87,PINV006313,11
PUR006314,20270419,SUP056,PRD233,ST031,227,249.92,56731.84,PINV006314,10
PUR006315,20260304,SUP042,PRD244,ST042,443,641.27,284082.61,PINV006315,9
PUR006316,20230501,SUP066,PRD037,ST044,399,484.84,193451.16,PINV006316,12
PUR006317,20250123,SUP042,PRD040,ST033,315,520.42,163932.3,PINV006317,12
PUR006318,20231210,SUP022,PRD265,ST034,244,103.24,25190.56,PINV006318,5
PUR006319,20260825,SUP012,PRD065,ST042,401,665.95,267045.95,PINV006319,6
PUR006320,20281203,SUP006,PRD020,ST023,483,422.57,204101.31,PINV006320,3
PUR006321,20241211,SUP055,PRD107,ST013,53,330.34,17508.02,PINV006321,10
PUR006322,20261129,SUP076,PRD213,ST006,448,451.2,202137.6,PINV006322,2
PUR006323,20240629,SUP010,PRD074,ST010,163,259.69,42329.47,PINV006323,8
PUR006324,20270805,SUP069,PRD178,ST043,176,193.33,34026.08,PINV006324,11
PUR006325,20270801,SUP060,PRD023,ST006,297,608.31,180668.07,PINV006325,14
PUR006326,20261115,SUP026,PRD086,ST002,421,464.01,195348.21,PINV006326,2
PUR006327,20260416,SUP041,PRD021,ST046,328,761.26,249693.28,PINV006327,5
PUR006328,20280908,SUP006,PRD116,ST033,132,724.96,95694.72,PINV006328,4
PUR006329,20280111,SUP022,PRD157,ST023,56,383.66,21484.96,PINV006329,9
PUR006330,20260427,SUP020,PRD040,ST004,50,753.83,37691.5,PINV006330,5
PUR006331,20231118,SUP060,PRD059,ST007,288,318.57,91748.16,PINV006331,6
PUR006332,20250520,SUP043,PRD050,ST019,115,285.1,32786.5,PINV006332,13
PUR006333,20250716,SUP063,PRD176,ST027,219,38.81,8499.39,PINV006333,15
PUR006334,20240512,SUP074,PRD143,ST009,462,201.31,93005.22,PINV006334,6
PUR006335,20230211,SUP071,PRD101,ST045,142,80.49,11429.58,PINV006335,2
PUR006336,20230809,SUP008,PRD090,ST041,155,280.34,43452.7,PINV006336,14
PUR006337,20250705,SUP032,PRD184,ST009,317,547.93,173693.81,PINV006337,4
PUR006338,20260423,SUP004,PRD171,ST037,269,510.61,137354.09,PINV006338,9
PUR006339,20260106,SUP070,PRD267,ST021,313,504.76,157989.88,PINV006339,10
PUR006340,20231211,SUP055,PRD004,ST023,380,503.57,191356.6,PINV006340,10
PUR006341,20250807,SUP080,PRD027,ST050,130,489.29,63607.7,PINV006341,5
PUR006342,20260603,SUP036,PRD182,ST036,99,639.06,63266.94,PINV006342,6
PUR006343,20241102,SUP042,PRD134,ST014,84,84.7,7114.8,PINV006343,12
PUR006344,20230903,SUP038,PRD184,ST021,411,213.25,87645.75,PINV006344,14
PUR006345,20281028,SUP068,PRD069,ST023,225,395.46,88978.5,PINV006345,15
PUR006346,20280918,SUP065,PRD047,ST024,278,135.17,37577.26,PINV006346,5
PUR006347,20250905,SUP027,PRD234,ST020,338,47.49,16051.62,PINV006347,8
PUR006348,20250105,SUP013,PRD102,ST034,221,414.52,91608.92,PINV006348,10
PUR006349,20240728,SUP028,PRD293,ST047,454,779.45,353870.3,PINV006349,4
PUR006350,20281128,SUP081,PRD167,ST031,352,686.66,241704.32,PINV006350,15
PUR006351,20251027,SUP073,PRD065,ST027,284,245.78,69801.52,PINV006351,7
PUR006352,20260307,SUP036,PRD047,ST045,138,121.06,16706.28,PINV006352,13
PUR006353,20270321,SUP096,PRD137,ST018,466,587.28,273672.48,PINV006353,5
PUR006354,20240629,SUP013,PRD049,ST002,71,581.87,41312.77,PINV006354,7
PUR006355,20270403,SUP079,PRD296,ST015,175,595.21,104161.75,PINV006355,12
PUR006356,20280103,SUP062,PRD022,ST014,421,782.82,329567.22,PINV006356,8
PUR006357,20251127,SUP050,PRD162,ST033,128,43.47,5564.16,PINV006357,2
PUR006358,20281025,SUP055,PRD282,ST028,253,606.11,153345.83,PINV006358,2
PUR006359,20280617,SUP069,PRD004,ST042,251,440.33,110522.83,PINV006359,1
PUR006360,20261215,SUP044,PRD140,ST014,329,371.84,122335.36,PINV006360,6
PUR006361,20241217,SUP011,PRD193,ST050,184,625.45,115082.8,PINV006361,12
PUR006362,20240901,SUP035,PRD293,ST009,304,526.54,160068.16,PINV006362,10
PUR006363,20230815,SUP021,PRD279,ST028,128,95.51,12225.28,PINV006363,10
PUR006364,20250617,SUP089,PRD014,ST036,159,557.4,88626.6,PINV006364,13
PUR006365,20250709,SUP024,PRD083,ST006,486,529.89,257526.54,PINV006365,10
PUR006366,20261107,SUP036,PRD078,ST038,80,315.02,25201.6,PINV006366,15
PUR006367,20260925,SUP090,PRD248,ST025,463,546.23,252904.49,PINV006367,9
PUR006368,20250829,SUP037,PRD251,ST050,296,491.39,145451.44,PINV006368,1
PUR006369,20280326,SUP066,PRD080,ST009,439,657.85,288796.15,PINV006369,3
PUR006370,20270914,SUP035,PRD185,ST004,485,455.37,220854.45,PINV006370,15
PUR006371,20261214,SUP100,PRD045,ST007,444,381.06,169190.64,PINV006371,7
PUR006372,20230126,SUP040,PRD262,ST044,287,481.76,138265.12,PINV006372,2
PUR006373,20231201,SUP039,PRD042,ST018,307,274.5,84271.5,PINV006373,3
PUR006374,20270910,SUP006,PRD045,ST038,175,23.97,4194.75,PINV006374,14
PUR006375,20250831,SUP017,PRD194,ST025,214,410.68,87885.52,PINV006375,8
PUR006376,20250203,SUP015,PRD225,ST019,469,217.47,101993.43,PINV006376,13
PUR006377,20260623,SUP057,PRD175,ST010,262,316.83,83009.46,PINV006377,10
PUR006378,20250730,SUP080,PRD023,ST047,124,226.2,28048.8,PINV006378,1
PUR006379,20230221,SUP037,PRD295,ST022,143,734.08,104973.44,PINV006379,14
PUR006380,20251109,SUP001,PRD158,ST010,358,307.78,110185.24,PINV006380,15
PUR006381,20240808,SUP069,PRD122,ST038,417,283.41,118181.97,PINV006381,6
PUR006382,20261128,SUP025,PRD189,ST049,378,754.78,285306.84,PINV006382,4
PUR006383,20280429,SUP076,PRD073,ST005,109,520.08,56688.72,PINV006383,2
PUR006384,20230821,SUP056,PRD062,ST044,409,428.92,175428.28,PINV006384,15
PUR006385,20270410,SUP091,PRD217,ST025,214,171.86,36778.04,PINV006385,5
PUR006386,20270812,SUP022,PRD046,ST018,436,133.05,58009.8,PINV006386,13
PUR006387,20251012,SUP076,PRD073,ST012,268,688.87,184617.16,PINV006387,11
PUR006388,20251112,SUP089,PRD231,ST046,90,129.46,11651.4,PINV006388,5
PUR006389,20280613,SUP091,PRD181,ST029,439,379.48,166591.72,PINV006389,13
PUR006390,20280120,SUP021,PRD117,ST008,71,565.91,40179.61,PINV006390,14
PUR006391,20270807,SUP052,PRD269,ST021,311,151.69,47175.59,PINV006391,10
PUR006392,20281117,SUP049,PRD036,ST017,407,189.84,77264.88,PINV006392,11
PUR006393,20250509,SUP052,PRD134,ST038,176,273.59,48151.84,PINV006393,14
PUR006394,20250804,SUP003,PRD285,ST033,350,90.76,31766.0,PINV006394,13
PUR006395,20280229,SUP020,PRD021,ST004,340,57.77,19641.8,PINV006395,5
PUR006396,20231224,SUP004,PRD246,ST003,405,94.37,38219.85,PINV006396,7
PUR006397,20280325,SUP019,PRD156,ST004,68,693.38,47149.84,PINV006397,1
PUR006398,20261108,SUP042,PRD046,ST015,477,459.13,219005.01,PINV006398,7
PUR006399,20230605,SUP098,PRD272,ST033,146,382.18,55798.28,PINV006399,4
PUR006400,20240907,SUP002,PRD252,ST021,291,183.36,53357.76,PINV006400,3
PUR006401,20250528,SUP077,PRD060,ST012,410,672.61,275770.1,PINV006401,4
PUR006402,20280326,SUP026,PRD055,ST036,151,494.44,74660.44,PINV006402,15
PUR006403,20231021,SUP020,PRD127,ST005,209,24.37,5093.33,PINV006403,9
PUR006404,20251024,SUP094,PRD122,ST012,108,454.33,49067.64,PINV006404,6
PUR006405,20250612,SUP003,PRD116,ST026,283,535.64,151586.12,PINV006405,3
PUR006406,20270625,SUP030,PRD056,ST027,195,479.32,93467.4,PINV006406,7
PUR006407,20280824,SUP045,PRD085,ST045,462,533.66,246550.92,PINV006407,5
PUR006408,20280331,SUP097,PRD114,ST042,281,46.43,13046.83,PINV006408,3
PUR006409,20240604,SUP010,PRD061,ST031,236,283.95,67012.2,PINV006409,12
PUR006410,20270216,SUP063,PRD297,ST026,54,414.79,22398.66,PINV006410,7
PUR006411,20241111,SUP099,PRD067,ST020,465,21.42,9960.3,PINV006411,7
PUR006412,20230108,SUP040,PRD093,ST003,114,103.94,11849.16,PINV006412,12
PUR006413,20281231,SUP029,PRD138,ST016,239,267.02,63817.78,PINV006413,11
PUR006414,20280126,SUP070,PRD163,ST019,175,217.83,38120.25,PINV006414,6
PUR006415,20250430,SUP016,PRD277,ST004,323,33.7,10885.1,PINV006415,10
PUR006416,20240704,SUP008,PRD067,ST042,476,705.86,335989.36,PINV006416,12
PUR006417,20280213,SUP072,PRD088,ST010,194,305.91,59346.54,PINV006417,11
PUR006418,20230714,SUP064,PRD070,ST014,92,717.2,65982.4,PINV006418,9
PUR006419,20240711,SUP012,PRD128,ST001,396,217.93,86300.28,PINV006419,13
PUR006420,20260419,SUP030,PRD021,ST033,106,242.41,25695.46,PINV006420,2
PUR006421,20240507,SUP008,PRD253,ST021,86,110.0,9460.0,PINV006421,1
PUR006422,20230820,SUP029,PRD274,ST014,178,538.2,95799.6,PINV006422,7
PUR006423,20270730,SUP080,PRD190,ST016,451,469.66,211816.66,PINV006423,5
PUR006424,20230720,SUP030,PRD246,ST019,311,712.79,221677.69,PINV006424,8
PUR006425,20270302,SUP023,PRD286,ST024,312,300.41,93727.92,PINV006425,15
PUR006426,20240805,SUP038,PRD050,ST013,384,279.07,107162.88,PINV006426,1
PUR006427,20230126,SUP064,PRD111,ST003,312,327.58,102204.96,PINV006427,9
PUR006428,20270116,SUP070,PRD153,ST020,386,259.05,99993.3,PINV006428,8
PUR006429,20270204,SUP060,PRD001,ST044,342,159.43,54525.06,PINV006429,8
PUR006430,20240608,SUP082,PRD185,ST043,392,42.53,16671.76,PINV006430,10
PUR006431,20280411,SUP012,PRD047,ST034,296,22.08,6535.68,PINV006431,3
PUR006432,20230420,SUP052,PRD293,ST018,352,94.64,33313.28,PINV006432,5
PUR006433,20250220,SUP099,PRD088,ST025,427,114.57,48921.39,PINV006433,13
PUR006434,20251230,SUP027,PRD278,ST015,315,590.11,185884.65,PINV006434,6
PUR006435,20231203,SUP017,PRD171,ST001,206,204.12,42048.72,PINV006435,1
PUR006436,20281028,SUP006,PRD047,ST015,305,201.3,61396.5,PINV006436,7
PUR006437,20270902,SUP033,PRD124,ST038,332,188.83,62691.56,PINV006437,12
PUR006438,20280915,SUP056,PRD168,ST050,475,363.95,172876.25,PINV006438,12
PUR006439,20231009,SUP100,PRD300,ST029,427,642.97,274548.19,PINV006439,8
PUR006440,20250517,SUP038,PRD130,ST021,246,777.25,191203.5,PINV006440,7
PUR006441,20230526,SUP063,PRD046,ST030,385,171.27,65938.95,PINV006441,1
PUR006442,20240521,SUP074,PRD237,ST021,336,24.39,8195.04,PINV006442,4
PUR006443,20260824,SUP028,PRD175,ST030,490,108.09,52964.1,PINV006443,4
PUR006444,20271022,SUP056,PRD022,ST016,285,628.52,179128.2,PINV006444,15
PUR006445,20261205,SUP008,PRD103,ST019,306,44.89,13736.34,PINV006445,2
PUR006446,20231210,SUP040,PRD090,ST011,376,555.99,209052.24,PINV006446,9
PUR006447,20230918,SUP011,PRD174,ST001,94,253.22,23802.68,PINV006447,3
PUR006448,20250112,SUP032,PRD034,ST044,259,383.27,99266.93,PINV006448,10
PUR006449,20240807,SUP014,PRD286,ST036,209,324.45,67810.05,PINV006449,3
PUR006450,20250723,SUP046,PRD215,ST027,341,419.69,143114.29,PINV006450,1
PUR006451,20270930,SUP096,PRD051,ST040,281,432.99,121670.19,PINV006451,13
PUR006452,20261116,SUP001,PRD278,ST043,435,458.76,199560.6,PINV006452,11
PUR006453,20240417,SUP039,PRD011,ST048,78,32.04,2499.12,PINV006453,6
PUR006454,20240727,SUP087,PRD065,ST014,107,424.01,45369.07,PINV006454,10
PUR006455,20250227,SUP073,PRD202,ST046,328,429.02,140718.56,PINV006455,13
PUR006456,20240412,SUP074,PRD116,ST008,315,130.47,41098.05,PINV006456,14
PUR006457,20280417,SUP031,PRD205,ST018,168,597.11,100314.48,PINV006457,4
PUR006458,20270916,SUP040,PRD232,ST033,348,673.35,234325.8,PINV006458,12
PUR006459,20231003,SUP089,PRD243,ST022,51,130.12,6636.12,PINV006459,3
PUR006460,20240409,SUP067,PRD070,ST010,213,124.19,26452.47,PINV006460,2
PUR006461,20270202,SUP003,PRD059,ST038,498,594.1,295861.8,PINV006461,11
PUR006462,20241014,SUP037,PRD162,ST021,382,539.44,206066.08,PINV006462,14
PUR006463,20250401,SUP052,PRD257,ST046,57,220.43,12564.51,PINV006463,7
PUR006464,20281130,SUP071,PRD067,ST036,220,204.12,44906.4,PINV006464,3
PUR006465,20241105,SUP053,PRD203,ST039,87,570.0,49590.0,PINV006465,6
PUR006466,20230205,SUP017,PRD203,ST023,460,110.94,51032.4,PINV006466,11
PUR006467,20280404,SUP073,PRD284,ST003,61,129.33,7889.13,PINV006467,5
PUR006468,20241126,SUP036,PRD143,ST045,261,539.78,140882.58,PINV006468,3
PUR006469,20240519,SUP009,PRD169,ST015,336,529.27,177834.72,PINV006469,9
PUR006470,20261021,SUP028,PRD151,ST029,111,574.36,63753.96,PINV006470,3
PUR006471,20240802,SUP008,PRD216,ST030,429,507.25,217610.25,PINV006471,15
PUR006472,20280622,SUP025,PRD144,ST038,286,403.06,115275.16,PINV006472,3
PUR006473,20250630,SUP054,PRD112,ST032,102,668.71,68208.42,PINV006473,8
PUR006474,20280423,SUP039,PRD132,ST019,234,639.15,149561.1,PINV006474,2
PUR006475,20270714,SUP057,PRD188,ST013,480,545.76,261964.8,PINV006475,13
PUR006476,20280313,SUP045,PRD057,ST032,93,695.46,64677.78,PINV006476,1
PUR006477,20270717,SUP022,PRD176,ST018,56,346.5,19404.0,PINV006477,12
PUR006478,20260124,SUP008,PRD262,ST036,405,262.76,106417.8,PINV006478,11
PUR006479,20280801,SUP056,PRD268,ST027,396,427.57,169317.72,PINV006479,8
PUR006480,20260403,SUP036,PRD294,ST039,253,460.96,116622.88,PINV006480,2
PUR006481,20240422,SUP037,PRD228,ST047,82,585.13,47980.66,PINV006481,3
PUR006482,20280710,SUP024,PRD284,ST014,241,86.41,20824.81,PINV006482,1
PUR006483,20271016,SUP035,PRD118,ST030,331,377.18,124846.58,PINV006483,3
PUR006484,20231003,SUP027,PRD113,ST050,371,578.26,214534.46,PINV006484,9
PUR006485,20280502,SUP100,PRD160,ST020,425,421.59,179175.75,PINV006485,2
PUR006486,20280509,SUP097,PRD193,ST018,469,763.28,357978.32,PINV006486,7
PUR006487,20270605,SUP033,PRD261,ST038,456,419.23,191168.88,PINV006487,5
PUR006488,20231017,SUP045,PRD264,ST006,128,516.41,66100.48,PINV006488,2
PUR006489,20240726,SUP086,PRD222,ST038,259,500.87,129725.33,PINV006489,11
PUR006490,20240316,SUP077,PRD058,ST018,467,451.72,210953.24,PINV006490,7
PUR006491,20260317,SUP081,PRD242,ST003,302,348.42,105222.84,PINV006491,4
PUR006492,20280509,SUP027,PRD108,ST012,459,130.75,60014.25,PINV006492,1
PUR006493,20271107,SUP034,PRD137,ST001,74,231.13,17103.62,PINV006493,11
PUR006494,20230830,SUP022,PRD150,ST026,272,342.08,93045.76,PINV006494,4
PUR006495,20240423,SUP094,PRD249,ST011,222,696.25,154567.5,PINV006495,1
PUR006496,20251031,SUP075,PRD015,ST027,150,438.89,65833.5,PINV006496,5
PUR006497,20230329,SUP018,PRD175,ST037,307,704.96,216422.72,PINV006497,7
PUR006498,20270718,SUP092,PRD038,ST029,189,245.43,46386.27,PINV006498,6
PUR006499,20270402,SUP100,PRD289,ST030,192,724.57,139117.44,PINV006499,7
PUR006500,20240104,SUP032,PRD186,ST036,438,421.68,184695.84,PINV006500,8
PUR006501,20271109,SUP065,PRD073,ST032,438,174.31,76347.78,PINV006501,12
PUR006502,20260710,SUP077,PRD068,ST025,225,113.22,25474.5,PINV006502,11
PUR006503,20231104,SUP022,PRD241,ST031,472,142.93,67462.96,PINV006503,14
PUR006504,20270315,SUP021,PRD232,ST031,178,375.67,66869.26,PINV006504,13
PUR006505,20230408,SUP037,PRD159,ST032,123,631.68,77696.64,PINV006505,2
PUR006506,20230207,SUP010,PRD277,ST020,312,66.01,20595.12,PINV006506,7
PUR006507,20270608,SUP017,PRD193,ST019,357,488.84,174515.88,PINV006507,1
PUR006508,20241026,SUP013,PRD105,ST021,487,345.61,168312.07,PINV006508,1
PUR006509,20250601,SUP073,PRD181,ST036,265,755.61,200236.65,PINV006509,10
PUR006510,20270311,SUP054,PRD124,ST046,373,578.64,215832.72,PINV006510,13
PUR006511,20280330,SUP026,PRD125,ST029,98,147.24,14429.52,PINV006511,6
PUR006512,20261217,SUP077,PRD054,ST015,303,597.57,181063.71,PINV006512,15
PUR006513,20271127,SUP037,PRD006,ST023,482,41.74,20118.68,PINV006513,6
PUR006514,20240516,SUP019,PRD063,ST012,458,47.0,21526.0,PINV006514,6
PUR006515,20250501,SUP045,PRD090,ST009,182,507.22,92314.04,PINV006515,10
PUR006516,20231017,SUP009,PRD207,ST044,77,162.2,12489.4,PINV006516,10
PUR006517,20270701,SUP081,PRD132,ST042,237,684.07,162124.59,PINV006517,14
PUR006518,20280713,SUP056,PRD236,ST023,401,750.99,301146.99,PINV006518,6
PUR006519,20270318,SUP051,PRD109,ST015,313,508.83,159263.79,PINV006519,11
PUR006520,20270331,SUP079,PRD136,ST039,116,99.59,11552.44,PINV006520,14
PUR006521,20270103,SUP034,PRD298,ST035,201,105.1,21125.1,PINV006521,4
PUR006522,20240528,SUP017,PRD126,ST029,194,99.27,19258.38,PINV006522,11
PUR006523,20240829,SUP027,PRD168,ST036,185,65.24,12069.4,PINV006523,7
PUR006524,20240221,SUP026,PRD295,ST034,292,358.95,104813.4,PINV006524,12
PUR006525,20241021,SUP047,PRD244,ST047,469,551.18,258503.42,PINV006525,5
PUR006526,20270228,SUP005,PRD245,ST005,182,753.01,137047.82,PINV006526,12
PUR006527,20250824,SUP062,PRD066,ST003,186,607.52,112998.72,PINV006527,5
PUR006528,20251023,SUP026,PRD083,ST022,458,434.33,198923.14,PINV006528,5
PUR006529,20250813,SUP028,PRD280,ST031,190,387.58,73640.2,PINV006529,15
PUR006530,20260223,SUP082,PRD241,ST011,398,683.49,272029.02,PINV006530,2
PUR006531,20280416,SUP040,PRD089,ST004,456,647.88,295433.28,PINV006531,14
PUR006532,20240709,SUP052,PRD253,ST020,346,130.12,45021.52,PINV006532,15
PUR006533,20280303,SUP040,PRD184,ST023,451,557.23,251310.73,PINV006533,8
PUR006534,20250617,SUP019,PRD063,ST032,185,622.29,115123.65,PINV006534,7
PUR006535,20280729,SUP052,PRD205,ST002,70,648.92,45424.4,PINV006535,12
PUR006536,20260502,SUP056,PRD077,ST020,445,516.8,229976.0,PINV006536,13
PUR006537,20280424,SUP003,PRD098,ST046,216,126.92,27414.72,PINV006537,14
PUR006538,20270823,SUP061,PRD139,ST004,110,70.09,7709.9,PINV006538,7
PUR006539,20270224,SUP063,PRD195,ST013,198,32.37,6409.26,PINV006539,1
PUR006540,20270614,SUP068,PRD166,ST046,123,259.46,31913.58,PINV006540,4
PUR006541,20280828,SUP090,PRD242,ST007,467,507.45,236979.15,PINV006541,7
PUR006542,20250313,SUP023,PRD080,ST030,342,601.19,205606.98,PINV006542,2
PUR006543,20250406,SUP090,PRD023,ST034,164,578.34,94847.76,PINV006543,3
PUR006544,20281111,SUP076,PRD292,ST019,283,130.75,37002.25,PINV006544,14
PUR006545,20280728,SUP056,PRD153,ST012,187,498.76,93268.12,PINV006545,12
PUR006546,20270309,SUP054,PRD234,ST017,474,476.14,225690.36,PINV006546,6
PUR006547,20230627,SUP044,PRD045,ST039,237,610.02,144574.74,PINV006547,2
PUR006548,20270505,SUP023,PRD053,ST042,410,189.04,77506.4,PINV006548,13
PUR006549,20271112,SUP001,PRD159,ST009,206,333.74,68750.44,PINV006549,10
PUR006550,20281010,SUP071,PRD240,ST018,213,331.19,70543.47,PINV006550,10
PUR006551,20280727,SUP047,PRD037,ST039,410,149.75,61397.5,PINV006551,3
PUR006552,20240521,SUP018,PRD125,ST031,466,749.73,349374.18,PINV006552,4
PUR006553,20240607,SUP043,PRD290,ST037,281,361.68,101632.08,PINV006553,8
PUR006554,20281012,SUP063,PRD081,ST011,237,689.1,163316.7,PINV006554,14
PUR006555,20250912,SUP100,PRD032,ST030,86,255.65,21985.9,PINV006555,3
PUR006556,20280411,SUP038,PRD028,ST009,134,280.28,37557.52,PINV006556,8
PUR006557,20240314,SUP011,PRD246,ST002,423,322.68,136493.64,PINV006557,12
PUR006558,20260315,SUP058,PRD279,ST019,213,727.07,154865.91,PINV006558,4
PUR006559,20250924,SUP024,PRD295,ST035,291,393.6,114537.6,PINV006559,6
PUR006560,20260530,SUP048,PRD217,ST026,265,230.45,61069.25,PINV006560,13
PUR006561,20230828,SUP071,PRD256,ST027,497,424.82,211135.54,PINV006561,6
PUR006562,20230916,SUP076,PRD100,ST033,247,411.8,101714.6,PINV006562,5
PUR006563,20261101,SUP044,PRD074,ST024,285,736.66,209948.1,PINV006563,3
PUR006564,20250912,SUP047,PRD124,ST046,475,49.0,23275.0,PINV006564,10
PUR006565,20250728,SUP013,PRD132,ST033,115,407.2,46828.0,PINV006565,10
PUR006566,20261109,SUP008,PRD123,ST046,398,451.04,179513.92,PINV006566,1
PUR006567,20251015,SUP023,PRD156,ST009,254,27.97,7104.38,PINV006567,2
PUR006568,20270115,SUP066,PRD067,ST032,396,168.27,66634.92,PINV006568,1
PUR006569,20230214,SUP078,PRD113,ST004,170,75.63,12857.1,PINV006569,9
PUR006570,20270630,SUP016,PRD131,ST037,429,514.13,220561.77,PINV006570,1
PUR006571,20271203,SUP022,PRD288,ST041,299,772.6,231007.4,PINV006571,8
PUR006572,20240717,SUP068,PRD281,ST049,366,265.75,97264.5,PINV006572,14
PUR006573,20250410,SUP030,PRD236,ST039,233,409.44,95399.52,PINV006573,14
PUR006574,20261207,SUP094,PRD129,ST014,102,699.66,71365.32,PINV006574,6
PUR006575,20260924,SUP080,PRD169,ST002,474,75.42,35749.08,PINV006575,9
PUR006576,20250920,SUP010,PRD104,ST048,410,252.57,103553.7,PINV006576,6
PUR006577,20250921,SUP006,PRD124,ST012,403,730.99,294588.97,PINV006577,13
PUR006578,20261204,SUP046,PRD257,ST026,125,749.42,93677.5,PINV006578,9
PUR006579,20241016,SUP079,PRD266,ST001,217,734.69,159427.73,PINV006579,11
PUR006580,20261001,SUP057,PRD164,ST009,71,223.72,15884.12,PINV006580,11
PUR006581,20230607,SUP030,PRD163,ST021,353,54.05,19079.65,PINV006581,11
PUR006582,20251015,SUP021,PRD049,ST049,475,723.02,343434.5,PINV006582,7
PUR006583,20260808,SUP097,PRD296,ST019,347,236.59,82096.73,PINV006583,10
PUR006584,20230204,SUP087,PRD065,ST048,205,160.63,32929.15,PINV006584,5
PUR006585,20240814,SUP053,PRD158,ST035,382,174.32,66590.24,PINV006585,10
PUR006586,20240606,SUP065,PRD250,ST033,348,448.64,156126.72,PINV006586,4
PUR006587,20231225,SUP065,PRD106,ST013,97,639.6,62041.2,PINV006587,2
PUR006588,20260815,SUP032,PRD029,ST042,114,628.56,71655.84,PINV006588,7
PUR006589,20270603,SUP096,PRD152,ST048,459,345.69,158671.71,PINV006589,3
PUR006590,20251104,SUP080,PRD034,ST029,205,586.2,120171.0,PINV006590,7
PUR006591,20240329,SUP022,PRD245,ST036,454,397.57,180496.78,PINV006591,4
PUR006592,20280123,SUP058,PRD226,ST035,422,144.69,61059.18,PINV006592,14
PUR006593,20240218,SUP059,PRD217,ST018,170,129.13,21952.1,PINV006593,12
PUR006594,20280705,SUP006,PRD297,ST041,485,169.03,81979.55,PINV006594,2
PUR006595,20260626,SUP074,PRD186,ST009,253,624.3,157947.9,PINV006595,11
PUR006596,20260319,SUP094,PRD219,ST019,477,750.03,357764.31,PINV006596,4
PUR006597,20230219,SUP010,PRD044,ST035,150,765.75,114862.5,PINV006597,3
PUR006598,20240220,SUP020,PRD291,ST036,71,732.91,52036.61,PINV006598,10
PUR006599,20231106,SUP057,PRD091,ST021,67,649.21,43497.07,PINV006599,3
PUR006600,20280714,SUP002,PRD256,ST008,87,584.68,50867.16,PINV006600,8
PUR006601,20271214,SUP084,PRD181,ST037,218,170.8,37234.4,PINV006601,2
PUR006602,20260519,SUP054,PRD248,ST028,354,245.4,86871.6,PINV006602,12
PUR006603,20260318,SUP003,PRD176,ST047,435,794.13,345446.55,PINV006603,5
PUR006604,20240709,SUP073,PRD200,ST010,232,729.82,169318.24,PINV006604,10
PUR006605,20250127,SUP086,PRD192,ST050,244,51.02,12448.88,PINV006605,3
PUR006606,20271102,SUP056,PRD218,ST016,419,112.44,47112.36,PINV006606,1
PUR006607,20280811,SUP046,PRD120,ST001,452,455.35,205818.2,PINV006607,9
PUR006608,20260620,SUP097,PRD092,ST004,236,327.52,77294.72,PINV006608,7
PUR006609,20260218,SUP073,PRD097,ST004,149,60.68,9041.32,PINV006609,4
PUR006610,20231203,SUP010,PRD202,ST043,276,103.03,28436.28,PINV006610,15
PUR006611,20280719,SUP021,PRD045,ST020,298,380.24,113311.52,PINV006611,1
PUR006612,20270504,SUP040,PRD076,ST010,53,571.48,30288.44,PINV006612,14
PUR006613,20281101,SUP046,PRD124,ST010,126,349.87,44083.62,PINV006613,13
PUR006614,20241103,SUP034,PRD290,ST037,106,447.81,47467.86,PINV006614,9
PUR006615,20250518,SUP066,PRD061,ST015,177,545.12,96486.24,PINV006615,10
PUR006616,20260819,SUP097,PRD267,ST001,87,425.81,37045.47,PINV006616,10
PUR006617,20240105,SUP035,PRD262,ST002,150,77.07,11560.5,PINV006617,11
PUR006618,20280724,SUP098,PRD199,ST039,359,616.4,221287.6,PINV006618,8
PUR006619,20280622,SUP097,PRD139,ST003,206,22.48,4630.88,PINV006619,14
PUR006620,20271211,SUP065,PRD126,ST027,272,290.73,79078.56,PINV006620,9
PUR006621,20261207,SUP094,PRD026,ST047,439,507.22,222669.58,PINV006621,1
PUR006622,20250816,SUP073,PRD158,ST022,279,417.7,116538.3,PINV006622,6
PUR006623,20241101,SUP100,PRD141,ST018,470,294.0,138180.0,PINV006623,6
PUR006624,20270222,SUP071,PRD021,ST011,399,548.07,218679.93,PINV006624,10
PUR006625,20230614,SUP005,PRD096,ST003,157,437.37,68667.09,PINV006625,3
PUR006626,20250914,SUP096,PRD180,ST044,278,783.88,217918.64,PINV006626,5
PUR006627,20230105,SUP020,PRD287,ST020,471,140.86,66345.06,PINV006627,12
PUR006628,20250902,SUP004,PRD038,ST015,470,202.06,94968.2,PINV006628,5
PUR006629,20281224,SUP085,PRD253,ST050,417,395.55,164944.35,PINV006629,9
PUR006630,20230214,SUP044,PRD274,ST033,439,299.48,131471.72,PINV006630,10
PUR006631,20250628,SUP041,PRD016,ST050,457,675.64,308767.48,PINV006631,5
PUR006632,20240210,SUP065,PRD028,ST034,201,195.06,39207.06,PINV006632,8
PUR006633,20280608,SUP030,PRD043,ST022,192,650.91,124974.72,PINV006633,5
PUR006634,20260114,SUP002,PRD104,ST006,131,463.15,60672.65,PINV006634,6
PUR006635,20261020,SUP052,PRD082,ST022,150,343.66,51549.0,PINV006635,7
PUR006636,20260617,SUP081,PRD061,ST036,190,345.62,65667.8,PINV006636,2
PUR006637,20270130,SUP050,PRD293,ST042,384,717.81,275639.04,PINV006637,13
PUR006638,20261218,SUP098,PRD105,ST024,146,710.8,103776.8,PINV006638,15
PUR006639,20270423,SUP029,PRD286,ST038,186,341.5,63519.0,PINV006639,14
PUR006640,20270927,SUP010,PRD278,ST022,275,279.7,76917.5,PINV006640,3
PUR006641,20281208,SUP069,PRD226,ST013,365,266.41,97239.65,PINV006641,5
PUR006642,20230513,SUP008,PRD293,ST043,254,306.14,77759.56,PINV006642,11
PUR006643,20230404,SUP060,PRD278,ST026,116,559.3,64878.8,PINV006643,3
PUR006644,20280619,SUP033,PRD286,ST012,389,118.13,45952.57,PINV006644,13
PUR006645,20251221,SUP024,PRD202,ST019,170,197.2,33524.0,PINV006645,10
PUR006646,20240508,SUP041,PRD029,ST016,83,710.37,58960.71,PINV006646,9
PUR006647,20240111,SUP047,PRD090,ST030,52,590.63,30712.76,PINV006647,15
PUR006648,20260225,SUP020,PRD295,ST037,410,657.49,269570.9,PINV006648,10
PUR006649,20270113,SUP007,PRD168,ST030,96,273.59,26264.64,PINV006649,9
PUR006650,20230403,SUP065,PRD076,ST007,351,790.04,277304.04,PINV006650,7
PUR006651,20230203,SUP024,PRD300,ST040,166,112.64,18698.24,PINV006651,13
PUR006652,20251111,SUP098,PRD297,ST022,221,582.61,128756.81,PINV006652,3
PUR006653,20230808,SUP008,PRD200,ST034,487,201.34,98052.58,PINV006653,12
PUR006654,20260709,SUP033,PRD001,ST009,316,627.76,198372.16,PINV006654,2
PUR006655,20240516,SUP063,PRD267,ST016,371,253.59,94081.89,PINV006655,9
PUR006656,20250405,SUP025,PRD294,ST002,61,319.09,19464.49,PINV006656,15
PUR006657,20240323,SUP064,PRD154,ST048,85,200.7,17059.5,PINV006657,10
PUR006658,20250908,SUP033,PRD159,ST022,93,179.14,16660.02,PINV006658,12
PUR006659,20240328,SUP037,PRD297,ST023,221,125.95,27834.95,PINV006659,11
PUR006660,20240923,SUP053,PRD012,ST039,494,736.51,363835.94,PINV006660,5
PUR006661,20250715,SUP031,PRD063,ST050,372,432.45,160871.4,PINV006661,11
PUR006662,20260621,SUP055,PRD246,ST023,236,596.41,140752.76,PINV006662,11
PUR006663,20231104,SUP006,PRD287,ST033,349,654.78,228518.22,PINV006663,9
PUR006664,20230703,SUP013,PRD061,ST027,98,487.28,47753.44,PINV006664,6
PUR006665,20250520,SUP075,PRD245,ST031,318,468.36,148938.48,PINV006665,4
PUR006666,20271210,SUP087,PRD214,ST032,102,517.57,52792.14,PINV006666,13
PUR006667,20270626,SUP033,PRD250,ST050,207,435.6,90169.2,PINV006667,2
PUR006668,20280907,SUP046,PRD240,ST031,343,502.02,172192.86,PINV006668,10
PUR006669,20250715,SUP029,PRD110,ST016,150,133.99,20098.5,PINV006669,13
PUR006670,20250702,SUP016,PRD135,ST007,74,528.39,39100.86,PINV006670,11
PUR006671,20270612,SUP023,PRD218,ST033,413,542.61,224097.93,PINV006671,2
PUR006672,20250705,SUP049,PRD189,ST042,464,719.82,333996.48,PINV006672,4
PUR006673,20240301,SUP075,PRD268,ST046,247,340.38,84073.86,PINV006673,1
PUR006674,20261231,SUP010,PRD019,ST018,390,728.21,284001.9,PINV006674,2
PUR006675,20241218,SUP074,PRD131,ST029,442,233.81,103344.02,PINV006675,7
PUR006676,20240407,SUP091,PRD227,ST036,485,383.0,185755.0,PINV006676,7
PUR006677,20280606,SUP048,PRD118,ST018,264,365.86,96587.04,PINV006677,1
PUR006678,20231128,SUP024,PRD090,ST012,255,560.65,142965.75,PINV006678,5
PUR006679,20250210,SUP018,PRD180,ST032,278,580.26,161312.28,PINV006679,5
PUR006680,20250624,SUP012,PRD030,ST033,330,106.2,35046.0,PINV006680,15
PUR006681,20280416,SUP093,PRD218,ST039,245,594.24,145588.8,PINV006681,7
PUR006682,20280907,SUP032,PRD160,ST043,324,210.85,68315.4,PINV006682,10
PUR006683,20260901,SUP099,PRD286,ST009,93,198.6,18469.8,PINV006683,9
PUR006684,20230116,SUP024,PRD050,ST049,227,539.01,122355.27,PINV006684,6
PUR006685,20240804,SUP096,PRD167,ST024,149,243.65,36303.85,PINV006685,4
PUR006686,20260731,SUP077,PRD087,ST003,295,161.69,47698.55,PINV006686,6
PUR006687,20250722,SUP026,PRD140,ST047,495,331.09,163889.55,PINV006687,5
PUR006688,20270804,SUP041,PRD296,ST028,345,524.38,180911.1,PINV006688,15
PUR006689,20230701,SUP035,PRD123,ST001,466,78.88,36758.08,PINV006689,3
PUR006690,20270910,SUP017,PRD278,ST018,92,229.97,21157.24,PINV006690,14
PUR006691,20231112,SUP076,PRD087,ST026,147,283.55,41681.85,PINV006691,10
PUR006692,20270812,SUP064,PRD223,ST035,163,659.34,107472.42,PINV006692,11
PUR006693,20251204,SUP060,PRD285,ST016,381,201.02,76588.62,PINV006693,5
PUR006694,20281119,SUP038,PRD261,ST010,125,209.75,26218.75,PINV006694,12
PUR006695,20260512,SUP098,PRD095,ST039,312,668.88,208690.56,PINV006695,2
PUR006696,20270612,SUP086,PRD028,ST012,448,662.83,296947.84,PINV006696,6
PUR006697,20260623,SUP041,PRD006,ST039,371,325.37,120712.27,PINV006697,11
PUR006698,20250505,SUP099,PRD074,ST045,456,752.28,343039.68,PINV006698,12
PUR006699,20280628,SUP015,PRD124,ST048,283,272.65,77159.95,PINV006699,11
PUR006700,20240115,SUP069,PRD236,ST018,450,209.95,94477.5,PINV006700,5
PUR006701,20231219,SUP028,PRD283,ST020,227,191.82,43543.14,PINV006701,12
PUR006702,20270612,SUP040,PRD101,ST045,196,136.57,26767.72,PINV006702,4
PUR006703,20240816,SUP026,PRD186,ST025,309,247.54,76489.86,PINV006703,15
PUR006704,20270309,SUP023,PRD059,ST037,337,366.63,123554.31,PINV006704,4
PUR006705,20251009,SUP090,PRD212,ST030,223,85.7,19111.1,PINV006705,5
PUR006706,20260408,SUP059,PRD109,ST010,185,649.67,120188.95,PINV006706,2
PUR006707,20230415,SUP031,PRD027,ST029,391,564.86,220860.26,PINV006707,12
PUR006708,20270527,SUP028,PRD049,ST020,125,265.65,33206.25,PINV006708,14
PUR006709,20270501,SUP017,PRD143,ST014,365,472.2,172353.0,PINV006709,5
PUR006710,20240822,SUP071,PRD203,ST007,109,338.08,36850.72,PINV006710,1
PUR006711,20260227,SUP015,PRD226,ST040,177,134.09,23733.93,PINV006711,2
PUR006712,20250926,SUP058,PRD047,ST015,392,448.94,175984.48,PINV006712,12
PUR006713,20241009,SUP065,PRD222,ST020,223,730.59,162921.57,PINV006713,2
PUR006714,20270424,SUP062,PRD225,ST041,51,649.82,33140.82,PINV006714,15
PUR006715,20241220,SUP042,PRD049,ST012,477,291.71,139145.67,PINV006715,15
PUR006716,20281004,SUP016,PRD146,ST017,133,227.53,30261.49,PINV006716,10
PUR006717,20240804,SUP055,PRD152,ST030,176,356.05,62664.8,PINV006717,11
PUR006718,20231226,SUP010,PRD242,ST017,143,518.29,74115.47,PINV006718,8
PUR006719,20240813,SUP060,PRD267,ST021,103,587.18,60479.54,PINV006719,3
PUR006720,20271009,SUP004,PRD078,ST019,87,54.58,4748.46,PINV006720,3
PUR006721,20241118,SUP041,PRD010,ST045,211,313.43,66133.73,PINV006721,15
PUR006722,20260915,SUP009,PRD207,ST020,472,153.73,72560.56,PINV006722,14
PUR006723,20260622,SUP088,PRD238,ST019,353,579.7,204634.1,PINV006723,7
PUR006724,20281214,SUP008,PRD071,ST038,328,365.82,119988.96,PINV006724,8
PUR006725,20250921,SUP014,PRD279,ST013,426,659.77,281062.02,PINV006725,4
PUR006726,20280720,SUP024,PRD059,ST045,211,288.8,60936.8,PINV006726,3
PUR006727,20241118,SUP078,PRD125,ST038,222,507.29,112618.38,PINV006727,8
PUR006728,20280801,SUP018,PRD111,ST020,133,405.3,53904.9,PINV006728,9
PUR006729,20260109,SUP083,PRD104,ST036,318,643.4,204601.2,PINV006729,3
PUR006730,20230505,SUP036,PRD181,ST021,226,248.87,56244.62,PINV006730,12
PUR006731,20251206,SUP066,PRD280,ST028,327,344.58,112677.66,PINV006731,10
PUR006732,20280523,SUP077,PRD189,ST009,337,547.41,184477.17,PINV006732,14
PUR006733,20271114,SUP012,PRD053,ST040,80,462.07,36965.6,PINV006733,8
PUR006734,20280618,SUP055,PRD206,ST034,434,202.94,88075.96,PINV006734,9
PUR006735,20231202,SUP097,PRD081,ST042,486,380.09,184723.74,PINV006735,12
PUR006736,20271001,SUP026,PRD185,ST026,186,577.69,107450.34,PINV006736,1
PUR006737,20260615,SUP014,PRD065,ST032,309,715.78,221176.02,PINV006737,13
PUR006738,20231206,SUP075,PRD077,ST030,407,443.63,180557.41,PINV006738,10
PUR006739,20240523,SUP012,PRD174,ST001,219,613.8,134422.2,PINV006739,15
PUR006740,20261030,SUP090,PRD193,ST009,115,72.69,8359.35,PINV006740,12
PUR006741,20231009,SUP093,PRD033,ST006,143,478.76,68462.68,PINV006741,11
PUR006742,20251031,SUP052,PRD291,ST045,473,666.41,315211.93,PINV006742,15
PUR006743,20260210,SUP021,PRD111,ST018,71,717.12,50915.52,PINV006743,2
PUR006744,20240611,SUP005,PRD179,ST037,210,784.98,164845.8,PINV006744,12
PUR006745,20280423,SUP017,PRD104,ST033,379,554.44,210132.76,PINV006745,15
PUR006746,20250628,SUP086,PRD197,ST044,474,139.94,66331.56,PINV006746,13
PUR006747,20280413,SUP060,PRD105,ST002,75,93.27,6995.25,PINV006747,14
PUR006748,20271125,SUP024,PRD268,ST025,401,442.44,177418.44,PINV006748,13
PUR006749,20260619,SUP012,PRD117,ST037,323,317.02,102397.46,PINV006749,3
PUR006750,20261108,SUP097,PRD174,ST028,319,520.19,165940.61,PINV006750,10
PUR006751,20260422,SUP050,PRD144,ST022,324,562.72,182321.28,PINV006751,14
PUR006752,20270408,SUP069,PRD069,ST050,354,98.0,34692.0,PINV006752,13
PUR006753,20240211,SUP052,PRD127,ST014,492,330.74,162724.08,PINV006753,12
PUR006754,20250722,SUP033,PRD055,ST033,168,276.9,46519.2,PINV006754,3
PUR006755,20250619,SUP060,PRD101,ST008,386,599.3,231329.8,PINV006755,11
PUR006756,20240131,SUP071,PRD130,ST011,437,395.93,173021.41,PINV006756,3
PUR006757,20250818,SUP046,PRD144,ST035,50,787.31,39365.5,PINV006757,15
PUR006758,20270306,SUP093,PRD266,ST050,393,451.51,177443.43,PINV006758,13
PUR006759,20270928,SUP043,PRD144,ST041,409,139.76,57161.84,PINV006759,9
PUR006760,20241107,SUP043,PRD081,ST043,266,102.36,27227.76,PINV006760,11
PUR006761,20280615,SUP075,PRD225,ST007,303,725.14,219717.42,PINV006761,9
PUR006762,20241011,SUP095,PRD130,ST009,447,596.0,266412.0,PINV006762,14
PUR006763,20270719,SUP018,PRD051,ST003,63,257.48,16221.24,PINV006763,12
PUR006764,20261103,SUP025,PRD162,ST042,423,175.68,74312.64,PINV006764,9
PUR006765,20270809,SUP056,PRD084,ST017,288,434.44,125118.72,PINV006765,6
PUR006766,20281119,SUP094,PRD145,ST016,348,38.08,13251.84,PINV006766,2
PUR006767,20271108,SUP066,PRD113,ST009,281,151.11,42461.91,PINV006767,11
PUR006768,20251018,SUP098,PRD300,ST040,337,274.87,92631.19,PINV006768,12
PUR006769,20250826,SUP013,PRD257,ST050,74,355.74,26324.76,PINV006769,1
PUR006770,20261006,SUP006,PRD155,ST017,452,383.58,173378.16,PINV006770,4
PUR006771,20281013,SUP042,PRD138,ST022,460,701.56,322717.6,PINV006771,2
PUR006772,20280218,SUP038,PRD188,ST048,80,369.9,29592.0,PINV006772,3
PUR006773,20230714,SUP034,PRD267,ST043,89,216.53,19271.17,PINV006773,6
PUR006774,20280907,SUP075,PRD058,ST025,110,334.84,36832.4,PINV006774,15
PUR006775,20270125,SUP081,PRD004,ST007,149,760.1,113254.9,PINV006775,13
PUR006776,20270711,SUP099,PRD284,ST032,450,615.31,276889.5,PINV006776,2
PUR006777,20261016,SUP061,PRD230,ST033,92,628.9,57858.8,PINV006777,10
PUR006778,20271017,SUP050,PRD052,ST039,466,777.98,362538.68,PINV006778,7
PUR006779,20280809,SUP039,PRD270,ST048,167,350.31,58501.77,PINV006779,5
PUR006780,20280411,SUP036,PRD181,ST018,341,110.14,37557.74,PINV006780,7
PUR006781,20251024,SUP074,PRD119,ST046,59,797.84,47072.56,PINV006781,5
PUR006782,20240509,SUP057,PRD157,ST040,333,732.31,243859.23,PINV006782,1
PUR006783,20270103,SUP070,PRD061,ST010,89,493.84,43951.76,PINV006783,7
PUR006784,20270213,SUP088,PRD041,ST033,401,732.34,293668.34,PINV006784,11
PUR006785,20261208,SUP042,PRD070,ST025,280,772.51,216302.8,PINV006785,2
PUR006786,20270606,SUP066,PRD291,ST042,234,28.52,6673.68,PINV006786,11
PUR006787,20241211,SUP018,PRD190,ST027,435,778.38,338595.3,PINV006787,5
PUR006788,20270318,SUP056,PRD210,ST034,278,243.11,67584.58,PINV006788,4
PUR006789,20250107,SUP061,PRD278,ST012,412,369.84,152374.08,PINV006789,5
PUR006790,20260119,SUP050,PRD026,ST044,469,568.67,266706.23,PINV006790,3
PUR006791,20280512,SUP099,PRD147,ST043,446,355.74,158660.04,PINV006791,7
PUR006792,20251007,SUP023,PRD240,ST028,51,432.38,22051.38,PINV006792,9
PUR006793,20230526,SUP006,PRD023,ST048,250,519.54,129885.0,PINV006793,9
PUR006794,20270924,SUP043,PRD254,ST013,385,160.57,61819.45,PINV006794,6
PUR006795,20250914,SUP002,PRD130,ST049,348,741.23,257948.04,PINV006795,9
PUR006796,20240607,SUP099,PRD281,ST012,487,699.29,340554.23,PINV006796,14
PUR006797,20260205,SUP006,PRD135,ST030,207,612.05,126694.35,PINV006797,8
PUR006798,20280425,SUP007,PRD286,ST007,300,651.24,195372.0,PINV006798,3
PUR006799,20230118,SUP072,PRD250,ST025,413,467.99,193279.87,PINV006799,14
PUR006800,20270504,SUP030,PRD124,ST034,431,518.97,223676.07,PINV006800,7
PUR006801,20271005,SUP024,PRD113,ST004,119,527.51,62773.69,PINV006801,3
PUR006802,20231011,SUP096,PRD282,ST025,248,688.69,170795.12,PINV006802,13
PUR006803,20260430,SUP081,PRD054,ST009,264,83.51,22046.64,PINV006803,6
PUR006804,20280816,SUP004,PRD098,ST044,369,566.15,208909.35,PINV006804,10
PUR006805,20240109,SUP018,PRD086,ST031,165,338.46,55845.9,PINV006805,4
PUR006806,20240515,SUP086,PRD007,ST006,392,343.1,134495.2,PINV006806,8
PUR006807,20250221,SUP067,PRD265,ST003,206,183.22,37743.32,PINV006807,4
PUR006808,20250609,SUP069,PRD270,ST012,480,151.35,72648.0,PINV006808,12
PUR006809,20280605,SUP046,PRD185,ST015,88,247.41,21772.08,PINV006809,7
PUR006810,20261126,SUP047,PRD255,ST001,382,765.0,292230.0,PINV006810,13
PUR006811,20260918,SUP062,PRD162,ST020,442,600.01,265204.42,PINV006811,1
PUR006812,20250101,SUP048,PRD030,ST017,480,51.22,24585.6,PINV006812,11
PUR006813,20270724,SUP049,PRD193,ST029,433,87.62,37939.46,PINV006813,13
PUR006814,20270201,SUP007,PRD130,ST022,279,395.24,110271.96,PINV006814,5
PUR006815,20280909,SUP079,PRD242,ST010,191,573.06,109454.46,PINV006815,3
PUR006816,20230529,SUP012,PRD138,ST024,450,570.75,256837.5,PINV006816,14
PUR006817,20230511,SUP094,PRD087,ST023,307,85.59,26276.13,PINV006817,2
PUR006818,20260603,SUP087,PRD178,ST019,117,684.46,80081.82,PINV006818,7
PUR006819,20250222,SUP100,PRD248,ST018,371,640.16,237499.36,PINV006819,1
PUR006820,20270918,SUP003,PRD162,ST009,70,394.99,27649.3,PINV006820,1
PUR006821,20280229,SUP007,PRD050,ST019,68,603.89,41064.52,PINV006821,10
PUR006822,20231228,SUP038,PRD269,ST011,68,431.68,29354.24,PINV006822,9
PUR006823,20240808,SUP086,PRD177,ST006,482,772.71,372446.22,PINV006823,8
PUR006824,20250119,SUP079,PRD045,ST010,234,575.33,134627.22,PINV006824,1
PUR006825,20250304,SUP086,PRD215,ST046,164,584.84,95913.76,PINV006825,13
PUR006826,20261006,SUP054,PRD029,ST030,88,560.24,49301.12,PINV006826,3
PUR006827,20260112,SUP034,PRD084,ST044,398,793.31,315737.38,PINV006827,8
PUR006828,20230905,SUP049,PRD167,ST012,59,596.69,35204.71,PINV006828,1
PUR006829,20280817,SUP027,PRD106,ST046,134,683.49,91587.66,PINV006829,7
PUR006830,20240818,SUP027,PRD142,ST028,293,334.93,98134.49,PINV006830,6
PUR006831,20251012,SUP034,PRD065,ST049,148,401.07,59358.36,PINV006831,7
PUR006832,20240607,SUP060,PRD124,ST015,68,294.3,20012.4,PINV006832,1
PUR006833,20230620,SUP039,PRD218,ST007,439,44.59,19575.01,PINV006833,5
PUR006834,20280329,SUP039,PRD271,ST025,209,233.31,48761.79,PINV006834,15
PUR006835,20250125,SUP053,PRD228,ST005,343,493.0,169099.0,PINV006835,11
PUR006836,20240820,SUP032,PRD228,ST031,244,94.6,23082.4,PINV006836,15
PUR006837,20261214,SUP099,PRD290,ST027,337,305.57,102977.09,PINV006837,9
PUR006838,20261217,SUP005,PRD097,ST037,473,531.25,251281.25,PINV006838,1
PUR006839,20230131,SUP079,PRD145,ST026,348,148.8,51782.4,PINV006839,8
PUR006840,20260322,SUP018,PRD120,ST018,130,531.48,69092.4,PINV006840,7
PUR006841,20271120,SUP007,PRD192,ST003,296,390.8,115676.8,PINV006841,13
PUR006842,20230730,SUP030,PRD257,ST015,113,81.13,9167.69,PINV006842,8
PUR006843,20270728,SUP055,PRD125,ST016,298,245.72,73224.56,PINV006843,14
PUR006844,20280923,SUP056,PRD018,ST013,458,566.58,259493.64,PINV006844,2
PUR006845,20270416,SUP077,PRD137,ST044,257,732.75,188316.75,PINV006845,2
PUR006846,20240209,SUP058,PRD142,ST018,136,473.23,64359.28,PINV006846,12
PUR006847,20230117,SUP053,PRD082,ST042,103,257.27,26498.81,PINV006847,11
PUR006848,20250620,SUP058,PRD026,ST042,401,27.33,10959.33,PINV006848,10
PUR006849,20230224,SUP084,PRD127,ST049,417,340.7,142071.9,PINV006849,3
PUR006850,20280816,SUP053,PRD104,ST026,291,85.0,24735.0,PINV006850,9
PUR006851,20270115,SUP083,PRD099,ST022,67,574.52,38492.84,PINV006851,5
PUR006852,20270717,SUP046,PRD176,ST017,449,562.28,252463.72,PINV006852,8
PUR006853,20260928,SUP089,PRD150,ST021,73,217.6,15884.8,PINV006853,1
PUR006854,20241016,SUP026,PRD128,ST023,262,724.46,189808.52,PINV006854,9
PUR006855,20260318,SUP029,PRD077,ST029,387,79.12,30619.44,PINV006855,5
PUR006856,20240629,SUP019,PRD066,ST002,210,382.43,80310.3,PINV006856,7
PUR006857,20280426,SUP086,PRD270,ST030,177,459.22,81281.94,PINV006857,11
PUR006858,20250331,SUP012,PRD243,ST024,396,444.02,175831.92,PINV006858,2
PUR006859,20270608,SUP039,PRD112,ST001,226,385.69,87165.94,PINV006859,15
PUR006860,20230708,SUP069,PRD179,ST016,102,761.18,77640.36,PINV006860,11
PUR006861,20281220,SUP018,PRD078,ST031,357,479.24,171088.68,PINV006861,8
PUR006862,20260328,SUP059,PRD152,ST003,93,201.18,18709.74,PINV006862,2
PUR006863,20260811,SUP064,PRD240,ST017,266,175.16,46592.56,PINV006863,10
PUR006864,20270608,SUP024,PRD228,ST027,386,401.8,155094.8,PINV006864,11
PUR006865,20280229,SUP055,PRD010,ST035,114,786.46,89656.44,PINV006865,15
PUR006866,20250311,SUP056,PRD025,ST031,271,189.98,51484.58,PINV006866,8
PUR006867,20260704,SUP037,PRD177,ST024,381,275.59,104999.79,PINV006867,13
PUR006868,20250926,SUP100,PRD114,ST026,395,688.05,271779.75,PINV006868,8
PUR006869,20240916,SUP022,PRD016,ST005,159,641.24,101957.16,PINV006869,3
PUR006870,20241018,SUP096,PRD099,ST003,98,30.99,3037.02,PINV006870,9
PUR006871,20280814,SUP012,PRD141,ST035,181,786.86,142421.66,PINV006871,2
PUR006872,20231219,SUP099,PRD037,ST030,240,780.52,187324.8,PINV006872,2
PUR006873,20260218,SUP068,PRD184,ST010,177,605.44,107162.88,PINV006873,5
PUR006874,20270426,SUP022,PRD061,ST042,426,85.88,36584.88,PINV006874,1
PUR006875,20251026,SUP063,PRD300,ST021,200,356.25,71250.0,PINV006875,8
PUR006876,20250602,SUP091,PRD127,ST012,134,699.38,93716.92,PINV006876,1
PUR006877,20261005,SUP080,PRD116,ST046,185,799.1,147833.5,PINV006877,1
PUR006878,20270830,SUP100,PRD293,ST028,99,231.36,22904.64,PINV006878,2
PUR006879,20240813,SUP053,PRD158,ST037,373,485.37,181043.01,PINV006879,3
PUR006880,20230103,SUP034,PRD152,ST019,460,352.55,162173.0,PINV006880,6
PUR006881,20250825,SUP026,PRD201,ST041,178,764.81,136136.18,PINV006881,5
PUR006882,20271018,SUP077,PRD041,ST026,475,278.99,132520.25,PINV006882,6
PUR006883,20240429,SUP046,PRD286,ST026,229,447.01,102365.29,PINV006883,2
PUR006884,20250915,SUP095,PRD086,ST015,412,430.23,177254.76,PINV006884,10
PUR006885,20281001,SUP028,PRD290,ST037,468,456.65,213712.2,PINV006885,8
PUR006886,20230119,SUP063,PRD095,ST048,368,222.9,82027.2,PINV006886,1
PUR006887,20281023,SUP069,PRD244,ST009,142,799.5,113529.0,PINV006887,2
PUR006888,20261223,SUP079,PRD121,ST050,415,64.01,26564.15,PINV006888,2
PUR006889,20261031,SUP073,PRD030,ST028,258,539.64,139227.12,PINV006889,15
PUR006890,20240521,SUP080,PRD145,ST016,261,178.8,46666.8,PINV006890,3
PUR006891,20250106,SUP094,PRD090,ST008,190,558.66,106145.4,PINV006891,9
PUR006892,20280117,SUP092,PRD136,ST003,463,178.5,82645.5,PINV006892,11
PUR006893,20270703,SUP039,PRD121,ST005,229,375.62,86016.98,PINV006893,14
PUR006894,20270207,SUP052,PRD052,ST016,462,738.28,341085.36,PINV006894,1
PUR006895,20240221,SUP013,PRD271,ST022,354,670.3,237286.2,PINV006895,7
PUR006896,20280616,SUP076,PRD075,ST038,343,90.17,30928.31,PINV006896,2
PUR006897,20270225,SUP028,PRD265,ST039,206,784.96,161701.76,PINV006897,7
PUR006898,20270323,SUP091,PRD111,ST047,410,630.35,258443.5,PINV006898,11
PUR006899,20260528,SUP087,PRD163,ST042,462,174.57,80651.34,PINV006899,11
PUR006900,20260315,SUP031,PRD288,ST008,124,345.82,42881.68,PINV006900,11
PUR006901,20270416,SUP010,PRD239,ST023,87,109.87,9558.69,PINV006901,15
PUR006902,20260720,SUP085,PRD076,ST030,300,691.7,207510.0,PINV006902,6
PUR006903,20260225,SUP054,PRD264,ST004,402,241.58,97115.16,PINV006903,14
PUR006904,20260731,SUP044,PRD086,ST015,117,229.97,26906.49,PINV006904,2
PUR006905,20270406,SUP057,PRD176,ST016,275,668.16,183744.0,PINV006905,15
PUR006906,20280608,SUP085,PRD082,ST049,463,567.21,262618.23,PINV006906,8
PUR006907,20250124,SUP042,PRD030,ST040,103,333.24,34323.72,PINV006907,6
PUR006908,20281229,SUP045,PRD192,ST048,292,565.32,165073.44,PINV006908,1
PUR006909,20231005,SUP077,PRD032,ST048,137,363.54,49804.98,PINV006909,14
PUR006910,20230627,SUP002,PRD258,ST021,138,447.11,61701.18,PINV006910,7
PUR006911,20240509,SUP041,PRD048,ST037,272,30.83,8385.76,PINV006911,13
PUR006912,20230411,SUP064,PRD209,ST030,119,516.58,61473.02,PINV006912,7
PUR006913,20240403,SUP036,PRD172,ST029,142,697.3,99016.6,PINV006913,15
PUR006914,20251215,SUP024,PRD288,ST016,310,761.98,236213.8,PINV006914,9
PUR006915,20280906,SUP075,PRD019,ST018,216,536.79,115946.64,PINV006915,8
PUR006916,20250627,SUP039,PRD169,ST048,302,280.38,84674.76,PINV006916,7
PUR006917,20240609,SUP010,PRD081,ST029,496,603.86,299514.56,PINV006917,4
PUR006918,20250624,SUP054,PRD076,ST014,330,461.78,152387.4,PINV006918,1
PUR006919,20281020,SUP054,PRD068,ST019,258,329.08,84902.64,PINV006919,15
PUR006920,20260123,SUP096,PRD226,ST030,405,563.56,228241.8,PINV006920,8
PUR006921,20280817,SUP033,PRD096,ST045,325,242.21,78718.25,PINV006921,9
PUR006922,20250709,SUP095,PRD283,ST026,346,517.83,179169.18,PINV006922,13
PUR006923,20281030,SUP045,PRD039,ST050,379,194.66,73776.14,PINV006923,15
PUR006924,20231206,SUP060,PRD261,ST047,141,764.97,107860.77,PINV006924,2
PUR006925,20240727,SUP099,PRD138,ST046,450,335.56,151002.0,PINV006925,12
PUR006926,20270517,SUP072,PRD217,ST030,110,382.36,42059.6,PINV006926,2
PUR006927,20260826,SUP025,PRD064,ST013,299,272.42,81453.58,PINV006927,11
PUR006928,20260509,SUP037,PRD086,ST016,316,729.6,230553.6,PINV006928,11
PUR006929,20240813,SUP080,PRD167,ST027,202,530.14,107088.28,PINV006929,12
PUR006930,20270301,SUP035,PRD009,ST041,118,30.99,3656.82,PINV006930,13
PUR006931,20240205,SUP089,PRD187,ST013,142,559.4,79434.8,PINV006931,10
PUR006932,20260602,SUP084,PRD179,ST024,135,788.85,106494.75,PINV006932,13
PUR006933,20260711,SUP099,PRD275,ST048,257,273.22,70217.54,PINV006933,11
PUR006934,20270228,SUP016,PRD183,ST009,307,36.19,11110.33,PINV006934,1
PUR006935,20261030,SUP015,PRD144,ST049,400,616.69,246676.0,PINV006935,9
PUR006936,20240525,SUP085,PRD102,ST045,218,564.59,123080.62,PINV006936,10
PUR006937,20281230,SUP097,PRD294,ST032,376,253.63,95364.88,PINV006937,12
PUR006938,20260606,SUP085,PRD125,ST023,109,506.72,55232.48,PINV006938,15
PUR006939,20240515,SUP034,PRD042,ST025,313,474.43,148496.59,PINV006939,10
PUR006940,20251031,SUP085,PRD007,ST032,277,506.52,140306.04,PINV006940,3
PUR006941,20271013,SUP001,PRD120,ST049,252,634.36,159858.72,PINV006941,15
PUR006942,20240808,SUP020,PRD157,ST026,212,347.83,73739.96,PINV006942,15
PUR006943,20230129,SUP039,PRD052,ST046,258,407.38,105104.04,PINV006943,10
PUR006944,20280729,SUP002,PRD267,ST040,271,615.59,166824.89,PINV006944,11
PUR006945,20241219,SUP041,PRD129,ST013,106,725.77,76931.62,PINV006945,2
PUR006946,20230607,SUP026,PRD036,ST015,270,343.64,92782.8,PINV006946,2
PUR006947,20260210,SUP024,PRD170,ST002,343,441.29,151362.47,PINV006947,13
PUR006948,20240504,SUP023,PRD201,ST019,255,368.82,94049.1,PINV006948,5
PUR006949,20260912,SUP075,PRD253,ST030,307,481.6,147851.2,PINV006949,9
PUR006950,20250929,SUP053,PRD116,ST048,440,387.32,170420.8,PINV006950,11
PUR006951,20261011,SUP051,PRD196,ST041,235,602.92,141686.2,PINV006951,11
PUR006952,20270916,SUP012,PRD079,ST042,207,488.45,101109.15,PINV006952,7
PUR006953,20270918,SUP046,PRD141,ST013,364,405.21,147496.44,PINV006953,7
PUR006954,20270205,SUP016,PRD147,ST008,443,697.98,309205.14,PINV006954,15
PUR006955,20231227,SUP092,PRD216,ST033,356,369.82,131655.92,PINV006955,14
PUR006956,20260424,SUP091,PRD264,ST044,491,493.86,242485.26,PINV006956,12
PUR006957,20280307,SUP096,PRD224,ST002,113,454.06,51308.78,PINV006957,7
PUR006958,20230607,SUP025,PRD238,ST027,370,360.43,133359.1,PINV006958,7
PUR006959,20280412,SUP013,PRD263,ST020,376,602.49,226536.24,PINV006959,2
PUR006960,20270102,SUP033,PRD244,ST002,442,680.54,300798.68,PINV006960,14
PUR006961,20270608,SUP070,PRD177,ST021,452,206.68,93419.36,PINV006961,2
PUR006962,20261014,SUP021,PRD055,ST016,145,88.96,12899.2,PINV006962,1
PUR006963,20260309,SUP008,PRD096,ST023,249,774.69,192897.81,PINV006963,13
PUR006964,20231005,SUP097,PRD248,ST031,280,421.14,117919.2,PINV006964,9
PUR006965,20260311,SUP096,PRD043,ST044,171,526.03,89951.13,PINV006965,14
PUR006966,20260922,SUP034,PRD259,ST008,67,432.94,29006.98,PINV006966,1
PUR006967,20250904,SUP066,PRD170,ST014,172,719.31,123721.32,PINV006967,3
PUR006968,20280414,SUP078,PRD169,ST038,370,554.1,205017.0,PINV006968,14
PUR006969,20240113,SUP090,PRD079,ST031,126,274.62,34602.12,PINV006969,8
PUR006970,20230926,SUP004,PRD043,ST008,435,486.91,211805.85,PINV006970,3
PUR006971,20251026,SUP028,PRD162,ST012,273,42.33,11556.09,PINV006971,6
PUR006972,20260221,SUP054,PRD279,ST032,364,145.56,52983.84,PINV006972,11
PUR006973,20250125,SUP068,PRD019,ST009,132,545.92,72061.44,PINV006973,6
PUR006974,20271110,SUP023,PRD208,ST009,330,711.5,234795.0,PINV006974,11
PUR006975,20240410,SUP089,PRD037,ST049,106,664.89,70478.34,PINV006975,10
PUR006976,20240926,SUP033,PRD026,ST006,59,370.11,21836.49,PINV006976,11
PUR006977,20281010,SUP001,PRD188,ST020,350,418.42,146447.0,PINV006977,8
PUR006978,20261220,SUP089,PRD025,ST020,142,669.96,95134.32,PINV006978,3
PUR006979,20260520,SUP021,PRD195,ST005,294,497.78,146347.32,PINV006979,6
PUR006980,20281207,SUP004,PRD297,ST033,263,449.85,118310.55,PINV006980,6
PUR006981,20270317,SUP080,PRD289,ST015,451,570.98,257511.98,PINV006981,12
PUR006982,20240407,SUP005,PRD117,ST013,375,456.09,171033.75,PINV006982,3
PUR006983,20270521,SUP089,PRD171,ST030,169,217.73,36796.37,PINV006983,7
PUR006984,20240604,SUP066,PRD114,ST011,104,109.77,11416.08,PINV006984,15
PUR006985,20280310,SUP004,PRD102,ST027,383,698.58,267556.14,PINV006985,8
PUR006986,20280229,SUP057,PRD051,ST026,254,181.62,46131.48,PINV006986,13
PUR006987,20270216,SUP069,PRD229,ST045,209,41.36,8644.24,PINV006987,3
PUR006988,20280821,SUP055,PRD112,ST018,461,440.14,202904.54,PINV006988,7
PUR006989,20250729,SUP039,PRD064,ST015,432,382.39,165192.48,PINV006989,2
PUR006990,20261205,SUP058,PRD084,ST044,196,586.8,115012.8,PINV006990,2
PUR006991,20280117,SUP047,PRD285,ST013,307,129.75,39833.25,PINV006991,5
PUR006992,20250611,SUP010,PRD120,ST036,77,165.18,12718.86,PINV006992,8
PUR006993,20230417,SUP050,PRD217,ST020,493,88.46,43610.78,PINV006993,9
PUR006994,20261015,SUP048,PRD052,ST035,401,335.09,134371.09,PINV006994,4
PUR006995,20261112,SUP077,PRD253,ST030,144,546.23,78657.12,PINV006995,13
PUR006996,20231118,SUP046,PRD126,ST002,232,562.04,130393.28,PINV006996,13
PUR006997,20280326,SUP033,PRD150,ST031,284,374.82,106448.88,PINV006997,2
PUR006998,20270826,SUP011,PRD197,ST049,431,384.99,165930.69,PINV006998,7
PUR006999,20280902,SUP035,PRD103,ST032,213,133.22,28375.86,PINV006999,11
PUR007000,20230103,SUP082,PRD077,ST021,256,39.59,10135.04,PINV007000,3
PUR007001,20240221,SUP045,PRD016,ST006,400,646.69,258676.0,PINV007001,7
PUR007002,20261223,SUP061,PRD109,ST002,361,585.11,211224.71,PINV007002,7
PUR007003,20260430,SUP072,PRD237,ST004,462,270.56,124998.72,PINV007003,7
PUR007004,20250728,SUP050,PRD115,ST027,206,129.12,26598.72,PINV007004,15
PUR007005,20230905,SUP084,PRD113,ST027,436,501.97,218858.92,PINV007005,6
PUR007006,20250506,SUP095,PRD236,ST018,305,747.86,228097.3,PINV007006,3
PUR007007,20270630,SUP034,PRD272,ST028,305,656.11,200113.55,PINV007007,1
PUR007008,20270105,SUP056,PRD065,ST034,67,403.66,27045.22,PINV007008,15
PUR007009,20250116,SUP024,PRD183,ST016,280,152.03,42568.4,PINV007009,13
PUR007010,20270813,SUP030,PRD149,ST001,183,391.34,71615.22,PINV007010,13
PUR007011,20250508,SUP068,PRD260,ST006,498,84.33,41996.34,PINV007011,11
PUR007012,20250212,SUP039,PRD159,ST006,194,396.11,76845.34,PINV007012,15
PUR007013,20240508,SUP084,PRD185,ST040,245,179.16,43894.2,PINV007013,10
PUR007014,20260127,SUP077,PRD078,ST026,419,275.75,115539.25,PINV007014,1
PUR007015,20250525,SUP066,PRD231,ST005,144,760.9,109569.6,PINV007015,12
PUR007016,20240913,SUP004,PRD168,ST027,80,167.36,13388.8,PINV007016,13
PUR007017,20260203,SUP013,PRD019,ST036,470,468.3,220101.0,PINV007017,3
PUR007018,20261129,SUP047,PRD162,ST016,106,254.72,27000.32,PINV007018,11
PUR007019,20260621,SUP031,PRD151,ST005,485,422.0,204670.0,PINV007019,5
PUR007020,20230216,SUP097,PRD203,ST024,316,324.0,102384.0,PINV007020,6
PUR007021,20230331,SUP040,PRD214,ST041,79,760.0,60040.0,PINV007021,14
PUR007022,20280429,SUP086,PRD126,ST032,128,444.22,56860.16,PINV007022,8
PUR007023,20270316,SUP062,PRD253,ST020,472,289.47,136629.84,PINV007023,1
PUR007024,20260326,SUP068,PRD145,ST034,231,33.75,7796.25,PINV007024,3
PUR007025,20280124,SUP093,PRD283,ST024,143,471.63,67443.09,PINV007025,3
PUR007026,20261002,SUP095,PRD262,ST043,80,470.95,37676.0,PINV007026,8
PUR007027,20231009,SUP044,PRD070,ST029,271,628.76,170393.96,PINV007027,5
PUR007028,20250202,SUP012,PRD278,ST006,441,431.63,190348.83,PINV007028,9
PUR007029,20260521,SUP020,PRD070,ST037,258,531.31,137077.98,PINV007029,10
PUR007030,20230222,SUP035,PRD238,ST031,470,344.47,161900.9,PINV007030,4
PUR007031,20270827,SUP001,PRD023,ST002,339,244.33,82827.87,PINV007031,9
PUR007032,20230916,SUP025,PRD284,ST023,354,118.34,41892.36,PINV007032,5
PUR007033,20251019,SUP008,PRD036,ST035,361,395.0,142595.0,PINV007033,2
PUR007034,20230127,SUP052,PRD187,ST005,269,662.93,178328.17,PINV007034,7
PUR007035,20240820,SUP086,PRD107,ST035,135,476.03,64264.05,PINV007035,9
PUR007036,20260621,SUP067,PRD213,ST026,82,73.25,6006.5,PINV007036,13
PUR007037,20281226,SUP077,PRD149,ST002,112,446.66,50025.92,PINV007037,1
PUR007038,20240611,SUP066,PRD217,ST023,271,757.42,205260.82,PINV007038,7
PUR007039,20250317,SUP042,PRD268,ST032,387,510.04,197385.48,PINV007039,11
PUR007040,20230206,SUP051,PRD188,ST035,302,576.24,174024.48,PINV007040,6
PUR007041,20270921,SUP076,PRD292,ST038,375,549.66,206122.5,PINV007041,5
PUR007042,20280619,SUP040,PRD151,ST047,330,647.99,213836.7,PINV007042,5
PUR007043,20270811,SUP077,PRD025,ST014,157,503.52,79052.64,PINV007043,2
PUR007044,20251103,SUP076,PRD009,ST020,221,156.42,34568.82,PINV007044,11
PUR007045,20270406,SUP032,PRD124,ST023,246,586.68,144323.28,PINV007045,13
PUR007046,20231024,SUP093,PRD036,ST047,465,627.92,291982.8,PINV007046,2
PUR007047,20280916,SUP039,PRD267,ST022,213,137.47,29281.11,PINV007047,12
PUR007048,20270411,SUP048,PRD282,ST008,385,217.74,83829.9,PINV007048,3
PUR007049,20251006,SUP094,PRD030,ST010,166,587.47,97520.02,PINV007049,4
PUR007050,20270924,SUP098,PRD255,ST045,68,38.5,2618.0,PINV007050,14
PUR007051,20280818,SUP042,PRD094,ST006,454,359.72,163312.88,PINV007051,7
PUR007052,20270127,SUP027,PRD264,ST023,299,413.49,123633.51,PINV007052,8
PUR007053,20251108,SUP024,PRD130,ST022,240,637.69,153045.6,PINV007053,12
PUR007054,20261026,SUP007,PRD108,ST004,301,414.57,124785.57,PINV007054,2
PUR007055,20261013,SUP012,PRD285,ST030,199,467.52,93036.48,PINV007055,2
PUR007056,20261102,SUP018,PRD241,ST046,60,739.86,44391.6,PINV007056,2
PUR007057,20251025,SUP046,PRD238,ST025,407,274.91,111888.37,PINV007057,3
PUR007058,20251112,SUP086,PRD105,ST049,263,610.2,160482.6,PINV007058,3
PUR007059,20280211,SUP009,PRD054,ST017,363,150.96,54798.48,PINV007059,10
PUR007060,20280727,SUP088,PRD047,ST032,155,291.55,45190.25,PINV007060,10
PUR007061,20280728,SUP077,PRD019,ST043,278,306.81,85293.18,PINV007061,7
PUR007062,20280101,SUP022,PRD019,ST020,448,361.91,162135.68,PINV007062,8
PUR007063,20230223,SUP041,PRD253,ST004,333,238.7,79487.1,PINV007063,6
PUR007064,20280103,SUP032,PRD229,ST047,282,363.52,102512.64,PINV007064,4
PUR007065,20250215,SUP078,PRD256,ST013,477,502.93,239897.61,PINV007065,12
PUR007066,20230726,SUP005,PRD274,ST050,225,666.67,150000.75,PINV007066,1
PUR007067,20270315,SUP063,PRD075,ST040,370,421.04,155784.8,PINV007067,15
PUR007068,20250316,SUP031,PRD097,ST040,462,118.42,54710.04,PINV007068,1
PUR007069,20231224,SUP065,PRD295,ST027,462,701.85,324254.7,PINV007069,6
PUR007070,20251129,SUP067,PRD199,ST030,84,194.27,16318.68,PINV007070,1
PUR007071,20280225,SUP008,PRD211,ST010,301,553.34,166555.34,PINV007071,9
PUR007072,20281203,SUP012,PRD245,ST024,450,497.28,223776.0,PINV007072,12
PUR007073,20260521,SUP075,PRD155,ST049,131,130.37,17078.47,PINV007073,11
PUR007074,20240211,SUP009,PRD254,ST029,282,29.54,8330.28,PINV007074,9
PUR007075,20280906,SUP100,PRD106,ST016,313,248.69,77839.97,PINV007075,2
PUR007076,20261228,SUP060,PRD013,ST028,451,761.17,343287.67,PINV007076,5
PUR007077,20280406,SUP052,PRD216,ST029,427,535.44,228632.88,PINV007077,5
PUR007078,20281002,SUP047,PRD027,ST001,282,761.53,214751.46,PINV007078,3
PUR007079,20230613,SUP037,PRD229,ST048,320,549.62,175878.4,PINV007079,10
PUR007080,20250916,SUP095,PRD148,ST025,52,357.75,18603.0,PINV007080,1
PUR007081,20230327,SUP100,PRD267,ST026,142,149.49,21227.58,PINV007081,1
PUR007082,20231103,SUP053,PRD030,ST018,197,517.84,102014.48,PINV007082,9
PUR007083,20250804,SUP010,PRD239,ST048,452,294.82,133258.64,PINV007083,3
PUR007084,20240103,SUP039,PRD170,ST026,324,732.26,237252.24,PINV007084,10
PUR007085,20280408,SUP069,PRD016,ST014,346,487.96,168834.16,PINV007085,3
PUR007086,20280905,SUP013,PRD088,ST012,261,713.98,186348.78,PINV007086,9
PUR007087,20270427,SUP077,PRD111,ST022,417,489.75,204225.75,PINV007087,9
PUR007088,20240324,SUP047,PRD107,ST001,287,388.72,111562.64,PINV007088,7
PUR007089,20271108,SUP050,PRD024,ST027,164,63.39,10395.96,PINV007089,4
PUR007090,20271004,SUP017,PRD085,ST037,276,656.37,181158.12,PINV007090,2
PUR007091,20251027,SUP008,PRD099,ST014,69,602.24,41554.56,PINV007091,13
PUR007092,20241128,SUP059,PRD101,ST023,497,791.64,393445.08,PINV007092,14
PUR007093,20260717,SUP029,PRD207,ST011,466,520.6,242599.6,PINV007093,11
PUR007094,20250510,SUP050,PRD112,ST047,103,348.13,35857.39,PINV007094,11
PUR007095,20230720,SUP087,PRD107,ST047,436,284.02,123832.72,PINV007095,7
PUR007096,20251205,SUP004,PRD150,ST022,242,620.91,150260.22,PINV007096,4
PUR007097,20251202,SUP064,PRD276,ST023,374,787.84,294652.16,PINV007097,6
PUR007098,20230408,SUP044,PRD054,ST001,150,781.58,117237.0,PINV007098,14
PUR007099,20260404,SUP023,PRD174,ST047,461,385.97,177932.17,PINV007099,10
PUR007100,20280204,SUP082,PRD017,ST042,234,106.58,24939.72,PINV007100,4
PUR007101,20230924,SUP067,PRD219,ST024,195,81.66,15923.7,PINV007101,11
PUR007102,20260320,SUP005,PRD041,ST045,224,733.65,164337.6,PINV007102,5
PUR007103,20250602,SUP038,PRD050,ST008,84,761.28,63947.52,PINV007103,11
PUR007104,20251112,SUP057,PRD214,ST007,79,452.73,35765.67,PINV007104,8
PUR007105,20230123,SUP010,PRD223,ST015,120,386.08,46329.6,PINV007105,10
PUR007106,20271124,SUP095,PRD111,ST006,241,468.17,112828.97,PINV007106,13
PUR007107,20280708,SUP078,PRD267,ST050,86,573.89,49354.54,PINV007107,1
PUR007108,20281118,SUP010,PRD260,ST031,474,314.02,148845.48,PINV007108,13
PUR007109,20260702,SUP099,PRD246,ST026,263,486.98,128075.74,PINV007109,14
PUR007110,20280516,SUP012,PRD280,ST024,396,611.54,242169.84,PINV007110,6
PUR007111,20250211,SUP098,PRD298,ST034,161,762.13,122702.93,PINV007111,8
PUR007112,20231223,SUP039,PRD049,ST011,467,358.85,167582.95,PINV007112,3
PUR007113,20280730,SUP094,PRD045,ST022,254,597.02,151643.08,PINV007113,5
PUR007114,20260307,SUP041,PRD026,ST038,341,592.01,201875.41,PINV007114,3
PUR007115,20250728,SUP005,PRD133,ST017,305,540.87,164965.35,PINV007115,6
PUR007116,20281215,SUP024,PRD116,ST014,377,615.31,231971.87,PINV007116,3
PUR007117,20241116,SUP004,PRD177,ST010,485,357.18,173232.3,PINV007117,8
PUR007118,20250516,SUP024,PRD173,ST004,229,549.24,125775.96,PINV007118,12
PUR007119,20251021,SUP099,PRD208,ST003,446,138.09,61588.14,PINV007119,14
PUR007120,20240113,SUP075,PRD097,ST024,500,31.93,15965.0,PINV007120,10
PUR007121,20280229,SUP017,PRD113,ST038,77,262.17,20187.09,PINV007121,7
PUR007122,20240815,SUP050,PRD173,ST031,163,101.39,16526.57,PINV007122,7
PUR007123,20281011,SUP012,PRD296,ST016,170,181.92,30926.4,PINV007123,12
PUR007124,20260503,SUP054,PRD140,ST036,71,298.32,21180.72,PINV007124,10
PUR007125,20261011,SUP057,PRD151,ST035,382,271.62,103758.84,PINV007125,6
PUR007126,20230226,SUP037,PRD261,ST045,135,426.35,57557.25,PINV007126,8
PUR007127,20240617,SUP036,PRD087,ST049,477,614.95,293331.15,PINV007127,9
PUR007128,20250503,SUP030,PRD190,ST026,457,353.27,161444.39,PINV007128,11
PUR007129,20250108,SUP072,PRD054,ST032,139,653.6,90850.4,PINV007129,4
PUR007130,20230109,SUP085,PRD064,ST001,431,768.64,331283.84,PINV007130,9
PUR007131,20270104,SUP008,PRD144,ST043,270,114.85,31009.5,PINV007131,10
PUR007132,20280805,SUP086,PRD213,ST020,478,184.74,88305.72,PINV007132,12
PUR007133,20240417,SUP097,PRD284,ST016,122,497.0,60634.0,PINV007133,9
PUR007134,20260217,SUP021,PRD021,ST030,60,526.93,31615.8,PINV007134,6
PUR007135,20280119,SUP044,PRD126,ST032,373,159.24,59396.52,PINV007135,2
PUR007136,20240522,SUP059,PRD265,ST003,326,441.82,144033.32,PINV007136,4
PUR007137,20261031,SUP052,PRD278,ST034,339,232.18,78709.02,PINV007137,14
PUR007138,20251201,SUP083,PRD093,ST037,278,531.77,147832.06,PINV007138,9
PUR007139,20281004,SUP080,PRD119,ST003,211,624.73,131818.03,PINV007139,15
PUR007140,20270110,SUP032,PRD207,ST046,260,504.69,131219.4,PINV007140,12
PUR007141,20261130,SUP080,PRD080,ST041,328,470.83,154432.24,PINV007141,15
PUR007142,20240916,SUP070,PRD104,ST030,283,785.71,222355.93,PINV007142,3
PUR007143,20261006,SUP071,PRD025,ST039,378,696.15,263144.7,PINV007143,15
PUR007144,20251028,SUP072,PRD069,ST009,262,343.88,90096.56,PINV007144,10
PUR007145,20241107,SUP030,PRD260,ST011,256,142.41,36456.96,PINV007145,15
PUR007146,20250213,SUP042,PRD217,ST049,166,305.41,50698.06,PINV007146,14
PUR007147,20280716,SUP013,PRD207,ST026,200,484.24,96848.0,PINV007147,10
PUR007148,20231028,SUP054,PRD255,ST017,271,293.78,79614.38,PINV007148,1
PUR007149,20260527,SUP014,PRD219,ST045,216,129.04,27872.64,PINV007149,14
PUR007150,20250210,SUP089,PRD225,ST013,248,712.32,176655.36,PINV007150,4
PUR007151,20241022,SUP031,PRD271,ST042,89,267.96,23848.44,PINV007151,10
PUR007152,20231123,SUP017,PRD261,ST047,153,301.08,46065.24,PINV007152,9
PUR007153,20260704,SUP091,PRD114,ST001,452,127.27,57526.04,PINV007153,14
PUR007154,20270603,SUP036,PRD200,ST019,63,396.84,25000.92,PINV007154,5
PUR007155,20230318,SUP030,PRD078,ST049,368,58.63,21575.84,PINV007155,14
PUR007156,20270826,SUP044,PRD140,ST028,207,669.91,138671.37,PINV007156,10
PUR007157,20260609,SUP003,PRD134,ST006,58,752.23,43629.34,PINV007157,8
PUR007158,20250122,SUP086,PRD050,ST003,440,236.43,104029.2,PINV007158,5
PUR007159,20281028,SUP013,PRD054,ST020,174,437.45,76116.3,PINV007159,11
PUR007160,20240811,SUP069,PRD186,ST019,137,139.26,19078.62,PINV007160,14
PUR007161,20261225,SUP091,PRD264,ST039,103,665.84,68581.52,PINV007161,13
PUR007162,20281214,SUP074,PRD188,ST017,136,544.12,74000.32,PINV007162,7
PUR007163,20261220,SUP034,PRD221,ST045,84,156.68,13161.12,PINV007163,14
PUR007164,20270608,SUP016,PRD106,ST011,118,624.13,73647.34,PINV007164,7
PUR007165,20231126,SUP015,PRD282,ST032,329,190.56,62694.24,PINV007165,7
PUR007166,20250715,SUP048,PRD116,ST022,360,238.52,85867.2,PINV007166,5
PUR007167,20280312,SUP014,PRD219,ST011,142,255.76,36317.92,PINV007167,7
PUR007168,20240218,SUP055,PRD219,ST018,162,264.87,42908.94,PINV007168,8
PUR007169,20230312,SUP024,PRD069,ST026,136,617.9,84034.4,PINV007169,2
PUR007170,20261125,SUP051,PRD017,ST041,113,477.98,54011.74,PINV007170,15
PUR007171,20250510,SUP081,PRD154,ST047,168,363.39,61049.52,PINV007171,7
PUR007172,20250220,SUP051,PRD193,ST030,452,700.34,316553.68,PINV007172,7
PUR007173,20240825,SUP071,PRD298,ST016,93,304.87,28352.91,PINV007173,12
PUR007174,20260522,SUP057,PRD028,ST012,214,82.44,17642.16,PINV007174,13
PUR007175,20231126,SUP011,PRD143,ST018,195,619.21,120745.95,PINV007175,15
PUR007176,20270716,SUP074,PRD143,ST033,248,44.24,10971.52,PINV007176,6
PUR007177,20271106,SUP074,PRD300,ST026,142,752.06,106792.52,PINV007177,6
PUR007178,20250214,SUP053,PRD125,ST020,408,111.4,45451.2,PINV007178,10
PUR007179,20271129,SUP008,PRD094,ST013,225,602.5,135562.5,PINV007179,11
PUR007180,20271027,SUP085,PRD136,ST023,472,448.4,211644.8,PINV007180,8
PUR007181,20280905,SUP016,PRD262,ST047,369,34.8,12841.2,PINV007181,1
PUR007182,20270506,SUP023,PRD271,ST036,212,194.75,41287.0,PINV007182,7
PUR007183,20230926,SUP096,PRD053,ST027,345,547.93,189035.85,PINV007183,8
PUR007184,20250623,SUP089,PRD200,ST040,167,736.38,122975.46,PINV007184,2
PUR007185,20251001,SUP093,PRD004,ST018,119,619.42,73710.98,PINV007185,4
PUR007186,20281103,SUP019,PRD058,ST034,52,170.88,8885.76,PINV007186,14
PUR007187,20250119,SUP041,PRD196,ST035,251,472.16,118512.16,PINV007187,13
PUR007188,20231009,SUP034,PRD136,ST025,490,300.42,147205.8,PINV007188,2
PUR007189,20230317,SUP011,PRD079,ST028,216,110.53,23874.48,PINV007189,10
PUR007190,20241116,SUP083,PRD212,ST013,113,704.99,79663.87,PINV007190,12
PUR007191,20270108,SUP027,PRD288,ST002,233,437.13,101851.29,PINV007191,14
PUR007192,20230505,SUP015,PRD005,ST044,164,779.38,127818.32,PINV007192,14
PUR007193,20280725,SUP068,PRD192,ST008,344,95.94,33003.36,PINV007193,5
PUR007194,20280124,SUP046,PRD061,ST009,67,402.35,26957.45,PINV007194,1
PUR007195,20281019,SUP012,PRD044,ST049,409,408.85,167219.65,PINV007195,14
PUR007196,20241112,SUP045,PRD252,ST040,163,247.43,40331.09,PINV007196,10
PUR007197,20260819,SUP027,PRD031,ST036,483,639.48,308868.84,PINV007197,12
PUR007198,20260206,SUP043,PRD086,ST014,362,444.17,160789.54,PINV007198,5
PUR007199,20270214,SUP016,PRD219,ST049,298,350.37,104410.26,PINV007199,15
PUR007200,20280822,SUP067,PRD214,ST017,461,155.07,71487.27,PINV007200,1
PUR007201,20250829,SUP089,PRD109,ST003,370,688.18,254626.6,PINV007201,1
PUR007202,20250901,SUP007,PRD020,ST040,494,67.97,33577.18,PINV007202,12
PUR007203,20260121,SUP058,PRD217,ST007,257,505.23,129844.11,PINV007203,4
PUR007204,20240214,SUP015,PRD177,ST044,363,601.93,218500.59,PINV007204,15
PUR007205,20240418,SUP082,PRD248,ST030,62,772.67,47905.54,PINV007205,8
PUR007206,20280924,SUP013,PRD297,ST022,178,311.36,55422.08,PINV007206,13
PUR007207,20231229,SUP036,PRD047,ST016,74,139.81,10345.94,PINV007207,13
PUR007208,20260123,SUP020,PRD111,ST005,199,757.38,150718.62,PINV007208,5
PUR007209,20251109,SUP080,PRD239,ST007,130,236.12,30695.6,PINV007209,12
PUR007210,20260208,SUP011,PRD078,ST015,257,407.62,104758.34,PINV007210,10
PUR007211,20280905,SUP029,PRD099,ST038,210,385.19,80889.9,PINV007211,7
PUR007212,20240126,SUP001,PRD009,ST004,298,379.14,112983.72,PINV007212,7
PUR007213,20251007,SUP005,PRD088,ST007,368,190.17,69982.56,PINV007213,10
PUR007214,20231020,SUP021,PRD094,ST025,145,277.3,40208.5,PINV007214,5
PUR007215,20280127,SUP078,PRD081,ST015,195,779.64,152029.8,PINV007215,14
PUR007216,20271218,SUP016,PRD174,ST002,443,585.75,259487.25,PINV007216,3
PUR007217,20240907,SUP084,PRD261,ST049,58,502.18,29126.44,PINV007217,1
PUR007218,20250913,SUP095,PRD267,ST001,411,222.1,91283.1,PINV007218,8
PUR007219,20240803,SUP092,PRD068,ST044,390,493.3,192387.0,PINV007219,10
PUR007220,20280815,SUP029,PRD242,ST010,401,521.39,209077.39,PINV007220,8
PUR007221,20280220,SUP016,PRD038,ST015,434,693.05,300783.7,PINV007221,6
PUR007222,20230321,SUP040,PRD145,ST039,376,236.51,88927.76,PINV007222,7
PUR007223,20230118,SUP055,PRD104,ST044,368,174.05,64050.4,PINV007223,3
PUR007224,20280905,SUP065,PRD142,ST008,259,666.36,172587.24,PINV007224,1
PUR007225,20280428,SUP027,PRD023,ST003,474,334.78,158685.72,PINV007225,6
PUR007226,20260610,SUP017,PRD027,ST013,256,629.3,161100.8,PINV007226,8
PUR007227,20250718,SUP011,PRD062,ST047,331,617.34,204339.54,PINV007227,7
PUR007228,20260617,SUP035,PRD224,ST046,247,791.76,195564.72,PINV007228,12
PUR007229,20280522,SUP078,PRD073,ST018,91,735.49,66929.59,PINV007229,7
PUR007230,20240623,SUP099,PRD240,ST012,374,547.98,204944.52,PINV007230,11
PUR007231,20240516,SUP035,PRD113,ST008,455,115.47,52538.85,PINV007231,10
PUR007232,20250317,SUP099,PRD041,ST010,237,661.98,156889.26,PINV007232,12
PUR007233,20280204,SUP084,PRD157,ST046,337,735.06,247715.22,PINV007233,8
PUR007234,20280518,SUP065,PRD017,ST028,481,83.9,40355.9,PINV007234,12
PUR007235,20261113,SUP026,PRD242,ST008,110,134.0,14740.0,PINV007235,8
PUR007236,20250614,SUP080,PRD231,ST009,283,178.92,50634.36,PINV007236,14
PUR007237,20280227,SUP084,PRD207,ST022,487,756.17,368254.79,PINV007237,3
PUR007238,20250602,SUP072,PRD059,ST041,278,22.13,6152.14,PINV007238,4
PUR007239,20281104,SUP085,PRD127,ST024,447,715.09,319645.23,PINV007239,14
PUR007240,20281114,SUP003,PRD011,ST007,350,514.17,179959.5,PINV007240,8
PUR007241,20250727,SUP100,PRD036,ST030,477,217.28,103642.56,PINV007241,3
PUR007242,20280907,SUP081,PRD172,ST037,448,571.48,256023.04,PINV007242,7
PUR007243,20230301,SUP017,PRD229,ST025,496,90.26,44768.96,PINV007243,8
PUR007244,20230517,SUP007,PRD206,ST038,101,705.84,71289.84,PINV007244,8
PUR007245,20280808,SUP017,PRD213,ST048,136,264.25,35938.0,PINV007245,4
PUR007246,20270923,SUP029,PRD211,ST013,412,473.59,195119.08,PINV007246,15
PUR007247,20251101,SUP037,PRD155,ST006,55,615.14,33832.7,PINV007247,10
PUR007248,20281122,SUP026,PRD045,ST041,374,484.68,181270.32,PINV007248,7
PUR007249,20280518,SUP087,PRD140,ST007,292,368.74,107672.08,PINV007249,10
PUR007250,20230420,SUP100,PRD122,ST029,411,340.99,140146.89,PINV007250,1
PUR007251,20250905,SUP071,PRD134,ST009,455,792.03,360373.65,PINV007251,10
PUR007252,20230403,SUP077,PRD228,ST037,424,767.15,325271.6,PINV007252,6
PUR007253,20271206,SUP087,PRD042,ST044,210,778.59,163503.9,PINV007253,5
PUR007254,20230531,SUP067,PRD054,ST018,416,551.67,229494.72,PINV007254,6
PUR007255,20280414,SUP052,PRD136,ST008,239,417.73,99837.47,PINV007255,6
PUR007256,20260212,SUP013,PRD286,ST020,339,556.2,188551.8,PINV007256,6
PUR007257,20260402,SUP099,PRD299,ST010,340,545.19,185364.6,PINV007257,11
PUR007258,20281216,SUP049,PRD173,ST006,293,320.96,94041.28,PINV007258,9
PUR007259,20260115,SUP078,PRD117,ST037,269,540.87,145494.03,PINV007259,15
PUR007260,20241203,SUP064,PRD216,ST048,141,742.8,104734.8,PINV007260,1
PUR007261,20230612,SUP011,PRD244,ST039,386,651.44,251455.84,PINV007261,7
PUR007262,20260212,SUP028,PRD025,ST021,372,251.71,93636.12,PINV007262,13
PUR007263,20250925,SUP004,PRD255,ST045,121,606.06,73333.26,PINV007263,15
PUR007264,20230728,SUP078,PRD147,ST050,460,36.33,16711.8,PINV007264,9
PUR007265,20251230,SUP052,PRD061,ST009,277,304.34,84302.18,PINV007265,2
PUR007266,20250713,SUP063,PRD168,ST023,415,656.74,272547.1,PINV007266,11
PUR007267,20240311,SUP090,PRD001,ST028,59,204.71,12077.89,PINV007267,2
PUR007268,20260616,SUP032,PRD150,ST049,415,150.08,62283.2,PINV007268,3
PUR007269,20241011,SUP055,PRD052,ST025,214,657.42,140687.88,PINV007269,4
PUR007270,20270426,SUP010,PRD174,ST011,262,749.4,196342.8,PINV007270,3
PUR007271,20270207,SUP063,PRD219,ST045,365,584.25,213251.25,PINV007271,9
PUR007272,20270723,SUP089,PRD157,ST050,489,658.89,322197.21,PINV007272,4
PUR007273,20240626,SUP048,PRD128,ST020,122,40.07,4888.54,PINV007273,7
PUR007274,20250908,SUP024,PRD144,ST025,187,588.74,110094.38,PINV007274,11
PUR007275,20231209,SUP048,PRD167,ST034,236,576.35,136018.6,PINV007275,13
PUR007276,20270217,SUP042,PRD238,ST015,401,332.29,133248.29,PINV007276,1
PUR007277,20271120,SUP070,PRD081,ST041,92,195.09,17948.28,PINV007277,4
PUR007278,20280708,SUP072,PRD067,ST014,333,764.41,254548.53,PINV007278,1
PUR007279,20260207,SUP043,PRD104,ST047,260,668.87,173906.2,PINV007279,3
PUR007280,20261107,SUP082,PRD221,ST024,128,683.5,87488.0,PINV007280,1
PUR007281,20280117,SUP007,PRD238,ST046,153,279.71,42795.63,PINV007281,11
PUR007282,20271103,SUP095,PRD132,ST048,136,155.03,21084.08,PINV007282,13
PUR007283,20270624,SUP093,PRD056,ST020,406,287.22,116611.32,PINV007283,9
PUR007284,20240908,SUP020,PRD199,ST015,158,499.23,78878.34,PINV007284,10
PUR007285,20260503,SUP050,PRD204,ST019,306,534.81,163651.86,PINV007285,5
PUR007286,20270105,SUP036,PRD207,ST030,397,600.78,238509.66,PINV007286,4
PUR007287,20240927,SUP021,PRD168,ST031,210,24.52,5149.2,PINV007287,11
PUR007288,20240224,SUP076,PRD144,ST005,405,347.58,140769.9,PINV007288,10
PUR007289,20260112,SUP081,PRD149,ST001,452,755.64,341549.28,PINV007289,4
PUR007290,20280826,SUP093,PRD010,ST037,390,512.44,199851.6,PINV007290,2
PUR007291,20230626,SUP085,PRD207,ST039,132,403.47,53258.04,PINV007291,4
PUR007292,20280406,SUP084,PRD224,ST037,306,458.12,140184.72,PINV007292,7
PUR007293,20251225,SUP007,PRD104,ST003,370,383.55,141913.5,PINV007293,10
PUR007294,20260211,SUP058,PRD171,ST019,375,92.92,34845.0,PINV007294,11
PUR007295,20261126,SUP093,PRD116,ST007,196,681.2,133515.2,PINV007295,14
PUR007296,20281114,SUP083,PRD159,ST037,175,502.63,87960.25,PINV007296,1
PUR007297,20250212,SUP046,PRD134,ST047,330,181.78,59987.4,PINV007297,13
PUR007298,20270731,SUP058,PRD244,ST022,492,303.16,149154.72,PINV007298,11
PUR007299,20240903,SUP062,PRD147,ST043,172,202.23,34783.56,PINV007299,4
PUR007300,20230105,SUP084,PRD130,ST018,228,781.95,178284.6,PINV007300,13
PUR007301,20251004,SUP081,PRD252,ST029,215,703.66,151286.9,PINV007301,3
PUR007302,20260628,SUP080,PRD064,ST002,302,558.07,168537.14,PINV007302,1
PUR007303,20251217,SUP015,PRD164,ST005,332,361.07,119875.24,PINV007303,14
PUR007304,20250208,SUP052,PRD218,ST003,246,382.02,93976.92,PINV007304,6
PUR007305,20260423,SUP023,PRD016,ST048,91,354.52,32261.32,PINV007305,8
PUR007306,20260530,SUP027,PRD177,ST020,295,764.44,225509.8,PINV007306,13
PUR007307,20230424,SUP065,PRD042,ST021,193,592.33,114319.69,PINV007307,3
PUR007308,20240106,SUP019,PRD188,ST023,417,208.55,86965.35,PINV007308,8
PUR007309,20271217,SUP026,PRD147,ST016,211,91.57,19321.27,PINV007309,4
PUR007310,20230730,SUP038,PRD283,ST013,249,282.43,70325.07,PINV007310,3
PUR007311,20260131,SUP016,PRD148,ST043,435,189.66,82502.1,PINV007311,1
PUR007312,20240624,SUP014,PRD129,ST020,467,388.06,181224.02,PINV007312,7
PUR007313,20260911,SUP056,PRD036,ST036,138,385.53,53203.14,PINV007313,5
PUR007314,20261208,SUP042,PRD241,ST008,195,35.46,6914.7,PINV007314,11
PUR007315,20270628,SUP004,PRD273,ST030,84,717.81,60296.04,PINV007315,9
PUR007316,20260720,SUP026,PRD262,ST027,196,198.45,38896.2,PINV007316,7
PUR007317,20280209,SUP024,PRD180,ST002,133,205.95,27391.35,PINV007317,15
PUR007318,20231017,SUP087,PRD210,ST044,383,560.87,214813.21,PINV007318,14
PUR007319,20261027,SUP009,PRD275,ST013,344,538.52,185250.88,PINV007319,10
PUR007320,20250407,SUP100,PRD117,ST033,72,756.51,54468.72,PINV007320,15
PUR007321,20230223,SUP042,PRD067,ST010,145,493.59,71570.55,PINV007321,6
PUR007322,20271216,SUP040,PRD088,ST010,359,91.91,32995.69,PINV007322,10
PUR007323,20250807,SUP068,PRD002,ST037,245,655.1,160499.5,PINV007323,11
PUR007324,20280213,SUP037,PRD009,ST024,454,498.91,226505.14,PINV007324,10
PUR007325,20260822,SUP021,PRD173,ST007,434,360.13,156296.42,PINV007325,8
PUR007326,20270530,SUP061,PRD197,ST031,433,159.66,69132.78,PINV007326,4
PUR007327,20230615,SUP034,PRD094,ST021,247,436.52,107820.44,PINV007327,8
PUR007328,20240710,SUP028,PRD270,ST029,89,233.8,20808.2,PINV007328,6
PUR007329,20230318,SUP051,PRD231,ST011,201,278.49,55976.49,PINV007329,8
PUR007330,20270816,SUP041,PRD056,ST022,361,526.98,190239.78,PINV007330,8
PUR007331,20260707,SUP032,PRD087,ST019,269,401.17,107914.73,PINV007331,1
PUR007332,20280905,SUP059,PRD091,ST044,364,451.51,164349.64,PINV007332,10
PUR007333,20260717,SUP081,PRD205,ST027,328,494.65,162245.2,PINV007333,15
PUR007334,20240112,SUP057,PRD077,ST013,214,530.77,113584.78,PINV007334,9
PUR007335,20271123,SUP054,PRD241,ST001,399,444.51,177359.49,PINV007335,14
PUR007336,20260216,SUP017,PRD285,ST030,481,648.85,312096.85,PINV007336,1
PUR007337,20280818,SUP071,PRD063,ST032,97,573.98,55676.06,PINV007337,14
PUR007338,20230602,SUP055,PRD128,ST044,203,66.71,13542.13,PINV007338,7
PUR007339,20260806,SUP046,PRD048,ST002,78,301.38,23507.64,PINV007339,14
PUR007340,20230509,SUP005,PRD179,ST025,219,699.51,153192.69,PINV007340,8
PUR007341,20240717,SUP060,PRD102,ST049,352,622.22,219021.44,PINV007341,5
PUR007342,20260724,SUP082,PRD069,ST008,415,121.42,50389.3,PINV007342,7
PUR007343,20250804,SUP006,PRD055,ST034,81,201.01,16281.81,PINV007343,11
PUR007344,20261124,SUP016,PRD109,ST013,372,387.18,144030.96,PINV007344,14
PUR007345,20270107,SUP025,PRD239,ST037,216,573.71,123921.36,PINV007345,15
PUR007346,20280103,SUP051,PRD037,ST030,218,158.83,34624.94,PINV007346,6
PUR007347,20260118,SUP006,PRD295,ST036,187,456.14,85298.18,PINV007347,13
PUR007348,20280312,SUP081,PRD081,ST021,339,727.82,246730.98,PINV007348,12
PUR007349,20270731,SUP098,PRD034,ST029,494,789.96,390240.24,PINV007349,9
PUR007350,20250929,SUP013,PRD169,ST023,447,494.47,221028.09,PINV007350,14
PUR007351,20250115,SUP063,PRD120,ST014,320,507.8,162496.0,PINV007351,10
PUR007352,20280206,SUP017,PRD262,ST009,299,633.36,189374.64,PINV007352,14
PUR007353,20250327,SUP079,PRD251,ST042,176,525.91,92560.16,PINV007353,5
PUR007354,20260816,SUP077,PRD241,ST014,406,550.23,223393.38,PINV007354,3
PUR007355,20230721,SUP013,PRD082,ST030,499,393.92,196566.08,PINV007355,13
PUR007356,20260119,SUP042,PRD103,ST022,164,792.13,129909.32,PINV007356,12
PUR007357,20251214,SUP036,PRD138,ST015,228,604.36,137794.08,PINV007357,4
PUR007358,20260913,SUP095,PRD176,ST038,345,431.27,148788.15,PINV007358,6
PUR007359,20250404,SUP066,PRD101,ST045,357,776.19,277099.83,PINV007359,7
PUR007360,20250319,SUP024,PRD053,ST008,203,106.86,21692.58,PINV007360,12
PUR007361,20230117,SUP030,PRD137,ST030,76,158.94,12079.44,PINV007361,6
PUR007362,20260516,SUP066,PRD147,ST001,232,724.17,168007.44,PINV007362,1
PUR007363,20280617,SUP090,PRD193,ST003,272,48.33,13145.76,PINV007363,15
PUR007364,20230519,SUP028,PRD142,ST044,248,288.18,71468.64,PINV007364,13
PUR007365,20240620,SUP009,PRD227,ST005,483,695.43,335892.69,PINV007365,8
PUR007366,20270720,SUP031,PRD116,ST026,268,728.65,195278.2,PINV007366,5
PUR007367,20231226,SUP081,PRD040,ST007,138,136.16,18790.08,PINV007367,9
PUR007368,20240331,SUP004,PRD144,ST043,327,773.35,252885.45,PINV007368,7
PUR007369,20281110,SUP056,PRD067,ST037,95,111.76,10617.2,PINV007369,5
PUR007370,20230520,SUP083,PRD213,ST024,345,133.52,46064.4,PINV007370,7
PUR007371,20250602,SUP049,PRD009,ST001,95,45.22,4295.9,PINV007371,1
PUR007372,20250901,SUP061,PRD159,ST007,414,190.74,78966.36,PINV007372,14
PUR007373,20280515,SUP054,PRD178,ST047,219,146.85,32160.15,PINV007373,6
PUR007374,20280120,SUP006,PRD001,ST039,157,521.47,81870.79,PINV007374,5
PUR007375,20260807,SUP060,PRD191,ST029,116,770.08,89329.28,PINV007375,7
PUR007376,20260821,SUP092,PRD208,ST036,294,670.91,197247.54,PINV007376,14
PUR007377,20250615,SUP002,PRD109,ST014,495,263.97,130665.15,PINV007377,1
PUR007378,20240429,SUP080,PRD025,ST020,173,319.56,55283.88,PINV007378,15
PUR007379,20280201,SUP007,PRD124,ST011,190,76.08,14455.2,PINV007379,13
PUR007380,20270226,SUP039,PRD080,ST038,390,299.05,116629.5,PINV007380,14
PUR007381,20250213,SUP039,PRD080,ST023,100,510.81,51081.0,PINV007381,14
PUR007382,20280701,SUP014,PRD276,ST019,163,259.0,42217.0,PINV007382,4
PUR007383,20250317,SUP018,PRD264,ST030,165,524.75,86583.75,PINV007383,13
PUR007384,20251005,SUP003,PRD110,ST041,54,431.49,23300.46,PINV007384,13
PUR007385,20280727,SUP007,PRD025,ST013,278,376.65,104708.7,PINV007385,5
PUR007386,20231205,SUP060,PRD161,ST045,356,240.33,85557.48,PINV007386,11
PUR007387,20281214,SUP025,PRD189,ST002,386,319.04,123149.44,PINV007387,6
PUR007388,20230819,SUP042,PRD088,ST044,59,538.36,31763.24,PINV007388,10
PUR007389,20270622,SUP062,PRD276,ST032,62,238.91,14812.42,PINV007389,14
PUR007390,20270326,SUP029,PRD294,ST001,92,733.93,67521.56,PINV007390,6
PUR007391,20250603,SUP026,PRD068,ST046,478,304.01,145316.78,PINV007391,3
PUR007392,20240919,SUP032,PRD208,ST039,276,89.28,24641.28,PINV007392,6
PUR007393,20261003,SUP042,PRD183,ST026,291,474.75,138152.25,PINV007393,8
PUR007394,20250608,SUP096,PRD238,ST029,283,364.0,103012.0,PINV007394,2
PUR007395,20240103,SUP025,PRD159,ST040,208,472.96,98375.68,PINV007395,8
PUR007396,20281128,SUP015,PRD108,ST023,273,344.76,94119.48,PINV007396,7
PUR007397,20231222,SUP010,PRD036,ST039,280,243.46,68168.8,PINV007397,13
PUR007398,20230224,SUP059,PRD156,ST047,58,346.38,20090.04,PINV007398,8
PUR007399,20260718,SUP043,PRD122,ST014,436,783.71,341697.56,PINV007399,9
PUR007400,20260114,SUP057,PRD050,ST041,266,310.64,82630.24,PINV007400,12
PUR007401,20270515,SUP069,PRD008,ST001,310,138.24,42854.4,PINV007401,14
PUR007402,20240326,SUP076,PRD147,ST018,201,264.13,53090.13,PINV007402,8
PUR007403,20241014,SUP052,PRD167,ST037,101,152.13,15365.13,PINV007403,15
PUR007404,20261104,SUP053,PRD117,ST046,334,550.95,184017.3,PINV007404,13
PUR007405,20280611,SUP040,PRD170,ST048,187,798.8,149375.6,PINV007405,14
PUR007406,20250727,SUP026,PRD102,ST023,353,656.55,231762.15,PINV007406,2
PUR007407,20250902,SUP092,PRD186,ST009,402,246.14,98948.28,PINV007407,14
PUR007408,20270217,SUP070,PRD285,ST002,293,423.34,124038.62,PINV007408,7
PUR007409,20260502,SUP032,PRD074,ST030,186,131.55,24468.3,PINV007409,4
PUR007410,20271017,SUP043,PRD290,ST031,199,510.82,101653.18,PINV007410,3
PUR007411,20241024,SUP032,PRD110,ST015,258,117.86,30407.88,PINV007411,8
PUR007412,20270210,SUP045,PRD094,ST048,229,303.33,69462.57,PINV007412,4
PUR007413,20261007,SUP074,PRD073,ST005,104,723.25,75218.0,PINV007413,1
PUR007414,20270715,SUP005,PRD078,ST021,53,77.67,4116.51,PINV007414,15
PUR007415,20250210,SUP062,PRD120,ST024,181,720.1,130338.1,PINV007415,7
PUR007416,20260824,SUP068,PRD238,ST045,224,793.71,177791.04,PINV007416,2
PUR007417,20271207,SUP084,PRD202,ST034,176,216.37,38081.12,PINV007417,15
PUR007418,20251126,SUP034,PRD219,ST026,341,700.24,238781.84,PINV007418,7
PUR007419,20271130,SUP055,PRD219,ST020,134,295.58,39607.72,PINV007419,2
PUR007420,20230106,SUP020,PRD153,ST032,441,705.72,311222.52,PINV007420,9
PUR007421,20280209,SUP041,PRD082,ST028,109,796.49,86817.41,PINV007421,3
PUR007422,20241013,SUP024,PRD298,ST039,426,431.41,183780.66,PINV007422,5
PUR007423,20261021,SUP026,PRD026,ST020,88,304.61,26805.68,PINV007423,12
PUR007424,20271104,SUP026,PRD192,ST018,144,377.89,54416.16,PINV007424,4
PUR007425,20240528,SUP020,PRD070,ST006,257,689.91,177306.87,PINV007425,9
PUR007426,20230605,SUP021,PRD038,ST044,301,442.21,133105.21,PINV007426,14
PUR007427,20280421,SUP089,PRD268,ST009,362,620.27,224537.74,PINV007427,6
PUR007428,20230626,SUP004,PRD161,ST041,485,120.42,58403.7,PINV007428,4
PUR007429,20231007,SUP062,PRD200,ST035,93,27.62,2568.66,PINV007429,9
PUR007430,20260720,SUP015,PRD031,ST010,261,415.46,108435.06,PINV007430,13
PUR007431,20230718,SUP070,PRD078,ST029,383,146.53,56120.99,PINV007431,10
PUR007432,20240613,SUP087,PRD042,ST008,144,653.64,94124.16,PINV007432,13
PUR007433,20261104,SUP096,PRD272,ST034,330,442.72,146097.6,PINV007433,11
PUR007434,20280311,SUP100,PRD143,ST026,158,354.61,56028.38,PINV007434,9
PUR007435,20271012,SUP058,PRD264,ST020,313,371.57,116301.41,PINV007435,10
PUR007436,20270707,SUP023,PRD291,ST014,435,133.65,58137.75,PINV007436,12
PUR007437,20240806,SUP055,PRD300,ST036,106,788.85,83618.1,PINV007437,10
PUR007438,20240911,SUP019,PRD263,ST033,334,261.58,87367.72,PINV007438,5
PUR007439,20240313,SUP099,PRD210,ST035,435,639.98,278391.3,PINV007439,4
PUR007440,20241103,SUP075,PRD189,ST035,473,80.54,38095.42,PINV007440,14
PUR007441,20260821,SUP095,PRD187,ST006,358,778.08,278552.64,PINV007441,4
PUR007442,20260612,SUP057,PRD216,ST050,489,143.24,70044.36,PINV007442,1
PUR007443,20280908,SUP011,PRD172,ST018,143,772.52,110470.36,PINV007443,10
PUR007444,20250302,SUP029,PRD048,ST032,411,212.33,87267.63,PINV007444,7
PUR007445,20280604,SUP035,PRD051,ST005,332,536.94,178264.08,PINV007445,7
PUR007446,20251212,SUP076,PRD163,ST034,213,191.84,40861.92,PINV007446,14
PUR007447,20230805,SUP069,PRD140,ST006,292,341.45,99703.4,PINV007447,1
PUR007448,20280409,SUP006,PRD231,ST012,146,32.9,4803.4,PINV007448,12
PUR007449,20260416,SUP037,PRD071,ST012,350,191.82,67137.0,PINV007449,2
PUR007450,20251121,SUP033,PRD026,ST006,424,57.37,24324.88,PINV007450,10
PUR007451,20250217,SUP046,PRD023,ST015,220,324.44,71376.8,PINV007451,3
PUR007452,20270504,SUP050,PRD151,ST032,175,88.41,15471.75,PINV007452,2
PUR007453,20240215,SUP053,PRD054,ST032,390,413.56,161288.4,PINV007453,2
PUR007454,20240913,SUP033,PRD146,ST028,119,526.95,62707.05,PINV007454,1
PUR007455,20240122,SUP022,PRD174,ST041,176,355.36,62543.36,PINV007455,1
PUR007456,20240508,SUP055,PRD159,ST013,417,149.04,62149.68,PINV007456,14
PUR007457,20250225,SUP037,PRD114,ST008,112,450.38,50442.56,PINV007457,10
PUR007458,20231014,SUP080,PRD219,ST049,408,151.07,61636.56,PINV007458,10
PUR007459,20280810,SUP018,PRD223,ST027,313,278.76,87251.88,PINV007459,2
PUR007460,20240302,SUP062,PRD107,ST039,274,692.27,189681.98,PINV007460,15
PUR007461,20260520,SUP093,PRD066,ST049,374,176.74,66100.76,PINV007461,15
PUR007462,20250608,SUP058,PRD086,ST034,80,186.74,14939.2,PINV007462,8
PUR007463,20240216,SUP063,PRD272,ST026,234,403.13,94332.42,PINV007463,15
PUR007464,20231001,SUP032,PRD292,ST038,464,757.23,351354.72,PINV007464,9
PUR007465,20270102,SUP008,PRD161,ST004,182,212.34,38645.88,PINV007465,7
PUR007466,20270102,SUP061,PRD251,ST048,367,517.29,189845.43,PINV007466,3
PUR007467,20250910,SUP099,PRD241,ST012,76,403.87,30694.12,PINV007467,1
PUR007468,20250308,SUP038,PRD209,ST044,300,335.7,100710.0,PINV007468,1
PUR007469,20240125,SUP027,PRD081,ST011,265,242.19,64180.35,PINV007469,11
PUR007470,20281226,SUP064,PRD033,ST043,453,494.06,223809.18,PINV007470,3
PUR007471,20280916,SUP084,PRD186,ST036,281,219.48,61673.88,PINV007471,9
PUR007472,20250622,SUP078,PRD135,ST008,413,146.19,60376.47,PINV007472,1
PUR007473,20270614,SUP082,PRD113,ST012,435,771.08,335419.8,PINV007473,11
PUR007474,20250919,SUP004,PRD197,ST024,411,723.75,297461.25,PINV007474,14
PUR007475,20250217,SUP012,PRD218,ST031,282,420.43,118561.26,PINV007475,6
PUR007476,20230501,SUP095,PRD160,ST027,298,353.04,105205.92,PINV007476,13
PUR007477,20260704,SUP094,PRD178,ST037,261,594.1,155060.1,PINV007477,12
PUR007478,20230806,SUP050,PRD012,ST020,418,729.48,304922.64,PINV007478,10
PUR007479,20280907,SUP063,PRD032,ST022,296,277.54,82151.84,PINV007479,2
PUR007480,20251030,SUP016,PRD203,ST027,446,566.36,252596.56,PINV007480,3
PUR007481,20251221,SUP014,PRD129,ST013,500,563.9,281950.0,PINV007481,1
PUR007482,20240702,SUP061,PRD098,ST034,90,357.05,32134.5,PINV007482,5
PUR007483,20280825,SUP019,PRD183,ST050,252,591.21,148984.92,PINV007483,12
PUR007484,20250308,SUP028,PRD139,ST020,443,721.52,319633.36,PINV007484,2
PUR007485,20260918,SUP097,PRD162,ST019,252,410.33,103403.16,PINV007485,15
PUR007486,20230717,SUP094,PRD096,ST039,256,203.43,52078.08,PINV007486,14
PUR007487,20281110,SUP047,PRD085,ST040,216,342.91,74068.56,PINV007487,9
PUR007488,20270903,SUP075,PRD048,ST019,385,336.48,129544.8,PINV007488,8
PUR007489,20241018,SUP097,PRD253,ST030,139,192.12,26704.68,PINV007489,2
PUR007490,20280325,SUP049,PRD117,ST014,418,331.98,138767.64,PINV007490,5
PUR007491,20260811,SUP083,PRD034,ST013,305,626.36,191039.8,PINV007491,2
PUR007492,20260920,SUP033,PRD056,ST024,492,673.85,331534.2,PINV007492,1
PUR007493,20280203,SUP066,PRD219,ST009,262,397.98,104270.76,PINV007493,6
PUR007494,20240317,SUP048,PRD222,ST019,422,151.84,64076.48,PINV007494,9
PUR007495,20280517,SUP074,PRD211,ST012,69,309.63,21364.47,PINV007495,9
PUR007496,20280212,SUP086,PRD160,ST020,315,102.49,32284.35,PINV007496,12
PUR007497,20230103,SUP085,PRD190,ST019,384,139.36,53514.24,PINV007497,4
PUR007498,20231013,SUP088,PRD252,ST028,371,299.65,111170.15,PINV007498,5
PUR007499,20261116,SUP037,PRD030,ST043,473,129.71,61352.83,PINV007499,13
PUR007500,20240409,SUP079,PRD018,ST001,102,455.52,46463.04,PINV007500,5
PUR007501,20260309,SUP075,PRD038,ST034,395,715.04,282440.8,PINV007501,8
PUR007502,20260225,SUP022,PRD217,ST010,309,466.1,144024.9,PINV007502,15
PUR007503,20260908,SUP019,PRD122,ST018,219,626.5,137203.5,PINV007503,10
PUR007504,20280213,SUP048,PRD262,ST012,459,487.85,223923.15,PINV007504,1
PUR007505,20240824,SUP070,PRD176,ST018,207,534.57,110655.99,PINV007505,2
PUR007506,20240608,SUP047,PRD144,ST008,69,390.39,26936.91,PINV007506,8
PUR007507,20260824,SUP014,PRD247,ST034,234,407.45,95343.3,PINV007507,7
PUR007508,20280330,SUP034,PRD257,ST037,116,465.66,54016.56,PINV007508,6
PUR007509,20261016,SUP002,PRD271,ST020,238,222.74,53012.12,PINV007509,2
PUR007510,20230728,SUP055,PRD132,ST014,327,629.07,205705.89,PINV007510,5
PUR007511,20261216,SUP099,PRD010,ST020,400,710.75,284300.0,PINV007511,2
PUR007512,20270221,SUP027,PRD275,ST018,82,652.06,53468.92,PINV007512,12
PUR007513,20230202,SUP066,PRD100,ST018,158,549.18,86770.44,PINV007513,3
PUR007514,20240214,SUP030,PRD014,ST002,277,749.24,207539.48,PINV007514,7
PUR007515,20250103,SUP025,PRD075,ST049,339,671.34,227584.26,PINV007515,12
PUR007516,20231021,SUP018,PRD166,ST004,128,780.97,99964.16,PINV007516,3
PUR007517,20240102,SUP049,PRD295,ST028,296,256.98,76066.08,PINV007517,12
PUR007518,20240510,SUP071,PRD070,ST042,207,67.9,14055.3,PINV007518,7
PUR007519,20250318,SUP017,PRD134,ST024,124,99.24,12305.76,PINV007519,1
PUR007520,20281114,SUP010,PRD102,ST041,165,382.49,63110.85,PINV007520,5
PUR007521,20250904,SUP012,PRD225,ST041,306,258.09,78975.54,PINV007521,4
PUR007522,20270827,SUP006,PRD049,ST014,377,581.58,219255.66,PINV007522,2
PUR007523,20241026,SUP026,PRD017,ST046,257,387.91,99692.87,PINV007523,5
PUR007524,20280309,SUP044,PRD089,ST039,463,220.35,102022.05,PINV007524,4
PUR007525,20270805,SUP015,PRD011,ST033,450,452.27,203521.5,PINV007525,13
PUR007526,20251118,SUP100,PRD019,ST038,283,138.82,39286.06,PINV007526,15
PUR007527,20250723,SUP096,PRD184,ST025,499,314.99,157180.01,PINV007527,4
PUR007528,20270615,SUP028,PRD296,ST047,197,613.7,120898.9,PINV007528,1
PUR007529,20250616,SUP098,PRD240,ST024,168,287.07,48227.76,PINV007529,10
PUR007530,20231002,SUP089,PRD170,ST004,265,460.63,122066.95,PINV007530,7
PUR007531,20270904,SUP044,PRD281,ST042,387,382.41,147992.67,PINV007531,7
PUR007532,20270120,SUP084,PRD252,ST032,145,358.31,51954.95,PINV007532,6
PUR007533,20250407,SUP048,PRD080,ST035,127,618.02,78488.54,PINV007533,1
PUR007534,20271229,SUP016,PRD092,ST019,258,527.85,136185.3,PINV007534,9
PUR007535,20230624,SUP009,PRD163,ST011,380,512.75,194845.0,PINV007535,5
PUR007536,20280613,SUP076,PRD112,ST019,266,552.21,146887.86,PINV007536,14
PUR007537,20260611,SUP019,PRD256,ST026,477,314.82,150169.14,PINV007537,9
PUR007538,20230704,SUP089,PRD088,ST021,162,663.77,107530.74,PINV007538,13
PUR007539,20241221,SUP022,PRD250,ST034,356,408.41,145393.96,PINV007539,9
PUR007540,20230808,SUP013,PRD018,ST002,254,74.4,18897.6,PINV007540,14
PUR007541,20280614,SUP045,PRD124,ST033,216,491.81,106230.96,PINV007541,11
PUR007542,20260626,SUP082,PRD142,ST044,469,661.46,310224.74,PINV007542,4
PUR007543,20260119,SUP013,PRD253,ST004,76,246.04,18699.04,PINV007543,12
PUR007544,20240131,SUP081,PRD285,ST020,403,138.71,55900.13,PINV007544,4
PUR007545,20260831,SUP016,PRD237,ST022,262,62.07,16262.34,PINV007545,10
PUR007546,20260610,SUP044,PRD081,ST009,298,765.74,228190.52,PINV007546,6
PUR007547,20281113,SUP078,PRD168,ST007,379,265.72,100707.88,PINV007547,14
PUR007548,20280926,SUP047,PRD145,ST048,367,123.21,45218.07,PINV007548,1
PUR007549,20250121,SUP091,PRD097,ST036,355,253.43,89967.65,PINV007549,11
PUR007550,20230909,SUP068,PRD161,ST016,305,517.34,157788.7,PINV007550,2
PUR007551,20240304,SUP066,PRD136,ST034,180,489.27,88068.6,PINV007551,8
PUR007552,20270503,SUP046,PRD097,ST010,168,440.99,74086.32,PINV007552,4
PUR007553,20280705,SUP043,PRD064,ST050,293,274.85,80531.05,PINV007553,7
PUR007554,20250719,SUP077,PRD001,ST006,185,725.69,134252.65,PINV007554,15
PUR007555,20250828,SUP020,PRD182,ST030,365,309.88,113106.2,PINV007555,15
PUR007556,20261220,SUP006,PRD081,ST003,161,646.2,104038.2,PINV007556,3
PUR007557,20240225,SUP017,PRD141,ST046,54,420.65,22715.1,PINV007557,10
PUR007558,20230320,SUP016,PRD111,ST027,374,118.35,44262.9,PINV007558,11
PUR007559,20261107,SUP008,PRD018,ST028,385,444.45,171113.25,PINV007559,10
PUR007560,20260731,SUP087,PRD249,ST011,81,491.06,39775.86,PINV007560,9
PUR007561,20250925,SUP015,PRD268,ST048,109,739.03,80554.27,PINV007561,3
PUR007562,20270818,SUP040,PRD022,ST031,233,294.81,68690.73,PINV007562,11
PUR007563,20270115,SUP083,PRD001,ST016,356,77.51,27593.56,PINV007563,12
PUR007564,20281219,SUP066,PRD035,ST018,215,648.18,139358.7,PINV007564,6
PUR007565,20230805,SUP048,PRD161,ST024,67,101.49,6799.83,PINV007565,14
PUR007566,20260927,SUP003,PRD142,ST016,340,155.22,52774.8,PINV007566,15
PUR007567,20250711,SUP095,PRD253,ST040,70,212.33,14863.1,PINV007567,6
PUR007568,20260615,SUP079,PRD226,ST012,123,548.04,67408.92,PINV007568,2
PUR007569,20280402,SUP065,PRD013,ST030,185,216.01,39961.85,PINV007569,7
PUR007570,20270423,SUP039,PRD106,ST017,193,264.04,50959.72,PINV007570,13
PUR007571,20231217,SUP075,PRD059,ST044,408,119.38,48707.04,PINV007571,13
PUR007572,20230531,SUP049,PRD053,ST011,185,622.62,115184.7,PINV007572,4
PUR007573,20230804,SUP044,PRD194,ST035,435,541.55,235574.25,PINV007573,10
PUR007574,20280428,SUP009,PRD140,ST007,231,642.84,148496.04,PINV007574,9
PUR007575,20250417,SUP049,PRD007,ST021,146,181.69,26526.74,PINV007575,3
PUR007576,20261010,SUP098,PRD142,ST025,297,449.23,133421.31,PINV007576,11
PUR007577,20260506,SUP054,PRD001,ST032,351,409.59,143766.09,PINV007577,1
PUR007578,20230709,SUP068,PRD261,ST042,55,183.71,10104.05,PINV007578,5
PUR007579,20270121,SUP059,PRD061,ST033,394,770.08,303411.52,PINV007579,11
PUR007580,20260303,SUP006,PRD082,ST014,128,106.96,13690.88,PINV007580,4
PUR007581,20250117,SUP001,PRD187,ST020,232,758.59,175992.88,PINV007581,13
PUR007582,20241108,SUP029,PRD022,ST003,100,69.59,6959.0,PINV007582,14
PUR007583,20231130,SUP024,PRD232,ST049,173,708.09,122499.57,PINV007583,5
PUR007584,20280714,SUP027,PRD082,ST029,462,262.52,121284.24,PINV007584,7
PUR007585,20270928,SUP022,PRD092,ST037,274,196.12,53736.88,PINV007585,12
PUR007586,20250927,SUP099,PRD201,ST013,415,75.43,31303.45,PINV007586,3
PUR007587,20270326,SUP061,PRD036,ST031,199,492.54,98015.46,PINV007587,4
PUR007588,20260331,SUP031,PRD175,ST017,375,645.42,242032.5,PINV007588,6
PUR007589,20260728,SUP086,PRD158,ST003,315,137.13,43195.95,PINV007589,3
PUR007590,20280909,SUP082,PRD236,ST015,176,504.55,88800.8,PINV007590,10
PUR007591,20270920,SUP067,PRD004,ST030,213,175.96,37479.48,PINV007591,8
PUR007592,20240611,SUP087,PRD126,ST048,443,126.47,56026.21,PINV007592,10
PUR007593,20230404,SUP063,PRD196,ST029,415,333.46,138385.9,PINV007593,10
PUR007594,20271111,SUP017,PRD192,ST008,108,252.48,27267.84,PINV007594,5
PUR007595,20271018,SUP053,PRD079,ST021,69,633.04,43679.76,PINV007595,11
PUR007596,20230310,SUP024,PRD069,ST009,466,705.01,328534.66,PINV007596,6
PUR007597,20280731,SUP082,PRD202,ST016,426,631.92,269197.92,PINV007597,11
PUR007598,20281001,SUP082,PRD022,ST043,100,60.18,6018.0,PINV007598,8
PUR007599,20230712,SUP030,PRD044,ST007,62,366.71,22736.02,PINV007599,11
PUR007600,20280123,SUP004,PRD038,ST006,438,373.3,163505.4,PINV007600,5
PUR007601,20280919,SUP048,PRD176,ST021,365,118.59,43285.35,PINV007601,2
PUR007602,20280410,SUP066,PRD116,ST039,101,71.7,7241.7,PINV007602,10
PUR007603,20260517,SUP066,PRD248,ST043,278,186.02,51713.56,PINV007603,5
PUR007604,20250126,SUP032,PRD277,ST017,310,282.0,87420.0,PINV007604,2
PUR007605,20260524,SUP002,PRD280,ST014,419,317.95,133221.05,PINV007605,9
PUR007606,20251025,SUP069,PRD007,ST037,425,620.5,263712.5,PINV007606,7
PUR007607,20230118,SUP040,PRD280,ST037,276,163.78,45203.28,PINV007607,9
PUR007608,20260404,SUP009,PRD099,ST007,375,729.82,273682.5,PINV007608,11
PUR007609,20270827,SUP071,PRD054,ST032,135,650.39,87802.65,PINV007609,4
PUR007610,20270124,SUP075,PRD162,ST014,428,494.9,211817.2,PINV007610,14
PUR007611,20241003,SUP019,PRD055,ST017,486,546.59,265642.74,PINV007611,6
PUR007612,20270322,SUP063,PRD060,ST020,319,698.73,222894.87,PINV007612,13
PUR007613,20270415,SUP088,PRD145,ST042,205,380.18,77936.9,PINV007613,3
PUR007614,20251101,SUP054,PRD016,ST023,282,308.42,86974.44,PINV007614,12
PUR007615,20250707,SUP100,PRD019,ST043,369,228.62,84360.78,PINV007615,7
PUR007616,20260203,SUP063,PRD076,ST037,401,218.66,87682.66,PINV007616,9
PUR007617,20280130,SUP004,PRD121,ST043,423,330.6,139843.8,PINV007617,5
PUR007618,20280213,SUP026,PRD100,ST047,66,238.58,15746.28,PINV007618,12
PUR007619,20250912,SUP096,PRD089,ST047,304,207.84,63183.36,PINV007619,9
PUR007620,20270512,SUP038,PRD298,ST033,342,77.41,26474.22,PINV007620,2
PUR007621,20230914,SUP028,PRD294,ST032,399,192.24,76703.76,PINV007621,9
PUR007622,20230924,SUP068,PRD089,ST035,65,31.92,2074.8,PINV007622,8
PUR007623,20250827,SUP031,PRD122,ST036,54,30.26,1634.04,PINV007623,1
PUR007624,20270226,SUP014,PRD124,ST020,358,384.21,137547.18,PINV007624,1
PUR007625,20250315,SUP088,PRD009,ST031,271,191.55,51910.05,PINV007625,9
PUR007626,20240914,SUP029,PRD051,ST037,158,403.39,63735.62,PINV007626,7
PUR007627,20260112,SUP008,PRD282,ST050,486,177.29,86162.94,PINV007627,5
PUR007628,20270802,SUP040,PRD155,ST027,436,308.5,134506.0,PINV007628,4
PUR007629,20250424,SUP057,PRD150,ST020,161,654.11,105311.71,PINV007629,13
PUR007630,20261001,SUP095,PRD033,ST046,135,739.86,99881.1,PINV007630,14
PUR007631,20240326,SUP001,PRD095,ST013,129,581.14,74967.06,PINV007631,11
PUR007632,20260113,SUP087,PRD078,ST044,424,37.97,16099.28,PINV007632,11
PUR007633,20230429,SUP063,PRD182,ST043,215,638.46,137268.9,PINV007633,14
PUR007634,20240824,SUP040,PRD232,ST011,146,656.29,95818.34,PINV007634,14
PUR007635,20261018,SUP047,PRD069,ST008,149,688.05,102519.45,PINV007635,2
PUR007636,20270522,SUP016,PRD131,ST018,81,666.74,54005.94,PINV007636,7
PUR007637,20251024,SUP022,PRD279,ST006,478,585.98,280098.44,PINV007637,9
PUR007638,20261102,SUP098,PRD124,ST005,72,29.89,2152.08,PINV007638,8
PUR007639,20260405,SUP097,PRD047,ST038,53,26.94,1427.82,PINV007639,3
PUR007640,20280311,SUP016,PRD229,ST035,172,387.48,66646.56,PINV007640,1
PUR007641,20250306,SUP025,PRD072,ST043,465,257.74,119849.1,PINV007641,14
PUR007642,20231005,SUP055,PRD041,ST008,176,243.49,42854.24,PINV007642,12
PUR007643,20260113,SUP075,PRD119,ST036,151,255.67,38606.17,PINV007643,1
PUR007644,20260921,SUP051,PRD067,ST035,369,495.3,182765.7,PINV007644,5
PUR007645,20240623,SUP038,PRD209,ST043,356,547.83,195027.48,PINV007645,12
PUR007646,20231108,SUP037,PRD071,ST005,137,208.48,28561.76,PINV007646,12
PUR007647,20240505,SUP054,PRD041,ST048,427,689.73,294514.71,PINV007647,10
PUR007648,20280217,SUP048,PRD215,ST012,473,341.67,161609.91,PINV007648,12
PUR007649,20280510,SUP018,PRD067,ST042,400,690.15,276060.0,PINV007649,9
PUR007650,20250629,SUP068,PRD159,ST050,167,195.07,32576.69,PINV007650,10
PUR007651,20250808,SUP020,PRD049,ST043,220,148.74,32722.8,PINV007651,13
PUR007652,20250111,SUP010,PRD102,ST046,254,244.82,62184.28,PINV007652,12
PUR007653,20280114,SUP009,PRD138,ST042,279,678.1,189189.9,PINV007653,1
PUR007654,20280919,SUP044,PRD158,ST026,84,688.55,57838.2,PINV007654,2
PUR007655,20260219,SUP056,PRD190,ST015,369,756.73,279233.37,PINV007655,8
PUR007656,20240816,SUP017,PRD250,ST022,449,601.34,270001.66,PINV007656,12
PUR007657,20281122,SUP028,PRD003,ST029,351,278.59,97785.09,PINV007657,10
PUR007658,20270310,SUP016,PRD102,ST029,133,361.73,48110.09,PINV007658,3
PUR007659,20260108,SUP100,PRD192,ST007,134,157.01,21039.34,PINV007659,10
PUR007660,20250831,SUP083,PRD122,ST035,179,580.35,103882.65,PINV007660,5
PUR007661,20270103,SUP099,PRD005,ST038,205,175.69,36016.45,PINV007661,1
PUR007662,20271218,SUP017,PRD238,ST017,358,308.47,110432.26,PINV007662,7
PUR007663,20280103,SUP010,PRD070,ST016,355,172.55,61255.25,PINV007663,4
PUR007664,20260109,SUP002,PRD095,ST023,409,449.35,183784.15,PINV007664,13
PUR007665,20240608,SUP024,PRD209,ST008,230,411.31,94601.3,PINV007665,7
PUR007666,20240705,SUP098,PRD229,ST026,192,592.57,113773.44,PINV007666,13
PUR007667,20261020,SUP048,PRD228,ST017,307,230.81,70858.67,PINV007667,14
PUR007668,20241205,SUP095,PRD054,ST006,206,692.18,142589.08,PINV007668,2
PUR007669,20270811,SUP018,PRD050,ST005,306,44.9,13739.4,PINV007669,5
PUR007670,20280610,SUP085,PRD198,ST015,280,407.73,114164.4,PINV007670,3
PUR007671,20260216,SUP054,PRD230,ST020,344,446.83,153709.52,PINV007671,7
PUR007672,20260115,SUP082,PRD009,ST031,201,186.37,37460.37,PINV007672,6
PUR007673,20230713,SUP006,PRD045,ST001,295,51.95,15325.25,PINV007673,6
PUR007674,20260330,SUP023,PRD147,ST033,185,416.06,76971.1,PINV007674,4
PUR007675,20270218,SUP069,PRD125,ST044,112,413.08,46264.96,PINV007675,13
PUR007676,20250716,SUP016,PRD256,ST046,289,132.64,38332.96,PINV007676,14
PUR007677,20281108,SUP053,PRD275,ST022,302,107.49,32461.98,PINV007677,8
PUR007678,20250409,SUP094,PRD186,ST034,180,795.94,143269.2,PINV007678,14
PUR007679,20230116,SUP037,PRD238,ST030,225,765.47,172230.75,PINV007679,2
PUR007680,20230212,SUP057,PRD061,ST035,91,553.91,50405.81,PINV007680,1
PUR007681,20270227,SUP081,PRD203,ST018,69,520.43,35909.67,PINV007681,8
PUR007682,20240424,SUP099,PRD182,ST009,401,117.86,47261.86,PINV007682,4
PUR007683,20230716,SUP035,PRD288,ST027,125,119.84,14980.0,PINV007683,1
PUR007684,20260809,SUP007,PRD008,ST023,401,296.99,119092.99,PINV007684,13
PUR007685,20251215,SUP094,PRD175,ST006,484,472.44,228660.96,PINV007685,1
PUR007686,20271024,SUP045,PRD187,ST038,362,206.24,74658.88,PINV007686,13
PUR007687,20231129,SUP019,PRD126,ST041,332,466.24,154791.68,PINV007687,1
PUR007688,20250513,SUP078,PRD055,ST028,186,639.88,119017.68,PINV007688,2
PUR007689,20271117,SUP092,PRD287,ST041,261,618.75,161493.75,PINV007689,5
PUR007690,20271015,SUP049,PRD225,ST036,331,589.29,195054.99,PINV007690,15
PUR007691,20281202,SUP007,PRD137,ST025,268,752.91,201779.88,PINV007691,5
PUR007692,20260512,SUP057,PRD050,ST043,426,432.6,184287.6,PINV007692,10
PUR007693,20280810,SUP075,PRD228,ST041,207,617.63,127849.41,PINV007693,2
PUR007694,20250825,SUP093,PRD094,ST010,81,645.74,52304.94,PINV007694,7
PUR007695,20250922,SUP057,PRD184,ST006,202,747.94,151083.88,PINV007695,10
PUR007696,20250209,SUP087,PRD074,ST002,143,138.55,19812.65,PINV007696,7
PUR007697,20270324,SUP041,PRD111,ST021,421,503.9,212141.9,PINV007697,9
PUR007698,20281108,SUP022,PRD026,ST012,60,630.41,37824.6,PINV007698,11
PUR007699,20250411,SUP024,PRD046,ST031,85,553.72,47066.2,PINV007699,8
PUR007700,20230108,SUP042,PRD178,ST045,204,247.51,50492.04,PINV007700,13
PUR007701,20270318,SUP090,PRD144,ST005,78,132.51,10335.78,PINV007701,13
PUR007702,20270111,SUP028,PRD209,ST002,431,571.95,246510.45,PINV007702,15
PUR007703,20280626,SUP072,PRD073,ST048,166,305.52,50716.32,PINV007703,11
PUR007704,20250622,SUP071,PRD257,ST041,164,116.74,19145.36,PINV007704,6
PUR007705,20250727,SUP034,PRD139,ST043,203,454.58,92279.74,PINV007705,9
PUR007706,20240908,SUP012,PRD205,ST043,219,529.03,115857.57,PINV007706,5
PUR007707,20271021,SUP081,PRD261,ST014,283,311.99,88293.17,PINV007707,9
PUR007708,20240527,SUP052,PRD105,ST016,430,482.78,207595.4,PINV007708,3
PUR007709,20231022,SUP054,PRD290,ST049,110,649.08,71398.8,PINV007709,8
PUR007710,20281031,SUP085,PRD002,ST030,86,253.68,21816.48,PINV007710,13
PUR007711,20270906,SUP021,PRD161,ST035,370,103.04,38124.8,PINV007711,8
PUR007712,20260427,SUP041,PRD037,ST011,264,255.14,67356.96,PINV007712,4
PUR007713,20260513,SUP038,PRD161,ST050,426,116.28,49535.28,PINV007713,7
PUR007714,20280819,SUP041,PRD171,ST013,110,653.71,71908.1,PINV007714,11
PUR007715,20240724,SUP005,PRD224,ST047,232,604.12,140155.84,PINV007715,6
PUR007716,20260525,SUP033,PRD089,ST016,368,712.74,262288.32,PINV007716,9
PUR007717,20250809,SUP072,PRD075,ST009,207,784.12,162312.84,PINV007717,6
PUR007718,20230423,SUP093,PRD079,ST008,420,555.21,233188.2,PINV007718,9
PUR007719,20270810,SUP054,PRD263,ST018,317,629.21,199459.57,PINV007719,10
PUR007720,20280325,SUP013,PRD053,ST015,339,78.99,26777.61,PINV007720,2
PUR007721,20270402,SUP033,PRD249,ST047,156,87.71,13682.76,PINV007721,11
PUR007722,20230727,SUP024,PRD021,ST012,348,524.24,182435.52,PINV007722,8
PUR007723,20271028,SUP089,PRD219,ST033,254,642.7,163245.8,PINV007723,3
PUR007724,20260909,SUP067,PRD110,ST020,299,681.06,203636.94,PINV007724,7
PUR007725,20241220,SUP073,PRD275,ST004,337,493.32,166248.84,PINV007725,11
PUR007726,20280927,SUP032,PRD015,ST049,484,636.24,307940.16,PINV007726,14
PUR007727,20280817,SUP043,PRD184,ST034,453,102.67,46509.51,PINV007727,9
PUR007728,20260826,SUP048,PRD079,ST007,361,124.25,44854.25,PINV007728,2
PUR007729,20280408,SUP025,PRD147,ST036,150,113.92,17088.0,PINV007729,10
PUR007730,20281219,SUP008,PRD071,ST019,148,547.59,81043.32,PINV007730,4
PUR007731,20240227,SUP100,PRD262,ST004,462,97.46,45026.52,PINV007731,2
PUR007732,20280819,SUP031,PRD064,ST034,177,45.58,8067.66,PINV007732,1
PUR007733,20270808,SUP049,PRD083,ST027,106,121.4,12868.4,PINV007733,2
PUR007734,20240112,SUP070,PRD098,ST009,75,230.22,17266.5,PINV007734,10
PUR007735,20240124,SUP071,PRD290,ST037,113,570.52,64468.76,PINV007735,4
PUR007736,20250614,SUP025,PRD139,ST039,322,744.96,239877.12,PINV007736,5
PUR007737,20270427,SUP050,PRD166,ST025,223,359.41,80148.43,PINV007737,15
PUR007738,20230409,SUP084,PRD013,ST038,457,672.26,307222.82,PINV007738,11
PUR007739,20270825,SUP013,PRD236,ST008,338,89.02,30088.76,PINV007739,4
PUR007740,20250317,SUP065,PRD226,ST027,396,342.36,135574.56,PINV007740,13
PUR007741,20271022,SUP087,PRD060,ST020,125,153.3,19162.5,PINV007741,11
PUR007742,20240615,SUP017,PRD088,ST038,402,266.25,107032.5,PINV007742,13
PUR007743,20271228,SUP052,PRD214,ST017,150,156.48,23472.0,PINV007743,12
PUR007744,20250110,SUP004,PRD098,ST042,245,190.21,46601.45,PINV007744,3
PUR007745,20280325,SUP049,PRD043,ST033,164,384.03,62980.92,PINV007745,14
PUR007746,20250405,SUP066,PRD238,ST009,361,512.69,185081.09,PINV007746,5
PUR007747,20240611,SUP056,PRD257,ST005,393,360.45,141656.85,PINV007747,7
PUR007748,20280520,SUP067,PRD188,ST028,364,233.24,84899.36,PINV007748,7
PUR007749,20260126,SUP066,PRD298,ST004,82,65.47,5368.54,PINV007749,1
PUR007750,20270116,SUP071,PRD290,ST012,232,231.59,53728.88,PINV007750,14
PUR007751,20270209,SUP041,PRD009,ST022,448,461.66,206823.68,PINV007751,11
PUR007752,20250714,SUP040,PRD153,ST014,123,408.32,50223.36,PINV007752,8
PUR007753,20280229,SUP023,PRD269,ST050,176,519.2,91379.2,PINV007753,14
PUR007754,20251119,SUP087,PRD096,ST001,478,474.68,226897.04,PINV007754,12
PUR007755,20280917,SUP054,PRD224,ST017,292,641.19,187227.48,PINV007755,15
PUR007756,20270813,SUP060,PRD270,ST043,231,686.84,158660.04,PINV007756,13
PUR007757,20240817,SUP092,PRD186,ST023,83,670.75,55672.25,PINV007757,1
PUR007758,20261012,SUP008,PRD186,ST026,257,104.18,26774.26,PINV007758,8
PUR007759,20240903,SUP036,PRD262,ST017,241,116.22,28009.02,PINV007759,5
PUR007760,20260620,SUP009,PRD031,ST029,264,27.53,7267.92,PINV007760,2
PUR007761,20270501,SUP040,PRD041,ST046,52,650.63,33832.76,PINV007761,13
PUR007762,20250429,SUP048,PRD086,ST015,376,343.21,129046.96,PINV007762,13
PUR007763,20280221,SUP067,PRD017,ST010,419,760.57,318678.83,PINV007763,14
PUR007764,20280510,SUP073,PRD197,ST047,355,296.49,105253.95,PINV007764,11
PUR007765,20231015,SUP080,PRD255,ST013,430,730.15,313964.5,PINV007765,1
PUR007766,20270403,SUP015,PRD068,ST021,257,756.62,194451.34,PINV007766,3
PUR007767,20261126,SUP049,PRD184,ST023,317,326.9,103627.3,PINV007767,10
PUR007768,20261203,SUP033,PRD222,ST029,62,518.26,32132.12,PINV007768,13
PUR007769,20240428,SUP039,PRD235,ST043,193,574.39,110857.27,PINV007769,10
PUR007770,20250803,SUP094,PRD003,ST005,184,359.11,66076.24,PINV007770,13
PUR007771,20270708,SUP023,PRD206,ST010,470,172.85,81239.5,PINV007771,2
PUR007772,20270403,SUP027,PRD033,ST005,477,670.34,319752.18,PINV007772,5
PUR007773,20261123,SUP098,PRD183,ST038,86,501.86,43159.96,PINV007773,3
PUR007774,20251105,SUP010,PRD234,ST048,57,727.62,41474.34,PINV007774,2
PUR007775,20250301,SUP096,PRD118,ST018,266,731.6,194605.6,PINV007775,11
PUR007776,20270520,SUP063,PRD198,ST023,256,225.68,57774.08,PINV007776,1
PUR007777,20280818,SUP062,PRD092,ST050,182,765.78,139371.96,PINV007777,10
PUR007778,20250315,SUP068,PRD144,ST014,151,49.07,7409.57,PINV007778,4
PUR007779,20240720,SUP060,PRD144,ST023,489,154.98,75785.22,PINV007779,11
PUR007780,20240106,SUP068,PRD030,ST038,116,92.66,10748.56,PINV007780,9
PUR007781,20230225,SUP025,PRD065,ST037,333,271.08,90269.64,PINV007781,12
PUR007782,20280212,SUP001,PRD150,ST022,182,338.69,61641.58,PINV007782,9
PUR007783,20261122,SUP029,PRD120,ST032,436,57.64,25131.04,PINV007783,5
PUR007784,20230521,SUP013,PRD175,ST004,259,88.61,22949.99,PINV007784,8
PUR007785,20250725,SUP013,PRD140,ST003,111,592.11,65724.21,PINV007785,3
PUR007786,20241015,SUP069,PRD271,ST012,497,284.49,141391.53,PINV007786,11
PUR007787,20250819,SUP036,PRD263,ST031,444,219.75,97569.0,PINV007787,3
PUR007788,20231003,SUP022,PRD035,ST039,245,596.86,146230.7,PINV007788,9
PUR007789,20260502,SUP023,PRD275,ST037,430,514.3,221149.0,PINV007789,9
PUR007790,20271103,SUP070,PRD299,ST044,459,199.6,91616.4,PINV007790,2
PUR007791,20241214,SUP033,PRD272,ST039,388,62.35,24191.8,PINV007791,8
PUR007792,20250409,SUP009,PRD160,ST026,152,451.71,68659.92,PINV007792,9
PUR007793,20241101,SUP080,PRD085,ST011,182,310.12,56441.84,PINV007793,3
PUR007794,20230121,SUP023,PRD075,ST025,403,678.98,273628.94,PINV007794,4
PUR007795,20260915,SUP011,PRD212,ST027,116,695.92,80726.72,PINV007795,12
PUR007796,20271122,SUP008,PRD027,ST001,379,752.55,285216.45,PINV007796,15
PUR007797,20260328,SUP044,PRD130,ST030,437,338.74,148029.38,PINV007797,14
PUR007798,20281205,SUP032,PRD075,ST008,378,602.8,227858.4,PINV007798,7
PUR007799,20261030,SUP005,PRD130,ST049,255,712.53,181695.15,PINV007799,9
PUR007800,20230716,SUP031,PRD031,ST002,178,158.24,28166.72,PINV007800,6
PUR007801,20251222,SUP068,PRD202,ST034,117,226.9,26547.3,PINV007801,11
PUR007802,20250928,SUP031,PRD216,ST021,311,126.29,39276.19,PINV007802,10
PUR007803,20280204,SUP047,PRD039,ST050,428,534.36,228706.08,PINV007803,14
PUR007804,20230921,SUP080,PRD165,ST032,245,237.64,58221.8,PINV007804,10
PUR007805,20261231,SUP059,PRD161,ST044,299,622.23,186046.77,PINV007805,6
PUR007806,20231111,SUP065,PRD174,ST039,300,639.57,191871.0,PINV007806,8
PUR007807,20280907,SUP030,PRD170,ST029,89,28.9,2572.1,PINV007807,1
PUR007808,20261125,SUP052,PRD136,ST043,266,358.27,95299.82,PINV007808,10
PUR007809,20280620,SUP006,PRD106,ST011,141,170.52,24043.32,PINV007809,6
PUR007810,20280928,SUP086,PRD090,ST017,336,223.85,75213.6,PINV007810,5
PUR007811,20250728,SUP070,PRD126,ST006,393,440.68,173187.24,PINV007811,2
PUR007812,20270508,SUP043,PRD261,ST003,163,246.89,40243.07,PINV007812,3
PUR007813,20250628,SUP085,PRD073,ST007,145,760.87,110326.15,PINV007813,11
PUR007814,20231107,SUP029,PRD290,ST021,172,354.53,60979.16,PINV007814,5
PUR007815,20250823,SUP066,PRD080,ST009,484,575.25,278421.0,PINV007815,7
PUR007816,20240318,SUP068,PRD133,ST041,364,621.94,226386.16,PINV007816,14
PUR007817,20231223,SUP087,PRD150,ST031,211,278.73,58812.03,PINV007817,7
PUR007818,20250616,SUP081,PRD290,ST015,138,391.03,53962.14,PINV007818,12
PUR007819,20280128,SUP026,PRD142,ST001,324,201.1,65156.4,PINV007819,14
PUR007820,20230621,SUP071,PRD049,ST026,267,624.92,166853.64,PINV007820,8
PUR007821,20250309,SUP021,PRD006,ST032,456,527.77,240663.12,PINV007821,3
PUR007822,20260220,SUP092,PRD117,ST050,245,514.87,126143.15,PINV007822,10
PUR007823,20261215,SUP053,PRD042,ST050,186,142.31,26469.66,PINV007823,7
PUR007824,20260104,SUP031,PRD181,ST031,388,463.98,180024.24,PINV007824,3
PUR007825,20240309,SUP099,PRD174,ST007,96,412.08,39559.68,PINV007825,15
PUR007826,20280406,SUP027,PRD270,ST038,488,315.38,153905.44,PINV007826,12
PUR007827,20270425,SUP099,PRD206,ST003,205,28.34,5809.7,PINV007827,12
PUR007828,20251011,SUP002,PRD004,ST032,51,245.01,12495.51,PINV007828,4
PUR007829,20230209,SUP050,PRD202,ST014,377,154.15,58114.55,PINV007829,8
PUR007830,20230226,SUP054,PRD150,ST035,485,220.64,107010.4,PINV007830,2
PUR007831,20251007,SUP064,PRD218,ST048,359,356.54,127997.86,PINV007831,14
PUR007832,20230219,SUP029,PRD123,ST032,64,194.79,12466.56,PINV007832,7
PUR007833,20260223,SUP085,PRD197,ST007,64,62.3,3987.2,PINV007833,9
PUR007834,20260725,SUP046,PRD054,ST046,395,168.39,66514.05,PINV007834,8
PUR007835,20270303,SUP094,PRD246,ST026,103,670.85,69097.55,PINV007835,12
PUR007836,20230708,SUP054,PRD021,ST043,209,458.65,95857.85,PINV007836,2
PUR007837,20251213,SUP044,PRD227,ST025,452,527.97,238642.44,PINV007837,4
PUR007838,20240808,SUP008,PRD212,ST006,120,599.4,71928.0,PINV007838,7
PUR007839,20241103,SUP030,PRD284,ST049,118,512.0,60416.0,PINV007839,11
PUR007840,20251201,SUP037,PRD146,ST040,424,340.64,144431.36,PINV007840,5
PUR007841,20280805,SUP022,PRD161,ST009,396,568.19,225003.24,PINV007841,14
PUR007842,20240605,SUP045,PRD191,ST038,450,244.67,110101.5,PINV007842,11
PUR007843,20230502,SUP063,PRD124,ST030,184,593.1,109130.4,PINV007843,12
PUR007844,20270210,SUP081,PRD264,ST024,414,739.14,306003.96,PINV007844,11
PUR007845,20230805,SUP074,PRD103,ST017,247,259.12,64002.64,PINV007845,7
PUR007846,20240714,SUP049,PRD169,ST032,296,752.76,222816.96,PINV007846,11
PUR007847,20270703,SUP021,PRD244,ST037,393,473.86,186226.98,PINV007847,14
PUR007848,20270711,SUP083,PRD247,ST006,190,760.67,144527.3,PINV007848,3
PUR007849,20260426,SUP065,PRD195,ST025,135,370.85,50064.75,PINV007849,5
PUR007850,20240803,SUP022,PRD226,ST026,82,793.67,65080.94,PINV007850,9
PUR007851,20260228,SUP062,PRD294,ST029,359,636.56,228525.04,PINV007851,5
PUR007852,20240828,SUP092,PRD008,ST035,463,263.4,121954.2,PINV007852,3
PUR007853,20251209,SUP058,PRD235,ST003,259,445.29,115330.11,PINV007853,13
PUR007854,20241025,SUP025,PRD190,ST008,150,23.76,3564.0,PINV007854,8
PUR007855,20251008,SUP001,PRD208,ST030,205,474.64,97301.2,PINV007855,13
PUR007856,20230503,SUP033,PRD199,ST017,371,432.12,160316.52,PINV007856,13
PUR007857,20250208,SUP023,PRD213,ST033,425,313.63,133292.75,PINV007857,2
PUR007858,20280930,SUP040,PRD147,ST020,103,531.33,54726.99,PINV007858,6
PUR007859,20270925,SUP003,PRD290,ST018,409,121.67,49763.03,PINV007859,2
PUR007860,20250223,SUP014,PRD194,ST043,184,389.52,71671.68,PINV007860,10
PUR007861,20240410,SUP035,PRD246,ST007,407,567.88,231127.16,PINV007861,10
PUR007862,20281010,SUP007,PRD022,ST037,208,127.07,26430.56,PINV007862,8
PUR007863,20250202,SUP025,PRD021,ST040,444,702.47,311896.68,PINV007863,10
PUR007864,20270924,SUP067,PRD298,ST018,202,461.15,93152.3,PINV007864,8
PUR007865,20260323,SUP040,PRD224,ST019,314,748.34,234978.76,PINV007865,3
PUR007866,20280211,SUP088,PRD161,ST036,159,626.22,99568.98,PINV007866,7
PUR007867,20241014,SUP027,PRD241,ST017,157,749.77,117713.89,PINV007867,6
PUR007868,20260810,SUP088,PRD240,ST020,479,636.02,304653.58,PINV007868,15
PUR007869,20260916,SUP070,PRD148,ST032,390,327.72,127810.8,PINV007869,12
PUR007870,20280614,SUP029,PRD146,ST007,138,287.84,39721.92,PINV007870,11
PUR007871,20251009,SUP015,PRD034,ST048,320,665.51,212963.2,PINV007871,10
PUR007872,20241031,SUP020,PRD087,ST044,277,475.08,131597.16,PINV007872,8
PUR007873,20280705,SUP089,PRD230,ST013,448,708.2,317273.6,PINV007873,9
PUR007874,20231229,SUP028,PRD295,ST034,228,571.0,130188.0,PINV007874,12
PUR007875,20280314,SUP070,PRD170,ST008,368,400.31,147314.08,PINV007875,4
PUR007876,20240923,SUP073,PRD270,ST004,267,781.66,208703.22,PINV007876,13
PUR007877,20250627,SUP062,PRD169,ST028,469,271.67,127413.23,PINV007877,3
PUR007878,20240912,SUP012,PRD203,ST014,61,441.98,26960.78,PINV007878,1
PUR007879,20271227,SUP076,PRD205,ST039,448,194.25,87024.0,PINV007879,2
PUR007880,20230114,SUP069,PRD240,ST043,334,705.58,235663.72,PINV007880,7
PUR007881,20241121,SUP100,PRD121,ST026,411,670.54,275591.94,PINV007881,8
PUR007882,20230407,SUP012,PRD182,ST014,298,184.56,54998.88,PINV007882,8
PUR007883,20241219,SUP062,PRD056,ST024,322,532.23,171378.06,PINV007883,6
PUR007884,20270518,SUP066,PRD048,ST015,458,781.1,357743.8,PINV007884,5
PUR007885,20271126,SUP089,PRD009,ST023,474,507.93,240758.82,PINV007885,1
PUR007886,20230607,SUP043,PRD240,ST005,56,243.85,13655.6,PINV007886,13
PUR007887,20240708,SUP072,PRD011,ST040,298,693.72,206728.56,PINV007887,14
PUR007888,20270408,SUP069,PRD094,ST004,115,148.34,17059.1,PINV007888,3
PUR007889,20260314,SUP089,PRD220,ST039,271,127.2,34471.2,PINV007889,13
PUR007890,20281214,SUP090,PRD247,ST034,245,211.37,51785.65,PINV007890,9
PUR007891,20241204,SUP054,PRD213,ST026,372,677.84,252156.48,PINV007891,10
PUR007892,20241212,SUP080,PRD040,ST021,214,603.01,129044.14,PINV007892,4
PUR007893,20241101,SUP100,PRD103,ST036,145,679.16,98478.2,PINV007893,15
PUR007894,20260512,SUP020,PRD117,ST003,381,221.95,84562.95,PINV007894,5
PUR007895,20250419,SUP006,PRD192,ST013,110,193.97,21336.7,PINV007895,3
PUR007896,20280217,SUP002,PRD230,ST003,229,671.17,153697.93,PINV007896,10
PUR007897,20240830,SUP071,PRD277,ST004,437,85.26,37258.62,PINV007897,12
PUR007898,20240803,SUP006,PRD210,ST037,201,298.84,60066.84,PINV007898,4
PUR007899,20270507,SUP018,PRD274,ST029,88,351.46,30928.48,PINV007899,12
PUR007900,20270205,SUP033,PRD029,ST029,211,726.65,153323.15,PINV007900,1
PUR007901,20281115,SUP085,PRD141,ST050,386,346.91,133907.26,PINV007901,2
PUR007902,20230421,SUP074,PRD204,ST018,57,235.54,13425.78,PINV007902,2
PUR007903,20240318,SUP004,PRD180,ST015,93,483.26,44943.18,PINV007903,12
PUR007904,20270605,SUP012,PRD087,ST012,172,570.34,98098.48,PINV007904,12
PUR007905,20240215,SUP002,PRD151,ST045,106,611.96,64867.76,PINV007905,8
PUR007906,20270904,SUP009,PRD234,ST017,298,147.33,43904.34,PINV007906,1
PUR007907,20230907,SUP085,PRD073,ST028,434,239.2,103812.8,PINV007907,4
PUR007908,20260116,SUP057,PRD022,ST012,268,330.45,88560.6,PINV007908,10
PUR007909,20270207,SUP075,PRD251,ST041,409,181.77,74343.93,PINV007909,6
PUR007910,20280812,SUP063,PRD139,ST029,457,246.61,112700.77,PINV007910,5
PUR007911,20261220,SUP007,PRD128,ST048,429,424.96,182307.84,PINV007911,3
PUR007912,20270602,SUP026,PRD053,ST048,448,437.57,196031.36,PINV007912,13
PUR007913,20271022,SUP076,PRD017,ST010,175,759.57,132924.75,PINV007913,8
PUR007914,20260216,SUP009,PRD244,ST008,313,238.07,74515.91,PINV007914,9
PUR007915,20240131,SUP088,PRD173,ST029,468,562.67,263329.56,PINV007915,12
PUR007916,20260215,SUP071,PRD081,ST018,384,175.71,67472.64,PINV007916,13
PUR007917,20280811,SUP094,PRD191,ST030,430,743.44,319679.2,PINV007917,10
PUR007918,20241002,SUP084,PRD091,ST041,311,71.09,22108.99,PINV007918,3
PUR007919,20270507,SUP088,PRD098,ST011,93,367.54,34181.22,PINV007919,4
PUR007920,20240229,SUP046,PRD218,ST045,380,465.49,176886.2,PINV007920,10
PUR007921,20260122,SUP089,PRD021,ST024,160,487.13,77940.8,PINV007921,13
PUR007922,20261208,SUP064,PRD055,ST003,102,77.47,7901.94,PINV007922,15
PUR007923,20230907,SUP041,PRD090,ST037,454,678.43,308007.22,PINV007923,3
PUR007924,20260327,SUP010,PRD196,ST001,278,656.14,182406.92,PINV007924,7
PUR007925,20230203,SUP073,PRD256,ST026,216,191.66,41398.56,PINV007925,4
PUR007926,20240423,SUP083,PRD141,ST040,57,688.23,39229.11,PINV007926,1
PUR007927,20230120,SUP073,PRD076,ST036,174,692.26,120453.24,PINV007927,7
PUR007928,20260524,SUP052,PRD284,ST031,64,219.63,14056.32,PINV007928,15
PUR007929,20280412,SUP083,PRD044,ST040,88,436.07,38374.16,PINV007929,3
PUR007930,20261012,SUP076,PRD242,ST023,446,497.77,222005.42,PINV007930,11
PUR007931,20270922,SUP031,PRD043,ST002,312,317.12,98941.44,PINV007931,14
PUR007932,20280907,SUP095,PRD149,ST006,191,38.45,7343.95,PINV007932,3
PUR007933,20250429,SUP058,PRD292,ST017,299,291.06,87026.94,PINV007933,15
PUR007934,20271012,SUP064,PRD271,ST039,407,648.62,263988.34,PINV007934,9
PUR007935,20280909,SUP043,PRD225,ST011,462,91.19,42129.78,PINV007935,2
PUR007936,20260719,SUP059,PRD295,ST002,488,709.63,346299.44,PINV007936,7
PUR007937,20280227,SUP096,PRD280,ST032,151,437.41,66048.91,PINV007937,8
PUR007938,20280324,SUP025,PRD254,ST007,398,386.06,153651.88,PINV007938,15
PUR007939,20280728,SUP095,PRD201,ST040,397,416.25,165251.25,PINV007939,11
PUR007940,20260209,SUP025,PRD111,ST029,269,592.58,159404.02,PINV007940,11
PUR007941,20251210,SUP001,PRD001,ST046,384,193.02,74119.68,PINV007941,4
PUR007942,20281115,SUP029,PRD122,ST015,154,633.99,97634.46,PINV007942,7
PUR007943,20280608,SUP045,PRD137,ST017,208,127.31,26480.48,PINV007943,15
PUR007944,20260114,SUP045,PRD281,ST034,328,426.59,139921.52,PINV007944,14
PUR007945,20230414,SUP089,PRD065,ST046,71,221.06,15695.26,PINV007945,10
PUR007946,20230320,SUP028,PRD159,ST035,210,717.2,150612.0,PINV007946,13
PUR007947,20251121,SUP067,PRD063,ST049,211,741.75,156509.25,PINV007947,3
PUR007948,20280307,SUP076,PRD135,ST011,340,358.89,122022.6,PINV007948,9
PUR007949,20280912,SUP077,PRD297,ST011,496,350.72,173957.12,PINV007949,12
PUR007950,20281215,SUP022,PRD025,ST002,352,175.38,61733.76,PINV007950,13
PUR007951,20280115,SUP064,PRD153,ST034,189,786.33,148616.37,PINV007951,6
PUR007952,20270418,SUP059,PRD165,ST024,217,438.85,95230.45,PINV007952,12
PUR007953,20241224,SUP010,PRD183,ST008,249,365.96,91124.04,PINV007953,9
PUR007954,20271010,SUP072,PRD115,ST049,357,660.34,235741.38,PINV007954,15
PUR007955,20260805,SUP081,PRD281,ST048,128,259.15,33171.2,PINV007955,14
PUR007956,20230909,SUP043,PRD233,ST030,370,282.59,104558.3,PINV007956,13
PUR007957,20260408,SUP074,PRD179,ST035,238,753.16,179252.08,PINV007957,3
PUR007958,20241109,SUP054,PRD022,ST034,116,436.64,50650.24,PINV007958,15
PUR007959,20241016,SUP060,PRD033,ST010,326,531.85,173383.1,PINV007959,10
PUR007960,20241125,SUP055,PRD214,ST003,286,727.76,208139.36,PINV007960,2
PUR007961,20231229,SUP013,PRD288,ST029,271,448.01,121410.71,PINV007961,5
PUR007962,20280807,SUP057,PRD114,ST046,450,27.97,12586.5,PINV007962,8
PUR007963,20260121,SUP026,PRD147,ST032,172,42.88,7375.36,PINV007963,10
PUR007964,20250509,SUP083,PRD008,ST011,466,558.74,260372.84,PINV007964,15
PUR007965,20280708,SUP076,PRD218,ST030,118,128.73,15190.14,PINV007965,12
PUR007966,20261027,SUP007,PRD268,ST018,128,413.5,52928.0,PINV007966,10
PUR007967,20240216,SUP009,PRD167,ST048,393,579.8,227861.4,PINV007967,8
PUR007968,20280328,SUP013,PRD200,ST035,63,190.08,11975.04,PINV007968,15
PUR007969,20230812,SUP023,PRD062,ST005,290,660.63,191582.7,PINV007969,14
PUR007970,20250411,SUP071,PRD006,ST040,201,208.66,41940.66,PINV007970,8
PUR007971,20230222,SUP009,PRD247,ST041,241,584.87,140953.67,PINV007971,2
PUR007972,20261229,SUP071,PRD163,ST021,121,462.9,56010.9,PINV007972,2
PUR007973,20260109,SUP095,PRD259,ST049,83,308.51,25606.33,PINV007973,2
PUR007974,20250618,SUP013,PRD012,ST026,251,36.91,9264.41,PINV007974,6
PUR007975,20260829,SUP048,PRD038,ST030,283,68.64,19425.12,PINV007975,9
PUR007976,20241201,SUP072,PRD009,ST044,50,726.25,36312.5,PINV007976,4
PUR007977,20251025,SUP053,PRD104,ST033,95,219.2,20824.0,PINV007977,5
PUR007978,20230407,SUP083,PRD072,ST005,340,608.06,206740.4,PINV007978,1
PUR007979,20230608,SUP094,PRD058,ST044,155,780.01,120901.55,PINV007979,14
PUR007980,20261204,SUP048,PRD265,ST032,441,235.01,103639.41,PINV007980,12
PUR007981,20280610,SUP084,PRD120,ST032,305,532.57,162433.85,PINV007981,1
PUR007982,20280428,SUP056,PRD016,ST034,347,334.36,116022.92,PINV007982,1
PUR007983,20280831,SUP047,PRD170,ST028,140,252.52,35352.8,PINV007983,4
PUR007984,20260504,SUP068,PRD079,ST004,439,357.65,157008.35,PINV007984,4
PUR007985,20230422,SUP025,PRD043,ST046,275,659.92,181478.0,PINV007985,14
PUR007986,20240802,SUP031,PRD201,ST048,91,659.09,59977.19,PINV007986,14
PUR007987,20270428,SUP016,PRD065,ST007,385,142.33,54797.05,PINV007987,11
PUR007988,20260509,SUP078,PRD238,ST002,369,352.51,130076.19,PINV007988,8
PUR007989,20280520,SUP029,PRD011,ST041,184,326.3,60039.2,PINV007989,1
PUR007990,20250313,SUP020,PRD081,ST042,292,287.61,83982.12,PINV007990,9
PUR007991,20251018,SUP041,PRD132,ST042,338,130.3,44041.4,PINV007991,13
PUR007992,20250102,SUP052,PRD075,ST015,139,202.96,28211.44,PINV007992,10
PUR007993,20260207,SUP084,PRD109,ST036,271,600.64,162773.44,PINV007993,8
PUR007994,20260321,SUP024,PRD224,ST012,242,292.29,70734.18,PINV007994,3
PUR007995,20281003,SUP041,PRD024,ST004,495,584.4,289278.0,PINV007995,3
PUR007996,20250111,SUP034,PRD169,ST002,106,714.93,75782.58,PINV007996,12
PUR007997,20251126,SUP077,PRD268,ST007,93,89.02,8278.86,PINV007997,4
PUR007998,20270729,SUP078,PRD085,ST008,183,87.99,16102.17,PINV007998,10
PUR007999,20261118,SUP051,PRD122,ST007,436,236.33,103039.88,PINV007999,4
PUR008000,20280906,SUP039,PRD288,ST028,485,590.01,286154.85,PINV008000,5
