,Date_Key,Date,Day,Month,Month_No,Quarter,Year,Week,Fiscal_Year
0,1970-01-01 00:00:00.020230101,2023-01-01,Sunday,January,1,Q1,2023,52,FY2023
1,1970-01-01 00:00:00.020230102,2023-01-02,Monday,January,1,Q1,2023,1,FY2023
2,1970-01-01 00:00:00.020230103,2023-01-03,Tuesday,January,1,Q1,2023,1,FY2023
3,1970-01-01 00:00:00.020230104,2023-01-04,Wednesday,January,1,Q1,2023,1,FY2023
4,1970-01-01 00:00:00.020230105,2023-01-05,Thursday,January,1,Q1,2023,1,FY2023
5,1970-01-01 00:00:00.020230106,2023-01-06,Friday,January,1,Q1,2023,1,FY2023
6,1970-01-01 00:00:00.020230107,2023-01-07,Saturday,January,1,Q1,2023,1,FY2023
7,1970-01-01 00:00:00.020230108,2023-01-08,Sunday,January,1,Q1,2023,1,FY2023
8,1970-01-01 00:00:00.020230109,2023-01-09,Monday,January,1,Q1,2023,2,FY2023
9,1970-01-01 00:00:00.020230110,2023-01-10,Tuesday,January,1,Q1,2023,2,FY2023
10,1970-01-01 00:00:00.020230111,2023-01-11,Wednesday,January,1,Q1,2023,2,FY2023
11,1970-01-01 00:00:00.020230112,2023-01-12,Thursday,January,1,Q1,2023,2,FY2023
12,1970-01-01 00:00:00.020230113,2023-01-13,Friday,January,1,Q1,2023,2,FY2023
13,1970-01-01 00:00:00.020230114,2023-01-14,Saturday,January,1,Q1,2023,2,FY2023
14,1970-01-01 00:00:00.020230115,2023-01-15,Sunday,January,1,Q1,2023,2,FY2023
15,1970-01-01 00:00:00.020230116,2023-01-16,Monday,January,1,Q1,2023,3,FY2023
16,1970-01-01 00:00:00.020230117,2023-01-17,Tuesday,January,1,Q1,2023,3,FY2023
17,1970-01-01 00:00:00.020230118,2023-01-18,Wednesday,January,1,Q1,2023,3,FY2023
18,1970-01-01 00:00:00.020230119,2023-01-19,Thursday,January,1,Q1,2023,3,FY2023
19,1970-01-01 00:00:00.020230120,2023-01-20,Friday,January,1,Q1,2023,3,FY2023
20,1970-01-01 00:00:00.020230121,2023-01-21,Saturday,January,1,Q1,2023,3,FY2023
21,1970-01-01 00:00:00.020230122,2023-01-22,Sunday,January,1,Q1,2023,3,FY2023
22,1970-01-01 00:00:00.020230123,2023-01-23,Monday,January,1,Q1,2023,4,FY2023
23,1970-01-01 00:00:00.020230124,2023-01-24,Tuesday,January,1,Q1,2023,4,FY2023
24,1970-01-01 00:00:00.020230125,2023-01-25,Wednesday,January,1,Q1,2023,4,FY2023
25,1970-01-01 00:00:00.020230126,2023-01-26,Thursday,January,1,Q1,2023,4,FY2023
26,1970-01-01 00:00:00.020230127,2023-01-27,Friday,January,1,Q1,2023,4,FY2023
27,1970-01-01 00:00:00.020230128,2023-01-28,Saturday,January,1,Q1,2023,4,FY2023
28,1970-01-01 00:00:00.020230129,2023-01-29,Sunday,January,1,Q1,2023,4,FY2023
29,1970-01-01 00:00:00.020230130,2023-01-30,Monday,January,1,Q1,2023,5,FY2023
30,1970-01-01 00:00:00.020230131,2023-01-31,Tuesday,January,1,Q1,2023,5,FY2023
31,1970-01-01 00:00:00.020230201,2023-02-01,Wednesday,February,2,Q1,2023,5,FY2023
32,1970-01-01 00:00:00.020230202,2023-02-02,Thursday,February,2,Q1,2023,5,FY2023
33,1970-01-01 00:00:00.020230203,2023-02-03,Friday,February,2,Q1,2023,5,FY2023
34,1970-01-01 00:00:00.020230204,2023-02-04,Saturday,February,2,Q1,2023,5,FY2023
35,1970-01-01 00:00:00.020230205,2023-02-05,Sunday,February,2,Q1,2023,5,FY2023
36,1970-01-01 00:00:00.020230206,2023-02-06,Monday,February,2,Q1,2023,6,FY2023
37,1970-01-01 00:00:00.020230207,2023-02-07,Tuesday,February,2,Q1,2023,6,FY2023
38,1970-01-01 00:00:00.020230208,2023-02-08,Wednesday,February,2,Q1,2023,6,FY2023
39,1970-01-01 00:00:00.020230209,2023-02-09,Thursday,February,2,Q1,2023,6,FY2023
40,1970-01-01 00:00:00.020230210,2023-02-10,Friday,February,2,Q1,2023,6,FY2023
41,1970-01-01 00:00:00.020230211,2023-02-11,Saturday,February,2,Q1,2023,6,FY2023
42,1970-01-01 00:00:00.020230212,2023-02-12,Sunday,February,2,Q1,2023,6,FY2023
43,1970-01-01 00:00:00.020230213,2023-02-13,Monday,February,2,Q1,2023,7,FY2023
44,1970-01-01 00:00:00.020230214,2023-02-14,Tuesday,February,2,Q1,2023,7,FY2023
45,1970-01-01 00:00:00.020230215,2023-02-15,Wednesday,February,2,Q1,2023,7,FY2023
46,1970-01-01 00:00:00.020230216,2023-02-16,Thursday,February,2,Q1,2023,7,FY2023
47,1970-01-01 00:00:00.020230217,2023-02-17,Friday,February,2,Q1,2023,7,FY2023
48,1970-01-01 00:00:00.020230218,2023-02-18,Saturday,February,2,Q1,2023,7,FY2023
49,1970-01-01 00:00:00.020230219,2023-02-19,Sunday,February,2,Q1,2023,7,FY2023
50,1970-01-01 00:00:00.020230220,2023-02-20,Monday,February,2,Q1,2023,8,FY2023
51,1970-01-01 00:00:00.020230221,2023-02-21,Tuesday,February,2,Q1,2023,8,FY2023
52,1970-01-01 00:00:00.020230222,2023-02-22,Wednesday,February,2,Q1,2023,8,FY2023
53,1970-01-01 00:00:00.020230223,2023-02-23,Thursday,February,2,Q1,2023,8,FY2023
54,1970-01-01 00:00:00.020230224,2023-02-24,Friday,February,2,Q1,2023,8,FY2023
55,1970-01-01 00:00:00.020230225,2023-02-25,Saturday,February,2,Q1,2023,8,FY2023
56,1970-01-01 00:00:00.020230226,2023-02-26,Sunday,February,2,Q1,2023,8,FY2023
57,1970-01-01 00:00:00.020230227,2023-02-27,Monday,February,2,Q1,2023,9,FY2023
58,1970-01-01 00:00:00.020230228,2023-02-28,Tuesday,February,2,Q1,2023,9,FY2023
59,1970-01-01 00:00:00.020230301,2023-03-01,Wednesday,March,3,Q1,2023,9,FY2023
60,1970-01-01 00:00:00.020230302,2023-03-02,Thursday,March,3,Q1,2023,9,FY2023
61,1970-01-01 00:00:00.020230303,2023-03-03,Friday,March,3,Q1,2023,9,FY2023
62,1970-01-01 00:00:00.020230304,2023-03-04,Saturday,March,3,Q1,2023,9,FY2023
63,1970-01-01 00:00:00.020230305,2023-03-05,Sunday,March,3,Q1,2023,9,FY2023
64,1970-01-01 00:00:00.020230306,2023-03-06,Monday,March,3,Q1,2023,10,FY2023
65,1970-01-01 00:00:00.020230307,2023-03-07,Tuesday,March,3,Q1,2023,10,FY2023
66,1970-01-01 00:00:00.020230308,2023-03-08,Wednesday,March,3,Q1,2023,10,FY2023
67,1970-01-01 00:00:00.020230309,2023-03-09,Thursday,March,3,Q1,2023,10,FY2023
68,1970-01-01 00:00:00.020230310,2023-03-10,Friday,March,3,Q1,2023,10,FY2023
69,1970-01-01 00:00:00.020230311,2023-03-11,Saturday,March,3,Q1,2023,10,FY2023
70,1970-01-01 00:00:00.020230312,2023-03-12,Sunday,March,3,Q1,2023,10,FY2023
71,1970-01-01 00:00:00.020230313,2023-03-13,Monday,March,3,Q1,2023,11,FY2023
72,1970-01-01 00:00:00.020230314,2023-03-14,Tuesday,March,3,Q1,2023,11,FY2023
73,1970-01-01 00:00:00.020230315,2023-03-15,Wednesday,March,3,Q1,2023,11,FY2023
74,1970-01-01 00:00:00.020230316,2023-03-16,Thursday,March,3,Q1,2023,11,FY2023
75,1970-01-01 00:00:00.020230317,2023-03-17,Friday,March,3,Q1,2023,11,FY2023
76,1970-01-01 00:00:00.020230318,2023-03-18,Saturday,March,3,Q1,2023,11,FY2023
77,1970-01-01 00:00:00.020230319,2023-03-19,Sunday,March,3,Q1,2023,11,FY2023
78,1970-01-01 00:00:00.020230320,2023-03-20,Monday,March,3,Q1,2023,12,FY2023
79,1970-01-01 00:00:00.020230321,2023-03-21,Tuesday,March,3,Q1,2023,12,FY2023
80,1970-01-01 00:00:00.020230322,2023-03-22,Wednesday,March,3,Q1,2023,12,FY2023
81,1970-01-01 00:00:00.020230323,2023-03-23,Thursday,March,3,Q1,2023,12,FY2023
82,1970-01-01 00:00:00.020230324,2023-03-24,Friday,March,3,Q1,2023,12,FY2023
83,1970-01-01 00:00:00.020230325,2023-03-25,Saturday,March,3,Q1,2023,12,FY2023
84,1970-01-01 00:00:00.020230326,2023-03-26,Sunday,March,3,Q1,2023,12,FY2023
85,1970-01-01 00:00:00.020230327,2023-03-27,Monday,March,3,Q1,2023,13,FY2023
86,1970-01-01 00:00:00.020230328,2023-03-28,Tuesday,March,3,Q1,2023,13,FY2023
87,1970-01-01 00:00:00.020230329,2023-03-29,Wednesday,March,3,Q1,2023,13,FY2023
88,1970-01-01 00:00:00.020230330,2023-03-30,Thursday,March,3,Q1,2023,13,FY2023
89,1970-01-01 00:00:00.020230331,2023-03-31,Friday,March,3,Q1,2023,13,FY2023
90,1970-01-01 00:00:00.020230401,2023-04-01,Saturday,April,4,Q2,2023,13,FY2023
91,1970-01-01 00:00:00.020230402,2023-04-02,Sunday,April,4,Q2,2023,13,FY2023
92,1970-01-01 00:00:00.020230403,2023-04-03,Monday,April,4,Q2,2023,14,FY2023
93,1970-01-01 00:00:00.020230404,2023-04-04,Tuesday,April,4,Q2,2023,14,FY2023
94,1970-01-01 00:00:00.020230405,2023-04-05,Wednesday,April,4,Q2,2023,14,FY2023
95,1970-01-01 00:00:00.020230406,2023-04-06,Thursday,April,4,Q2,2023,14,FY2023
96,1970-01-01 00:00:00.020230407,2023-04-07,Friday,April,4,Q2,2023,14,FY2023
97,1970-01-01 00:00:00.020230408,2023-04-08,Saturday,April,4,Q2,2023,14,FY2023
98,1970-01-01 00:00:00.020230409,2023-04-09,Sunday,April,4,Q2,2023,14,FY2023
99,1970-01-01 00:00:00.020230410,2023-04-10,Monday,April,4,Q2,2023,15,FY2023
100,1970-01-01 00:00:00.020230411,2023-04-11,Tuesday,April,4,Q2,2023,15,FY2023
101,1970-01-01 00:00:00.020230412,2023-04-12,Wednesday,April,4,Q2,2023,15,FY2023
102,1970-01-01 00:00:00.020230413,2023-04-13,Thursday,April,4,Q2,2023,15,FY2023
103,1970-01-01 00:00:00.020230414,2023-04-14,Friday,April,4,Q2,2023,15,FY2023
104,1970-01-01 00:00:00.020230415,2023-04-15,Saturday,April,4,Q2,2023,15,FY2023
105,1970-01-01 00:00:00.020230416,2023-04-16,Sunday,April,4,Q2,2023,15,FY2023
106,1970-01-01 00:00:00.020230417,2023-04-17,Monday,April,4,Q2,2023,16,FY2023
107,1970-01-01 00:00:00.020230418,2023-04-18,Tuesday,April,4,Q2,2023,16,FY2023
108,1970-01-01 00:00:00.020230419,2023-04-19,Wednesday,April,4,Q2,2023,16,FY2023
109,1970-01-01 00:00:00.020230420,2023-04-20,Thursday,April,4,Q2,2023,16,FY2023
110,1970-01-01 00:00:00.020230421,2023-04-21,Friday,April,4,Q2,2023,16,FY2023
111,1970-01-01 00:00:00.020230422,2023-04-22,Saturday,April,4,Q2,2023,16,FY2023
112,1970-01-01 00:00:00.020230423,2023-04-23,Sunday,April,4,Q2,2023,16,FY2023
113,1970-01-01 00:00:00.020230424,2023-04-24,Monday,April,4,Q2,2023,17,FY2023
114,1970-01-01 00:00:00.020230425,2023-04-25,Tuesday,April,4,Q2,2023,17,FY2023
115,1970-01-01 00:00:00.020230426,2023-04-26,Wednesday,April,4,Q2,2023,17,FY2023
116,1970-01-01 00:00:00.020230427,2023-04-27,Thursday,April,4,Q2,2023,17,FY2023
117,1970-01-01 00:00:00.020230428,2023-04-28,Friday,April,4,Q2,2023,17,FY2023
118,1970-01-01 00:00:00.020230429,2023-04-29,Saturday,April,4,Q2,2023,17,FY2023
119,1970-01-01 00:00:00.020230430,2023-04-30,Sunday,April,4,Q2,2023,17,FY2023
120,1970-01-01 00:00:00.020230501,2023-05-01,Monday,May,5,Q2,2023,18,FY2023
121,1970-01-01 00:00:00.020230502,2023-05-02,Tuesday,May,5,Q2,2023,18,FY2023
122,1970-01-01 00:00:00.020230503,2023-05-03,Wednesday,May,5,Q2,2023,18,FY2023
123,1970-01-01 00:00:00.020230504,2023-05-04,Thursday,May,5,Q2,2023,18,FY2023
124,1970-01-01 00:00:00.020230505,2023-05-05,Friday,May,5,Q2,2023,18,FY2023
125,1970-01-01 00:00:00.020230506,2023-05-06,Saturday,May,5,Q2,2023,18,FY2023
126,1970-01-01 00:00:00.020230507,2023-05-07,Sunday,May,5,Q2,2023,18,FY2023
127,1970-01-01 00:00:00.020230508,2023-05-08,Monday,May,5,Q2,2023,19,FY2023
128,1970-01-01 00:00:00.020230509,2023-05-09,Tuesday,May,5,Q2,2023,19,FY2023
129,1970-01-01 00:00:00.020230510,2023-05-10,Wednesday,May,5,Q2,2023,19,FY2023
130,1970-01-01 00:00:00.020230511,2023-05-11,Thursday,May,5,Q2,2023,19,FY2023
131,1970-01-01 00:00:00.020230512,2023-05-12,Friday,May,5,Q2,2023,19,FY2023
132,1970-01-01 00:00:00.020230513,2023-05-13,Saturday,May,5,Q2,2023,19,FY2023
133,1970-01-01 00:00:00.020230514,2023-05-14,Sunday,May,5,Q2,2023,19,FY2023
134,1970-01-01 00:00:00.020230515,2023-05-15,Monday,May,5,Q2,2023,20,FY2023
135,1970-01-01 00:00:00.020230516,2023-05-16,Tuesday,May,5,Q2,2023,20,FY2023
136,1970-01-01 00:00:00.020230517,2023-05-17,Wednesday,May,5,Q2,2023,20,FY2023
137,1970-01-01 00:00:00.020230518,2023-05-18,Thursday,May,5,Q2,2023,20,FY2023
138,1970-01-01 00:00:00.020230519,2023-05-19,Friday,May,5,Q2,2023,20,FY2023
139,1970-01-01 00:00:00.020230520,2023-05-20,Saturday,May,5,Q2,2023,20,FY2023
140,1970-01-01 00:00:00.020230521,2023-05-21,Sunday,May,5,Q2,2023,20,FY2023
141,1970-01-01 00:00:00.020230522,2023-05-22,Monday,May,5,Q2,2023,21,FY2023
142,1970-01-01 00:00:00.020230523,2023-05-23,Tuesday,May,5,Q2,2023,21,FY2023
143,1970-01-01 00:00:00.020230524,2023-05-24,Wednesday,May,5,Q2,2023,21,FY2023
144,1970-01-01 00:00:00.020230525,2023-05-25,Thursday,May,5,Q2,2023,21,FY2023
145,1970-01-01 00:00:00.020230526,2023-05-26,Friday,May,5,Q2,2023,21,FY2023
146,1970-01-01 00:00:00.020230527,2023-05-27,Saturday,May,5,Q2,2023,21,FY2023
147,1970-01-01 00:00:00.020230528,2023-05-28,Sunday,May,5,Q2,2023,21,FY2023
148,1970-01-01 00:00:00.020230529,2023-05-29,Monday,May,5,Q2,2023,22,FY2023
149,1970-01-01 00:00:00.020230530,2023-05-30,Tuesday,May,5,Q2,2023,22,FY2023
150,1970-01-01 00:00:00.020230531,2023-05-31,Wednesday,May,5,Q2,2023,22,FY2023
151,1970-01-01 00:00:00.020230601,2023-06-01,Thursday,June,6,Q2,2023,22,FY2023
152,1970-01-01 00:00:00.020230602,2023-06-02,Friday,June,6,Q2,2023,22,FY2023
153,1970-01-01 00:00:00.020230603,2023-06-03,Saturday,June,6,Q2,2023,22,FY2023
154,1970-01-01 00:00:00.020230604,2023-06-04,Sunday,June,6,Q2,2023,22,FY2023
155,1970-01-01 00:00:00.020230605,2023-06-05,Monday,June,6,Q2,2023,23,FY2023
156,1970-01-01 00:00:00.020230606,2023-06-06,Tuesday,June,6,Q2,2023,23,FY2023
157,1970-01-01 00:00:00.020230607,2023-06-07,Wednesday,June,6,Q2,2023,23,FY2023
158,1970-01-01 00:00:00.020230608,2023-06-08,Thursday,June,6,Q2,2023,23,FY2023
159,1970-01-01 00:00:00.020230609,2023-06-09,Friday,June,6,Q2,2023,23,FY2023
160,1970-01-01 00:00:00.020230610,2023-06-10,Saturday,June,6,Q2,2023,23,FY2023
161,1970-01-01 00:00:00.020230611,2023-06-11,Sunday,June,6,Q2,2023,23,FY2023
162,1970-01-01 00:00:00.020230612,2023-06-12,Monday,June,6,Q2,2023,24,FY2023
163,1970-01-01 00:00:00.020230613,2023-06-13,Tuesday,June,6,Q2,2023,24,FY2023
164,1970-01-01 00:00:00.020230614,2023-06-14,Wednesday,June,6,Q2,2023,24,FY2023
165,1970-01-01 00:00:00.020230615,2023-06-15,Thursday,June,6,Q2,2023,24,FY2023
166,1970-01-01 00:00:00.020230616,2023-06-16,Friday,June,6,Q2,2023,24,FY2023
167,1970-01-01 00:00:00.020230617,2023-06-17,Saturday,June,6,Q2,2023,24,FY2023
168,1970-01-01 00:00:00.020230618,2023-06-18,Sunday,June,6,Q2,2023,24,FY2023
169,1970-01-01 00:00:00.020230619,2023-06-19,Monday,June,6,Q2,2023,25,FY2023
170,1970-01-01 00:00:00.020230620,2023-06-20,Tuesday,June,6,Q2,2023,25,FY2023
171,1970-01-01 00:00:00.020230621,2023-06-21,Wednesday,June,6,Q2,2023,25,FY2023
172,1970-01-01 00:00:00.020230622,2023-06-22,Thursday,June,6,Q2,2023,25,FY2023
173,1970-01-01 00:00:00.020230623,2023-06-23,Friday,June,6,Q2,2023,25,FY2023
174,1970-01-01 00:00:00.020230624,2023-06-24,Saturday,June,6,Q2,2023,25,FY2023
175,1970-01-01 00:00:00.020230625,2023-06-25,Sunday,June,6,Q2,2023,25,FY2023
176,1970-01-01 00:00:00.020230626,2023-06-26,Monday,June,6,Q2,2023,26,FY2023
177,1970-01-01 00:00:00.020230627,2023-06-27,Tuesday,June,6,Q2,2023,26,FY2023
178,1970-01-01 00:00:00.020230628,2023-06-28,Wednesday,June,6,Q2,2023,26,FY2023
179,1970-01-01 00:00:00.020230629,2023-06-29,Thursday,June,6,Q2,2023,26,FY2023
180,1970-01-01 00:00:00.020230630,2023-06-30,Friday,June,6,Q2,2023,26,FY2023
181,1970-01-01 00:00:00.020230701,2023-07-01,Saturday,July,7,Q3,2023,26,FY2023
182,1970-01-01 00:00:00.020230702,2023-07-02,Sunday,July,7,Q3,2023,26,FY2023
183,1970-01-01 00:00:00.020230703,2023-07-03,Monday,July,7,Q3,2023,27,FY2023
184,1970-01-01 00:00:00.020230704,2023-07-04,Tuesday,July,7,Q3,2023,27,FY2023
185,1970-01-01 00:00:00.020230705,2023-07-05,Wednesday,July,7,Q3,2023,27,FY2023
186,1970-01-01 00:00:00.020230706,2023-07-06,Thursday,July,7,Q3,2023,27,FY2023
187,1970-01-01 00:00:00.020230707,2023-07-07,Friday,July,7,Q3,2023,27,FY2023
188,1970-01-01 00:00:00.020230708,2023-07-08,Saturday,July,7,Q3,2023,27,FY2023
189,1970-01-01 00:00:00.020230709,2023-07-09,Sunday,July,7,Q3,2023,27,FY2023
190,1970-01-01 00:00:00.020230710,2023-07-10,Monday,July,7,Q3,2023,28,FY2023
191,1970-01-01 00:00:00.020230711,2023-07-11,Tuesday,July,7,Q3,2023,28,FY2023
192,1970-01-01 00:00:00.020230712,2023-07-12,Wednesday,July,7,Q3,2023,28,FY2023
193,1970-01-01 00:00:00.020230713,2023-07-13,Thursday,July,7,Q3,2023,28,FY2023
194,1970-01-01 00:00:00.020230714,2023-07-14,Friday,July,7,Q3,2023,28,FY2023
195,1970-01-01 00:00:00.020230715,2023-07-15,Saturday,July,7,Q3,2023,28,FY2023
196,1970-01-01 00:00:00.020230716,2023-07-16,Sunday,July,7,Q3,2023,28,FY2023
197,1970-01-01 00:00:00.020230717,2023-07-17,Monday,July,7,Q3,2023,29,FY2023
198,1970-01-01 00:00:00.020230718,2023-07-18,Tuesday,July,7,Q3,2023,29,FY2023
199,1970-01-01 00:00:00.020230719,2023-07-19,Wednesday,July,7,Q3,2023,29,FY2023
200,1970-01-01 00:00:00.020230720,2023-07-20,Thursday,July,7,Q3,2023,29,FY2023
201,1970-01-01 00:00:00.020230721,2023-07-21,Friday,July,7,Q3,2023,29,FY2023
202,1970-01-01 00:00:00.020230722,2023-07-22,Saturday,July,7,Q3,2023,29,FY2023
203,1970-01-01 00:00:00.020230723,2023-07-23,Sunday,July,7,Q3,2023,29,FY2023
204,1970-01-01 00:00:00.020230724,2023-07-24,Monday,July,7,Q3,2023,30,FY2023
205,1970-01-01 00:00:00.020230725,2023-07-25,Tuesday,July,7,Q3,2023,30,FY2023
206,1970-01-01 00:00:00.020230726,2023-07-26,Wednesday,July,7,Q3,2023,30,FY2023
207,1970-01-01 00:00:00.020230727,2023-07-27,Thursday,July,7,Q3,2023,30,FY2023
208,1970-01-01 00:00:00.020230728,2023-07-28,Friday,July,7,Q3,2023,30,FY2023
209,1970-01-01 00:00:00.020230729,2023-07-29,Saturday,July,7,Q3,2023,30,FY2023
210,1970-01-01 00:00:00.020230730,2023-07-30,Sunday,July,7,Q3,2023,30,FY2023
211,1970-01-01 00:00:00.020230731,2023-07-31,Monday,July,7,Q3,2023,31,FY2023
212,1970-01-01 00:00:00.020230801,2023-08-01,Tuesday,August,8,Q3,2023,31,FY2023
213,1970-01-01 00:00:00.020230802,2023-08-02,Wednesday,August,8,Q3,2023,31,FY2023
214,1970-01-01 00:00:00.020230803,2023-08-03,Thursday,August,8,Q3,2023,31,FY2023
215,1970-01-01 00:00:00.020230804,2023-08-04,Friday,August,8,Q3,2023,31,FY2023
216,1970-01-01 00:00:00.020230805,2023-08-05,Saturday,August,8,Q3,2023,31,FY2023
217,1970-01-01 00:00:00.020230806,2023-08-06,Sunday,August,8,Q3,2023,31,FY2023
218,1970-01-01 00:00:00.020230807,2023-08-07,Monday,August,8,Q3,2023,32,FY2023
219,1970-01-01 00:00:00.020230808,2023-08-08,Tuesday,August,8,Q3,2023,32,FY2023
220,1970-01-01 00:00:00.020230809,2023-08-09,Wednesday,August,8,Q3,2023,32,FY2023
221,1970-01-01 00:00:00.020230810,2023-08-10,Thursday,August,8,Q3,2023,32,FY2023
222,1970-01-01 00:00:00.020230811,2023-08-11,Friday,August,8,Q3,2023,32,FY2023
223,1970-01-01 00:00:00.020230812,2023-08-12,Saturday,August,8,Q3,2023,32,FY2023
224,1970-01-01 00:00:00.020230813,2023-08-13,Sunday,August,8,Q3,2023,32,FY2023
225,1970-01-01 00:00:00.020230814,2023-08-14,Monday,August,8,Q3,2023,33,FY2023
226,1970-01-01 00:00:00.020230815,2023-08-15,Tuesday,August,8,Q3,2023,33,FY2023
227,1970-01-01 00:00:00.020230816,2023-08-16,Wednesday,August,8,Q3,2023,33,FY2023
228,1970-01-01 00:00:00.020230817,2023-08-17,Thursday,August,8,Q3,2023,33,FY2023
229,1970-01-01 00:00:00.020230818,2023-08-18,Friday,August,8,Q3,2023,33,FY2023
230,1970-01-01 00:00:00.020230819,2023-08-19,Saturday,August,8,Q3,2023,33,FY2023
231,1970-01-01 00:00:00.020230820,2023-08-20,Sunday,August,8,Q3,2023,33,FY2023
232,1970-01-01 00:00:00.020230821,2023-08-21,Monday,August,8,Q3,2023,34,FY2023
233,1970-01-01 00:00:00.020230822,2023-08-22,Tuesday,August,8,Q3,2023,34,FY2023
234,1970-01-01 00:00:00.020230823,2023-08-23,Wednesday,August,8,Q3,2023,34,FY2023
235,1970-01-01 00:00:00.020230824,2023-08-24,Thursday,August,8,Q3,2023,34,FY2023
236,1970-01-01 00:00:00.020230825,2023-08-25,Friday,August,8,Q3,2023,34,FY2023
237,1970-01-01 00:00:00.020230826,2023-08-26,Saturday,August,8,Q3,2023,34,FY2023
238,1970-01-01 00:00:00.020230827,2023-08-27,Sunday,August,8,Q3,2023,34,FY2023
239,1970-01-01 00:00:00.020230828,2023-08-28,Monday,August,8,Q3,2023,35,FY2023
240,1970-01-01 00:00:00.020230829,2023-08-29,Tuesday,August,8,Q3,2023,35,FY2023
241,1970-01-01 00:00:00.020230830,2023-08-30,Wednesday,August,8,Q3,2023,35,FY2023
242,1970-01-01 00:00:00.020230831,2023-08-31,Thursday,August,8,Q3,2023,35,FY2023
243,1970-01-01 00:00:00.020230901,2023-09-01,Friday,September,9,Q3,2023,35,FY2023
244,1970-01-01 00:00:00.020230902,2023-09-02,Saturday,September,9,Q3,2023,35,FY2023
245,1970-01-01 00:00:00.020230903,2023-09-03,Sunday,September,9,Q3,2023,35,FY2023
246,1970-01-01 00:00:00.020230904,2023-09-04,Monday,September,9,Q3,2023,36,FY2023
247,1970-01-01 00:00:00.020230905,2023-09-05,Tuesday,September,9,Q3,2023,36,FY2023
248,1970-01-01 00:00:00.020230906,2023-09-06,Wednesday,September,9,Q3,2023,36,FY2023
249,1970-01-01 00:00:00.020230907,2023-09-07,Thursday,September,9,Q3,2023,36,FY2023
250,1970-01-01 00:00:00.020230908,2023-09-08,Friday,September,9,Q3,2023,36,FY2023
251,1970-01-01 00:00:00.020230909,2023-09-09,Saturday,September,9,Q3,2023,36,FY2023
252,1970-01-01 00:00:00.020230910,2023-09-10,Sunday,September,9,Q3,2023,36,FY2023
253,1970-01-01 00:00:00.020230911,2023-09-11,Monday,September,9,Q3,2023,37,FY2023
254,1970-01-01 00:00:00.020230912,2023-09-12,Tuesday,September,9,Q3,2023,37,FY2023
255,1970-01-01 00:00:00.020230913,2023-09-13,Wednesday,September,9,Q3,2023,37,FY2023
256,1970-01-01 00:00:00.020230914,2023-09-14,Thursday,September,9,Q3,2023,37,FY2023
257,1970-01-01 00:00:00.020230915,2023-09-15,Friday,September,9,Q3,2023,37,FY2023
258,1970-01-01 00:00:00.020230916,2023-09-16,Saturday,September,9,Q3,2023,37,FY2023
259,1970-01-01 00:00:00.020230917,2023-09-17,Sunday,September,9,Q3,2023,37,FY2023
260,1970-01-01 00:00:00.020230918,2023-09-18,Monday,September,9,Q3,2023,38,FY2023
261,1970-01-01 00:00:00.020230919,2023-09-19,Tuesday,September,9,Q3,2023,38,FY2023
262,1970-01-01 00:00:00.020230920,2023-09-20,Wednesday,September,9,Q3,2023,38,FY2023
263,1970-01-01 00:00:00.020230921,2023-09-21,Thursday,September,9,Q3,2023,38,FY2023
264,1970-01-01 00:00:00.020230922,2023-09-22,Friday,September,9,Q3,2023,38,FY2023
265,1970-01-01 00:00:00.020230923,2023-09-23,Saturday,September,9,Q3,2023,38,FY2023
266,1970-01-01 00:00:00.020230924,2023-09-24,Sunday,September,9,Q3,2023,38,FY2023
267,1970-01-01 00:00:00.020230925,2023-09-25,Monday,September,9,Q3,2023,39,FY2023
268,1970-01-01 00:00:00.020230926,2023-09-26,Tuesday,September,9,Q3,2023,39,FY2023
269,1970-01-01 00:00:00.020230927,2023-09-27,Wednesday,September,9,Q3,2023,39,FY2023
270,1970-01-01 00:00:00.020230928,2023-09-28,Thursday,September,9,Q3,2023,39,FY2023
271,1970-01-01 00:00:00.020230929,2023-09-29,Friday,September,9,Q3,2023,39,FY2023
272,1970-01-01 00:00:00.020230930,2023-09-30,Saturday,September,9,Q3,2023,39,FY2023
273,1970-01-01 00:00:00.020231001,2023-10-01,Sunday,October,10,Q4,2023,39,FY2023
274,1970-01-01 00:00:00.020231002,2023-10-02,Monday,October,10,Q4,2023,40,FY2023
275,1970-01-01 00:00:00.020231003,2023-10-03,Tuesday,October,10,Q4,2023,40,FY2023
276,1970-01-01 00:00:00.020231004,2023-10-04,Wednesday,October,10,Q4,2023,40,FY2023
277,1970-01-01 00:00:00.020231005,2023-10-05,Thursday,October,10,Q4,2023,40,FY2023
278,1970-01-01 00:00:00.020231006,2023-10-06,Friday,October,10,Q4,2023,40,FY2023
279,1970-01-01 00:00:00.020231007,2023-10-07,Saturday,October,10,Q4,2023,40,FY2023
280,1970-01-01 00:00:00.020231008,2023-10-08,Sunday,October,10,Q4,2023,40,FY2023
281,1970-01-01 00:00:00.020231009,2023-10-09,Monday,October,10,Q4,2023,41,FY2023
282,1970-01-01 00:00:00.020231010,2023-10-10,Tuesday,October,10,Q4,2023,41,FY2023
283,1970-01-01 00:00:00.020231011,2023-10-11,Wednesday,October,10,Q4,2023,41,FY2023
284,1970-01-01 00:00:00.020231012,2023-10-12,Thursday,October,10,Q4,2023,41,FY2023
285,1970-01-01 00:00:00.020231013,2023-10-13,Friday,October,10,Q4,2023,41,FY2023
286,1970-01-01 00:00:00.020231014,2023-10-14,Saturday,October,10,Q4,2023,41,FY2023
287,1970-01-01 00:00:00.020231015,2023-10-15,Sunday,October,10,Q4,2023,41,FY2023
288,1970-01-01 00:00:00.020231016,2023-10-16,Monday,October,10,Q4,2023,42,FY2023
289,1970-01-01 00:00:00.020231017,2023-10-17,Tuesday,October,10,Q4,2023,42,FY2023
290,1970-01-01 00:00:00.020231018,2023-10-18,Wednesday,October,10,Q4,2023,42,FY2023
291,1970-01-01 00:00:00.020231019,2023-10-19,Thursday,October,10,Q4,2023,42,FY2023
292,1970-01-01 00:00:00.020231020,2023-10-20,Friday,October,10,Q4,2023,42,FY2023
293,1970-01-01 00:00:00.020231021,2023-10-21,Saturday,October,10,Q4,2023,42,FY2023
294,1970-01-01 00:00:00.020231022,2023-10-22,Sunday,October,10,Q4,2023,42,FY2023
295,1970-01-01 00:00:00.020231023,2023-10-23,Monday,October,10,Q4,2023,43,FY2023
296,1970-01-01 00:00:00.020231024,2023-10-24,Tuesday,October,10,Q4,2023,43,FY2023
297,1970-01-01 00:00:00.020231025,2023-10-25,Wednesday,October,10,Q4,2023,43,FY2023
298,1970-01-01 00:00:00.020231026,2023-10-26,Thursday,October,10,Q4,2023,43,FY2023
299,1970-01-01 00:00:00.020231027,2023-10-27,Friday,October,10,Q4,2023,43,FY2023
300,1970-01-01 00:00:00.020231028,2023-10-28,Saturday,October,10,Q4,2023,43,FY2023
301,1970-01-01 00:00:00.020231029,2023-10-29,Sunday,October,10,Q4,2023,43,FY2023
302,1970-01-01 00:00:00.020231030,2023-10-30,Monday,October,10,Q4,2023,44,FY2023
303,1970-01-01 00:00:00.020231031,2023-10-31,Tuesday,October,10,Q4,2023,44,FY2023
304,1970-01-01 00:00:00.020231101,2023-11-01,Wednesday,November,11,Q4,2023,44,FY2023
305,1970-01-01 00:00:00.020231102,2023-11-02,Thursday,November,11,Q4,2023,44,FY2023
306,1970-01-01 00:00:00.020231103,2023-11-03,Friday,November,11,Q4,2023,44,FY2023
307,1970-01-01 00:00:00.020231104,2023-11-04,Saturday,November,11,Q4,2023,44,FY2023
308,1970-01-01 00:00:00.020231105,2023-11-05,Sunday,November,11,Q4,2023,44,FY2023
309,1970-01-01 00:00:00.020231106,2023-11-06,Monday,November,11,Q4,2023,45,FY2023
310,1970-01-01 00:00:00.020231107,2023-11-07,Tuesday,November,11,Q4,2023,45,FY2023
311,1970-01-01 00:00:00.020231108,2023-11-08,Wednesday,November,11,Q4,2023,45,FY2023
312,1970-01-01 00:00:00.020231109,2023-11-09,Thursday,November,11,Q4,2023,45,FY2023
313,1970-01-01 00:00:00.020231110,2023-11-10,Friday,November,11,Q4,2023,45,FY2023
314,1970-01-01 00:00:00.020231111,2023-11-11,Saturday,November,11,Q4,2023,45,FY2023
315,1970-01-01 00:00:00.020231112,2023-11-12,Sunday,November,11,Q4,2023,45,FY2023
316,1970-01-01 00:00:00.020231113,2023-11-13,Monday,November,11,Q4,2023,46,FY2023
317,1970-01-01 00:00:00.020231114,2023-11-14,Tuesday,November,11,Q4,2023,46,FY2023
318,1970-01-01 00:00:00.020231115,2023-11-15,Wednesday,November,11,Q4,2023,46,FY2023
319,1970-01-01 00:00:00.020231116,2023-11-16,Thursday,November,11,Q4,2023,46,FY2023
320,1970-01-01 00:00:00.020231117,2023-11-17,Friday,November,11,Q4,2023,46,FY2023
321,1970-01-01 00:00:00.020231118,2023-11-18,Saturday,November,11,Q4,2023,46,FY2023
322,1970-01-01 00:00:00.020231119,2023-11-19,Sunday,November,11,Q4,2023,46,FY2023
323,1970-01-01 00:00:00.020231120,2023-11-20,Monday,November,11,Q4,2023,47,FY2023
324,1970-01-01 00:00:00.020231121,2023-11-21,Tuesday,November,11,Q4,2023,47,FY2023
325,1970-01-01 00:00:00.020231122,2023-11-22,Wednesday,November,11,Q4,2023,47,FY2023
326,1970-01-01 00:00:00.020231123,2023-11-23,Thursday,November,11,Q4,2023,47,FY2023
327,1970-01-01 00:00:00.020231124,2023-11-24,Friday,November,11,Q4,2023,47,FY2023
328,1970-01-01 00:00:00.020231125,2023-11-25,Saturday,November,11,Q4,2023,47,FY2023
329,1970-01-01 00:00:00.020231126,2023-11-26,Sunday,November,11,Q4,2023,47,FY2023
330,1970-01-01 00:00:00.020231127,2023-11-27,Monday,November,11,Q4,2023,48,FY2023
331,1970-01-01 00:00:00.020231128,2023-11-28,Tuesday,November,11,Q4,2023,48,FY2023
332,1970-01-01 00:00:00.020231129,2023-11-29,Wednesday,November,11,Q4,2023,48,FY2023
333,1970-01-01 00:00:00.020231130,2023-11-30,Thursday,November,11,Q4,2023,48,FY2023
334,1970-01-01 00:00:00.020231201,2023-12-01,Friday,December,12,Q4,2023,48,FY2023
335,1970-01-01 00:00:00.020231202,2023-12-02,Saturday,December,12,Q4,2023,48,FY2023
336,1970-01-01 00:00:00.020231203,2023-12-03,Sunday,December,12,Q4,2023,48,FY2023
337,1970-01-01 00:00:00.020231204,2023-12-04,Monday,December,12,Q4,2023,49,FY2023
338,1970-01-01 00:00:00.020231205,2023-12-05,Tuesday,December,12,Q4,2023,49,FY2023
339,1970-01-01 00:00:00.020231206,2023-12-06,Wednesday,December,12,Q4,2023,49,FY2023
340,1970-01-01 00:00:00.020231207,2023-12-07,Thursday,December,12,Q4,2023,49,FY2023
341,1970-01-01 00:00:00.020231208,2023-12-08,Friday,December,12,Q4,2023,49,FY2023
342,1970-01-01 00:00:00.020231209,2023-12-09,Saturday,December,12,Q4,2023,49,FY2023
343,1970-01-01 00:00:00.020231210,2023-12-10,Sunday,December,12,Q4,2023,49,FY2023
344,1970-01-01 00:00:00.020231211,2023-12-11,Monday,December,12,Q4,2023,50,FY2023
345,1970-01-01 00:00:00.020231212,2023-12-12,Tuesday,December,12,Q4,2023,50,FY2023
346,1970-01-01 00:00:00.020231213,2023-12-13,Wednesday,December,12,Q4,2023,50,FY2023
347,1970-01-01 00:00:00.020231214,2023-12-14,Thursday,December,12,Q4,2023,50,FY2023
348,1970-01-01 00:00:00.020231215,2023-12-15,Friday,December,12,Q4,2023,50,FY2023
349,1970-01-01 00:00:00.020231216,2023-12-16,Saturday,December,12,Q4,2023,50,FY2023
350,1970-01-01 00:00:00.020231217,2023-12-17,Sunday,December,12,Q4,2023,50,FY2023
351,1970-01-01 00:00:00.020231218,2023-12-18,Monday,December,12,Q4,2023,51,FY2023
352,1970-01-01 00:00:00.020231219,2023-12-19,Tuesday,December,12,Q4,2023,51,FY2023
353,1970-01-01 00:00:00.020231220,2023-12-20,Wednesday,December,12,Q4,2023,51,FY2023
354,1970-01-01 00:00:00.020231221,2023-12-21,Thursday,December,12,Q4,2023,51,FY2023
355,1970-01-01 00:00:00.020231222,2023-12-22,Friday,December,12,Q4,2023,51,FY2023
356,1970-01-01 00:00:00.020231223,2023-12-23,Saturday,December,12,Q4,2023,51,FY2023
357,1970-01-01 00:00:00.020231224,2023-12-24,Sunday,December,12,Q4,2023,51,FY2023
358,1970-01-01 00:00:00.020231225,2023-12-25,Monday,December,12,Q4,2023,52,FY2023
359,1970-01-01 00:00:00.020231226,2023-12-26,Tuesday,December,12,Q4,2023,52,FY2023
360,1970-01-01 00:00:00.020231227,2023-12-27,Wednesday,December,12,Q4,2023,52,FY2023
361,1970-01-01 00:00:00.020231228,2023-12-28,Thursday,December,12,Q4,2023,52,FY2023
362,1970-01-01 00:00:00.020231229,2023-12-29,Friday,December,12,Q4,2023,52,FY2023
363,1970-01-01 00:00:00.020231230,2023-12-30,Saturday,December,12,Q4,2023,52,FY2023
364,1970-01-01 00:00:00.020231231,2023-12-31,Sunday,December,12,Q4,2023,52,FY2023
365,1970-01-01 00:00:00.020240101,2024-01-01,Monday,January,1,Q1,2024,1,FY2024
366,1970-01-01 00:00:00.020240102,2024-01-02,Tuesday,January,1,Q1,2024,1,FY2024
367,1970-01-01 00:00:00.020240103,2024-01-03,Wednesday,January,1,Q1,2024,1,FY2024
368,1970-01-01 00:00:00.020240104,2024-01-04,Thursday,January,1,Q1,2024,1,FY2024
369,1970-01-01 00:00:00.020240105,2024-01-05,Friday,January,1,Q1,2024,1,FY2024
370,1970-01-01 00:00:00.020240106,2024-01-06,Saturday,January,1,Q1,2024,1,FY2024
371,1970-01-01 00:00:00.020240107,2024-01-07,Sunday,January,1,Q1,2024,1,FY2024
372,1970-01-01 00:00:00.020240108,2024-01-08,Monday,January,1,Q1,2024,2,FY2024
373,1970-01-01 00:00:00.020240109,2024-01-09,Tuesday,January,1,Q1,2024,2,FY2024
374,1970-01-01 00:00:00.020240110,2024-01-10,Wednesday,January,1,Q1,2024,2,FY2024
375,1970-01-01 00:00:00.020240111,2024-01-11,Thursday,January,1,Q1,2024,2,FY2024
376,1970-01-01 00:00:00.020240112,2024-01-12,Friday,January,1,Q1,2024,2,FY2024
377,1970-01-01 00:00:00.020240113,2024-01-13,Saturday,January,1,Q1,2024,2,FY2024
378,1970-01-01 00:00:00.020240114,2024-01-14,Sunday,January,1,Q1,2024,2,FY2024
379,1970-01-01 00:00:00.020240115,2024-01-15,Monday,January,1,Q1,2024,3,FY2024
380,1970-01-01 00:00:00.020240116,2024-01-16,Tuesday,January,1,Q1,2024,3,FY2024
381,1970-01-01 00:00:00.020240117,2024-01-17,Wednesday,January,1,Q1,2024,3,FY2024
382,1970-01-01 00:00:00.020240118,2024-01-18,Thursday,January,1,Q1,2024,3,FY2024
383,1970-01-01 00:00:00.020240119,2024-01-19,Friday,January,1,Q1,2024,3,FY2024
384,1970-01-01 00:00:00.020240120,2024-01-20,Saturday,January,1,Q1,2024,3,FY2024
385,1970-01-01 00:00:00.020240121,2024-01-21,Sunday,January,1,Q1,2024,3,FY2024
386,1970-01-01 00:00:00.020240122,2024-01-22,Monday,January,1,Q1,2024,4,FY2024
387,1970-01-01 00:00:00.020240123,2024-01-23,Tuesday,January,1,Q1,2024,4,FY2024
388,1970-01-01 00:00:00.020240124,2024-01-24,Wednesday,January,1,Q1,2024,4,FY2024
389,1970-01-01 00:00:00.020240125,2024-01-25,Thursday,January,1,Q1,2024,4,FY2024
390,1970-01-01 00:00:00.020240126,2024-01-26,Friday,January,1,Q1,2024,4,FY2024
391,1970-01-01 00:00:00.020240127,2024-01-27,Saturday,January,1,Q1,2024,4,FY2024
392,1970-01-01 00:00:00.020240128,2024-01-28,Sunday,January,1,Q1,2024,4,FY2024
393,1970-01-01 00:00:00.020240129,2024-01-29,Monday,January,1,Q1,2024,5,FY2024
394,1970-01-01 00:00:00.020240130,2024-01-30,Tuesday,January,1,Q1,2024,5,FY2024
395,1970-01-01 00:00:00.020240131,2024-01-31,Wednesday,January,1,Q1,2024,5,FY2024
396,1970-01-01 00:00:00.020240201,2024-02-01,Thursday,February,2,Q1,2024,5,FY2024
397,1970-01-01 00:00:00.020240202,2024-02-02,Friday,February,2,Q1,2024,5,FY2024
398,1970-01-01 00:00:00.020240203,2024-02-03,Saturday,February,2,Q1,2024,5,FY2024
399,1970-01-01 00:00:00.020240204,2024-02-04,Sunday,February,2,Q1,2024,5,FY2024
400,1970-01-01 00:00:00.020240205,2024-02-05,Monday,February,2,Q1,2024,6,FY2024
401,1970-01-01 00:00:00.020240206,2024-02-06,Tuesday,February,2,Q1,2024,6,FY2024
402,1970-01-01 00:00:00.020240207,2024-02-07,Wednesday,February,2,Q1,2024,6,FY2024
403,1970-01-01 00:00:00.020240208,2024-02-08,Thursday,February,2,Q1,2024,6,FY2024
404,1970-01-01 00:00:00.020240209,2024-02-09,Friday,February,2,Q1,2024,6,FY2024
405,1970-01-01 00:00:00.020240210,2024-02-10,Saturday,February,2,Q1,2024,6,FY2024
406,1970-01-01 00:00:00.020240211,2024-02-11,Sunday,February,2,Q1,2024,6,FY2024
407,1970-01-01 00:00:00.020240212,2024-02-12,Monday,February,2,Q1,2024,7,FY2024
408,1970-01-01 00:00:00.020240213,2024-02-13,Tuesday,February,2,Q1,2024,7,FY2024
409,1970-01-01 00:00:00.020240214,2024-02-14,Wednesday,February,2,Q1,2024,7,FY2024
410,1970-01-01 00:00:00.020240215,2024-02-15,Thursday,February,2,Q1,2024,7,FY2024
411,1970-01-01 00:00:00.020240216,2024-02-16,Friday,February,2,Q1,2024,7,FY2024
412,1970-01-01 00:00:00.020240217,2024-02-17,Saturday,February,2,Q1,2024,7,FY2024
413,1970-01-01 00:00:00.020240218,2024-02-18,Sunday,February,2,Q1,2024,7,FY2024
414,1970-01-01 00:00:00.020240219,2024-02-19,Monday,February,2,Q1,2024,8,FY2024
415,1970-01-01 00:00:00.020240220,2024-02-20,Tuesday,February,2,Q1,2024,8,FY2024
416,1970-01-01 00:00:00.020240221,2024-02-21,Wednesday,February,2,Q1,2024,8,FY2024
417,1970-01-01 00:00:00.020240222,2024-02-22,Thursday,February,2,Q1,2024,8,FY2024
418,1970-01-01 00:00:00.020240223,2024-02-23,Friday,February,2,Q1,2024,8,FY2024
419,1970-01-01 00:00:00.020240224,2024-02-24,Saturday,February,2,Q1,2024,8,FY2024
420,1970-01-01 00:00:00.020240225,2024-02-25,Sunday,February,2,Q1,2024,8,FY2024
421,1970-01-01 00:00:00.020240226,2024-02-26,Monday,February,2,Q1,2024,9,FY2024
422,1970-01-01 00:00:00.020240227,2024-02-27,Tuesday,February,2,Q1,2024,9,FY2024
423,1970-01-01 00:00:00.020240228,2024-02-28,Wednesday,February,2,Q1,2024,9,FY2024
424,1970-01-01 00:00:00.020240229,2024-02-29,Thursday,February,2,Q1,2024,9,FY2024
425,1970-01-01 00:00:00.020240301,2024-03-01,Friday,March,3,Q1,2024,9,FY2024
426,1970-01-01 00:00:00.020240302,2024-03-02,Saturday,March,3,Q1,2024,9,FY2024
427,1970-01-01 00:00:00.020240303,2024-03-03,Sunday,March,3,Q1,2024,9,FY2024
428,1970-01-01 00:00:00.020240304,2024-03-04,Monday,March,3,Q1,2024,10,FY2024
429,1970-01-01 00:00:00.020240305,2024-03-05,Tuesday,March,3,Q1,2024,10,FY2024
430,1970-01-01 00:00:00.020240306,2024-03-06,Wednesday,March,3,Q1,2024,10,FY2024
431,1970-01-01 00:00:00.020240307,2024-03-07,Thursday,March,3,Q1,2024,10,FY2024
432,1970-01-01 00:00:00.020240308,2024-03-08,Friday,March,3,Q1,2024,10,FY2024
433,1970-01-01 00:00:00.020240309,2024-03-09,Saturday,March,3,Q1,2024,10,FY2024
434,1970-01-01 00:00:00.020240310,2024-03-10,Sunday,March,3,Q1,2024,10,FY2024
435,1970-01-01 00:00:00.020240311,2024-03-11,Monday,March,3,Q1,2024,11,FY2024
436,1970-01-01 00:00:00.020240312,2024-03-12,Tuesday,March,3,Q1,2024,11,FY2024
437,1970-01-01 00:00:00.020240313,2024-03-13,Wednesday,March,3,Q1,2024,11,FY2024
438,1970-01-01 00:00:00.020240314,2024-03-14,Thursday,March,3,Q1,2024,11,FY2024
439,1970-01-01 00:00:00.020240315,2024-03-15,Friday,March,3,Q1,2024,11,FY2024
440,1970-01-01 00:00:00.020240316,2024-03-16,Saturday,March,3,Q1,2024,11,FY2024
441,1970-01-01 00:00:00.020240317,2024-03-17,Sunday,March,3,Q1,2024,11,FY2024
442,1970-01-01 00:00:00.020240318,2024-03-18,Monday,March,3,Q1,2024,12,FY2024
443,1970-01-01 00:00:00.020240319,2024-03-19,Tuesday,March,3,Q1,2024,12,FY2024
444,1970-01-01 00:00:00.020240320,2024-03-20,Wednesday,March,3,Q1,2024,12,FY2024
445,1970-01-01 00:00:00.020240321,2024-03-21,Thursday,March,3,Q1,2024,12,FY2024
446,1970-01-01 00:00:00.020240322,2024-03-22,Friday,March,3,Q1,2024,12,FY2024
447,1970-01-01 00:00:00.020240323,2024-03-23,Saturday,March,3,Q1,2024,12,FY2024
448,1970-01-01 00:00:00.020240324,2024-03-24,Sunday,March,3,Q1,2024,12,FY2024
449,1970-01-01 00:00:00.020240325,2024-03-25,Monday,March,3,Q1,2024,13,FY2024
450,1970-01-01 00:00:00.020240326,2024-03-26,Tuesday,March,3,Q1,2024,13,FY2024
451,1970-01-01 00:00:00.020240327,2024-03-27,Wednesday,March,3,Q1,2024,13,FY2024
452,1970-01-01 00:00:00.020240328,2024-03-28,Thursday,March,3,Q1,2024,13,FY2024
453,1970-01-01 00:00:00.020240329,2024-03-29,Friday,March,3,Q1,2024,13,FY2024
454,1970-01-01 00:00:00.020240330,2024-03-30,Saturday,March,3,Q1,2024,13,FY2024
455,1970-01-01 00:00:00.020240331,2024-03-31,Sunday,March,3,Q1,2024,13,FY2024
456,1970-01-01 00:00:00.020240401,2024-04-01,Monday,April,4,Q2,2024,14,FY2024
457,1970-01-01 00:00:00.020240402,2024-04-02,Tuesday,April,4,Q2,2024,14,FY2024
458,1970-01-01 00:00:00.020240403,2024-04-03,Wednesday,April,4,Q2,2024,14,FY2024
459,1970-01-01 00:00:00.020240404,2024-04-04,Thursday,April,4,Q2,2024,14,FY2024
460,1970-01-01 00:00:00.020240405,2024-04-05,Friday,April,4,Q2,2024,14,FY2024
461,1970-01-01 00:00:00.020240406,2024-04-06,Saturday,April,4,Q2,2024,14,FY2024
462,1970-01-01 00:00:00.020240407,2024-04-07,Sunday,April,4,Q2,2024,14,FY2024
463,1970-01-01 00:00:00.020240408,2024-04-08,Monday,April,4,Q2,2024,15,FY2024
464,1970-01-01 00:00:00.020240409,2024-04-09,Tuesday,April,4,Q2,2024,15,FY2024
465,1970-01-01 00:00:00.020240410,2024-04-10,Wednesday,April,4,Q2,2024,15,FY2024
466,1970-01-01 00:00:00.020240411,2024-04-11,Thursday,April,4,Q2,2024,15,FY2024
467,1970-01-01 00:00:00.020240412,2024-04-12,Friday,April,4,Q2,2024,15,FY2024
468,1970-01-01 00:00:00.020240413,2024-04-13,Saturday,April,4,Q2,2024,15,FY2024
469,1970-01-01 00:00:00.020240414,2024-04-14,Sunday,April,4,Q2,2024,15,FY2024
470,1970-01-01 00:00:00.020240415,2024-04-15,Monday,April,4,Q2,2024,16,FY2024
471,1970-01-01 00:00:00.020240416,2024-04-16,Tuesday,April,4,Q2,2024,16,FY2024
472,1970-01-01 00:00:00.020240417,2024-04-17,Wednesday,April,4,Q2,2024,16,FY2024
473,1970-01-01 00:00:00.020240418,2024-04-18,Thursday,April,4,Q2,2024,16,FY2024
474,1970-01-01 00:00:00.020240419,2024-04-19,Friday,April,4,Q2,2024,16,FY2024
475,1970-01-01 00:00:00.020240420,2024-04-20,Saturday,April,4,Q2,2024,16,FY2024
476,1970-01-01 00:00:00.020240421,2024-04-21,Sunday,April,4,Q2,2024,16,FY2024
477,1970-01-01 00:00:00.020240422,2024-04-22,Monday,April,4,Q2,2024,17,FY2024
478,1970-01-01 00:00:00.020240423,2024-04-23,Tuesday,April,4,Q2,2024,17,FY2024
479,1970-01-01 00:00:00.020240424,2024-04-24,Wednesday,April,4,Q2,2024,17,FY2024
480,1970-01-01 00:00:00.020240425,2024-04-25,Thursday,April,4,Q2,2024,17,FY2024
481,1970-01-01 00:00:00.020240426,2024-04-26,Friday,April,4,Q2,2024,17,FY2024
482,1970-01-01 00:00:00.020240427,2024-04-27,Saturday,April,4,Q2,2024,17,FY2024
483,1970-01-01 00:00:00.020240428,2024-04-28,Sunday,April,4,Q2,2024,17,FY2024
484,1970-01-01 00:00:00.020240429,2024-04-29,Monday,April,4,Q2,2024,18,FY2024
485,1970-01-01 00:00:00.020240430,2024-04-30,Tuesday,April,4,Q2,2024,18,FY2024
486,1970-01-01 00:00:00.020240501,2024-05-01,Wednesday,May,5,Q2,2024,18,FY2024
487,1970-01-01 00:00:00.020240502,2024-05-02,Thursday,May,5,Q2,2024,18,FY2024
488,1970-01-01 00:00:00.020240503,2024-05-03,Friday,May,5,Q2,2024,18,FY2024
489,1970-01-01 00:00:00.020240504,2024-05-04,Saturday,May,5,Q2,2024,18,FY2024
490,1970-01-01 00:00:00.020240505,2024-05-05,Sunday,May,5,Q2,2024,18,FY2024
491,1970-01-01 00:00:00.020240506,2024-05-06,Monday,May,5,Q2,2024,19,FY2024
492,1970-01-01 00:00:00.020240507,2024-05-07,Tuesday,May,5,Q2,2024,19,FY2024
493,1970-01-01 00:00:00.020240508,2024-05-08,Wednesday,May,5,Q2,2024,19,FY2024
494,1970-01-01 00:00:00.020240509,2024-05-09,Thursday,May,5,Q2,2024,19,FY2024
495,1970-01-01 00:00:00.020240510,2024-05-10,Friday,May,5,Q2,2024,19,FY2024
496,1970-01-01 00:00:00.020240511,2024-05-11,Saturday,May,5,Q2,2024,19,FY2024
497,1970-01-01 00:00:00.020240512,2024-05-12,Sunday,May,5,Q2,2024,19,FY2024
498,1970-01-01 00:00:00.020240513,2024-05-13,Monday,May,5,Q2,2024,20,FY2024
499,1970-01-01 00:00:00.020240514,2024-05-14,Tuesday,May,5,Q2,2024,20,FY2024
500,1970-01-01 00:00:00.020240515,2024-05-15,Wednesday,May,5,Q2,2024,20,FY2024
501,1970-01-01 00:00:00.020240516,2024-05-16,Thursday,May,5,Q2,2024,20,FY2024
502,1970-01-01 00:00:00.020240517,2024-05-17,Friday,May,5,Q2,2024,20,FY2024
503,1970-01-01 00:00:00.020240518,2024-05-18,Saturday,May,5,Q2,2024,20,FY2024
504,1970-01-01 00:00:00.020240519,2024-05-19,Sunday,May,5,Q2,2024,20,FY2024
505,1970-01-01 00:00:00.020240520,2024-05-20,Monday,May,5,Q2,2024,21,FY2024
506,1970-01-01 00:00:00.020240521,2024-05-21,Tuesday,May,5,Q2,2024,21,FY2024
507,1970-01-01 00:00:00.020240522,2024-05-22,Wednesday,May,5,Q2,2024,21,FY2024
508,1970-01-01 00:00:00.020240523,2024-05-23,Thursday,May,5,Q2,2024,21,FY2024
509,1970-01-01 00:00:00.020240524,2024-05-24,Friday,May,5,Q2,2024,21,FY2024
510,1970-01-01 00:00:00.020240525,2024-05-25,Saturday,May,5,Q2,2024,21,FY2024
511,1970-01-01 00:00:00.020240526,2024-05-26,Sunday,May,5,Q2,2024,21,FY2024
512,1970-01-01 00:00:00.020240527,2024-05-27,Monday,May,5,Q2,2024,22,FY2024
513,1970-01-01 00:00:00.020240528,2024-05-28,Tuesday,May,5,Q2,2024,22,FY2024
514,1970-01-01 00:00:00.020240529,2024-05-29,Wednesday,May,5,Q2,2024,22,FY2024
515,1970-01-01 00:00:00.020240530,2024-05-30,Thursday,May,5,Q2,2024,22,FY2024
516,1970-01-01 00:00:00.020240531,2024-05-31,Friday,May,5,Q2,2024,22,FY2024
517,1970-01-01 00:00:00.020240601,2024-06-01,Saturday,June,6,Q2,2024,22,FY2024
518,1970-01-01 00:00:00.020240602,2024-06-02,Sunday,June,6,Q2,2024,22,FY2024
519,1970-01-01 00:00:00.020240603,2024-06-03,Monday,June,6,Q2,2024,23,FY2024
520,1970-01-01 00:00:00.020240604,2024-06-04,Tuesday,June,6,Q2,2024,23,FY2024
521,1970-01-01 00:00:00.020240605,2024-06-05,Wednesday,June,6,Q2,2024,23,FY2024
522,1970-01-01 00:00:00.020240606,2024-06-06,Thursday,June,6,Q2,2024,23,FY2024
523,1970-01-01 00:00:00.020240607,2024-06-07,Friday,June,6,Q2,2024,23,FY2024
524,1970-01-01 00:00:00.020240608,2024-06-08,Saturday,June,6,Q2,2024,23,FY2024
525,1970-01-01 00:00:00.020240609,2024-06-09,Sunday,June,6,Q2,2024,23,FY2024
526,1970-01-01 00:00:00.020240610,2024-06-10,Monday,June,6,Q2,2024,24,FY2024
527,1970-01-01 00:00:00.020240611,2024-06-11,Tuesday,June,6,Q2,2024,24,FY2024
528,1970-01-01 00:00:00.020240612,2024-06-12,Wednesday,June,6,Q2,2024,24,FY2024
529,1970-01-01 00:00:00.020240613,2024-06-13,Thursday,June,6,Q2,2024,24,FY2024
530,1970-01-01 00:00:00.020240614,2024-06-14,Friday,June,6,Q2,2024,24,FY2024
531,1970-01-01 00:00:00.020240615,2024-06-15,Saturday,June,6,Q2,2024,24,FY2024
532,1970-01-01 00:00:00.020240616,2024-06-16,Sunday,June,6,Q2,2024,24,FY2024
533,1970-01-01 00:00:00.020240617,2024-06-17,Monday,June,6,Q2,2024,25,FY2024
534,1970-01-01 00:00:00.020240618,2024-06-18,Tuesday,June,6,Q2,2024,25,FY2024
535,1970-01-01 00:00:00.020240619,2024-06-19,Wednesday,June,6,Q2,2024,25,FY2024
536,1970-01-01 00:00:00.020240620,2024-06-20,Thursday,June,6,Q2,2024,25,FY2024
537,1970-01-01 00:00:00.020240621,2024-06-21,Friday,June,6,Q2,2024,25,FY2024
538,1970-01-01 00:00:00.020240622,2024-06-22,Saturday,June,6,Q2,2024,25,FY2024
539,1970-01-01 00:00:00.020240623,2024-06-23,Sunday,June,6,Q2,2024,25,FY2024
540,1970-01-01 00:00:00.020240624,2024-06-24,Monday,June,6,Q2,2024,26,FY2024
541,1970-01-01 00:00:00.020240625,2024-06-25,Tuesday,June,6,Q2,2024,26,FY2024
542,1970-01-01 00:00:00.020240626,2024-06-26,Wednesday,June,6,Q2,2024,26,FY2024
543,1970-01-01 00:00:00.020240627,2024-06-27,Thursday,June,6,Q2,2024,26,FY2024
544,1970-01-01 00:00:00.020240628,2024-06-28,Friday,June,6,Q2,2024,26,FY2024
545,1970-01-01 00:00:00.020240629,2024-06-29,Saturday,June,6,Q2,2024,26,FY2024
546,1970-01-01 00:00:00.020240630,2024-06-30,Sunday,June,6,Q2,2024,26,FY2024
547,1970-01-01 00:00:00.020240701,2024-07-01,Monday,July,7,Q3,2024,27,FY2024
548,1970-01-01 00:00:00.020240702,2024-07-02,Tuesday,July,7,Q3,2024,27,FY2024
549,1970-01-01 00:00:00.020240703,2024-07-03,Wednesday,July,7,Q3,2024,27,FY2024
550,1970-01-01 00:00:00.020240704,2024-07-04,Thursday,July,7,Q3,2024,27,FY2024
551,1970-01-01 00:00:00.020240705,2024-07-05,Friday,July,7,Q3,2024,27,FY2024
552,1970-01-01 00:00:00.020240706,2024-07-06,Saturday,July,7,Q3,2024,27,FY2024
553,1970-01-01 00:00:00.020240707,2024-07-07,Sunday,July,7,Q3,2024,27,FY2024
554,1970-01-01 00:00:00.020240708,2024-07-08,Monday,July,7,Q3,2024,28,FY2024
555,1970-01-01 00:00:00.020240709,2024-07-09,Tuesday,July,7,Q3,2024,28,FY2024
556,1970-01-01 00:00:00.020240710,2024-07-10,Wednesday,July,7,Q3,2024,28,FY2024
557,1970-01-01 00:00:00.020240711,2024-07-11,Thursday,July,7,Q3,2024,28,FY2024
558,1970-01-01 00:00:00.020240712,2024-07-12,Friday,July,7,Q3,2024,28,FY2024
559,1970-01-01 00:00:00.020240713,2024-07-13,Saturday,July,7,Q3,2024,28,FY2024
560,1970-01-01 00:00:00.020240714,2024-07-14,Sunday,July,7,Q3,2024,28,FY2024
561,1970-01-01 00:00:00.020240715,2024-07-15,Monday,July,7,Q3,2024,29,FY2024
562,1970-01-01 00:00:00.020240716,2024-07-16,Tuesday,July,7,Q3,2024,29,FY2024
563,1970-01-01 00:00:00.020240717,2024-07-17,Wednesday,July,7,Q3,2024,29,FY2024
564,1970-01-01 00:00:00.020240718,2024-07-18,Thursday,July,7,Q3,2024,29,FY2024
565,1970-01-01 00:00:00.020240719,2024-07-19,Friday,July,7,Q3,2024,29,FY2024
566,1970-01-01 00:00:00.020240720,2024-07-20,Saturday,July,7,Q3,2024,29,FY2024
567,1970-01-01 00:00:00.020240721,2024-07-21,Sunday,July,7,Q3,2024,29,FY2024
568,1970-01-01 00:00:00.020240722,2024-07-22,Monday,July,7,Q3,2024,30,FY2024
569,1970-01-01 00:00:00.020240723,2024-07-23,Tuesday,July,7,Q3,2024,30,FY2024
570,1970-01-01 00:00:00.020240724,2024-07-24,Wednesday,July,7,Q3,2024,30,FY2024
571,1970-01-01 00:00:00.020240725,2024-07-25,Thursday,July,7,Q3,2024,30,FY2024
572,1970-01-01 00:00:00.020240726,2024-07-26,Friday,July,7,Q3,2024,30,FY2024
573,1970-01-01 00:00:00.020240727,2024-07-27,Saturday,July,7,Q3,2024,30,FY2024
574,1970-01-01 00:00:00.020240728,2024-07-28,Sunday,July,7,Q3,2024,30,FY2024
575,1970-01-01 00:00:00.020240729,2024-07-29,Monday,July,7,Q3,2024,31,FY2024
576,1970-01-01 00:00:00.020240730,2024-07-30,Tuesday,July,7,Q3,2024,31,FY2024
577,1970-01-01 00:00:00.020240731,2024-07-31,Wednesday,July,7,Q3,2024,31,FY2024
578,1970-01-01 00:00:00.020240801,2024-08-01,Thursday,August,8,Q3,2024,31,FY2024
579,1970-01-01 00:00:00.020240802,2024-08-02,Friday,August,8,Q3,2024,31,FY2024
580,1970-01-01 00:00:00.020240803,2024-08-03,Saturday,August,8,Q3,2024,31,FY2024
581,1970-01-01 00:00:00.020240804,2024-08-04,Sunday,August,8,Q3,2024,31,FY2024
582,1970-01-01 00:00:00.020240805,2024-08-05,Monday,August,8,Q3,2024,32,FY2024
583,1970-01-01 00:00:00.020240806,2024-08-06,Tuesday,August,8,Q3,2024,32,FY2024
584,1970-01-01 00:00:00.020240807,2024-08-07,Wednesday,August,8,Q3,2024,32,FY2024
585,1970-01-01 00:00:00.020240808,2024-08-08,Thursday,August,8,Q3,2024,32,FY2024
586,1970-01-01 00:00:00.020240809,2024-08-09,Friday,August,8,Q3,2024,32,FY2024
587,1970-01-01 00:00:00.020240810,2024-08-10,Saturday,August,8,Q3,2024,32,FY2024
588,1970-01-01 00:00:00.020240811,2024-08-11,Sunday,August,8,Q3,2024,32,FY2024
589,1970-01-01 00:00:00.020240812,2024-08-12,Monday,August,8,Q3,2024,33,FY2024
590,1970-01-01 00:00:00.020240813,2024-08-13,Tuesday,August,8,Q3,2024,33,FY2024
591,1970-01-01 00:00:00.020240814,2024-08-14,Wednesday,August,8,Q3,2024,33,FY2024
592,1970-01-01 00:00:00.020240815,2024-08-15,Thursday,August,8,Q3,2024,33,FY2024
593,1970-01-01 00:00:00.020240816,2024-08-16,Friday,August,8,Q3,2024,33,FY2024
594,1970-01-01 00:00:00.020240817,2024-08-17,Saturday,August,8,Q3,2024,33,FY2024
595,1970-01-01 00:00:00.020240818,2024-08-18,Sunday,August,8,Q3,2024,33,FY2024
596,1970-01-01 00:00:00.020240819,2024-08-19,Monday,August,8,Q3,2024,34,FY2024
597,1970-01-01 00:00:00.020240820,2024-08-20,Tuesday,August,8,Q3,2024,34,FY2024
598,1970-01-01 00:00:00.020240821,2024-08-21,Wednesday,August,8,Q3,2024,34,FY2024
599,1970-01-01 00:00:00.020240822,2024-08-22,Thursday,August,8,Q3,2024,34,FY2024
600,1970-01-01 00:00:00.020240823,2024-08-23,Friday,August,8,Q3,2024,34,FY2024
601,1970-01-01 00:00:00.020240824,2024-08-24,Saturday,August,8,Q3,2024,34,FY2024
602,1970-01-01 00:00:00.020240825,2024-08-25,Sunday,August,8,Q3,2024,34,FY2024
603,1970-01-01 00:00:00.020240826,2024-08-26,Monday,August,8,Q3,2024,35,FY2024
604,1970-01-01 00:00:00.020240827,2024-08-27,Tuesday,August,8,Q3,2024,35,FY2024
605,1970-01-01 00:00:00.020240828,2024-08-28,Wednesday,August,8,Q3,2024,35,FY2024
606,1970-01-01 00:00:00.020240829,2024-08-29,Thursday,August,8,Q3,2024,35,FY2024
607,1970-01-01 00:00:00.020240830,2024-08-30,Friday,August,8,Q3,2024,35,FY2024
608,1970-01-01 00:00:00.020240831,2024-08-31,Saturday,August,8,Q3,2024,35,FY2024
609,1970-01-01 00:00:00.020240901,2024-09-01,Sunday,September,9,Q3,2024,35,FY2024
610,1970-01-01 00:00:00.020240902,2024-09-02,Monday,September,9,Q3,2024,36,FY2024
611,1970-01-01 00:00:00.020240903,2024-09-03,Tuesday,September,9,Q3,2024,36,FY2024
612,1970-01-01 00:00:00.020240904,2024-09-04,Wednesday,September,9,Q3,2024,36,FY2024
613,1970-01-01 00:00:00.020240905,2024-09-05,Thursday,September,9,Q3,2024,36,FY2024
614,1970-01-01 00:00:00.020240906,2024-09-06,Friday,September,9,Q3,2024,36,FY2024
615,1970-01-01 00:00:00.020240907,2024-09-07,Saturday,September,9,Q3,2024,36,FY2024
616,1970-01-01 00:00:00.020240908,2024-09-08,Sunday,September,9,Q3,2024,36,FY2024
617,1970-01-01 00:00:00.020240909,2024-09-09,Monday,September,9,Q3,2024,37,FY2024
618,1970-01-01 00:00:00.020240910,2024-09-10,Tuesday,September,9,Q3,2024,37,FY2024
619,1970-01-01 00:00:00.020240911,2024-09-11,Wednesday,September,9,Q3,2024,37,FY2024
620,1970-01-01 00:00:00.020240912,2024-09-12,Thursday,September,9,Q3,2024,37,FY2024
621,1970-01-01 00:00:00.020240913,2024-09-13,Friday,September,9,Q3,2024,37,FY2024
622,1970-01-01 00:00:00.020240914,2024-09-14,Saturday,September,9,Q3,2024,37,FY2024
623,1970-01-01 00:00:00.020240915,2024-09-15,Sunday,September,9,Q3,2024,37,FY2024
624,1970-01-01 00:00:00.020240916,2024-09-16,Monday,September,9,Q3,2024,38,FY2024
625,1970-01-01 00:00:00.020240917,2024-09-17,Tuesday,September,9,Q3,2024,38,FY2024
626,1970-01-01 00:00:00.020240918,2024-09-18,Wednesday,September,9,Q3,2024,38,FY2024
627,1970-01-01 00:00:00.020240919,2024-09-19,Thursday,September,9,Q3,2024,38,FY2024
628,1970-01-01 00:00:00.020240920,2024-09-20,Friday,September,9,Q3,2024,38,FY2024
629,1970-01-01 00:00:00.020240921,2024-09-21,Saturday,September,9,Q3,2024,38,FY2024
630,1970-01-01 00:00:00.020240922,2024-09-22,Sunday,September,9,Q3,2024,38,FY2024
631,1970-01-01 00:00:00.020240923,2024-09-23,Monday,September,9,Q3,2024,39,FY2024
632,1970-01-01 00:00:00.020240924,2024-09-24,Tuesday,September,9,Q3,2024,39,FY2024
633,1970-01-01 00:00:00.020240925,2024-09-25,Wednesday,September,9,Q3,2024,39,FY2024
634,1970-01-01 00:00:00.020240926,2024-09-26,Thursday,September,9,Q3,2024,39,FY2024
635,1970-01-01 00:00:00.020240927,2024-09-27,Friday,September,9,Q3,2024,39,FY2024
636,1970-01-01 00:00:00.020240928,2024-09-28,Saturday,September,9,Q3,2024,39,FY2024
637,1970-01-01 00:00:00.020240929,2024-09-29,Sunday,September,9,Q3,2024,39,FY2024
638,1970-01-01 00:00:00.020240930,2024-09-30,Monday,September,9,Q3,2024,40,FY2024
639,1970-01-01 00:00:00.020241001,2024-10-01,Tuesday,October,10,Q4,2024,40,FY2024
640,1970-01-01 00:00:00.020241002,2024-10-02,Wednesday,October,10,Q4,2024,40,FY2024
641,1970-01-01 00:00:00.020241003,2024-10-03,Thursday,October,10,Q4,2024,40,FY2024
642,1970-01-01 00:00:00.020241004,2024-10-04,Friday,October,10,Q4,2024,40,FY2024
643,1970-01-01 00:00:00.020241005,2024-10-05,Saturday,October,10,Q4,2024,40,FY2024
644,1970-01-01 00:00:00.020241006,2024-10-06,Sunday,October,10,Q4,2024,40,FY2024
645,1970-01-01 00:00:00.020241007,2024-10-07,Monday,October,10,Q4,2024,41,FY2024
646,1970-01-01 00:00:00.020241008,2024-10-08,Tuesday,October,10,Q4,2024,41,FY2024
647,1970-01-01 00:00:00.020241009,2024-10-09,Wednesday,October,10,Q4,2024,41,FY2024
648,1970-01-01 00:00:00.020241010,2024-10-10,Thursday,October,10,Q4,2024,41,FY2024
649,1970-01-01 00:00:00.020241011,2024-10-11,Friday,October,10,Q4,2024,41,FY2024
650,1970-01-01 00:00:00.020241012,2024-10-12,Saturday,October,10,Q4,2024,41,FY2024
651,1970-01-01 00:00:00.020241013,2024-10-13,Sunday,October,10,Q4,2024,41,FY2024
652,1970-01-01 00:00:00.020241014,2024-10-14,Monday,October,10,Q4,2024,42,FY2024
653,1970-01-01 00:00:00.020241015,2024-10-15,Tuesday,October,10,Q4,2024,42,FY2024
654,1970-01-01 00:00:00.020241016,2024-10-16,Wednesday,October,10,Q4,2024,42,FY2024
655,1970-01-01 00:00:00.020241017,2024-10-17,Thursday,October,10,Q4,2024,42,FY2024
656,1970-01-01 00:00:00.020241018,2024-10-18,Friday,October,10,Q4,2024,42,FY2024
657,1970-01-01 00:00:00.020241019,2024-10-19,Saturday,October,10,Q4,2024,42,FY2024
658,1970-01-01 00:00:00.020241020,2024-10-20,Sunday,October,10,Q4,2024,42,FY2024
659,1970-01-01 00:00:00.020241021,2024-10-21,Monday,October,10,Q4,2024,43,FY2024
660,1970-01-01 00:00:00.020241022,2024-10-22,Tuesday,October,10,Q4,2024,43,FY2024
661,1970-01-01 00:00:00.020241023,2024-10-23,Wednesday,October,10,Q4,2024,43,FY2024
662,1970-01-01 00:00:00.020241024,2024-10-24,Thursday,October,10,Q4,2024,43,FY2024
663,1970-01-01 00:00:00.020241025,2024-10-25,Friday,October,10,Q4,2024,43,FY2024
664,1970-01-01 00:00:00.020241026,2024-10-26,Saturday,October,10,Q4,2024,43,FY2024
665,1970-01-01 00:00:00.020241027,2024-10-27,Sunday,October,10,Q4,2024,43,FY2024
666,1970-01-01 00:00:00.020241028,2024-10-28,Monday,October,10,Q4,2024,44,FY2024
667,1970-01-01 00:00:00.020241029,2024-10-29,Tuesday,October,10,Q4,2024,44,FY2024
668,1970-01-01 00:00:00.020241030,2024-10-30,Wednesday,October,10,Q4,2024,44,FY2024
669,1970-01-01 00:00:00.020241031,2024-10-31,Thursday,October,10,Q4,2024,44,FY2024
670,1970-01-01 00:00:00.020241101,2024-11-01,Friday,November,11,Q4,2024,44,FY2024
671,1970-01-01 00:00:00.020241102,2024-11-02,Saturday,November,11,Q4,2024,44,FY2024
672,1970-01-01 00:00:00.020241103,2024-11-03,Sunday,November,11,Q4,2024,44,FY2024
673,1970-01-01 00:00:00.020241104,2024-11-04,Monday,November,11,Q4,2024,45,FY2024
674,1970-01-01 00:00:00.020241105,2024-11-05,Tuesday,November,11,Q4,2024,45,FY2024
675,1970-01-01 00:00:00.020241106,2024-11-06,Wednesday,November,11,Q4,2024,45,FY2024
676,1970-01-01 00:00:00.020241107,2024-11-07,Thursday,November,11,Q4,2024,45,FY2024
677,1970-01-01 00:00:00.020241108,2024-11-08,Friday,November,11,Q4,2024,45,FY2024
678,1970-01-01 00:00:00.020241109,2024-11-09,Saturday,November,11,Q4,2024,45,FY2024
679,1970-01-01 00:00:00.020241110,2024-11-10,Sunday,November,11,Q4,2024,45,FY2024
680,1970-01-01 00:00:00.020241111,2024-11-11,Monday,November,11,Q4,2024,46,FY2024
681,1970-01-01 00:00:00.020241112,2024-11-12,Tuesday,November,11,Q4,2024,46,FY2024
682,1970-01-01 00:00:00.020241113,2024-11-13,Wednesday,November,11,Q4,2024,46,FY2024
683,1970-01-01 00:00:00.020241114,2024-11-14,Thursday,November,11,Q4,2024,46,FY2024
684,1970-01-01 00:00:00.020241115,2024-11-15,Friday,November,11,Q4,2024,46,FY2024
685,1970-01-01 00:00:00.020241116,2024-11-16,Saturday,November,11,Q4,2024,46,FY2024
686,1970-01-01 00:00:00.020241117,2024-11-17,Sunday,November,11,Q4,2024,46,FY2024
687,1970-01-01 00:00:00.020241118,2024-11-18,Monday,November,11,Q4,2024,47,FY2024
688,1970-01-01 00:00:00.020241119,2024-11-19,Tuesday,November,11,Q4,2024,47,FY2024
689,1970-01-01 00:00:00.020241120,2024-11-20,Wednesday,November,11,Q4,2024,47,FY2024
690,1970-01-01 00:00:00.020241121,2024-11-21,Thursday,November,11,Q4,2024,47,FY2024
691,1970-01-01 00:00:00.020241122,2024-11-22,Friday,November,11,Q4,2024,47,FY2024
692,1970-01-01 00:00:00.020241123,2024-11-23,Saturday,November,11,Q4,2024,47,FY2024
693,1970-01-01 00:00:00.020241124,2024-11-24,Sunday,November,11,Q4,2024,47,FY2024
694,1970-01-01 00:00:00.020241125,2024-11-25,Monday,November,11,Q4,2024,48,FY2024
695,1970-01-01 00:00:00.020241126,2024-11-26,Tuesday,November,11,Q4,2024,48,FY2024
696,1970-01-01 00:00:00.020241127,2024-11-27,Wednesday,November,11,Q4,2024,48,FY2024
697,1970-01-01 00:00:00.020241128,2024-11-28,Thursday,November,11,Q4,2024,48,FY2024
698,1970-01-01 00:00:00.020241129,2024-11-29,Friday,November,11,Q4,2024,48,FY2024
699,1970-01-01 00:00:00.020241130,2024-11-30,Saturday,November,11,Q4,2024,48,FY2024
700,1970-01-01 00:00:00.020241201,2024-12-01,Sunday,December,12,Q4,2024,48,FY2024
701,1970-01-01 00:00:00.020241202,2024-12-02,Monday,December,12,Q4,2024,49,FY2024
702,1970-01-01 00:00:00.020241203,2024-12-03,Tuesday,December,12,Q4,2024,49,FY2024
703,1970-01-01 00:00:00.020241204,2024-12-04,Wednesday,December,12,Q4,2024,49,FY2024
704,1970-01-01 00:00:00.020241205,2024-12-05,Thursday,December,12,Q4,2024,49,FY2024
705,1970-01-01 00:00:00.020241206,2024-12-06,Friday,December,12,Q4,2024,49,FY2024
706,1970-01-01 00:00:00.020241207,2024-12-07,Saturday,December,12,Q4,2024,49,FY2024
707,1970-01-01 00:00:00.020241208,2024-12-08,Sunday,December,12,Q4,2024,49,FY2024
708,1970-01-01 00:00:00.020241209,2024-12-09,Monday,December,12,Q4,2024,50,FY2024
709,1970-01-01 00:00:00.020241210,2024-12-10,Tuesday,December,12,Q4,2024,50,FY2024
710,1970-01-01 00:00:00.020241211,2024-12-11,Wednesday,December,12,Q4,2024,50,FY2024
711,1970-01-01 00:00:00.020241212,2024-12-12,Thursday,December,12,Q4,2024,50,FY2024
712,1970-01-01 00:00:00.020241213,2024-12-13,Friday,December,12,Q4,2024,50,FY2024
713,1970-01-01 00:00:00.020241214,2024-12-14,Saturday,December,12,Q4,2024,50,FY2024
714,1970-01-01 00:00:00.020241215,2024-12-15,Sunday,December,12,Q4,2024,50,FY2024
715,1970-01-01 00:00:00.020241216,2024-12-16,Monday,December,12,Q4,2024,51,FY2024
716,1970-01-01 00:00:00.020241217,2024-12-17,Tuesday,December,12,Q4,2024,51,FY2024
717,1970-01-01 00:00:00.020241218,2024-12-18,Wednesday,December,12,Q4,2024,51,FY2024
718,1970-01-01 00:00:00.020241219,2024-12-19,Thursday,December,12,Q4,2024,51,FY2024
719,1970-01-01 00:00:00.020241220,2024-12-20,Friday,December,12,Q4,2024,51,FY2024
720,1970-01-01 00:00:00.020241221,2024-12-21,Saturday,December,12,Q4,2024,51,FY2024
721,1970-01-01 00:00:00.020241222,2024-12-22,Sunday,December,12,Q4,2024,51,FY2024
722,1970-01-01 00:00:00.020241223,2024-12-23,Monday,December,12,Q4,2024,52,FY2024
723,1970-01-01 00:00:00.020241224,2024-12-24,Tuesday,December,12,Q4,2024,52,FY2024
724,1970-01-01 00:00:00.020241225,2024-12-25,Wednesday,December,12,Q4,2024,52,FY2024
725,1970-01-01 00:00:00.020241226,2024-12-26,Thursday,December,12,Q4,2024,52,FY2024
726,1970-01-01 00:00:00.020241227,2024-12-27,Friday,December,12,Q4,2024,52,FY2024
727,1970-01-01 00:00:00.020241228,2024-12-28,Saturday,December,12,Q4,2024,52,FY2024
728,1970-01-01 00:00:00.020241229,2024-12-29,Sunday,December,12,Q4,2024,52,FY2024
729,1970-01-01 00:00:00.020241230,2024-12-30,Monday,December,12,Q4,2024,1,FY2024
730,1970-01-01 00:00:00.020241231,2024-12-31,Tuesday,December,12,Q4,2024,1,FY2024
731,1970-01-01 00:00:00.020250101,2025-01-01,Wednesday,January,1,Q1,2025,1,FY2025
732,1970-01-01 00:00:00.020250102,2025-01-02,Thursday,January,1,Q1,2025,1,FY2025
733,1970-01-01 00:00:00.020250103,2025-01-03,Friday,January,1,Q1,2025,1,FY2025
734,1970-01-01 00:00:00.020250104,2025-01-04,Saturday,January,1,Q1,2025,1,FY2025
735,1970-01-01 00:00:00.020250105,2025-01-05,Sunday,January,1,Q1,2025,1,FY2025
736,1970-01-01 00:00:00.020250106,2025-01-06,Monday,January,1,Q1,2025,2,FY2025
737,1970-01-01 00:00:00.020250107,2025-01-07,Tuesday,January,1,Q1,2025,2,FY2025
738,1970-01-01 00:00:00.020250108,2025-01-08,Wednesday,January,1,Q1,2025,2,FY2025
739,1970-01-01 00:00:00.020250109,2025-01-09,Thursday,January,1,Q1,2025,2,FY2025
740,1970-01-01 00:00:00.020250110,2025-01-10,Friday,January,1,Q1,2025,2,FY2025
741,1970-01-01 00:00:00.020250111,2025-01-11,Saturday,January,1,Q1,2025,2,FY2025
742,1970-01-01 00:00:00.020250112,2025-01-12,Sunday,January,1,Q1,2025,2,FY2025
743,1970-01-01 00:00:00.020250113,2025-01-13,Monday,January,1,Q1,2025,3,FY2025
744,1970-01-01 00:00:00.020250114,2025-01-14,Tuesday,January,1,Q1,2025,3,FY2025
745,1970-01-01 00:00:00.020250115,2025-01-15,Wednesday,January,1,Q1,2025,3,FY2025
746,1970-01-01 00:00:00.020250116,2025-01-16,Thursday,January,1,Q1,2025,3,FY2025
747,1970-01-01 00:00:00.020250117,2025-01-17,Friday,January,1,Q1,2025,3,FY2025
748,1970-01-01 00:00:00.020250118,2025-01-18,Saturday,January,1,Q1,2025,3,FY2025
749,1970-01-01 00:00:00.020250119,2025-01-19,Sunday,January,1,Q1,2025,3,FY2025
750,1970-01-01 00:00:00.020250120,2025-01-20,Monday,January,1,Q1,2025,4,FY2025
751,1970-01-01 00:00:00.020250121,2025-01-21,Tuesday,January,1,Q1,2025,4,FY2025
752,1970-01-01 00:00:00.020250122,2025-01-22,Wednesday,January,1,Q1,2025,4,FY2025
753,1970-01-01 00:00:00.020250123,2025-01-23,Thursday,January,1,Q1,2025,4,FY2025
754,1970-01-01 00:00:00.020250124,2025-01-24,Friday,January,1,Q1,2025,4,FY2025
755,1970-01-01 00:00:00.020250125,2025-01-25,Saturday,January,1,Q1,2025,4,FY2025
756,1970-01-01 00:00:00.020250126,2025-01-26,Sunday,January,1,Q1,2025,4,FY2025
757,1970-01-01 00:00:00.020250127,2025-01-27,Monday,January,1,Q1,2025,5,FY2025
758,1970-01-01 00:00:00.020250128,2025-01-28,Tuesday,January,1,Q1,2025,5,FY2025
759,1970-01-01 00:00:00.020250129,2025-01-29,Wednesday,January,1,Q1,2025,5,FY2025
760,1970-01-01 00:00:00.020250130,2025-01-30,Thursday,January,1,Q1,2025,5,FY2025
761,1970-01-01 00:00:00.020250131,2025-01-31,Friday,January,1,Q1,2025,5,FY2025
762,1970-01-01 00:00:00.020250201,2025-02-01,Saturday,February,2,Q1,2025,5,FY2025
763,1970-01-01 00:00:00.020250202,2025-02-02,Sunday,February,2,Q1,2025,5,FY2025
764,1970-01-01 00:00:00.020250203,2025-02-03,Monday,February,2,Q1,2025,6,FY2025
765,1970-01-01 00:00:00.020250204,2025-02-04,Tuesday,February,2,Q1,2025,6,FY2025
766,1970-01-01 00:00:00.020250205,2025-02-05,Wednesday,February,2,Q1,2025,6,FY2025
767,1970-01-01 00:00:00.020250206,2025-02-06,Thursday,February,2,Q1,2025,6,FY2025
768,1970-01-01 00:00:00.020250207,2025-02-07,Friday,February,2,Q1,2025,6,FY2025
769,1970-01-01 00:00:00.020250208,2025-02-08,Saturday,February,2,Q1,2025,6,FY2025
770,1970-01-01 00:00:00.020250209,2025-02-09,Sunday,February,2,Q1,2025,6,FY2025
771,1970-01-01 00:00:00.020250210,2025-02-10,Monday,February,2,Q1,2025,7,FY2025
772,1970-01-01 00:00:00.020250211,2025-02-11,Tuesday,February,2,Q1,2025,7,FY2025
773,1970-01-01 00:00:00.020250212,2025-02-12,Wednesday,February,2,Q1,2025,7,FY2025
774,1970-01-01 00:00:00.020250213,2025-02-13,Thursday,February,2,Q1,2025,7,FY2025
775,1970-01-01 00:00:00.020250214,2025-02-14,Friday,February,2,Q1,2025,7,FY2025
776,1970-01-01 00:00:00.020250215,2025-02-15,Saturday,February,2,Q1,2025,7,FY2025
777,1970-01-01 00:00:00.020250216,2025-02-16,Sunday,February,2,Q1,2025,7,FY2025
778,1970-01-01 00:00:00.020250217,2025-02-17,Monday,February,2,Q1,2025,8,FY2025
779,1970-01-01 00:00:00.020250218,2025-02-18,Tuesday,February,2,Q1,2025,8,FY2025
780,1970-01-01 00:00:00.020250219,2025-02-19,Wednesday,February,2,Q1,2025,8,FY2025
781,1970-01-01 00:00:00.020250220,2025-02-20,Thursday,February,2,Q1,2025,8,FY2025
782,1970-01-01 00:00:00.020250221,2025-02-21,Friday,February,2,Q1,2025,8,FY2025
783,1970-01-01 00:00:00.020250222,2025-02-22,Saturday,February,2,Q1,2025,8,FY2025
784,1970-01-01 00:00:00.020250223,2025-02-23,Sunday,February,2,Q1,2025,8,FY2025
785,1970-01-01 00:00:00.020250224,2025-02-24,Monday,February,2,Q1,2025,9,FY2025
786,1970-01-01 00:00:00.020250225,2025-02-25,Tuesday,February,2,Q1,2025,9,FY2025
787,1970-01-01 00:00:00.020250226,2025-02-26,Wednesday,February,2,Q1,2025,9,FY2025
788,1970-01-01 00:00:00.020250227,2025-02-27,Thursday,February,2,Q1,2025,9,FY2025
789,1970-01-01 00:00:00.020250228,2025-02-28,Friday,February,2,Q1,2025,9,FY2025
790,1970-01-01 00:00:00.020250301,2025-03-01,Saturday,March,3,Q1,2025,9,FY2025
791,1970-01-01 00:00:00.020250302,2025-03-02,Sunday,March,3,Q1,2025,9,FY2025
792,1970-01-01 00:00:00.020250303,2025-03-03,Monday,March,3,Q1,2025,10,FY2025
793,1970-01-01 00:00:00.020250304,2025-03-04,Tuesday,March,3,Q1,2025,10,FY2025
794,1970-01-01 00:00:00.020250305,2025-03-05,Wednesday,March,3,Q1,2025,10,FY2025
795,1970-01-01 00:00:00.020250306,2025-03-06,Thursday,March,3,Q1,2025,10,FY2025
796,1970-01-01 00:00:00.020250307,2025-03-07,Friday,March,3,Q1,2025,10,FY2025
797,1970-01-01 00:00:00.020250308,2025-03-08,Saturday,March,3,Q1,2025,10,FY2025
798,1970-01-01 00:00:00.020250309,2025-03-09,Sunday,March,3,Q1,2025,10,FY2025
799,1970-01-01 00:00:00.020250310,2025-03-10,Monday,March,3,Q1,2025,11,FY2025
800,1970-01-01 00:00:00.020250311,2025-03-11,Tuesday,March,3,Q1,2025,11,FY2025
801,1970-01-01 00:00:00.020250312,2025-03-12,Wednesday,March,3,Q1,2025,11,FY2025
802,1970-01-01 00:00:00.020250313,2025-03-13,Thursday,March,3,Q1,2025,11,FY2025
803,1970-01-01 00:00:00.020250314,2025-03-14,Friday,March,3,Q1,2025,11,FY2025
804,1970-01-01 00:00:00.020250315,2025-03-15,Saturday,March,3,Q1,2025,11,FY2025
805,1970-01-01 00:00:00.020250316,2025-03-16,Sunday,March,3,Q1,2025,11,FY2025
806,1970-01-01 00:00:00.020250317,2025-03-17,Monday,March,3,Q1,2025,12,FY2025
807,1970-01-01 00:00:00.020250318,2025-03-18,Tuesday,March,3,Q1,2025,12,FY2025
808,1970-01-01 00:00:00.020250319,2025-03-19,Wednesday,March,3,Q1,2025,12,FY2025
809,1970-01-01 00:00:00.020250320,2025-03-20,Thursday,March,3,Q1,2025,12,FY2025
810,1970-01-01 00:00:00.020250321,2025-03-21,Friday,March,3,Q1,2025,12,FY2025
811,1970-01-01 00:00:00.020250322,2025-03-22,Saturday,March,3,Q1,2025,12,FY2025
812,1970-01-01 00:00:00.020250323,2025-03-23,Sunday,March,3,Q1,2025,12,FY2025
813,1970-01-01 00:00:00.020250324,2025-03-24,Monday,March,3,Q1,2025,13,FY2025
814,1970-01-01 00:00:00.020250325,2025-03-25,Tuesday,March,3,Q1,2025,13,FY2025
815,1970-01-01 00:00:00.020250326,2025-03-26,Wednesday,March,3,Q1,2025,13,FY2025
816,1970-01-01 00:00:00.020250327,2025-03-27,Thursday,March,3,Q1,2025,13,FY2025
817,1970-01-01 00:00:00.020250328,2025-03-28,Friday,March,3,Q1,2025,13,FY2025
818,1970-01-01 00:00:00.020250329,2025-03-29,Saturday,March,3,Q1,2025,13,FY2025
819,1970-01-01 00:00:00.020250330,2025-03-30,Sunday,March,3,Q1,2025,13,FY2025
820,1970-01-01 00:00:00.020250331,2025-03-31,Monday,March,3,Q1,2025,14,FY2025
821,1970-01-01 00:00:00.020250401,2025-04-01,Tuesday,April,4,Q2,2025,14,FY2025
822,1970-01-01 00:00:00.020250402,2025-04-02,Wednesday,April,4,Q2,2025,14,FY2025
823,1970-01-01 00:00:00.020250403,2025-04-03,Thursday,April,4,Q2,2025,14,FY2025
824,1970-01-01 00:00:00.020250404,2025-04-04,Friday,April,4,Q2,2025,14,FY2025
825,1970-01-01 00:00:00.020250405,2025-04-05,Saturday,April,4,Q2,2025,14,FY2025
826,1970-01-01 00:00:00.020250406,2025-04-06,Sunday,April,4,Q2,2025,14,FY2025
827,1970-01-01 00:00:00.020250407,2025-04-07,Monday,April,4,Q2,2025,15,FY2025
828,1970-01-01 00:00:00.020250408,2025-04-08,Tuesday,April,4,Q2,2025,15,FY2025
829,1970-01-01 00:00:00.020250409,2025-04-09,Wednesday,April,4,Q2,2025,15,FY2025
830,1970-01-01 00:00:00.020250410,2025-04-10,Thursday,April,4,Q2,2025,15,FY2025
831,1970-01-01 00:00:00.020250411,2025-04-11,Friday,April,4,Q2,2025,15,FY2025
832,1970-01-01 00:00:00.020250412,2025-04-12,Saturday,April,4,Q2,2025,15,FY2025
833,1970-01-01 00:00:00.020250413,2025-04-13,Sunday,April,4,Q2,2025,15,FY2025
834,1970-01-01 00:00:00.020250414,2025-04-14,Monday,April,4,Q2,2025,16,FY2025
835,1970-01-01 00:00:00.020250415,2025-04-15,Tuesday,April,4,Q2,2025,16,FY2025
836,1970-01-01 00:00:00.020250416,2025-04-16,Wednesday,April,4,Q2,2025,16,FY2025
837,1970-01-01 00:00:00.020250417,2025-04-17,Thursday,April,4,Q2,2025,16,FY2025
838,1970-01-01 00:00:00.020250418,2025-04-18,Friday,April,4,Q2,2025,16,FY2025
839,1970-01-01 00:00:00.020250419,2025-04-19,Saturday,April,4,Q2,2025,16,FY2025
840,1970-01-01 00:00:00.020250420,2025-04-20,Sunday,April,4,Q2,2025,16,FY2025
841,1970-01-01 00:00:00.020250421,2025-04-21,Monday,April,4,Q2,2025,17,FY2025
842,1970-01-01 00:00:00.020250422,2025-04-22,Tuesday,April,4,Q2,2025,17,FY2025
843,1970-01-01 00:00:00.020250423,2025-04-23,Wednesday,April,4,Q2,2025,17,FY2025
844,1970-01-01 00:00:00.020250424,2025-04-24,Thursday,April,4,Q2,2025,17,FY2025
845,1970-01-01 00:00:00.020250425,2025-04-25,Friday,April,4,Q2,2025,17,FY2025
846,1970-01-01 00:00:00.020250426,2025-04-26,Saturday,April,4,Q2,2025,17,FY2025
847,1970-01-01 00:00:00.020250427,2025-04-27,Sunday,April,4,Q2,2025,17,FY2025
848,1970-01-01 00:00:00.020250428,2025-04-28,Monday,April,4,Q2,2025,18,FY2025
849,1970-01-01 00:00:00.020250429,2025-04-29,Tuesday,April,4,Q2,2025,18,FY2025
850,1970-01-01 00:00:00.020250430,2025-04-30,Wednesday,April,4,Q2,2025,18,FY2025
851,1970-01-01 00:00:00.020250501,2025-05-01,Thursday,May,5,Q2,2025,18,FY2025
852,1970-01-01 00:00:00.020250502,2025-05-02,Friday,May,5,Q2,2025,18,FY2025
853,1970-01-01 00:00:00.020250503,2025-05-03,Saturday,May,5,Q2,2025,18,FY2025
854,1970-01-01 00:00:00.020250504,2025-05-04,Sunday,May,5,Q2,2025,18,FY2025
855,1970-01-01 00:00:00.020250505,2025-05-05,Monday,May,5,Q2,2025,19,FY2025
856,1970-01-01 00:00:00.020250506,2025-05-06,Tuesday,May,5,Q2,2025,19,FY2025
857,1970-01-01 00:00:00.020250507,2025-05-07,Wednesday,May,5,Q2,2025,19,FY2025
858,1970-01-01 00:00:00.020250508,2025-05-08,Thursday,May,5,Q2,2025,19,FY2025
859,1970-01-01 00:00:00.020250509,2025-05-09,Friday,May,5,Q2,2025,19,FY2025
860,1970-01-01 00:00:00.020250510,2025-05-10,Saturday,May,5,Q2,2025,19,FY2025
861,1970-01-01 00:00:00.020250511,2025-05-11,Sunday,May,5,Q2,2025,19,FY2025
862,1970-01-01 00:00:00.020250512,2025-05-12,Monday,May,5,Q2,2025,20,FY2025
863,1970-01-01 00:00:00.020250513,2025-05-13,Tuesday,May,5,Q2,2025,20,FY2025
864,1970-01-01 00:00:00.020250514,2025-05-14,Wednesday,May,5,Q2,2025,20,FY2025
865,1970-01-01 00:00:00.020250515,2025-05-15,Thursday,May,5,Q2,2025,20,FY2025
866,1970-01-01 00:00:00.020250516,2025-05-16,Friday,May,5,Q2,2025,20,FY2025
867,1970-01-01 00:00:00.020250517,2025-05-17,Saturday,May,5,Q2,2025,20,FY2025
868,1970-01-01 00:00:00.020250518,2025-05-18,Sunday,May,5,Q2,2025,20,FY2025
869,1970-01-01 00:00:00.020250519,2025-05-19,Monday,May,5,Q2,2025,21,FY2025
870,1970-01-01 00:00:00.020250520,2025-05-20,Tuesday,May,5,Q2,2025,21,FY2025
871,1970-01-01 00:00:00.020250521,2025-05-21,Wednesday,May,5,Q2,2025,21,FY2025
872,1970-01-01 00:00:00.020250522,2025-05-22,Thursday,May,5,Q2,2025,21,FY2025
873,1970-01-01 00:00:00.020250523,2025-05-23,Friday,May,5,Q2,2025,21,FY2025
874,1970-01-01 00:00:00.020250524,2025-05-24,Saturday,May,5,Q2,2025,21,FY2025
875,1970-01-01 00:00:00.020250525,2025-05-25,Sunday,May,5,Q2,2025,21,FY2025
876,1970-01-01 00:00:00.020250526,2025-05-26,Monday,May,5,Q2,2025,22,FY2025
877,1970-01-01 00:00:00.020250527,2025-05-27,Tuesday,May,5,Q2,2025,22,FY2025
878,1970-01-01 00:00:00.020250528,2025-05-28,Wednesday,May,5,Q2,2025,22,FY2025
879,1970-01-01 00:00:00.020250529,2025-05-29,Thursday,May,5,Q2,2025,22,FY2025
880,1970-01-01 00:00:00.020250530,2025-05-30,Friday,May,5,Q2,2025,22,FY2025
881,1970-01-01 00:00:00.020250531,2025-05-31,Saturday,May,5,Q2,2025,22,FY2025
882,1970-01-01 00:00:00.020250601,2025-06-01,Sunday,June,6,Q2,2025,22,FY2025
883,1970-01-01 00:00:00.020250602,2025-06-02,Monday,June,6,Q2,2025,23,FY2025
884,1970-01-01 00:00:00.020250603,2025-06-03,Tuesday,June,6,Q2,2025,23,FY2025
885,1970-01-01 00:00:00.020250604,2025-06-04,Wednesday,June,6,Q2,2025,23,FY2025
886,1970-01-01 00:00:00.020250605,2025-06-05,Thursday,June,6,Q2,2025,23,FY2025
887,1970-01-01 00:00:00.020250606,2025-06-06,Friday,June,6,Q2,2025,23,FY2025
888,1970-01-01 00:00:00.020250607,2025-06-07,Saturday,June,6,Q2,2025,23,FY2025
889,1970-01-01 00:00:00.020250608,2025-06-08,Sunday,June,6,Q2,2025,23,FY2025
890,1970-01-01 00:00:00.020250609,2025-06-09,Monday,June,6,Q2,2025,24,FY2025
891,1970-01-01 00:00:00.020250610,2025-06-10,Tuesday,June,6,Q2,2025,24,FY2025
892,1970-01-01 00:00:00.020250611,2025-06-11,Wednesday,June,6,Q2,2025,24,FY2025
893,1970-01-01 00:00:00.020250612,2025-06-12,Thursday,June,6,Q2,2025,24,FY2025
894,1970-01-01 00:00:00.020250613,2025-06-13,Friday,June,6,Q2,2025,24,FY2025
895,1970-01-01 00:00:00.020250614,2025-06-14,Saturday,June,6,Q2,2025,24,FY2025
896,1970-01-01 00:00:00.020250615,2025-06-15,Sunday,June,6,Q2,2025,24,FY2025
897,1970-01-01 00:00:00.020250616,2025-06-16,Monday,June,6,Q2,2025,25,FY2025
898,1970-01-01 00:00:00.020250617,2025-06-17,Tuesday,June,6,Q2,2025,25,FY2025
899,1970-01-01 00:00:00.020250618,2025-06-18,Wednesday,June,6,Q2,2025,25,FY2025
900,1970-01-01 00:00:00.020250619,2025-06-19,Thursday,June,6,Q2,2025,25,FY2025
901,1970-01-01 00:00:00.020250620,2025-06-20,Friday,June,6,Q2,2025,25,FY2025
902,1970-01-01 00:00:00.020250621,2025-06-21,Saturday,June,6,Q2,2025,25,FY2025
903,1970-01-01 00:00:00.020250622,2025-06-22,Sunday,June,6,Q2,2025,25,FY2025
904,1970-01-01 00:00:00.020250623,2025-06-23,Monday,June,6,Q2,2025,26,FY2025
905,1970-01-01 00:00:00.020250624,2025-06-24,Tuesday,June,6,Q2,2025,26,FY2025
906,1970-01-01 00:00:00.020250625,2025-06-25,Wednesday,June,6,Q2,2025,26,FY2025
907,1970-01-01 00:00:00.020250626,2025-06-26,Thursday,June,6,Q2,2025,26,FY2025
908,1970-01-01 00:00:00.020250627,2025-06-27,Friday,June,6,Q2,2025,26,FY2025
909,1970-01-01 00:00:00.020250628,2025-06-28,Saturday,June,6,Q2,2025,26,FY2025
910,1970-01-01 00:00:00.020250629,2025-06-29,Sunday,June,6,Q2,2025,26,FY2025
911,1970-01-01 00:00:00.020250630,2025-06-30,Monday,June,6,Q2,2025,27,FY2025
912,1970-01-01 00:00:00.020250701,2025-07-01,Tuesday,July,7,Q3,2025,27,FY2025
913,1970-01-01 00:00:00.020250702,2025-07-02,Wednesday,July,7,Q3,2025,27,FY2025
914,1970-01-01 00:00:00.020250703,2025-07-03,Thursday,July,7,Q3,2025,27,FY2025
915,1970-01-01 00:00:00.020250704,2025-07-04,Friday,July,7,Q3,2025,27,FY2025
916,1970-01-01 00:00:00.020250705,2025-07-05,Saturday,July,7,Q3,2025,27,FY2025
917,1970-01-01 00:00:00.020250706,2025-07-06,Sunday,July,7,Q3,2025,27,FY2025
918,1970-01-01 00:00:00.020250707,2025-07-07,Monday,July,7,Q3,2025,28,FY2025
919,1970-01-01 00:00:00.020250708,2025-07-08,Tuesday,July,7,Q3,2025,28,FY2025
920,1970-01-01 00:00:00.020250709,2025-07-09,Wednesday,July,7,Q3,2025,28,FY2025
921,1970-01-01 00:00:00.020250710,2025-07-10,Thursday,July,7,Q3,2025,28,FY2025
922,1970-01-01 00:00:00.020250711,2025-07-11,Friday,July,7,Q3,2025,28,FY2025
923,1970-01-01 00:00:00.020250712,2025-07-12,Saturday,July,7,Q3,2025,28,FY2025
924,1970-01-01 00:00:00.020250713,2025-07-13,Sunday,July,7,Q3,2025,28,FY2025
925,1970-01-01 00:00:00.020250714,2025-07-14,Monday,July,7,Q3,2025,29,FY2025
926,1970-01-01 00:00:00.020250715,2025-07-15,Tuesday,July,7,Q3,2025,29,FY2025
927,1970-01-01 00:00:00.020250716,2025-07-16,Wednesday,July,7,Q3,2025,29,FY2025
928,1970-01-01 00:00:00.020250717,2025-07-17,Thursday,July,7,Q3,2025,29,FY2025
929,1970-01-01 00:00:00.020250718,2025-07-18,Friday,July,7,Q3,2025,29,FY2025
930,1970-01-01 00:00:00.020250719,2025-07-19,Saturday,July,7,Q3,2025,29,FY2025
931,1970-01-01 00:00:00.020250720,2025-07-20,Sunday,July,7,Q3,2025,29,FY2025
932,1970-01-01 00:00:00.020250721,2025-07-21,Monday,July,7,Q3,2025,30,FY2025
933,1970-01-01 00:00:00.020250722,2025-07-22,Tuesday,July,7,Q3,2025,30,FY2025
934,1970-01-01 00:00:00.020250723,2025-07-23,Wednesday,July,7,Q3,2025,30,FY2025
935,1970-01-01 00:00:00.020250724,2025-07-24,Thursday,July,7,Q3,2025,30,FY2025
936,1970-01-01 00:00:00.020250725,2025-07-25,Friday,July,7,Q3,2025,30,FY2025
937,1970-01-01 00:00:00.020250726,2025-07-26,Saturday,July,7,Q3,2025,30,FY2025
938,1970-01-01 00:00:00.020250727,2025-07-27,Sunday,July,7,Q3,2025,30,FY2025
939,1970-01-01 00:00:00.020250728,2025-07-28,Monday,July,7,Q3,2025,31,FY2025
940,1970-01-01 00:00:00.020250729,2025-07-29,Tuesday,July,7,Q3,2025,31,FY2025
941,1970-01-01 00:00:00.020250730,2025-07-30,Wednesday,July,7,Q3,2025,31,FY2025
942,1970-01-01 00:00:00.020250731,2025-07-31,Thursday,July,7,Q3,2025,31,FY2025
943,1970-01-01 00:00:00.020250801,2025-08-01,Friday,August,8,Q3,2025,31,FY2025
944,1970-01-01 00:00:00.020250802,2025-08-02,Saturday,August,8,Q3,2025,31,FY2025
945,1970-01-01 00:00:00.020250803,2025-08-03,Sunday,August,8,Q3,2025,31,FY2025
946,1970-01-01 00:00:00.020250804,2025-08-04,Monday,August,8,Q3,2025,32,FY2025
947,1970-01-01 00:00:00.020250805,2025-08-05,Tuesday,August,8,Q3,2025,32,FY2025
948,1970-01-01 00:00:00.020250806,2025-08-06,Wednesday,August,8,Q3,2025,32,FY2025
949,1970-01-01 00:00:00.020250807,2025-08-07,Thursday,August,8,Q3,2025,32,FY2025
950,1970-01-01 00:00:00.020250808,2025-08-08,Friday,August,8,Q3,2025,32,FY2025
951,1970-01-01 00:00:00.020250809,2025-08-09,Saturday,August,8,Q3,2025,32,FY2025
952,1970-01-01 00:00:00.020250810,2025-08-10,Sunday,August,8,Q3,2025,32,FY2025
953,1970-01-01 00:00:00.020250811,2025-08-11,Monday,August,8,Q3,2025,33,FY2025
954,1970-01-01 00:00:00.020250812,2025-08-12,Tuesday,August,8,Q3,2025,33,FY2025
955,1970-01-01 00:00:00.020250813,2025-08-13,Wednesday,August,8,Q3,2025,33,FY2025
956,1970-01-01 00:00:00.020250814,2025-08-14,Thursday,August,8,Q3,2025,33,FY2025
957,1970-01-01 00:00:00.020250815,2025-08-15,Friday,August,8,Q3,2025,33,FY2025
958,1970-01-01 00:00:00.020250816,2025-08-16,Saturday,August,8,Q3,2025,33,FY2025
959,1970-01-01 00:00:00.020250817,2025-08-17,Sunday,August,8,Q3,2025,33,FY2025
960,1970-01-01 00:00:00.020250818,2025-08-18,Monday,August,8,Q3,2025,34,FY2025
961,1970-01-01 00:00:00.020250819,2025-08-19,Tuesday,August,8,Q3,2025,34,FY2025
962,1970-01-01 00:00:00.020250820,2025-08-20,Wednesday,August,8,Q3,2025,34,FY2025
963,1970-01-01 00:00:00.020250821,2025-08-21,Thursday,August,8,Q3,2025,34,FY2025
964,1970-01-01 00:00:00.020250822,2025-08-22,Friday,August,8,Q3,2025,34,FY2025
965,1970-01-01 00:00:00.020250823,2025-08-23,Saturday,August,8,Q3,2025,34,FY2025
966,1970-01-01 00:00:00.020250824,2025-08-24,Sunday,August,8,Q3,2025,34,FY2025
967,1970-01-01 00:00:00.020250825,2025-08-25,Monday,August,8,Q3,2025,35,FY2025
968,1970-01-01 00:00:00.020250826,2025-08-26,Tuesday,August,8,Q3,2025,35,FY2025
969,1970-01-01 00:00:00.020250827,2025-08-27,Wednesday,August,8,Q3,2025,35,FY2025
970,1970-01-01 00:00:00.020250828,2025-08-28,Thursday,August,8,Q3,2025,35,FY2025
971,1970-01-01 00:00:00.020250829,2025-08-29,Friday,August,8,Q3,2025,35,FY2025
972,1970-01-01 00:00:00.020250830,2025-08-30,Saturday,August,8,Q3,2025,35,FY2025
973,1970-01-01 00:00:00.020250831,2025-08-31,Sunday,August,8,Q3,2025,35,FY2025
974,1970-01-01 00:00:00.020250901,2025-09-01,Monday,September,9,Q3,2025,36,FY2025
975,1970-01-01 00:00:00.020250902,2025-09-02,Tuesday,September,9,Q3,2025,36,FY2025
976,1970-01-01 00:00:00.020250903,2025-09-03,Wednesday,September,9,Q3,2025,36,FY2025
977,1970-01-01 00:00:00.020250904,2025-09-04,Thursday,September,9,Q3,2025,36,FY2025
978,1970-01-01 00:00:00.020250905,2025-09-05,Friday,September,9,Q3,2025,36,FY2025
979,1970-01-01 00:00:00.020250906,2025-09-06,Saturday,September,9,Q3,2025,36,FY2025
980,1970-01-01 00:00:00.020250907,2025-09-07,Sunday,September,9,Q3,2025,36,FY2025
981,1970-01-01 00:00:00.020250908,2025-09-08,Monday,September,9,Q3,2025,37,FY2025
982,1970-01-01 00:00:00.020250909,2025-09-09,Tuesday,September,9,Q3,2025,37,FY2025
983,1970-01-01 00:00:00.020250910,2025-09-10,Wednesday,September,9,Q3,2025,37,FY2025
984,1970-01-01 00:00:00.020250911,2025-09-11,Thursday,September,9,Q3,2025,37,FY2025
985,1970-01-01 00:00:00.020250912,2025-09-12,Friday,September,9,Q3,2025,37,FY2025
986,1970-01-01 00:00:00.020250913,2025-09-13,Saturday,September,9,Q3,2025,37,FY2025
987,1970-01-01 00:00:00.020250914,2025-09-14,Sunday,September,9,Q3,2025,37,FY2025
988,1970-01-01 00:00:00.020250915,2025-09-15,Monday,September,9,Q3,2025,38,FY2025
989,1970-01-01 00:00:00.020250916,2025-09-16,Tuesday,September,9,Q3,2025,38,FY2025
990,1970-01-01 00:00:00.020250917,2025-09-17,Wednesday,September,9,Q3,2025,38,FY2025
991,1970-01-01 00:00:00.020250918,2025-09-18,Thursday,September,9,Q3,2025,38,FY2025
992,1970-01-01 00:00:00.020250919,2025-09-19,Friday,September,9,Q3,2025,38,FY2025
993,1970-01-01 00:00:00.020250920,2025-09-20,Saturday,September,9,Q3,2025,38,FY2025
994,1970-01-01 00:00:00.020250921,2025-09-21,Sunday,September,9,Q3,2025,38,FY2025
995,1970-01-01 00:00:00.020250922,2025-09-22,Monday,September,9,Q3,2025,39,FY2025
996,1970-01-01 00:00:00.020250923,2025-09-23,Tuesday,September,9,Q3,2025,39,FY2025
997,1970-01-01 00:00:00.020250924,2025-09-24,Wednesday,September,9,Q3,2025,39,FY2025
998,1970-01-01 00:00:00.020250925,2025-09-25,Thursday,September,9,Q3,2025,39,FY2025
999,1970-01-01 00:00:00.020250926,2025-09-26,Friday,September,9,Q3,2025,39,FY2025
1000,1970-01-01 00:00:00.020250927,2025-09-27,Saturday,September,9,Q3,2025,39,FY2025
1001,1970-01-01 00:00:00.020250928,2025-09-28,Sunday,September,9,Q3,2025,39,FY2025
1002,1970-01-01 00:00:00.020250929,2025-09-29,Monday,September,9,Q3,2025,40,FY2025
1003,1970-01-01 00:00:00.020250930,2025-09-30,Tuesday,September,9,Q3,2025,40,FY2025
1004,1970-01-01 00:00:00.020251001,2025-10-01,Wednesday,October,10,Q4,2025,40,FY2025
1005,1970-01-01 00:00:00.020251002,2025-10-02,Thursday,October,10,Q4,2025,40,FY2025
1006,1970-01-01 00:00:00.020251003,2025-10-03,Friday,October,10,Q4,2025,40,FY2025
1007,1970-01-01 00:00:00.020251004,2025-10-04,Saturday,October,10,Q4,2025,40,FY2025
1008,1970-01-01 00:00:00.020251005,2025-10-05,Sunday,October,10,Q4,2025,40,FY2025
1009,1970-01-01 00:00:00.020251006,2025-10-06,Monday,October,10,Q4,2025,41,FY2025
1010,1970-01-01 00:00:00.020251007,2025-10-07,Tuesday,October,10,Q4,2025,41,FY2025
1011,1970-01-01 00:00:00.020251008,2025-10-08,Wednesday,October,10,Q4,2025,41,FY2025
1012,1970-01-01 00:00:00.020251009,2025-10-09,Thursday,October,10,Q4,2025,41,FY2025
1013,1970-01-01 00:00:00.020251010,2025-10-10,Friday,October,10,Q4,2025,41,FY2025
1014,1970-01-01 00:00:00.020251011,2025-10-11,Saturday,October,10,Q4,2025,41,FY2025
1015,1970-01-01 00:00:00.020251012,2025-10-12,Sunday,October,10,Q4,2025,41,FY2025
1016,1970-01-01 00:00:00.020251013,2025-10-13,Monday,October,10,Q4,2025,42,FY2025
1017,1970-01-01 00:00:00.020251014,2025-10-14,Tuesday,October,10,Q4,2025,42,FY2025
1018,1970-01-01 00:00:00.020251015,2025-10-15,Wednesday,October,10,Q4,2025,42,FY2025
1019,1970-01-01 00:00:00.020251016,2025-10-16,Thursday,October,10,Q4,2025,42,FY2025
1020,1970-01-01 00:00:00.020251017,2025-10-17,Friday,October,10,Q4,2025,42,FY2025
1021,1970-01-01 00:00:00.020251018,2025-10-18,Saturday,October,10,Q4,2025,42,FY2025
1022,1970-01-01 00:00:00.020251019,2025-10-19,Sunday,October,10,Q4,2025,42,FY2025
1023,1970-01-01 00:00:00.020251020,2025-10-20,Monday,October,10,Q4,2025,43,FY2025
1024,1970-01-01 00:00:00.020251021,2025-10-21,Tuesday,October,10,Q4,2025,43,FY2025
1025,1970-01-01 00:00:00.020251022,2025-10-22,Wednesday,October,10,Q4,2025,43,FY2025
1026,1970-01-01 00:00:00.020251023,2025-10-23,Thursday,October,10,Q4,2025,43,FY2025
1027,1970-01-01 00:00:00.020251024,2025-10-24,Friday,October,10,Q4,2025,43,FY2025
1028,1970-01-01 00:00:00.020251025,2025-10-25,Saturday,October,10,Q4,2025,43,FY2025
1029,1970-01-01 00:00:00.020251026,2025-10-26,Sunday,October,10,Q4,2025,43,FY2025
1030,1970-01-01 00:00:00.020251027,2025-10-27,Monday,October,10,Q4,2025,44,FY2025
1031,1970-01-01 00:00:00.020251028,2025-10-28,Tuesday,October,10,Q4,2025,44,FY2025
1032,1970-01-01 00:00:00.020251029,2025-10-29,Wednesday,October,10,Q4,2025,44,FY2025
1033,1970-01-01 00:00:00.020251030,2025-10-30,Thursday,October,10,Q4,2025,44,FY2025
1034,1970-01-01 00:00:00.020251031,2025-10-31,Friday,October,10,Q4,2025,44,FY2025
1035,1970-01-01 00:00:00.020251101,2025-11-01,Saturday,November,11,Q4,2025,44,FY2025
1036,1970-01-01 00:00:00.020251102,2025-11-02,Sunday,November,11,Q4,2025,44,FY2025
1037,1970-01-01 00:00:00.020251103,2025-11-03,Monday,November,11,Q4,2025,45,FY2025
1038,1970-01-01 00:00:00.020251104,2025-11-04,Tuesday,November,11,Q4,2025,45,FY2025
1039,1970-01-01 00:00:00.020251105,2025-11-05,Wednesday,November,11,Q4,2025,45,FY2025
1040,1970-01-01 00:00:00.020251106,2025-11-06,Thursday,November,11,Q4,2025,45,FY2025
1041,1970-01-01 00:00:00.020251107,2025-11-07,Friday,November,11,Q4,2025,45,FY2025
1042,1970-01-01 00:00:00.020251108,2025-11-08,Saturday,November,11,Q4,2025,45,FY2025
1043,1970-01-01 00:00:00.020251109,2025-11-09,Sunday,November,11,Q4,2025,45,FY2025
1044,1970-01-01 00:00:00.020251110,2025-11-10,Monday,November,11,Q4,2025,46,FY2025
1045,1970-01-01 00:00:00.020251111,2025-11-11,Tuesday,November,11,Q4,2025,46,FY2025
1046,1970-01-01 00:00:00.020251112,2025-11-12,Wednesday,November,11,Q4,2025,46,FY2025
1047,1970-01-01 00:00:00.020251113,2025-11-13,Thursday,November,11,Q4,2025,46,FY2025
1048,1970-01-01 00:00:00.020251114,2025-11-14,Friday,November,11,Q4,2025,46,FY2025
1049,1970-01-01 00:00:00.020251115,2025-11-15,Saturday,November,11,Q4,2025,46,FY2025
1050,1970-01-01 00:00:00.020251116,2025-11-16,Sunday,November,11,Q4,2025,46,FY2025
1051,1970-01-01 00:00:00.020251117,2025-11-17,Monday,November,11,Q4,2025,47,FY2025
1052,1970-01-01 00:00:00.020251118,2025-11-18,Tuesday,November,11,Q4,2025,47,FY2025
1053,1970-01-01 00:00:00.020251119,2025-11-19,Wednesday,November,11,Q4,2025,47,FY2025
1054,1970-01-01 00:00:00.020251120,2025-11-20,Thursday,November,11,Q4,2025,47,FY2025
1055,1970-01-01 00:00:00.020251121,2025-11-21,Friday,November,11,Q4,2025,47,FY2025
1056,1970-01-01 00:00:00.020251122,2025-11-22,Saturday,November,11,Q4,2025,47,FY2025
1057,1970-01-01 00:00:00.020251123,2025-11-23,Sunday,November,11,Q4,2025,47,FY2025
1058,1970-01-01 00:00:00.020251124,2025-11-24,Monday,November,11,Q4,2025,48,FY2025
1059,1970-01-01 00:00:00.020251125,2025-11-25,Tuesday,November,11,Q4,2025,48,FY2025
1060,1970-01-01 00:00:00.020251126,2025-11-26,Wednesday,November,11,Q4,2025,48,FY2025
1061,1970-01-01 00:00:00.020251127,2025-11-27,Thursday,November,11,Q4,2025,48,FY2025
1062,1970-01-01 00:00:00.020251128,2025-11-28,Friday,November,11,Q4,2025,48,FY2025
1063,1970-01-01 00:00:00.020251129,2025-11-29,Saturday,November,11,Q4,2025,48,FY2025
1064,1970-01-01 00:00:00.020251130,2025-11-30,Sunday,November,11,Q4,2025,48,FY2025
1065,1970-01-01 00:00:00.020251201,2025-12-01,Monday,December,12,Q4,2025,49,FY2025
1066,1970-01-01 00:00:00.020251202,2025-12-02,Tuesday,December,12,Q4,2025,49,FY2025
1067,1970-01-01 00:00:00.020251203,2025-12-03,Wednesday,December,12,Q4,2025,49,FY2025
1068,1970-01-01 00:00:00.020251204,2025-12-04,Thursday,December,12,Q4,2025,49,FY2025
1069,1970-01-01 00:00:00.020251205,2025-12-05,Friday,December,12,Q4,2025,49,FY2025
1070,1970-01-01 00:00:00.020251206,2025-12-06,Saturday,December,12,Q4,2025,49,FY2025
1071,1970-01-01 00:00:00.020251207,2025-12-07,Sunday,December,12,Q4,2025,49,FY2025
1072,1970-01-01 00:00:00.020251208,2025-12-08,Monday,December,12,Q4,2025,50,FY2025
1073,1970-01-01 00:00:00.020251209,2025-12-09,Tuesday,December,12,Q4,2025,50,FY2025
1074,1970-01-01 00:00:00.020251210,2025-12-10,Wednesday,December,12,Q4,2025,50,FY2025
1075,1970-01-01 00:00:00.020251211,2025-12-11,Thursday,December,12,Q4,2025,50,FY2025
1076,1970-01-01 00:00:00.020251212,2025-12-12,Friday,December,12,Q4,2025,50,FY2025
1077,1970-01-01 00:00:00.020251213,2025-12-13,Saturday,December,12,Q4,2025,50,FY2025
1078,1970-01-01 00:00:00.020251214,2025-12-14,Sunday,December,12,Q4,2025,50,FY2025
1079,1970-01-01 00:00:00.020251215,2025-12-15,Monday,December,12,Q4,2025,51,FY2025
1080,1970-01-01 00:00:00.020251216,2025-12-16,Tuesday,December,12,Q4,2025,51,FY2025
1081,1970-01-01 00:00:00.020251217,2025-12-17,Wednesday,December,12,Q4,2025,51,FY2025
1082,1970-01-01 00:00:00.020251218,2025-12-18,Thursday,December,12,Q4,2025,51,FY2025
1083,1970-01-01 00:00:00.020251219,2025-12-19,Friday,December,12,Q4,2025,51,FY2025
1084,1970-01-01 00:00:00.020251220,2025-12-20,Saturday,December,12,Q4,2025,51,FY2025
1085,1970-01-01 00:00:00.020251221,2025-12-21,Sunday,December,12,Q4,2025,51,FY2025
1086,1970-01-01 00:00:00.020251222,2025-12-22,Monday,December,12,Q4,2025,52,FY2025
1087,1970-01-01 00:00:00.020251223,2025-12-23,Tuesday,December,12,Q4,2025,52,FY2025
1088,1970-01-01 00:00:00.020251224,2025-12-24,Wednesday,December,12,Q4,2025,52,FY2025
1089,1970-01-01 00:00:00.020251225,2025-12-25,Thursday,December,12,Q4,2025,52,FY2025
1090,1970-01-01 00:00:00.020251226,2025-12-26,Friday,December,12,Q4,2025,52,FY2025
1091,1970-01-01 00:00:00.020251227,2025-12-27,Saturday,December,12,Q4,2025,52,FY2025
1092,1970-01-01 00:00:00.020251228,2025-12-28,Sunday,December,12,Q4,2025,52,FY2025
1093,1970-01-01 00:00:00.020251229,2025-12-29,Monday,December,12,Q4,2025,1,FY2025
1094,1970-01-01 00:00:00.020251230,2025-12-30,Tuesday,December,12,Q4,2025,1,FY2025
1095,1970-01-01 00:00:00.020251231,2025-12-31,Wednesday,December,12,Q4,2025,1,FY2025
1096,1970-01-01 00:00:00.020260101,2026-01-01,Thursday,January,1,Q1,2026,1,FY2026
1097,1970-01-01 00:00:00.020260102,2026-01-02,Friday,January,1,Q1,2026,1,FY2026
1098,1970-01-01 00:00:00.020260103,2026-01-03,Saturday,January,1,Q1,2026,1,FY2026
1099,1970-01-01 00:00:00.020260104,2026-01-04,Sunday,January,1,Q1,2026,1,FY2026
1100,1970-01-01 00:00:00.020260105,2026-01-05,Monday,January,1,Q1,2026,2,FY2026
1101,1970-01-01 00:00:00.020260106,2026-01-06,Tuesday,January,1,Q1,2026,2,FY2026
1102,1970-01-01 00:00:00.020260107,2026-01-07,Wednesday,January,1,Q1,2026,2,FY2026
1103,1970-01-01 00:00:00.020260108,2026-01-08,Thursday,January,1,Q1,2026,2,FY2026
1104,1970-01-01 00:00:00.020260109,2026-01-09,Friday,January,1,Q1,2026,2,FY2026
1105,1970-01-01 00:00:00.020260110,2026-01-10,Saturday,January,1,Q1,2026,2,FY2026
1106,1970-01-01 00:00:00.020260111,2026-01-11,Sunday,January,1,Q1,2026,2,FY2026
1107,1970-01-01 00:00:00.020260112,2026-01-12,Monday,January,1,Q1,2026,3,FY2026
1108,1970-01-01 00:00:00.020260113,2026-01-13,Tuesday,January,1,Q1,2026,3,FY2026
1109,1970-01-01 00:00:00.020260114,2026-01-14,Wednesday,January,1,Q1,2026,3,FY2026
1110,1970-01-01 00:00:00.020260115,2026-01-15,Thursday,January,1,Q1,2026,3,FY2026
1111,1970-01-01 00:00:00.020260116,2026-01-16,Friday,January,1,Q1,2026,3,FY2026
1112,1970-01-01 00:00:00.020260117,2026-01-17,Saturday,January,1,Q1,2026,3,FY2026
1113,1970-01-01 00:00:00.020260118,2026-01-18,Sunday,January,1,Q1,2026,3,FY2026
1114,1970-01-01 00:00:00.020260119,2026-01-19,Monday,January,1,Q1,2026,4,FY2026
1115,1970-01-01 00:00:00.020260120,2026-01-20,Tuesday,January,1,Q1,2026,4,FY2026
1116,1970-01-01 00:00:00.020260121,2026-01-21,Wednesday,January,1,Q1,2026,4,FY2026
1117,1970-01-01 00:00:00.020260122,2026-01-22,Thursday,January,1,Q1,2026,4,FY2026
1118,1970-01-01 00:00:00.020260123,2026-01-23,Friday,January,1,Q1,2026,4,FY2026
1119,1970-01-01 00:00:00.020260124,2026-01-24,Saturday,January,1,Q1,2026,4,FY2026
1120,1970-01-01 00:00:00.020260125,2026-01-25,Sunday,January,1,Q1,2026,4,FY2026
1121,1970-01-01 00:00:00.020260126,2026-01-26,Monday,January,1,Q1,2026,5,FY2026
1122,1970-01-01 00:00:00.020260127,2026-01-27,Tuesday,January,1,Q1,2026,5,FY2026
1123,1970-01-01 00:00:00.020260128,2026-01-28,Wednesday,January,1,Q1,2026,5,FY2026
1124,1970-01-01 00:00:00.020260129,2026-01-29,Thursday,January,1,Q1,2026,5,FY2026
1125,1970-01-01 00:00:00.020260130,2026-01-30,Friday,January,1,Q1,2026,5,FY2026
1126,1970-01-01 00:00:00.020260131,2026-01-31,Saturday,January,1,Q1,2026,5,FY2026
1127,1970-01-01 00:00:00.020260201,2026-02-01,Sunday,February,2,Q1,2026,5,FY2026
1128,1970-01-01 00:00:00.020260202,2026-02-02,Monday,February,2,Q1,2026,6,FY2026
1129,1970-01-01 00:00:00.020260203,2026-02-03,Tuesday,February,2,Q1,2026,6,FY2026
1130,1970-01-01 00:00:00.020260204,2026-02-04,Wednesday,February,2,Q1,2026,6,FY2026
1131,1970-01-01 00:00:00.020260205,2026-02-05,Thursday,February,2,Q1,2026,6,FY2026
1132,1970-01-01 00:00:00.020260206,2026-02-06,Friday,February,2,Q1,2026,6,FY2026
1133,1970-01-01 00:00:00.020260207,2026-02-07,Saturday,February,2,Q1,2026,6,FY2026
1134,1970-01-01 00:00:00.020260208,2026-02-08,Sunday,February,2,Q1,2026,6,FY2026
1135,1970-01-01 00:00:00.020260209,2026-02-09,Monday,February,2,Q1,2026,7,FY2026
1136,1970-01-01 00:00:00.020260210,2026-02-10,Tuesday,February,2,Q1,2026,7,FY2026
1137,1970-01-01 00:00:00.020260211,2026-02-11,Wednesday,February,2,Q1,2026,7,FY2026
1138,1970-01-01 00:00:00.020260212,2026-02-12,Thursday,February,2,Q1,2026,7,FY2026
1139,1970-01-01 00:00:00.020260213,2026-02-13,Friday,February,2,Q1,2026,7,FY2026
1140,1970-01-01 00:00:00.020260214,2026-02-14,Saturday,February,2,Q1,2026,7,FY2026
1141,1970-01-01 00:00:00.020260215,2026-02-15,Sunday,February,2,Q1,2026,7,FY2026
1142,1970-01-01 00:00:00.020260216,2026-02-16,Monday,February,2,Q1,2026,8,FY2026
1143,1970-01-01 00:00:00.020260217,2026-02-17,Tuesday,February,2,Q1,2026,8,FY2026
1144,1970-01-01 00:00:00.020260218,2026-02-18,Wednesday,February,2,Q1,2026,8,FY2026
1145,1970-01-01 00:00:00.020260219,2026-02-19,Thursday,February,2,Q1,2026,8,FY2026
1146,1970-01-01 00:00:00.020260220,2026-02-20,Friday,February,2,Q1,2026,8,FY2026
1147,1970-01-01 00:00:00.020260221,2026-02-21,Saturday,February,2,Q1,2026,8,FY2026
1148,1970-01-01 00:00:00.020260222,2026-02-22,Sunday,February,2,Q1,2026,8,FY2026
1149,1970-01-01 00:00:00.020260223,2026-02-23,Monday,February,2,Q1,2026,9,FY2026
1150,1970-01-01 00:00:00.020260224,2026-02-24,Tuesday,February,2,Q1,2026,9,FY2026
1151,1970-01-01 00:00:00.020260225,2026-02-25,Wednesday,February,2,Q1,2026,9,FY2026
1152,1970-01-01 00:00:00.020260226,2026-02-26,Thursday,February,2,Q1,2026,9,FY2026
1153,1970-01-01 00:00:00.020260227,2026-02-27,Friday,February,2,Q1,2026,9,FY2026
1154,1970-01-01 00:00:00.020260228,2026-02-28,Saturday,February,2,Q1,2026,9,FY2026
1155,1970-01-01 00:00:00.020260301,2026-03-01,Sunday,March,3,Q1,2026,9,FY2026
1156,1970-01-01 00:00:00.020260302,2026-03-02,Monday,March,3,Q1,2026,10,FY2026
1157,1970-01-01 00:00:00.020260303,2026-03-03,Tuesday,March,3,Q1,2026,10,FY2026
1158,1970-01-01 00:00:00.020260304,2026-03-04,Wednesday,March,3,Q1,2026,10,FY2026
1159,1970-01-01 00:00:00.020260305,2026-03-05,Thursday,March,3,Q1,2026,10,FY2026
1160,1970-01-01 00:00:00.020260306,2026-03-06,Friday,March,3,Q1,2026,10,FY2026
1161,1970-01-01 00:00:00.020260307,2026-03-07,Saturday,March,3,Q1,2026,10,FY2026
1162,1970-01-01 00:00:00.020260308,2026-03-08,Sunday,March,3,Q1,2026,10,FY2026
1163,1970-01-01 00:00:00.020260309,2026-03-09,Monday,March,3,Q1,2026,11,FY2026
1164,1970-01-01 00:00:00.020260310,2026-03-10,Tuesday,March,3,Q1,2026,11,FY2026
1165,1970-01-01 00:00:00.020260311,2026-03-11,Wednesday,March,3,Q1,2026,11,FY2026
1166,1970-01-01 00:00:00.020260312,2026-03-12,Thursday,March,3,Q1,2026,11,FY2026
1167,1970-01-01 00:00:00.020260313,2026-03-13,Friday,March,3,Q1,2026,11,FY2026
1168,1970-01-01 00:00:00.020260314,2026-03-14,Saturday,March,3,Q1,2026,11,FY2026
1169,1970-01-01 00:00:00.020260315,2026-03-15,Sunday,March,3,Q1,2026,11,FY2026
1170,1970-01-01 00:00:00.020260316,2026-03-16,Monday,March,3,Q1,2026,12,FY2026
1171,1970-01-01 00:00:00.020260317,2026-03-17,Tuesday,March,3,Q1,2026,12,FY2026
1172,1970-01-01 00:00:00.020260318,2026-03-18,Wednesday,March,3,Q1,2026,12,FY2026
1173,1970-01-01 00:00:00.020260319,2026-03-19,Thursday,March,3,Q1,2026,12,FY2026
1174,1970-01-01 00:00:00.020260320,2026-03-20,Friday,March,3,Q1,2026,12,FY2026
1175,1970-01-01 00:00:00.020260321,2026-03-21,Saturday,March,3,Q1,2026,12,FY2026
1176,1970-01-01 00:00:00.020260322,2026-03-22,Sunday,March,3,Q1,2026,12,FY2026
1177,1970-01-01 00:00:00.020260323,2026-03-23,Monday,March,3,Q1,2026,13,FY2026
1178,1970-01-01 00:00:00.020260324,2026-03-24,Tuesday,March,3,Q1,2026,13,FY2026
1179,1970-01-01 00:00:00.020260325,2026-03-25,Wednesday,March,3,Q1,2026,13,FY2026
1180,1970-01-01 00:00:00.020260326,2026-03-26,Thursday,March,3,Q1,2026,13,FY2026
1181,1970-01-01 00:00:00.020260327,2026-03-27,Friday,March,3,Q1,2026,13,FY2026
1182,1970-01-01 00:00:00.020260328,2026-03-28,Saturday,March,3,Q1,2026,13,FY2026
1183,1970-01-01 00:00:00.020260329,2026-03-29,Sunday,March,3,Q1,2026,13,FY2026
1184,1970-01-01 00:00:00.020260330,2026-03-30,Monday,March,3,Q1,2026,14,FY2026
1185,1970-01-01 00:00:00.020260331,2026-03-31,Tuesday,March,3,Q1,2026,14,FY2026
1186,1970-01-01 00:00:00.020260401,2026-04-01,Wednesday,April,4,Q2,2026,14,FY2026
1187,1970-01-01 00:00:00.020260402,2026-04-02,Thursday,April,4,Q2,2026,14,FY2026
1188,1970-01-01 00:00:00.020260403,2026-04-03,Friday,April,4,Q2,2026,14,FY2026
1189,1970-01-01 00:00:00.020260404,2026-04-04,Saturday,April,4,Q2,2026,14,FY2026
1190,1970-01-01 00:00:00.020260405,2026-04-05,Sunday,April,4,Q2,2026,14,FY2026
1191,1970-01-01 00:00:00.020260406,2026-04-06,Monday,April,4,Q2,2026,15,FY2026
1192,1970-01-01 00:00:00.020260407,2026-04-07,Tuesday,April,4,Q2,2026,15,FY2026
1193,1970-01-01 00:00:00.020260408,2026-04-08,Wednesday,April,4,Q2,2026,15,FY2026
1194,1970-01-01 00:00:00.020260409,2026-04-09,Thursday,April,4,Q2,2026,15,FY2026
1195,1970-01-01 00:00:00.020260410,2026-04-10,Friday,April,4,Q2,2026,15,FY2026
1196,1970-01-01 00:00:00.020260411,2026-04-11,Saturday,April,4,Q2,2026,15,FY2026
1197,1970-01-01 00:00:00.020260412,2026-04-12,Sunday,April,4,Q2,2026,15,FY2026
1198,1970-01-01 00:00:00.020260413,2026-04-13,Monday,April,4,Q2,2026,16,FY2026
1199,1970-01-01 00:00:00.020260414,2026-04-14,Tuesday,April,4,Q2,2026,16,FY2026
1200,1970-01-01 00:00:00.020260415,2026-04-15,Wednesday,April,4,Q2,2026,16,FY2026
1201,1970-01-01 00:00:00.020260416,2026-04-16,Thursday,April,4,Q2,2026,16,FY2026
1202,1970-01-01 00:00:00.020260417,2026-04-17,Friday,April,4,Q2,2026,16,FY2026
1203,1970-01-01 00:00:00.020260418,2026-04-18,Saturday,April,4,Q2,2026,16,FY2026
1204,1970-01-01 00:00:00.020260419,2026-04-19,Sunday,April,4,Q2,2026,16,FY2026
1205,1970-01-01 00:00:00.020260420,2026-04-20,Monday,April,4,Q2,2026,17,FY2026
1206,1970-01-01 00:00:00.020260421,2026-04-21,Tuesday,April,4,Q2,2026,17,FY2026
1207,1970-01-01 00:00:00.020260422,2026-04-22,Wednesday,April,4,Q2,2026,17,FY2026
1208,1970-01-01 00:00:00.020260423,2026-04-23,Thursday,April,4,Q2,2026,17,FY2026
1209,1970-01-01 00:00:00.020260424,2026-04-24,Friday,April,4,Q2,2026,17,FY2026
1210,1970-01-01 00:00:00.020260425,2026-04-25,Saturday,April,4,Q2,2026,17,FY2026
1211,1970-01-01 00:00:00.020260426,2026-04-26,Sunday,April,4,Q2,2026,17,FY2026
1212,1970-01-01 00:00:00.020260427,2026-04-27,Monday,April,4,Q2,2026,18,FY2026
1213,1970-01-01 00:00:00.020260428,2026-04-28,Tuesday,April,4,Q2,2026,18,FY2026
1214,1970-01-01 00:00:00.020260429,2026-04-29,Wednesday,April,4,Q2,2026,18,FY2026
1215,1970-01-01 00:00:00.020260430,2026-04-30,Thursday,April,4,Q2,2026,18,FY2026
1216,1970-01-01 00:00:00.020260501,2026-05-01,Friday,May,5,Q2,2026,18,FY2026
1217,1970-01-01 00:00:00.020260502,2026-05-02,Saturday,May,5,Q2,2026,18,FY2026
1218,1970-01-01 00:00:00.020260503,2026-05-03,Sunday,May,5,Q2,2026,18,FY2026
1219,1970-01-01 00:00:00.020260504,2026-05-04,Monday,May,5,Q2,2026,19,FY2026
1220,1970-01-01 00:00:00.020260505,2026-05-05,Tuesday,May,5,Q2,2026,19,FY2026
1221,1970-01-01 00:00:00.020260506,2026-05-06,Wednesday,May,5,Q2,2026,19,FY2026
1222,1970-01-01 00:00:00.020260507,2026-05-07,Thursday,May,5,Q2,2026,19,FY2026
1223,1970-01-01 00:00:00.020260508,2026-05-08,Friday,May,5,Q2,2026,19,FY2026
1224,1970-01-01 00:00:00.020260509,2026-05-09,Saturday,May,5,Q2,2026,19,FY2026
1225,1970-01-01 00:00:00.020260510,2026-05-10,Sunday,May,5,Q2,2026,19,FY2026
1226,1970-01-01 00:00:00.020260511,2026-05-11,Monday,May,5,Q2,2026,20,FY2026
1227,1970-01-01 00:00:00.020260512,2026-05-12,Tuesday,May,5,Q2,2026,20,FY2026
1228,1970-01-01 00:00:00.020260513,2026-05-13,Wednesday,May,5,Q2,2026,20,FY2026
1229,1970-01-01 00:00:00.020260514,2026-05-14,Thursday,May,5,Q2,2026,20,FY2026
1230,1970-01-01 00:00:00.020260515,2026-05-15,Friday,May,5,Q2,2026,20,FY2026
1231,1970-01-01 00:00:00.020260516,2026-05-16,Saturday,May,5,Q2,2026,20,FY2026
1232,1970-01-01 00:00:00.020260517,2026-05-17,Sunday,May,5,Q2,2026,20,FY2026
1233,1970-01-01 00:00:00.020260518,2026-05-18,Monday,May,5,Q2,2026,21,FY2026
1234,1970-01-01 00:00:00.020260519,2026-05-19,Tuesday,May,5,Q2,2026,21,FY2026
1235,1970-01-01 00:00:00.020260520,2026-05-20,Wednesday,May,5,Q2,2026,21,FY2026
1236,1970-01-01 00:00:00.020260521,2026-05-21,Thursday,May,5,Q2,2026,21,FY2026
1237,1970-01-01 00:00:00.020260522,2026-05-22,Friday,May,5,Q2,2026,21,FY2026
1238,1970-01-01 00:00:00.020260523,2026-05-23,Saturday,May,5,Q2,2026,21,FY2026
1239,1970-01-01 00:00:00.020260524,2026-05-24,Sunday,May,5,Q2,2026,21,FY2026
1240,1970-01-01 00:00:00.020260525,2026-05-25,Monday,May,5,Q2,2026,22,FY2026
1241,1970-01-01 00:00:00.020260526,2026-05-26,Tuesday,May,5,Q2,2026,22,FY2026
1242,1970-01-01 00:00:00.020260527,2026-05-27,Wednesday,May,5,Q2,2026,22,FY2026
1243,1970-01-01 00:00:00.020260528,2026-05-28,Thursday,May,5,Q2,2026,22,FY2026
1244,1970-01-01 00:00:00.020260529,2026-05-29,Friday,May,5,Q2,2026,22,FY2026
1245,1970-01-01 00:00:00.020260530,2026-05-30,Saturday,May,5,Q2,2026,22,FY2026
1246,1970-01-01 00:00:00.020260531,2026-05-31,Sunday,May,5,Q2,2026,22,FY2026
1247,1970-01-01 00:00:00.020260601,2026-06-01,Monday,June,6,Q2,2026,23,FY2026
1248,1970-01-01 00:00:00.020260602,2026-06-02,Tuesday,June,6,Q2,2026,23,FY2026
1249,1970-01-01 00:00:00.020260603,2026-06-03,Wednesday,June,6,Q2,2026,23,FY2026
1250,1970-01-01 00:00:00.020260604,2026-06-04,Thursday,June,6,Q2,2026,23,FY2026
1251,1970-01-01 00:00:00.020260605,2026-06-05,Friday,June,6,Q2,2026,23,FY2026
1252,1970-01-01 00:00:00.020260606,2026-06-06,Saturday,June,6,Q2,2026,23,FY2026
1253,1970-01-01 00:00:00.020260607,2026-06-07,Sunday,June,6,Q2,2026,23,FY2026
1254,1970-01-01 00:00:00.020260608,2026-06-08,Monday,June,6,Q2,2026,24,FY2026
1255,1970-01-01 00:00:00.020260609,2026-06-09,Tuesday,June,6,Q2,2026,24,FY2026
1256,1970-01-01 00:00:00.020260610,2026-06-10,Wednesday,June,6,Q2,2026,24,FY2026
1257,1970-01-01 00:00:00.020260611,2026-06-11,Thursday,June,6,Q2,2026,24,FY2026
1258,1970-01-01 00:00:00.020260612,2026-06-12,Friday,June,6,Q2,2026,24,FY2026
1259,1970-01-01 00:00:00.020260613,2026-06-13,Saturday,June,6,Q2,2026,24,FY2026
1260,1970-01-01 00:00:00.020260614,2026-06-14,Sunday,June,6,Q2,2026,24,FY2026
1261,1970-01-01 00:00:00.020260615,2026-06-15,Monday,June,6,Q2,2026,25,FY2026
1262,1970-01-01 00:00:00.020260616,2026-06-16,Tuesday,June,6,Q2,2026,25,FY2026
1263,1970-01-01 00:00:00.020260617,2026-06-17,Wednesday,June,6,Q2,2026,25,FY2026
1264,1970-01-01 00:00:00.020260618,2026-06-18,Thursday,June,6,Q2,2026,25,FY2026
1265,1970-01-01 00:00:00.020260619,2026-06-19,Friday,June,6,Q2,2026,25,FY2026
1266,1970-01-01 00:00:00.020260620,2026-06-20,Saturday,June,6,Q2,2026,25,FY2026
1267,1970-01-01 00:00:00.020260621,2026-06-21,Sunday,June,6,Q2,2026,25,FY2026
1268,1970-01-01 00:00:00.020260622,2026-06-22,Monday,June,6,Q2,2026,26,FY2026
1269,1970-01-01 00:00:00.020260623,2026-06-23,Tuesday,June,6,Q2,2026,26,FY2026
1270,1970-01-01 00:00:00.020260624,2026-06-24,Wednesday,June,6,Q2,2026,26,FY2026
1271,1970-01-01 00:00:00.020260625,2026-06-25,Thursday,June,6,Q2,2026,26,FY2026
1272,1970-01-01 00:00:00.020260626,2026-06-26,Friday,June,6,Q2,2026,26,FY2026
1273,1970-01-01 00:00:00.020260627,2026-06-27,Saturday,June,6,Q2,2026,26,FY2026
1274,1970-01-01 00:00:00.020260628,2026-06-28,Sunday,June,6,Q2,2026,26,FY2026
1275,1970-01-01 00:00:00.020260629,2026-06-29,Monday,June,6,Q2,2026,27,FY2026
1276,1970-01-01 00:00:00.020260630,2026-06-30,Tuesday,June,6,Q2,2026,27,FY2026
1277,1970-01-01 00:00:00.020260701,2026-07-01,Wednesday,July,7,Q3,2026,27,FY2026
1278,1970-01-01 00:00:00.020260702,2026-07-02,Thursday,July,7,Q3,2026,27,FY2026
1279,1970-01-01 00:00:00.020260703,2026-07-03,Friday,July,7,Q3,2026,27,FY2026
1280,1970-01-01 00:00:00.020260704,2026-07-04,Saturday,July,7,Q3,2026,27,FY2026
1281,1970-01-01 00:00:00.020260705,2026-07-05,Sunday,July,7,Q3,2026,27,FY2026
1282,1970-01-01 00:00:00.020260706,2026-07-06,Monday,July,7,Q3,2026,28,FY2026
1283,1970-01-01 00:00:00.020260707,2026-07-07,Tuesday,July,7,Q3,2026,28,FY2026
1284,1970-01-01 00:00:00.020260708,2026-07-08,Wednesday,July,7,Q3,2026,28,FY2026
1285,1970-01-01 00:00:00.020260709,2026-07-09,Thursday,July,7,Q3,2026,28,FY2026
1286,1970-01-01 00:00:00.020260710,2026-07-10,Friday,July,7,Q3,2026,28,FY2026
1287,1970-01-01 00:00:00.020260711,2026-07-11,Saturday,July,7,Q3,2026,28,FY2026
1288,1970-01-01 00:00:00.020260712,2026-07-12,Sunday,July,7,Q3,2026,28,FY2026
1289,1970-01-01 00:00:00.020260713,2026-07-13,Monday,July,7,Q3,2026,29,FY2026
1290,1970-01-01 00:00:00.020260714,2026-07-14,Tuesday,July,7,Q3,2026,29,FY2026
1291,1970-01-01 00:00:00.020260715,2026-07-15,Wednesday,July,7,Q3,2026,29,FY2026
1292,1970-01-01 00:00:00.020260716,2026-07-16,Thursday,July,7,Q3,2026,29,FY2026
1293,1970-01-01 00:00:00.020260717,2026-07-17,Friday,July,7,Q3,2026,29,FY2026
1294,1970-01-01 00:00:00.020260718,2026-07-18,Saturday,July,7,Q3,2026,29,FY2026
1295,1970-01-01 00:00:00.020260719,2026-07-19,Sunday,July,7,Q3,2026,29,FY2026
1296,1970-01-01 00:00:00.020260720,2026-07-20,Monday,July,7,Q3,2026,30,FY2026
1297,1970-01-01 00:00:00.020260721,2026-07-21,Tuesday,July,7,Q3,2026,30,FY2026
1298,1970-01-01 00:00:00.020260722,2026-07-22,Wednesday,July,7,Q3,2026,30,FY2026
1299,1970-01-01 00:00:00.020260723,2026-07-23,Thursday,July,7,Q3,2026,30,FY2026
1300,1970-01-01 00:00:00.020260724,2026-07-24,Friday,July,7,Q3,2026,30,FY2026
1301,1970-01-01 00:00:00.020260725,2026-07-25,Saturday,July,7,Q3,2026,30,FY2026
1302,1970-01-01 00:00:00.020260726,2026-07-26,Sunday,July,7,Q3,2026,30,FY2026
1303,1970-01-01 00:00:00.020260727,2026-07-27,Monday,July,7,Q3,2026,31,FY2026
1304,1970-01-01 00:00:00.020260728,2026-07-28,Tuesday,July,7,Q3,2026,31,FY2026
1305,1970-01-01 00:00:00.020260729,2026-07-29,Wednesday,July,7,Q3,2026,31,FY2026
1306,1970-01-01 00:00:00.020260730,2026-07-30,Thursday,July,7,Q3,2026,31,FY2026
1307,1970-01-01 00:00:00.020260731,2026-07-31,Friday,July,7,Q3,2026,31,FY2026
1308,1970-01-01 00:00:00.020260801,2026-08-01,Saturday,August,8,Q3,2026,31,FY2026
1309,1970-01-01 00:00:00.020260802,2026-08-02,Sunday,August,8,Q3,2026,31,FY2026
1310,1970-01-01 00:00:00.020260803,2026-08-03,Monday,August,8,Q3,2026,32,FY2026
1311,1970-01-01 00:00:00.020260804,2026-08-04,Tuesday,August,8,Q3,2026,32,FY2026
1312,1970-01-01 00:00:00.020260805,2026-08-05,Wednesday,August,8,Q3,2026,32,FY2026
1313,1970-01-01 00:00:00.020260806,2026-08-06,Thursday,August,8,Q3,2026,32,FY2026
1314,1970-01-01 00:00:00.020260807,2026-08-07,Friday,August,8,Q3,2026,32,FY2026
1315,1970-01-01 00:00:00.020260808,2026-08-08,Saturday,August,8,Q3,2026,32,FY2026
1316,1970-01-01 00:00:00.020260809,2026-08-09,Sunday,August,8,Q3,2026,32,FY2026
1317,1970-01-01 00:00:00.020260810,2026-08-10,Monday,August,8,Q3,2026,33,FY2026
1318,1970-01-01 00:00:00.020260811,2026-08-11,Tuesday,August,8,Q3,2026,33,FY2026
1319,1970-01-01 00:00:00.020260812,2026-08-12,Wednesday,August,8,Q3,2026,33,FY2026
1320,1970-01-01 00:00:00.020260813,2026-08-13,Thursday,August,8,Q3,2026,33,FY2026
1321,1970-01-01 00:00:00.020260814,2026-08-14,Friday,August,8,Q3,2026,33,FY2026
1322,1970-01-01 00:00:00.020260815,2026-08-15,Saturday,August,8,Q3,2026,33,FY2026
1323,1970-01-01 00:00:00.020260816,2026-08-16,Sunday,August,8,Q3,2026,33,FY2026
1324,1970-01-01 00:00:00.020260817,2026-08-17,Monday,August,8,Q3,2026,34,FY2026
1325,1970-01-01 00:00:00.020260818,2026-08-18,Tuesday,August,8,Q3,2026,34,FY2026
1326,1970-01-01 00:00:00.020260819,2026-08-19,Wednesday,August,8,Q3,2026,34,FY2026
1327,1970-01-01 00:00:00.020260820,2026-08-20,Thursday,August,8,Q3,2026,34,FY2026
1328,1970-01-01 00:00:00.020260821,2026-08-21,Friday,August,8,Q3,2026,34,FY2026
1329,1970-01-01 00:00:00.020260822,2026-08-22,Saturday,August,8,Q3,2026,34,FY2026
1330,1970-01-01 00:00:00.020260823,2026-08-23,Sunday,August,8,Q3,2026,34,FY2026
1331,1970-01-01 00:00:00.020260824,2026-08-24,Monday,August,8,Q3,2026,35,FY2026
1332,1970-01-01 00:00:00.020260825,2026-08-25,Tuesday,August,8,Q3,2026,35,FY2026
1333,1970-01-01 00:00:00.020260826,2026-08-26,Wednesday,August,8,Q3,2026,35,FY2026
1334,1970-01-01 00:00:00.020260827,2026-08-27,Thursday,August,8,Q3,2026,35,FY2026
1335,1970-01-01 00:00:00.020260828,2026-08-28,Friday,August,8,Q3,2026,35,FY2026
1336,1970-01-01 00:00:00.020260829,2026-08-29,Saturday,August,8,Q3,2026,35,FY2026
1337,1970-01-01 00:00:00.020260830,2026-08-30,Sunday,August,8,Q3,2026,35,FY2026
1338,1970-01-01 00:00:00.020260831,2026-08-31,Monday,August,8,Q3,2026,36,FY2026
1339,1970-01-01 00:00:00.020260901,2026-09-01,Tuesday,September,9,Q3,2026,36,FY2026
1340,1970-01-01 00:00:00.020260902,2026-09-02,Wednesday,September,9,Q3,2026,36,FY2026
1341,1970-01-01 00:00:00.020260903,2026-09-03,Thursday,September,9,Q3,2026,36,FY2026
1342,1970-01-01 00:00:00.020260904,2026-09-04,Friday,September,9,Q3,2026,36,FY2026
1343,1970-01-01 00:00:00.020260905,2026-09-05,Saturday,September,9,Q3,2026,36,FY2026
1344,1970-01-01 00:00:00.020260906,2026-09-06,Sunday,September,9,Q3,2026,36,FY2026
1345,1970-01-01 00:00:00.020260907,2026-09-07,Monday,September,9,Q3,2026,37,FY2026
1346,1970-01-01 00:00:00.020260908,2026-09-08,Tuesday,September,9,Q3,2026,37,FY2026
1347,1970-01-01 00:00:00.020260909,2026-09-09,Wednesday,September,9,Q3,2026,37,FY2026
1348,1970-01-01 00:00:00.020260910,2026-09-10,Thursday,September,9,Q3,2026,37,FY2026
1349,1970-01-01 00:00:00.020260911,2026-09-11,Friday,September,9,Q3,2026,37,FY2026
1350,1970-01-01 00:00:00.020260912,2026-09-12,Saturday,September,9,Q3,2026,37,FY2026
1351,1970-01-01 00:00:00.020260913,2026-09-13,Sunday,September,9,Q3,2026,37,FY2026
1352,1970-01-01 00:00:00.020260914,2026-09-14,Monday,September,9,Q3,2026,38,FY2026
1353,1970-01-01 00:00:00.020260915,2026-09-15,Tuesday,September,9,Q3,2026,38,FY2026
1354,1970-01-01 00:00:00.020260916,2026-09-16,Wednesday,September,9,Q3,2026,38,FY2026
1355,1970-01-01 00:00:00.020260917,2026-09-17,Thursday,September,9,Q3,2026,38,FY2026
1356,1970-01-01 00:00:00.020260918,2026-09-18,Friday,September,9,Q3,2026,38,FY2026
1357,1970-01-01 00:00:00.020260919,2026-09-19,Saturday,September,9,Q3,2026,38,FY2026
1358,1970-01-01 00:00:00.020260920,2026-09-20,Sunday,September,9,Q3,2026,38,FY2026
1359,1970-01-01 00:00:00.020260921,2026-09-21,Monday,September,9,Q3,2026,39,FY2026
1360,1970-01-01 00:00:00.020260922,2026-09-22,Tuesday,September,9,Q3,2026,39,FY2026
1361,1970-01-01 00:00:00.020260923,2026-09-23,Wednesday,September,9,Q3,2026,39,FY2026
1362,1970-01-01 00:00:00.020260924,2026-09-24,Thursday,September,9,Q3,2026,39,FY2026
1363,1970-01-01 00:00:00.020260925,2026-09-25,Friday,September,9,Q3,2026,39,FY2026
1364,1970-01-01 00:00:00.020260926,2026-09-26,Saturday,September,9,Q3,2026,39,FY2026
1365,1970-01-01 00:00:00.020260927,2026-09-27,Sunday,September,9,Q3,2026,39,FY2026
1366,1970-01-01 00:00:00.020260928,2026-09-28,Monday,September,9,Q3,2026,40,FY2026
1367,1970-01-01 00:00:00.020260929,2026-09-29,Tuesday,September,9,Q3,2026,40,FY2026
1368,1970-01-01 00:00:00.020260930,2026-09-30,Wednesday,September,9,Q3,2026,40,FY2026
1369,1970-01-01 00:00:00.020261001,2026-10-01,Thursday,October,10,Q4,2026,40,FY2026
1370,1970-01-01 00:00:00.020261002,2026-10-02,Friday,October,10,Q4,2026,40,FY2026
1371,1970-01-01 00:00:00.020261003,2026-10-03,Saturday,October,10,Q4,2026,40,FY2026
1372,1970-01-01 00:00:00.020261004,2026-10-04,Sunday,October,10,Q4,2026,40,FY2026
1373,1970-01-01 00:00:00.020261005,2026-10-05,Monday,October,10,Q4,2026,41,FY2026
1374,1970-01-01 00:00:00.020261006,2026-10-06,Tuesday,October,10,Q4,2026,41,FY2026
1375,1970-01-01 00:00:00.020261007,2026-10-07,Wednesday,October,10,Q4,2026,41,FY2026
1376,1970-01-01 00:00:00.020261008,2026-10-08,Thursday,October,10,Q4,2026,41,FY2026
1377,1970-01-01 00:00:00.020261009,2026-10-09,Friday,October,10,Q4,2026,41,FY2026
1378,1970-01-01 00:00:00.020261010,2026-10-10,Saturday,October,10,Q4,2026,41,FY2026
1379,1970-01-01 00:00:00.020261011,2026-10-11,Sunday,October,10,Q4,2026,41,FY2026
1380,1970-01-01 00:00:00.020261012,2026-10-12,Monday,October,10,Q4,2026,42,FY2026
1381,1970-01-01 00:00:00.020261013,2026-10-13,Tuesday,October,10,Q4,2026,42,FY2026
1382,1970-01-01 00:00:00.020261014,2026-10-14,Wednesday,October,10,Q4,2026,42,FY2026
1383,1970-01-01 00:00:00.020261015,2026-10-15,Thursday,October,10,Q4,2026,42,FY2026
1384,1970-01-01 00:00:00.020261016,2026-10-16,Friday,October,10,Q4,2026,42,FY2026
1385,1970-01-01 00:00:00.020261017,2026-10-17,Saturday,October,10,Q4,2026,42,FY2026
1386,1970-01-01 00:00:00.020261018,2026-10-18,Sunday,October,10,Q4,2026,42,FY2026
1387,1970-01-01 00:00:00.020261019,2026-10-19,Monday,October,10,Q4,2026,43,FY2026
1388,1970-01-01 00:00:00.020261020,2026-10-20,Tuesday,October,10,Q4,2026,43,FY2026
1389,1970-01-01 00:00:00.020261021,2026-10-21,Wednesday,October,10,Q4,2026,43,FY2026
1390,1970-01-01 00:00:00.020261022,2026-10-22,Thursday,October,10,Q4,2026,43,FY2026
1391,1970-01-01 00:00:00.020261023,2026-10-23,Friday,October,10,Q4,2026,43,FY2026
1392,1970-01-01 00:00:00.020261024,2026-10-24,Saturday,October,10,Q4,2026,43,FY2026
1393,1970-01-01 00:00:00.020261025,2026-10-25,Sunday,October,10,Q4,2026,43,FY2026
1394,1970-01-01 00:00:00.020261026,2026-10-26,Monday,October,10,Q4,2026,44,FY2026
1395,1970-01-01 00:00:00.020261027,2026-10-27,Tuesday,October,10,Q4,2026,44,FY2026
1396,1970-01-01 00:00:00.020261028,2026-10-28,Wednesday,October,10,Q4,2026,44,FY2026
1397,1970-01-01 00:00:00.020261029,2026-10-29,Thursday,October,10,Q4,2026,44,FY2026
1398,1970-01-01 00:00:00.020261030,2026-10-30,Friday,October,10,Q4,2026,44,FY2026
1399,1970-01-01 00:00:00.020261031,2026-10-31,Saturday,October,10,Q4,2026,44,FY2026
1400,1970-01-01 00:00:00.020261101,2026-11-01,Sunday,November,11,Q4,2026,44,FY2026
1401,1970-01-01 00:00:00.020261102,2026-11-02,Monday,November,11,Q4,2026,45,FY2026
1402,1970-01-01 00:00:00.020261103,2026-11-03,Tuesday,November,11,Q4,2026,45,FY2026
1403,1970-01-01 00:00:00.020261104,2026-11-04,Wednesday,November,11,Q4,2026,45,FY2026
1404,1970-01-01 00:00:00.020261105,2026-11-05,Thursday,November,11,Q4,2026,45,FY2026
1405,1970-01-01 00:00:00.020261106,2026-11-06,Friday,November,11,Q4,2026,45,FY2026
1406,1970-01-01 00:00:00.020261107,2026-11-07,Saturday,November,11,Q4,2026,45,FY2026
1407,1970-01-01 00:00:00.020261108,2026-11-08,Sunday,November,11,Q4,2026,45,FY2026
1408,1970-01-01 00:00:00.020261109,2026-11-09,Monday,November,11,Q4,2026,46,FY2026
1409,1970-01-01 00:00:00.020261110,2026-11-10,Tuesday,November,11,Q4,2026,46,FY2026
1410,1970-01-01 00:00:00.020261111,2026-11-11,Wednesday,November,11,Q4,2026,46,FY2026
1411,1970-01-01 00:00:00.020261112,2026-11-12,Thursday,November,11,Q4,2026,46,FY2026
1412,1970-01-01 00:00:00.020261113,2026-11-13,Friday,November,11,Q4,2026,46,FY2026
1413,1970-01-01 00:00:00.020261114,2026-11-14,Saturday,November,11,Q4,2026,46,FY2026
1414,1970-01-01 00:00:00.020261115,2026-11-15,Sunday,November,11,Q4,2026,46,FY2026
1415,1970-01-01 00:00:00.020261116,2026-11-16,Monday,November,11,Q4,2026,47,FY2026
1416,1970-01-01 00:00:00.020261117,2026-11-17,Tuesday,November,11,Q4,2026,47,FY2026
1417,1970-01-01 00:00:00.020261118,2026-11-18,Wednesday,November,11,Q4,2026,47,FY2026
1418,1970-01-01 00:00:00.020261119,2026-11-19,Thursday,November,11,Q4,2026,47,FY2026
1419,1970-01-01 00:00:00.020261120,2026-11-20,Friday,November,11,Q4,2026,47,FY2026
1420,1970-01-01 00:00:00.020261121,2026-11-21,Saturday,November,11,Q4,2026,47,FY2026
1421,1970-01-01 00:00:00.020261122,2026-11-22,Sunday,November,11,Q4,2026,47,FY2026
1422,1970-01-01 00:00:00.020261123,2026-11-23,Monday,November,11,Q4,2026,48,FY2026
1423,1970-01-01 00:00:00.020261124,2026-11-24,Tuesday,November,11,Q4,2026,48,FY2026
1424,1970-01-01 00:00:00.020261125,2026-11-25,Wednesday,November,11,Q4,2026,48,FY2026
1425,1970-01-01 00:00:00.020261126,2026-11-26,Thursday,November,11,Q4,2026,48,FY2026
1426,1970-01-01 00:00:00.020261127,2026-11-27,Friday,November,11,Q4,2026,48,FY2026
1427,1970-01-01 00:00:00.020261128,2026-11-28,Saturday,November,11,Q4,2026,48,FY2026
1428,1970-01-01 00:00:00.020261129,2026-11-29,Sunday,November,11,Q4,2026,48,FY2026
1429,1970-01-01 00:00:00.020261130,2026-11-30,Monday,November,11,Q4,2026,49,FY2026
1430,1970-01-01 00:00:00.020261201,2026-12-01,Tuesday,December,12,Q4,2026,49,FY2026
1431,1970-01-01 00:00:00.020261202,2026-12-02,Wednesday,December,12,Q4,2026,49,FY2026
1432,1970-01-01 00:00:00.020261203,2026-12-03,Thursday,December,12,Q4,2026,49,FY2026
1433,1970-01-01 00:00:00.020261204,2026-12-04,Friday,December,12,Q4,2026,49,FY2026
1434,1970-01-01 00:00:00.020261205,2026-12-05,Saturday,December,12,Q4,2026,49,FY2026
1435,1970-01-01 00:00:00.020261206,2026-12-06,Sunday,December,12,Q4,2026,49,FY2026
1436,1970-01-01 00:00:00.020261207,2026-12-07,Monday,December,12,Q4,2026,50,FY2026
1437,1970-01-01 00:00:00.020261208,2026-12-08,Tuesday,December,12,Q4,2026,50,FY2026
1438,1970-01-01 00:00:00.020261209,2026-12-09,Wednesday,December,12,Q4,2026,50,FY2026
1439,1970-01-01 00:00:00.020261210,2026-12-10,Thursday,December,12,Q4,2026,50,FY2026
1440,1970-01-01 00:00:00.020261211,2026-12-11,Friday,December,12,Q4,2026,50,FY2026
1441,1970-01-01 00:00:00.020261212,2026-12-12,Saturday,December,12,Q4,2026,50,FY2026
1442,1970-01-01 00:00:00.020261213,2026-12-13,Sunday,December,12,Q4,2026,50,FY2026
1443,1970-01-01 00:00:00.020261214,2026-12-14,Monday,December,12,Q4,2026,51,FY2026
1444,1970-01-01 00:00:00.020261215,2026-12-15,Tuesday,December,12,Q4,2026,51,FY2026
1445,1970-01-01 00:00:00.020261216,2026-12-16,Wednesday,December,12,Q4,2026,51,FY2026
1446,1970-01-01 00:00:00.020261217,2026-12-17,Thursday,December,12,Q4,2026,51,FY2026
1447,1970-01-01 00:00:00.020261218,2026-12-18,Friday,December,12,Q4,2026,51,FY2026
1448,1970-01-01 00:00:00.020261219,2026-12-19,Saturday,December,12,Q4,2026,51,FY2026
1449,1970-01-01 00:00:00.020261220,2026-12-20,Sunday,December,12,Q4,2026,51,FY2026
1450,1970-01-01 00:00:00.020261221,2026-12-21,Monday,December,12,Q4,2026,52,FY2026
1451,1970-01-01 00:00:00.020261222,2026-12-22,Tuesday,December,12,Q4,2026,52,FY2026
1452,1970-01-01 00:00:00.020261223,2026-12-23,Wednesday,December,12,Q4,2026,52,FY2026
1453,1970-01-01 00:00:00.020261224,2026-12-24,Thursday,December,12,Q4,2026,52,FY2026
1454,1970-01-01 00:00:00.020261225,2026-12-25,Friday,December,12,Q4,2026,52,FY2026
1455,1970-01-01 00:00:00.020261226,2026-12-26,Saturday,December,12,Q4,2026,52,FY2026
1456,1970-01-01 00:00:00.020261227,2026-12-27,Sunday,December,12,Q4,2026,52,FY2026
1457,1970-01-01 00:00:00.020261228,2026-12-28,Monday,December,12,Q4,2026,53,FY2026
1458,1970-01-01 00:00:00.020261229,2026-12-29,Tuesday,December,12,Q4,2026,53,FY2026
1459,1970-01-01 00:00:00.020261230,2026-12-30,Wednesday,December,12,Q4,2026,53,FY2026
1460,1970-01-01 00:00:00.020261231,2026-12-31,Thursday,December,12,Q4,2026,53,FY2026
1461,1970-01-01 00:00:00.020270101,2027-01-01,Friday,January,1,Q1,2027,53,FY2027
1462,1970-01-01 00:00:00.020270102,2027-01-02,Saturday,January,1,Q1,2027,53,FY2027
1463,1970-01-01 00:00:00.020270103,2027-01-03,Sunday,January,1,Q1,2027,53,FY2027
1464,1970-01-01 00:00:00.020270104,2027-01-04,Monday,January,1,Q1,2027,1,FY2027
1465,1970-01-01 00:00:00.020270105,2027-01-05,Tuesday,January,1,Q1,2027,1,FY2027
1466,1970-01-01 00:00:00.020270106,2027-01-06,Wednesday,January,1,Q1,2027,1,FY2027
1467,1970-01-01 00:00:00.020270107,2027-01-07,Thursday,January,1,Q1,2027,1,FY2027
1468,1970-01-01 00:00:00.020270108,2027-01-08,Friday,January,1,Q1,2027,1,FY2027
1469,1970-01-01 00:00:00.020270109,2027-01-09,Saturday,January,1,Q1,2027,1,FY2027
1470,1970-01-01 00:00:00.020270110,2027-01-10,Sunday,January,1,Q1,2027,1,FY2027
1471,1970-01-01 00:00:00.020270111,2027-01-11,Monday,January,1,Q1,2027,2,FY2027
1472,1970-01-01 00:00:00.020270112,2027-01-12,Tuesday,January,1,Q1,2027,2,FY2027
1473,1970-01-01 00:00:00.020270113,2027-01-13,Wednesday,January,1,Q1,2027,2,FY2027
1474,1970-01-01 00:00:00.020270114,2027-01-14,Thursday,January,1,Q1,2027,2,FY2027
1475,1970-01-01 00:00:00.020270115,2027-01-15,Friday,January,1,Q1,2027,2,FY2027
1476,1970-01-01 00:00:00.020270116,2027-01-16,Saturday,January,1,Q1,2027,2,FY2027
1477,1970-01-01 00:00:00.020270117,2027-01-17,Sunday,January,1,Q1,2027,2,FY2027
1478,1970-01-01 00:00:00.020270118,2027-01-18,Monday,January,1,Q1,2027,3,FY2027
1479,1970-01-01 00:00:00.020270119,2027-01-19,Tuesday,January,1,Q1,2027,3,FY2027
1480,1970-01-01 00:00:00.020270120,2027-01-20,Wednesday,January,1,Q1,2027,3,FY2027
1481,1970-01-01 00:00:00.020270121,2027-01-21,Thursday,January,1,Q1,2027,3,FY2027
1482,1970-01-01 00:00:00.020270122,2027-01-22,Friday,January,1,Q1,2027,3,FY2027
1483,1970-01-01 00:00:00.020270123,2027-01-23,Saturday,January,1,Q1,2027,3,FY2027
1484,1970-01-01 00:00:00.020270124,2027-01-24,Sunday,January,1,Q1,2027,3,FY2027
1485,1970-01-01 00:00:00.020270125,2027-01-25,Monday,January,1,Q1,2027,4,FY2027
1486,1970-01-01 00:00:00.020270126,2027-01-26,Tuesday,January,1,Q1,2027,4,FY2027
1487,1970-01-01 00:00:00.020270127,2027-01-27,Wednesday,January,1,Q1,2027,4,FY2027
1488,1970-01-01 00:00:00.020270128,2027-01-28,Thursday,January,1,Q1,2027,4,FY2027
1489,1970-01-01 00:00:00.020270129,2027-01-29,Friday,January,1,Q1,2027,4,FY2027
1490,1970-01-01 00:00:00.020270130,2027-01-30,Saturday,January,1,Q1,2027,4,FY2027
1491,1970-01-01 00:00:00.020270131,2027-01-31,Sunday,January,1,Q1,2027,4,FY2027
1492,1970-01-01 00:00:00.020270201,2027-02-01,Monday,February,2,Q1,2027,5,FY2027
1493,1970-01-01 00:00:00.020270202,2027-02-02,Tuesday,February,2,Q1,2027,5,FY2027
1494,1970-01-01 00:00:00.020270203,2027-02-03,Wednesday,February,2,Q1,2027,5,FY2027
1495,1970-01-01 00:00:00.020270204,2027-02-04,Thursday,February,2,Q1,2027,5,FY2027
1496,1970-01-01 00:00:00.020270205,2027-02-05,Friday,February,2,Q1,2027,5,FY2027
1497,1970-01-01 00:00:00.020270206,2027-02-06,Saturday,February,2,Q1,2027,5,FY2027
1498,1970-01-01 00:00:00.020270207,2027-02-07,Sunday,February,2,Q1,2027,5,FY2027
1499,1970-01-01 00:00:00.020270208,2027-02-08,Monday,February,2,Q1,2027,6,FY2027
1500,1970-01-01 00:00:00.020270209,2027-02-09,Tuesday,February,2,Q1,2027,6,FY2027
1501,1970-01-01 00:00:00.020270210,2027-02-10,Wednesday,February,2,Q1,2027,6,FY2027
1502,1970-01-01 00:00:00.020270211,2027-02-11,Thursday,February,2,Q1,2027,6,FY2027
1503,1970-01-01 00:00:00.020270212,2027-02-12,Friday,February,2,Q1,2027,6,FY2027
1504,1970-01-01 00:00:00.020270213,2027-02-13,Saturday,February,2,Q1,2027,6,FY2027
1505,1970-01-01 00:00:00.020270214,2027-02-14,Sunday,February,2,Q1,2027,6,FY2027
1506,1970-01-01 00:00:00.020270215,2027-02-15,Monday,February,2,Q1,2027,7,FY2027
1507,1970-01-01 00:00:00.020270216,2027-02-16,Tuesday,February,2,Q1,2027,7,FY2027
1508,1970-01-01 00:00:00.020270217,2027-02-17,Wednesday,February,2,Q1,2027,7,FY2027
1509,1970-01-01 00:00:00.020270218,2027-02-18,Thursday,February,2,Q1,2027,7,FY2027
1510,1970-01-01 00:00:00.020270219,2027-02-19,Friday,February,2,Q1,2027,7,FY2027
1511,1970-01-01 00:00:00.020270220,2027-02-20,Saturday,February,2,Q1,2027,7,FY2027
1512,1970-01-01 00:00:00.020270221,2027-02-21,Sunday,February,2,Q1,2027,7,FY2027
1513,1970-01-01 00:00:00.020270222,2027-02-22,Monday,February,2,Q1,2027,8,FY2027
1514,1970-01-01 00:00:00.020270223,2027-02-23,Tuesday,February,2,Q1,2027,8,FY2027
1515,1970-01-01 00:00:00.020270224,2027-02-24,Wednesday,February,2,Q1,2027,8,FY2027
1516,1970-01-01 00:00:00.020270225,2027-02-25,Thursday,February,2,Q1,2027,8,FY2027
1517,1970-01-01 00:00:00.020270226,2027-02-26,Friday,February,2,Q1,2027,8,FY2027
1518,1970-01-01 00:00:00.020270227,2027-02-27,Saturday,February,2,Q1,2027,8,FY2027
1519,1970-01-01 00:00:00.020270228,2027-02-28,Sunday,February,2,Q1,2027,8,FY2027
1520,1970-01-01 00:00:00.020270301,2027-03-01,Monday,March,3,Q1,2027,9,FY2027
1521,1970-01-01 00:00:00.020270302,2027-03-02,Tuesday,March,3,Q1,2027,9,FY2027
1522,1970-01-01 00:00:00.020270303,2027-03-03,Wednesday,March,3,Q1,2027,9,FY2027
1523,1970-01-01 00:00:00.020270304,2027-03-04,Thursday,March,3,Q1,2027,9,FY2027
1524,1970-01-01 00:00:00.020270305,2027-03-05,Friday,March,3,Q1,2027,9,FY2027
1525,1970-01-01 00:00:00.020270306,2027-03-06,Saturday,March,3,Q1,2027,9,FY2027
1526,1970-01-01 00:00:00.020270307,2027-03-07,Sunday,March,3,Q1,2027,9,FY2027
1527,1970-01-01 00:00:00.020270308,2027-03-08,Monday,March,3,Q1,2027,10,FY2027
1528,1970-01-01 00:00:00.020270309,2027-03-09,Tuesday,March,3,Q1,2027,10,FY2027
1529,1970-01-01 00:00:00.020270310,2027-03-10,Wednesday,March,3,Q1,2027,10,FY2027
1530,1970-01-01 00:00:00.020270311,2027-03-11,Thursday,March,3,Q1,2027,10,FY2027
1531,1970-01-01 00:00:00.020270312,2027-03-12,Friday,March,3,Q1,2027,10,FY2027
1532,1970-01-01 00:00:00.020270313,2027-03-13,Saturday,March,3,Q1,2027,10,FY2027
1533,1970-01-01 00:00:00.020270314,2027-03-14,Sunday,March,3,Q1,2027,10,FY2027
1534,1970-01-01 00:00:00.020270315,2027-03-15,Monday,March,3,Q1,2027,11,FY2027
1535,1970-01-01 00:00:00.020270316,2027-03-16,Tuesday,March,3,Q1,2027,11,FY2027
1536,1970-01-01 00:00:00.020270317,2027-03-17,Wednesday,March,3,Q1,2027,11,FY2027
1537,1970-01-01 00:00:00.020270318,2027-03-18,Thursday,March,3,Q1,2027,11,FY2027
1538,1970-01-01 00:00:00.020270319,2027-03-19,Friday,March,3,Q1,2027,11,FY2027
1539,1970-01-01 00:00:00.020270320,2027-03-20,Saturday,March,3,Q1,2027,11,FY2027
1540,1970-01-01 00:00:00.020270321,2027-03-21,Sunday,March,3,Q1,2027,11,FY2027
1541,1970-01-01 00:00:00.020270322,2027-03-22,Monday,March,3,Q1,2027,12,FY2027
1542,1970-01-01 00:00:00.020270323,2027-03-23,Tuesday,March,3,Q1,2027,12,FY2027
1543,1970-01-01 00:00:00.020270324,2027-03-24,Wednesday,March,3,Q1,2027,12,FY2027
1544,1970-01-01 00:00:00.020270325,2027-03-25,Thursday,March,3,Q1,2027,12,FY2027
1545,1970-01-01 00:00:00.020270326,2027-03-26,Friday,March,3,Q1,2027,12,FY2027
1546,1970-01-01 00:00:00.020270327,2027-03-27,Saturday,March,3,Q1,2027,12,FY2027
1547,1970-01-01 00:00:00.020270328,2027-03-28,Sunday,March,3,Q1,2027,12,FY2027
1548,1970-01-01 00:00:00.020270329,2027-03-29,Monday,March,3,Q1,2027,13,FY2027
1549,1970-01-01 00:00:00.020270330,2027-03-30,Tuesday,March,3,Q1,2027,13,FY2027
1550,1970-01-01 00:00:00.020270331,2027-03-31,Wednesday,March,3,Q1,2027,13,FY2027
1551,1970-01-01 00:00:00.020270401,2027-04-01,Thursday,April,4,Q2,2027,13,FY2027
1552,1970-01-01 00:00:00.020270402,2027-04-02,Friday,April,4,Q2,2027,13,FY2027
1553,1970-01-01 00:00:00.020270403,2027-04-03,Saturday,April,4,Q2,2027,13,FY2027
1554,1970-01-01 00:00:00.020270404,2027-04-04,Sunday,April,4,Q2,2027,13,FY2027
1555,1970-01-01 00:00:00.020270405,2027-04-05,Monday,April,4,Q2,2027,14,FY2027
1556,1970-01-01 00:00:00.020270406,2027-04-06,Tuesday,April,4,Q2,2027,14,FY2027
1557,1970-01-01 00:00:00.020270407,2027-04-07,Wednesday,April,4,Q2,2027,14,FY2027
1558,1970-01-01 00:00:00.020270408,2027-04-08,Thursday,April,4,Q2,2027,14,FY2027
1559,1970-01-01 00:00:00.020270409,2027-04-09,Friday,April,4,Q2,2027,14,FY2027
1560,1970-01-01 00:00:00.020270410,2027-04-10,Saturday,April,4,Q2,2027,14,FY2027
1561,1970-01-01 00:00:00.020270411,2027-04-11,Sunday,April,4,Q2,2027,14,FY2027
1562,1970-01-01 00:00:00.020270412,2027-04-12,Monday,April,4,Q2,2027,15,FY2027
1563,1970-01-01 00:00:00.020270413,2027-04-13,Tuesday,April,4,Q2,2027,15,FY2027
1564,1970-01-01 00:00:00.020270414,2027-04-14,Wednesday,April,4,Q2,2027,15,FY2027
1565,1970-01-01 00:00:00.020270415,2027-04-15,Thursday,April,4,Q2,2027,15,FY2027
1566,1970-01-01 00:00:00.020270416,2027-04-16,Friday,April,4,Q2,2027,15,FY2027
1567,1970-01-01 00:00:00.020270417,2027-04-17,Saturday,April,4,Q2,2027,15,FY2027
1568,1970-01-01 00:00:00.020270418,2027-04-18,Sunday,April,4,Q2,2027,15,FY2027
1569,1970-01-01 00:00:00.020270419,2027-04-19,Monday,April,4,Q2,2027,16,FY2027
1570,1970-01-01 00:00:00.020270420,2027-04-20,Tuesday,April,4,Q2,2027,16,FY2027
1571,1970-01-01 00:00:00.020270421,2027-04-21,Wednesday,April,4,Q2,2027,16,FY2027
1572,1970-01-01 00:00:00.020270422,2027-04-22,Thursday,April,4,Q2,2027,16,FY2027
1573,1970-01-01 00:00:00.020270423,2027-04-23,Friday,April,4,Q2,2027,16,FY2027
1574,1970-01-01 00:00:00.020270424,2027-04-24,Saturday,April,4,Q2,2027,16,FY2027
1575,1970-01-01 00:00:00.020270425,2027-04-25,Sunday,April,4,Q2,2027,16,FY2027
1576,1970-01-01 00:00:00.020270426,2027-04-26,Monday,April,4,Q2,2027,17,FY2027
1577,1970-01-01 00:00:00.020270427,2027-04-27,Tuesday,April,4,Q2,2027,17,FY2027
1578,1970-01-01 00:00:00.020270428,2027-04-28,Wednesday,April,4,Q2,2027,17,FY2027
1579,1970-01-01 00:00:00.020270429,2027-04-29,Thursday,April,4,Q2,2027,17,FY2027
1580,1970-01-01 00:00:00.020270430,2027-04-30,Friday,April,4,Q2,2027,17,FY2027
1581,1970-01-01 00:00:00.020270501,2027-05-01,Saturday,May,5,Q2,2027,17,FY2027
1582,1970-01-01 00:00:00.020270502,2027-05-02,Sunday,May,5,Q2,2027,17,FY2027
1583,1970-01-01 00:00:00.020270503,2027-05-03,Monday,May,5,Q2,2027,18,FY2027
1584,1970-01-01 00:00:00.020270504,2027-05-04,Tuesday,May,5,Q2,2027,18,FY2027
1585,1970-01-01 00:00:00.020270505,2027-05-05,Wednesday,May,5,Q2,2027,18,FY2027
1586,1970-01-01 00:00:00.020270506,2027-05-06,Thursday,May,5,Q2,2027,18,FY2027
1587,1970-01-01 00:00:00.020270507,2027-05-07,Friday,May,5,Q2,2027,18,FY2027
1588,1970-01-01 00:00:00.020270508,2027-05-08,Saturday,May,5,Q2,2027,18,FY2027
1589,1970-01-01 00:00:00.020270509,2027-05-09,Sunday,May,5,Q2,2027,18,FY2027
1590,1970-01-01 00:00:00.020270510,2027-05-10,Monday,May,5,Q2,2027,19,FY2027
1591,1970-01-01 00:00:00.020270511,2027-05-11,Tuesday,May,5,Q2,2027,19,FY2027
1592,1970-01-01 00:00:00.020270512,2027-05-12,Wednesday,May,5,Q2,2027,19,FY2027
1593,1970-01-01 00:00:00.020270513,2027-05-13,Thursday,May,5,Q2,2027,19,FY2027
1594,1970-01-01 00:00:00.020270514,2027-05-14,Friday,May,5,Q2,2027,19,FY2027
1595,1970-01-01 00:00:00.020270515,2027-05-15,Saturday,May,5,Q2,2027,19,FY2027
1596,1970-01-01 00:00:00.020270516,2027-05-16,Sunday,May,5,Q2,2027,19,FY2027
1597,1970-01-01 00:00:00.020270517,2027-05-17,Monday,May,5,Q2,2027,20,FY2027
1598,1970-01-01 00:00:00.020270518,2027-05-18,Tuesday,May,5,Q2,2027,20,FY2027
1599,1970-01-01 00:00:00.020270519,2027-05-19,Wednesday,May,5,Q2,2027,20,FY2027
1600,1970-01-01 00:00:00.020270520,2027-05-20,Thursday,May,5,Q2,2027,20,FY2027
1601,1970-01-01 00:00:00.020270521,2027-05-21,Friday,May,5,Q2,2027,20,FY2027
1602,1970-01-01 00:00:00.020270522,2027-05-22,Saturday,May,5,Q2,2027,20,FY2027
1603,1970-01-01 00:00:00.020270523,2027-05-23,Sunday,May,5,Q2,2027,20,FY2027
1604,1970-01-01 00:00:00.020270524,2027-05-24,Monday,May,5,Q2,2027,21,FY2027
1605,1970-01-01 00:00:00.020270525,2027-05-25,Tuesday,May,5,Q2,2027,21,FY2027
1606,1970-01-01 00:00:00.020270526,2027-05-26,Wednesday,May,5,Q2,2027,21,FY2027
1607,1970-01-01 00:00:00.020270527,2027-05-27,Thursday,May,5,Q2,2027,21,FY2027
1608,1970-01-01 00:00:00.020270528,2027-05-28,Friday,May,5,Q2,2027,21,FY2027
1609,1970-01-01 00:00:00.020270529,2027-05-29,Saturday,May,5,Q2,2027,21,FY2027
1610,1970-01-01 00:00:00.020270530,2027-05-30,Sunday,May,5,Q2,2027,21,FY2027
1611,1970-01-01 00:00:00.020270531,2027-05-31,Monday,May,5,Q2,2027,22,FY2027
1612,1970-01-01 00:00:00.020270601,2027-06-01,Tuesday,June,6,Q2,2027,22,FY2027
1613,1970-01-01 00:00:00.020270602,2027-06-02,Wednesday,June,6,Q2,2027,22,FY2027
1614,1970-01-01 00:00:00.020270603,2027-06-03,Thursday,June,6,Q2,2027,22,FY2027
1615,1970-01-01 00:00:00.020270604,2027-06-04,Friday,June,6,Q2,2027,22,FY2027
1616,1970-01-01 00:00:00.020270605,2027-06-05,Saturday,June,6,Q2,2027,22,FY2027
1617,1970-01-01 00:00:00.020270606,2027-06-06,Sunday,June,6,Q2,2027,22,FY2027
1618,1970-01-01 00:00:00.020270607,2027-06-07,Monday,June,6,Q2,2027,23,FY2027
1619,1970-01-01 00:00:00.020270608,2027-06-08,Tuesday,June,6,Q2,2027,23,FY2027
1620,1970-01-01 00:00:00.020270609,2027-06-09,Wednesday,June,6,Q2,2027,23,FY2027
1621,1970-01-01 00:00:00.020270610,2027-06-10,Thursday,June,6,Q2,2027,23,FY2027
1622,1970-01-01 00:00:00.020270611,2027-06-11,Friday,June,6,Q2,2027,23,FY2027
1623,1970-01-01 00:00:00.020270612,2027-06-12,Saturday,June,6,Q2,2027,23,FY2027
1624,1970-01-01 00:00:00.020270613,2027-06-13,Sunday,June,6,Q2,2027,23,FY2027
1625,1970-01-01 00:00:00.020270614,2027-06-14,Monday,June,6,Q2,2027,24,FY2027
1626,1970-01-01 00:00:00.020270615,2027-06-15,Tuesday,June,6,Q2,2027,24,FY2027
1627,1970-01-01 00:00:00.020270616,2027-06-16,Wednesday,June,6,Q2,2027,24,FY2027
1628,1970-01-01 00:00:00.020270617,2027-06-17,Thursday,June,6,Q2,2027,24,FY2027
1629,1970-01-01 00:00:00.020270618,2027-06-18,Friday,June,6,Q2,2027,24,FY2027
1630,1970-01-01 00:00:00.020270619,2027-06-19,Saturday,June,6,Q2,2027,24,FY2027
1631,1970-01-01 00:00:00.020270620,2027-06-20,Sunday,June,6,Q2,2027,24,FY2027
1632,1970-01-01 00:00:00.020270621,2027-06-21,Monday,June,6,Q2,2027,25,FY2027
1633,1970-01-01 00:00:00.020270622,2027-06-22,Tuesday,June,6,Q2,2027,25,FY2027
1634,1970-01-01 00:00:00.020270623,2027-06-23,Wednesday,June,6,Q2,2027,25,FY2027
1635,1970-01-01 00:00:00.020270624,2027-06-24,Thursday,June,6,Q2,2027,25,FY2027
1636,1970-01-01 00:00:00.020270625,2027-06-25,Friday,June,6,Q2,2027,25,FY2027
1637,1970-01-01 00:00:00.020270626,2027-06-26,Saturday,June,6,Q2,2027,25,FY2027
1638,1970-01-01 00:00:00.020270627,2027-06-27,Sunday,June,6,Q2,2027,25,FY2027
1639,1970-01-01 00:00:00.020270628,2027-06-28,Monday,June,6,Q2,2027,26,FY2027
1640,1970-01-01 00:00:00.020270629,2027-06-29,Tuesday,June,6,Q2,2027,26,FY2027
1641,1970-01-01 00:00:00.020270630,2027-06-30,Wednesday,June,6,Q2,2027,26,FY2027
1642,1970-01-01 00:00:00.020270701,2027-07-01,Thursday,July,7,Q3,2027,26,FY2027
1643,1970-01-01 00:00:00.020270702,2027-07-02,Friday,July,7,Q3,2027,26,FY2027
1644,1970-01-01 00:00:00.020270703,2027-07-03,Saturday,July,7,Q3,2027,26,FY2027
1645,1970-01-01 00:00:00.020270704,2027-07-04,Sunday,July,7,Q3,2027,26,FY2027
1646,1970-01-01 00:00:00.020270705,2027-07-05,Monday,July,7,Q3,2027,27,FY2027
1647,1970-01-01 00:00:00.020270706,2027-07-06,Tuesday,July,7,Q3,2027,27,FY2027
1648,1970-01-01 00:00:00.020270707,2027-07-07,Wednesday,July,7,Q3,2027,27,FY2027
1649,1970-01-01 00:00:00.020270708,2027-07-08,Thursday,July,7,Q3,2027,27,FY2027
1650,1970-01-01 00:00:00.020270709,2027-07-09,Friday,July,7,Q3,2027,27,FY2027
1651,1970-01-01 00:00:00.020270710,2027-07-10,Saturday,July,7,Q3,2027,27,FY2027
1652,1970-01-01 00:00:00.020270711,2027-07-11,Sunday,July,7,Q3,2027,27,FY2027
1653,1970-01-01 00:00:00.020270712,2027-07-12,Monday,July,7,Q3,2027,28,FY2027
1654,1970-01-01 00:00:00.020270713,2027-07-13,Tuesday,July,7,Q3,2027,28,FY2027
1655,1970-01-01 00:00:00.020270714,2027-07-14,Wednesday,July,7,Q3,2027,28,FY2027
1656,1970-01-01 00:00:00.020270715,2027-07-15,Thursday,July,7,Q3,2027,28,FY2027
1657,1970-01-01 00:00:00.020270716,2027-07-16,Friday,July,7,Q3,2027,28,FY2027
1658,1970-01-01 00:00:00.020270717,2027-07-17,Saturday,July,7,Q3,2027,28,FY2027
1659,1970-01-01 00:00:00.020270718,2027-07-18,Sunday,July,7,Q3,2027,28,FY2027
1660,1970-01-01 00:00:00.020270719,2027-07-19,Monday,July,7,Q3,2027,29,FY2027
1661,1970-01-01 00:00:00.020270720,2027-07-20,Tuesday,July,7,Q3,2027,29,FY2027
1662,1970-01-01 00:00:00.020270721,2027-07-21,Wednesday,July,7,Q3,2027,29,FY2027
1663,1970-01-01 00:00:00.020270722,2027-07-22,Thursday,July,7,Q3,2027,29,FY2027
1664,1970-01-01 00:00:00.020270723,2027-07-23,Friday,July,7,Q3,2027,29,FY2027
1665,1970-01-01 00:00:00.020270724,2027-07-24,Saturday,July,7,Q3,2027,29,FY2027
1666,1970-01-01 00:00:00.020270725,2027-07-25,Sunday,July,7,Q3,2027,29,FY2027
1667,1970-01-01 00:00:00.020270726,2027-07-26,Monday,July,7,Q3,2027,30,FY2027
1668,1970-01-01 00:00:00.020270727,2027-07-27,Tuesday,July,7,Q3,2027,30,FY2027
1669,1970-01-01 00:00:00.020270728,2027-07-28,Wednesday,July,7,Q3,2027,30,FY2027
1670,1970-01-01 00:00:00.020270729,2027-07-29,Thursday,July,7,Q3,2027,30,FY2027
1671,1970-01-01 00:00:00.020270730,2027-07-30,Friday,July,7,Q3,2027,30,FY2027
1672,1970-01-01 00:00:00.020270731,2027-07-31,Saturday,July,7,Q3,2027,30,FY2027
1673,1970-01-01 00:00:00.020270801,2027-08-01,Sunday,August,8,Q3,2027,30,FY2027
1674,1970-01-01 00:00:00.020270802,2027-08-02,Monday,August,8,Q3,2027,31,FY2027
1675,1970-01-01 00:00:00.020270803,2027-08-03,Tuesday,August,8,Q3,2027,31,FY2027
1676,1970-01-01 00:00:00.020270804,2027-08-04,Wednesday,August,8,Q3,2027,31,FY2027
1677,1970-01-01 00:00:00.020270805,2027-08-05,Thursday,August,8,Q3,2027,31,FY2027
1678,1970-01-01 00:00:00.020270806,2027-08-06,Friday,August,8,Q3,2027,31,FY2027
1679,1970-01-01 00:00:00.020270807,2027-08-07,Saturday,August,8,Q3,2027,31,FY2027
1680,1970-01-01 00:00:00.020270808,2027-08-08,Sunday,August,8,Q3,2027,31,FY2027
1681,1970-01-01 00:00:00.020270809,2027-08-09,Monday,August,8,Q3,2027,32,FY2027
1682,1970-01-01 00:00:00.020270810,2027-08-10,Tuesday,August,8,Q3,2027,32,FY2027
1683,1970-01-01 00:00:00.020270811,2027-08-11,Wednesday,August,8,Q3,2027,32,FY2027
1684,1970-01-01 00:00:00.020270812,2027-08-12,Thursday,August,8,Q3,2027,32,FY2027
1685,1970-01-01 00:00:00.020270813,2027-08-13,Friday,August,8,Q3,2027,32,FY2027
1686,1970-01-01 00:00:00.020270814,2027-08-14,Saturday,August,8,Q3,2027,32,FY2027
1687,1970-01-01 00:00:00.020270815,2027-08-15,Sunday,August,8,Q3,2027,32,FY2027
1688,1970-01-01 00:00:00.020270816,2027-08-16,Monday,August,8,Q3,2027,33,FY2027
1689,1970-01-01 00:00:00.020270817,2027-08-17,Tuesday,August,8,Q3,2027,33,FY2027
1690,1970-01-01 00:00:00.020270818,2027-08-18,Wednesday,August,8,Q3,2027,33,FY2027
1691,1970-01-01 00:00:00.020270819,2027-08-19,Thursday,August,8,Q3,2027,33,FY2027
1692,1970-01-01 00:00:00.020270820,2027-08-20,Friday,August,8,Q3,2027,33,FY2027
1693,1970-01-01 00:00:00.020270821,2027-08-21,Saturday,August,8,Q3,2027,33,FY2027
1694,1970-01-01 00:00:00.020270822,2027-08-22,Sunday,August,8,Q3,2027,33,FY2027
1695,1970-01-01 00:00:00.020270823,2027-08-23,Monday,August,8,Q3,2027,34,FY2027
1696,1970-01-01 00:00:00.020270824,2027-08-24,Tuesday,August,8,Q3,2027,34,FY2027
1697,1970-01-01 00:00:00.020270825,2027-08-25,Wednesday,August,8,Q3,2027,34,FY2027
1698,1970-01-01 00:00:00.020270826,2027-08-26,Thursday,August,8,Q3,2027,34,FY2027
1699,1970-01-01 00:00:00.020270827,2027-08-27,Friday,August,8,Q3,2027,34,FY2027
1700,1970-01-01 00:00:00.020270828,2027-08-28,Saturday,August,8,Q3,2027,34,FY2027
1701,1970-01-01 00:00:00.020270829,2027-08-29,Sunday,August,8,Q3,2027,34,FY2027
1702,1970-01-01 00:00:00.020270830,2027-08-30,Monday,August,8,Q3,2027,35,FY2027
1703,1970-01-01 00:00:00.020270831,2027-08-31,Tuesday,August,8,Q3,2027,35,FY2027
1704,1970-01-01 00:00:00.020270901,2027-09-01,Wednesday,September,9,Q3,2027,35,FY2027
1705,1970-01-01 00:00:00.020270902,2027-09-02,Thursday,September,9,Q3,2027,35,FY2027
1706,1970-01-01 00:00:00.020270903,2027-09-03,Friday,September,9,Q3,2027,35,FY2027
1707,1970-01-01 00:00:00.020270904,2027-09-04,Saturday,September,9,Q3,2027,35,FY2027
1708,1970-01-01 00:00:00.020270905,2027-09-05,Sunday,September,9,Q3,2027,35,FY2027
1709,1970-01-01 00:00:00.020270906,2027-09-06,Monday,September,9,Q3,2027,36,FY2027
1710,1970-01-01 00:00:00.020270907,2027-09-07,Tuesday,September,9,Q3,2027,36,FY2027
1711,1970-01-01 00:00:00.020270908,2027-09-08,Wednesday,September,9,Q3,2027,36,FY2027
1712,1970-01-01 00:00:00.020270909,2027-09-09,Thursday,September,9,Q3,2027,36,FY2027
1713,1970-01-01 00:00:00.020270910,2027-09-10,Friday,September,9,Q3,2027,36,FY2027
1714,1970-01-01 00:00:00.020270911,2027-09-11,Saturday,September,9,Q3,2027,36,FY2027
1715,1970-01-01 00:00:00.020270912,2027-09-12,Sunday,September,9,Q3,2027,36,FY2027
1716,1970-01-01 00:00:00.020270913,2027-09-13,Monday,September,9,Q3,2027,37,FY2027
1717,1970-01-01 00:00:00.020270914,2027-09-14,Tuesday,September,9,Q3,2027,37,FY2027
1718,1970-01-01 00:00:00.020270915,2027-09-15,Wednesday,September,9,Q3,2027,37,FY2027
1719,1970-01-01 00:00:00.020270916,2027-09-16,Thursday,September,9,Q3,2027,37,FY2027
1720,1970-01-01 00:00:00.020270917,2027-09-17,Friday,September,9,Q3,2027,37,FY2027
1721,1970-01-01 00:00:00.020270918,2027-09-18,Saturday,September,9,Q3,2027,37,FY2027
1722,1970-01-01 00:00:00.020270919,2027-09-19,Sunday,September,9,Q3,2027,37,FY2027
1723,1970-01-01 00:00:00.020270920,2027-09-20,Monday,September,9,Q3,2027,38,FY2027
1724,1970-01-01 00:00:00.020270921,2027-09-21,Tuesday,September,9,Q3,2027,38,FY2027
1725,1970-01-01 00:00:00.020270922,2027-09-22,Wednesday,September,9,Q3,2027,38,FY2027
1726,1970-01-01 00:00:00.020270923,2027-09-23,Thursday,September,9,Q3,2027,38,FY2027
1727,1970-01-01 00:00:00.020270924,2027-09-24,Friday,September,9,Q3,2027,38,FY2027
1728,1970-01-01 00:00:00.020270925,2027-09-25,Saturday,September,9,Q3,2027,38,FY2027
1729,1970-01-01 00:00:00.020270926,2027-09-26,Sunday,September,9,Q3,2027,38,FY2027
1730,1970-01-01 00:00:00.020270927,2027-09-27,Monday,September,9,Q3,2027,39,FY2027
1731,1970-01-01 00:00:00.020270928,2027-09-28,Tuesday,September,9,Q3,2027,39,FY2027
1732,1970-01-01 00:00:00.020270929,2027-09-29,Wednesday,September,9,Q3,2027,39,FY2027
1733,1970-01-01 00:00:00.020270930,2027-09-30,Thursday,September,9,Q3,2027,39,FY2027
1734,1970-01-01 00:00:00.020271001,2027-10-01,Friday,October,10,Q4,2027,39,FY2027
1735,1970-01-01 00:00:00.020271002,2027-10-02,Saturday,October,10,Q4,2027,39,FY2027
1736,1970-01-01 00:00:00.020271003,2027-10-03,Sunday,October,10,Q4,2027,39,FY2027
1737,1970-01-01 00:00:00.020271004,2027-10-04,Monday,October,10,Q4,2027,40,FY2027
1738,1970-01-01 00:00:00.020271005,2027-10-05,Tuesday,October,10,Q4,2027,40,FY2027
1739,1970-01-01 00:00:00.020271006,2027-10-06,Wednesday,October,10,Q4,2027,40,FY2027
1740,1970-01-01 00:00:00.020271007,2027-10-07,Thursday,October,10,Q4,2027,40,FY2027
1741,1970-01-01 00:00:00.020271008,2027-10-08,Friday,October,10,Q4,2027,40,FY2027
1742,1970-01-01 00:00:00.020271009,2027-10-09,Saturday,October,10,Q4,2027,40,FY2027
1743,1970-01-01 00:00:00.020271010,2027-10-10,Sunday,October,10,Q4,2027,40,FY2027
1744,1970-01-01 00:00:00.020271011,2027-10-11,Monday,October,10,Q4,2027,41,FY2027
1745,1970-01-01 00:00:00.020271012,2027-10-12,Tuesday,October,10,Q4,2027,41,FY2027
1746,1970-01-01 00:00:00.020271013,2027-10-13,Wednesday,October,10,Q4,2027,41,FY2027
1747,1970-01-01 00:00:00.020271014,2027-10-14,Thursday,October,10,Q4,2027,41,FY2027
1748,1970-01-01 00:00:00.020271015,2027-10-15,Friday,October,10,Q4,2027,41,FY2027
1749,1970-01-01 00:00:00.020271016,2027-10-16,Saturday,October,10,Q4,2027,41,FY2027
1750,1970-01-01 00:00:00.020271017,2027-10-17,Sunday,October,10,Q4,2027,41,FY2027
1751,1970-01-01 00:00:00.020271018,2027-10-18,Monday,October,10,Q4,2027,42,FY2027
1752,1970-01-01 00:00:00.020271019,2027-10-19,Tuesday,October,10,Q4,2027,42,FY2027
1753,1970-01-01 00:00:00.020271020,2027-10-20,Wednesday,October,10,Q4,2027,42,FY2027
1754,1970-01-01 00:00:00.020271021,2027-10-21,Thursday,October,10,Q4,2027,42,FY2027
1755,1970-01-01 00:00:00.020271022,2027-10-22,Friday,October,10,Q4,2027,42,FY2027
1756,1970-01-01 00:00:00.020271023,2027-10-23,Saturday,October,10,Q4,2027,42,FY2027
1757,1970-01-01 00:00:00.020271024,2027-10-24,Sunday,October,10,Q4,2027,42,FY2027
1758,1970-01-01 00:00:00.020271025,2027-10-25,Monday,October,10,Q4,2027,43,FY2027
1759,1970-01-01 00:00:00.020271026,2027-10-26,Tuesday,October,10,Q4,2027,43,FY2027
1760,1970-01-01 00:00:00.020271027,2027-10-27,Wednesday,October,10,Q4,2027,43,FY2027
1761,1970-01-01 00:00:00.020271028,2027-10-28,Thursday,October,10,Q4,2027,43,FY2027
1762,1970-01-01 00:00:00.020271029,2027-10-29,Friday,October,10,Q4,2027,43,FY2027
1763,1970-01-01 00:00:00.020271030,2027-10-30,Saturday,October,10,Q4,2027,43,FY2027
1764,1970-01-01 00:00:00.020271031,2027-10-31,Sunday,October,10,Q4,2027,43,FY2027
1765,1970-01-01 00:00:00.020271101,2027-11-01,Monday,November,11,Q4,2027,44,FY2027
1766,1970-01-01 00:00:00.020271102,2027-11-02,Tuesday,November,11,Q4,2027,44,FY2027
1767,1970-01-01 00:00:00.020271103,2027-11-03,Wednesday,November,11,Q4,2027,44,FY2027
1768,1970-01-01 00:00:00.020271104,2027-11-04,Thursday,November,11,Q4,2027,44,FY2027
1769,1970-01-01 00:00:00.020271105,2027-11-05,Friday,November,11,Q4,2027,44,FY2027
1770,1970-01-01 00:00:00.020271106,2027-11-06,Saturday,November,11,Q4,2027,44,FY2027
1771,1970-01-01 00:00:00.020271107,2027-11-07,Sunday,November,11,Q4,2027,44,FY2027
1772,1970-01-01 00:00:00.020271108,2027-11-08,Monday,November,11,Q4,2027,45,FY2027
1773,1970-01-01 00:00:00.020271109,2027-11-09,Tuesday,November,11,Q4,2027,45,FY2027
1774,1970-01-01 00:00:00.020271110,2027-11-10,Wednesday,November,11,Q4,2027,45,FY2027
1775,1970-01-01 00:00:00.020271111,2027-11-11,Thursday,November,11,Q4,2027,45,FY2027
1776,1970-01-01 00:00:00.020271112,2027-11-12,Friday,November,11,Q4,2027,45,FY2027
1777,1970-01-01 00:00:00.020271113,2027-11-13,Saturday,November,11,Q4,2027,45,FY2027
1778,1970-01-01 00:00:00.020271114,2027-11-14,Sunday,November,11,Q4,2027,45,FY2027
1779,1970-01-01 00:00:00.020271115,2027-11-15,Monday,November,11,Q4,2027,46,FY2027
1780,1970-01-01 00:00:00.020271116,2027-11-16,Tuesday,November,11,Q4,2027,46,FY2027
1781,1970-01-01 00:00:00.020271117,2027-11-17,Wednesday,November,11,Q4,2027,46,FY2027
1782,1970-01-01 00:00:00.020271118,2027-11-18,Thursday,November,11,Q4,2027,46,FY2027
1783,1970-01-01 00:00:00.020271119,2027-11-19,Friday,November,11,Q4,2027,46,FY2027
1784,1970-01-01 00:00:00.020271120,2027-11-20,Saturday,November,11,Q4,2027,46,FY2027
1785,1970-01-01 00:00:00.020271121,2027-11-21,Sunday,November,11,Q4,2027,46,FY2027
1786,1970-01-01 00:00:00.020271122,2027-11-22,Monday,November,11,Q4,2027,47,FY2027
1787,1970-01-01 00:00:00.020271123,2027-11-23,Tuesday,November,11,Q4,2027,47,FY2027
1788,1970-01-01 00:00:00.020271124,2027-11-24,Wednesday,November,11,Q4,2027,47,FY2027
1789,1970-01-01 00:00:00.020271125,2027-11-25,Thursday,November,11,Q4,2027,47,FY2027
1790,1970-01-01 00:00:00.020271126,2027-11-26,Friday,November,11,Q4,2027,47,FY2027
1791,1970-01-01 00:00:00.020271127,2027-11-27,Saturday,November,11,Q4,2027,47,FY2027
1792,1970-01-01 00:00:00.020271128,2027-11-28,Sunday,November,11,Q4,2027,47,FY2027
1793,1970-01-01 00:00:00.020271129,2027-11-29,Monday,November,11,Q4,2027,48,FY2027
1794,1970-01-01 00:00:00.020271130,2027-11-30,Tuesday,November,11,Q4,2027,48,FY2027
1795,1970-01-01 00:00:00.020271201,2027-12-01,Wednesday,December,12,Q4,2027,48,FY2027
1796,1970-01-01 00:00:00.020271202,2027-12-02,Thursday,December,12,Q4,2027,48,FY2027
1797,1970-01-01 00:00:00.020271203,2027-12-03,Friday,December,12,Q4,2027,48,FY2027
1798,1970-01-01 00:00:00.020271204,2027-12-04,Saturday,December,12,Q4,2027,48,FY2027
1799,1970-01-01 00:00:00.020271205,2027-12-05,Sunday,December,12,Q4,2027,48,FY2027
1800,1970-01-01 00:00:00.020271206,2027-12-06,Monday,December,12,Q4,2027,49,FY2027
1801,1970-01-01 00:00:00.020271207,2027-12-07,Tuesday,December,12,Q4,2027,49,FY2027
1802,1970-01-01 00:00:00.020271208,2027-12-08,Wednesday,December,12,Q4,2027,49,FY2027
1803,1970-01-01 00:00:00.020271209,2027-12-09,Thursday,December,12,Q4,2027,49,FY2027
1804,1970-01-01 00:00:00.020271210,2027-12-10,Friday,December,12,Q4,2027,49,FY2027
1805,1970-01-01 00:00:00.020271211,2027-12-11,Saturday,December,12,Q4,2027,49,FY2027
1806,1970-01-01 00:00:00.020271212,2027-12-12,Sunday,December,12,Q4,2027,49,FY2027
1807,1970-01-01 00:00:00.020271213,2027-12-13,Monday,December,12,Q4,2027,50,FY2027
1808,1970-01-01 00:00:00.020271214,2027-12-14,Tuesday,December,12,Q4,2027,50,FY2027
1809,1970-01-01 00:00:00.020271215,2027-12-15,Wednesday,December,12,Q4,2027,50,FY2027
1810,1970-01-01 00:00:00.020271216,2027-12-16,Thursday,December,12,Q4,2027,50,FY2027
1811,1970-01-01 00:00:00.020271217,2027-12-17,Friday,December,12,Q4,2027,50,FY2027
1812,1970-01-01 00:00:00.020271218,2027-12-18,Saturday,December,12,Q4,2027,50,FY2027
1813,1970-01-01 00:00:00.020271219,2027-12-19,Sunday,December,12,Q4,2027,50,FY2027
1814,1970-01-01 00:00:00.020271220,2027-12-20,Monday,December,12,Q4,2027,51,FY2027
1815,1970-01-01 00:00:00.020271221,2027-12-21,Tuesday,December,12,Q4,2027,51,FY2027
1816,1970-01-01 00:00:00.020271222,2027-12-22,Wednesday,December,12,Q4,2027,51,FY2027
1817,1970-01-01 00:00:00.020271223,2027-12-23,Thursday,December,12,Q4,2027,51,FY2027
1818,1970-01-01 00:00:00.020271224,2027-12-24,Friday,December,12,Q4,2027,51,FY2027
1819,1970-01-01 00:00:00.020271225,2027-12-25,Saturday,December,12,Q4,2027,51,FY2027
1820,1970-01-01 00:00:00.020271226,2027-12-26,Sunday,December,12,Q4,2027,51,FY2027
1821,1970-01-01 00:00:00.020271227,2027-12-27,Monday,December,12,Q4,2027,52,FY2027
1822,1970-01-01 00:00:00.020271228,2027-12-28,Tuesday,December,12,Q4,2027,52,FY2027
1823,1970-01-01 00:00:00.020271229,2027-12-29,Wednesday,December,12,Q4,2027,52,FY2027
1824,1970-01-01 00:00:00.020271230,2027-12-30,Thursday,December,12,Q4,2027,52,FY2027
1825,1970-01-01 00:00:00.020271231,2027-12-31,Friday,December,12,Q4,2027,52,FY2027
1826,1970-01-01 00:00:00.020280101,2028-01-01,Saturday,January,1,Q1,2028,52,FY2028
1827,1970-01-01 00:00:00.020280102,2028-01-02,Sunday,January,1,Q1,2028,52,FY2028
1828,1970-01-01 00:00:00.020280103,2028-01-03,Monday,January,1,Q1,2028,1,FY2028
1829,1970-01-01 00:00:00.020280104,2028-01-04,Tuesday,January,1,Q1,2028,1,FY2028
1830,1970-01-01 00:00:00.020280105,2028-01-05,Wednesday,January,1,Q1,2028,1,FY2028
1831,1970-01-01 00:00:00.020280106,2028-01-06,Thursday,January,1,Q1,2028,1,FY2028
1832,1970-01-01 00:00:00.020280107,2028-01-07,Friday,January,1,Q1,2028,1,FY2028
1833,1970-01-01 00:00:00.020280108,2028-01-08,Saturday,January,1,Q1,2028,1,FY2028
1834,1970-01-01 00:00:00.020280109,2028-01-09,Sunday,January,1,Q1,2028,1,FY2028
1835,1970-01-01 00:00:00.020280110,2028-01-10,Monday,January,1,Q1,2028,2,FY2028
1836,1970-01-01 00:00:00.020280111,2028-01-11,Tuesday,January,1,Q1,2028,2,FY2028
1837,1970-01-01 00:00:00.020280112,2028-01-12,Wednesday,January,1,Q1,2028,2,FY2028
1838,1970-01-01 00:00:00.020280113,2028-01-13,Thursday,January,1,Q1,2028,2,FY2028
1839,1970-01-01 00:00:00.020280114,2028-01-14,Friday,January,1,Q1,2028,2,FY2028
1840,1970-01-01 00:00:00.020280115,2028-01-15,Saturday,January,1,Q1,2028,2,FY2028
1841,1970-01-01 00:00:00.020280116,2028-01-16,Sunday,January,1,Q1,2028,2,FY2028
1842,1970-01-01 00:00:00.020280117,2028-01-17,Monday,January,1,Q1,2028,3,FY2028
1843,1970-01-01 00:00:00.020280118,2028-01-18,Tuesday,January,1,Q1,2028,3,FY2028
1844,1970-01-01 00:00:00.020280119,2028-01-19,Wednesday,January,1,Q1,2028,3,FY2028
1845,1970-01-01 00:00:00.020280120,2028-01-20,Thursday,January,1,Q1,2028,3,FY2028
1846,1970-01-01 00:00:00.020280121,2028-01-21,Friday,January,1,Q1,2028,3,FY2028
1847,1970-01-01 00:00:00.020280122,2028-01-22,Saturday,January,1,Q1,2028,3,FY2028
1848,1970-01-01 00:00:00.020280123,2028-01-23,Sunday,January,1,Q1,2028,3,FY2028
1849,1970-01-01 00:00:00.020280124,2028-01-24,Monday,January,1,Q1,2028,4,FY2028
1850,1970-01-01 00:00:00.020280125,2028-01-25,Tuesday,January,1,Q1,2028,4,FY2028
1851,1970-01-01 00:00:00.020280126,2028-01-26,Wednesday,January,1,Q1,2028,4,FY2028
1852,1970-01-01 00:00:00.020280127,2028-01-27,Thursday,January,1,Q1,2028,4,FY2028
1853,1970-01-01 00:00:00.020280128,2028-01-28,Friday,January,1,Q1,2028,4,FY2028
1854,1970-01-01 00:00:00.020280129,2028-01-29,Saturday,January,1,Q1,2028,4,FY2028
1855,1970-01-01 00:00:00.020280130,2028-01-30,Sunday,January,1,Q1,2028,4,FY2028
1856,1970-01-01 00:00:00.020280131,2028-01-31,Monday,January,1,Q1,2028,5,FY2028
1857,1970-01-01 00:00:00.020280201,2028-02-01,Tuesday,February,2,Q1,2028,5,FY2028
1858,1970-01-01 00:00:00.020280202,2028-02-02,Wednesday,February,2,Q1,2028,5,FY2028
1859,1970-01-01 00:00:00.020280203,2028-02-03,Thursday,February,2,Q1,2028,5,FY2028
1860,1970-01-01 00:00:00.020280204,2028-02-04,Friday,February,2,Q1,2028,5,FY2028
1861,1970-01-01 00:00:00.020280205,2028-02-05,Saturday,February,2,Q1,2028,5,FY2028
1862,1970-01-01 00:00:00.020280206,2028-02-06,Sunday,February,2,Q1,2028,5,FY2028
1863,1970-01-01 00:00:00.020280207,2028-02-07,Monday,February,2,Q1,2028,6,FY2028
1864,1970-01-01 00:00:00.020280208,2028-02-08,Tuesday,February,2,Q1,2028,6,FY2028
1865,1970-01-01 00:00:00.020280209,2028-02-09,Wednesday,February,2,Q1,2028,6,FY2028
1866,1970-01-01 00:00:00.020280210,2028-02-10,Thursday,February,2,Q1,2028,6,FY2028
1867,1970-01-01 00:00:00.020280211,2028-02-11,Friday,February,2,Q1,2028,6,FY2028
1868,1970-01-01 00:00:00.020280212,2028-02-12,Saturday,February,2,Q1,2028,6,FY2028
1869,1970-01-01 00:00:00.020280213,2028-02-13,Sunday,February,2,Q1,2028,6,FY2028
1870,1970-01-01 00:00:00.020280214,2028-02-14,Monday,February,2,Q1,2028,7,FY2028
1871,1970-01-01 00:00:00.020280215,2028-02-15,Tuesday,February,2,Q1,2028,7,FY2028
1872,1970-01-01 00:00:00.020280216,2028-02-16,Wednesday,February,2,Q1,2028,7,FY2028
1873,1970-01-01 00:00:00.020280217,2028-02-17,Thursday,February,2,Q1,2028,7,FY2028
1874,1970-01-01 00:00:00.020280218,2028-02-18,Friday,February,2,Q1,2028,7,FY2028
1875,1970-01-01 00:00:00.020280219,2028-02-19,Saturday,February,2,Q1,2028,7,FY2028
1876,1970-01-01 00:00:00.020280220,2028-02-20,Sunday,February,2,Q1,2028,7,FY2028
1877,1970-01-01 00:00:00.020280221,2028-02-21,Monday,February,2,Q1,2028,8,FY2028
1878,1970-01-01 00:00:00.020280222,2028-02-22,Tuesday,February,2,Q1,2028,8,FY2028
1879,1970-01-01 00:00:00.020280223,2028-02-23,Wednesday,February,2,Q1,2028,8,FY2028
1880,1970-01-01 00:00:00.020280224,2028-02-24,Thursday,February,2,Q1,2028,8,FY2028
1881,1970-01-01 00:00:00.020280225,2028-02-25,Friday,February,2,Q1,2028,8,FY2028
1882,1970-01-01 00:00:00.020280226,2028-02-26,Saturday,February,2,Q1,2028,8,FY2028
1883,1970-01-01 00:00:00.020280227,2028-02-27,Sunday,February,2,Q1,2028,8,FY2028
1884,1970-01-01 00:00:00.020280228,2028-02-28,Monday,February,2,Q1,2028,9,FY2028
1885,1970-01-01 00:00:00.020280229,2028-02-29,Tuesday,February,2,Q1,2028,9,FY2028
1886,1970-01-01 00:00:00.020280301,2028-03-01,Wednesday,March,3,Q1,2028,9,FY2028
1887,1970-01-01 00:00:00.020280302,2028-03-02,Thursday,March,3,Q1,2028,9,FY2028
1888,1970-01-01 00:00:00.020280303,2028-03-03,Friday,March,3,Q1,2028,9,FY2028
1889,1970-01-01 00:00:00.020280304,2028-03-04,Saturday,March,3,Q1,2028,9,FY2028
1890,1970-01-01 00:00:00.020280305,2028-03-05,Sunday,March,3,Q1,2028,9,FY2028
1891,1970-01-01 00:00:00.020280306,2028-03-06,Monday,March,3,Q1,2028,10,FY2028
1892,1970-01-01 00:00:00.020280307,2028-03-07,Tuesday,March,3,Q1,2028,10,FY2028
1893,1970-01-01 00:00:00.020280308,2028-03-08,Wednesday,March,3,Q1,2028,10,FY2028
1894,1970-01-01 00:00:00.020280309,2028-03-09,Thursday,March,3,Q1,2028,10,FY2028
1895,1970-01-01 00:00:00.020280310,2028-03-10,Friday,March,3,Q1,2028,10,FY2028
1896,1970-01-01 00:00:00.020280311,2028-03-11,Saturday,March,3,Q1,2028,10,FY2028
1897,1970-01-01 00:00:00.020280312,2028-03-12,Sunday,March,3,Q1,2028,10,FY2028
1898,1970-01-01 00:00:00.020280313,2028-03-13,Monday,March,3,Q1,2028,11,FY2028
1899,1970-01-01 00:00:00.020280314,2028-03-14,Tuesday,March,3,Q1,2028,11,FY2028
1900,1970-01-01 00:00:00.020280315,2028-03-15,Wednesday,March,3,Q1,2028,11,FY2028
1901,1970-01-01 00:00:00.020280316,2028-03-16,Thursday,March,3,Q1,2028,11,FY2028
1902,1970-01-01 00:00:00.020280317,2028-03-17,Friday,March,3,Q1,2028,11,FY2028
1903,1970-01-01 00:00:00.020280318,2028-03-18,Saturday,March,3,Q1,2028,11,FY2028
1904,1970-01-01 00:00:00.020280319,2028-03-19,Sunday,March,3,Q1,2028,11,FY2028
1905,1970-01-01 00:00:00.020280320,2028-03-20,Monday,March,3,Q1,2028,12,FY2028
1906,1970-01-01 00:00:00.020280321,2028-03-21,Tuesday,March,3,Q1,2028,12,FY2028
1907,1970-01-01 00:00:00.020280322,2028-03-22,Wednesday,March,3,Q1,2028,12,FY2028
1908,1970-01-01 00:00:00.020280323,2028-03-23,Thursday,March,3,Q1,2028,12,FY2028
1909,1970-01-01 00:00:00.020280324,2028-03-24,Friday,March,3,Q1,2028,12,FY2028
1910,1970-01-01 00:00:00.020280325,2028-03-25,Saturday,March,3,Q1,2028,12,FY2028
1911,1970-01-01 00:00:00.020280326,2028-03-26,Sunday,March,3,Q1,2028,12,FY2028
1912,1970-01-01 00:00:00.020280327,2028-03-27,Monday,March,3,Q1,2028,13,FY2028
1913,1970-01-01 00:00:00.020280328,2028-03-28,Tuesday,March,3,Q1,2028,13,FY2028
1914,1970-01-01 00:00:00.020280329,2028-03-29,Wednesday,March,3,Q1,2028,13,FY2028
1915,1970-01-01 00:00:00.020280330,2028-03-30,Thursday,March,3,Q1,2028,13,FY2028
1916,1970-01-01 00:00:00.020280331,2028-03-31,Friday,March,3,Q1,2028,13,FY2028
1917,1970-01-01 00:00:00.020280401,2028-04-01,Saturday,April,4,Q2,2028,13,FY2028
1918,1970-01-01 00:00:00.020280402,2028-04-02,Sunday,April,4,Q2,2028,13,FY2028
1919,1970-01-01 00:00:00.020280403,2028-04-03,Monday,April,4,Q2,2028,14,FY2028
1920,1970-01-01 00:00:00.020280404,2028-04-04,Tuesday,April,4,Q2,2028,14,FY2028
1921,1970-01-01 00:00:00.020280405,2028-04-05,Wednesday,April,4,Q2,2028,14,FY2028
1922,1970-01-01 00:00:00.020280406,2028-04-06,Thursday,April,4,Q2,2028,14,FY2028
1923,1970-01-01 00:00:00.020280407,2028-04-07,Friday,April,4,Q2,2028,14,FY2028
1924,1970-01-01 00:00:00.020280408,2028-04-08,Saturday,April,4,Q2,2028,14,FY2028
1925,1970-01-01 00:00:00.020280409,2028-04-09,Sunday,April,4,Q2,2028,14,FY2028
1926,1970-01-01 00:00:00.020280410,2028-04-10,Monday,April,4,Q2,2028,15,FY2028
1927,1970-01-01 00:00:00.020280411,2028-04-11,Tuesday,April,4,Q2,2028,15,FY2028
1928,1970-01-01 00:00:00.020280412,2028-04-12,Wednesday,April,4,Q2,2028,15,FY2028
1929,1970-01-01 00:00:00.020280413,2028-04-13,Thursday,April,4,Q2,2028,15,FY2028
1930,1970-01-01 00:00:00.020280414,2028-04-14,Friday,April,4,Q2,2028,15,FY2028
1931,1970-01-01 00:00:00.020280415,2028-04-15,Saturday,April,4,Q2,2028,15,FY2028
1932,1970-01-01 00:00:00.020280416,2028-04-16,Sunday,April,4,Q2,2028,15,FY2028
1933,1970-01-01 00:00:00.020280417,2028-04-17,Monday,April,4,Q2,2028,16,FY2028
1934,1970-01-01 00:00:00.020280418,2028-04-18,Tuesday,April,4,Q2,2028,16,FY2028
1935,1970-01-01 00:00:00.020280419,2028-04-19,Wednesday,April,4,Q2,2028,16,FY2028
1936,1970-01-01 00:00:00.020280420,2028-04-20,Thursday,April,4,Q2,2028,16,FY2028
1937,1970-01-01 00:00:00.020280421,2028-04-21,Friday,April,4,Q2,2028,16,FY2028
1938,1970-01-01 00:00:00.020280422,2028-04-22,Saturday,April,4,Q2,2028,16,FY2028
1939,1970-01-01 00:00:00.020280423,2028-04-23,Sunday,April,4,Q2,2028,16,FY2028
1940,1970-01-01 00:00:00.020280424,2028-04-24,Monday,April,4,Q2,2028,17,FY2028
1941,1970-01-01 00:00:00.020280425,2028-04-25,Tuesday,April,4,Q2,2028,17,FY2028
1942,1970-01-01 00:00:00.020280426,2028-04-26,Wednesday,April,4,Q2,2028,17,FY2028
1943,1970-01-01 00:00:00.020280427,2028-04-27,Thursday,April,4,Q2,2028,17,FY2028
1944,1970-01-01 00:00:00.020280428,2028-04-28,Friday,April,4,Q2,2028,17,FY2028
1945,1970-01-01 00:00:00.020280429,2028-04-29,Saturday,April,4,Q2,2028,17,FY2028
1946,1970-01-01 00:00:00.020280430,2028-04-30,Sunday,April,4,Q2,2028,17,FY2028
1947,1970-01-01 00:00:00.020280501,2028-05-01,Monday,May,5,Q2,2028,18,FY2028
1948,1970-01-01 00:00:00.020280502,2028-05-02,Tuesday,May,5,Q2,2028,18,FY2028
1949,1970-01-01 00:00:00.020280503,2028-05-03,Wednesday,May,5,Q2,2028,18,FY2028
1950,1970-01-01 00:00:00.020280504,2028-05-04,Thursday,May,5,Q2,2028,18,FY2028
1951,1970-01-01 00:00:00.020280505,2028-05-05,Friday,May,5,Q2,2028,18,FY2028
1952,1970-01-01 00:00:00.020280506,2028-05-06,Saturday,May,5,Q2,2028,18,FY2028
1953,1970-01-01 00:00:00.020280507,2028-05-07,Sunday,May,5,Q2,2028,18,FY2028
1954,1970-01-01 00:00:00.020280508,2028-05-08,Monday,May,5,Q2,2028,19,FY2028
1955,1970-01-01 00:00:00.020280509,2028-05-09,Tuesday,May,5,Q2,2028,19,FY2028
1956,1970-01-01 00:00:00.020280510,2028-05-10,Wednesday,May,5,Q2,2028,19,FY2028
1957,1970-01-01 00:00:00.020280511,2028-05-11,Thursday,May,5,Q2,2028,19,FY2028
1958,1970-01-01 00:00:00.020280512,2028-05-12,Friday,May,5,Q2,2028,19,FY2028
1959,1970-01-01 00:00:00.020280513,2028-05-13,Saturday,May,5,Q2,2028,19,FY2028
1960,1970-01-01 00:00:00.020280514,2028-05-14,Sunday,May,5,Q2,2028,19,FY2028
1961,1970-01-01 00:00:00.020280515,2028-05-15,Monday,May,5,Q2,2028,20,FY2028
1962,1970-01-01 00:00:00.020280516,2028-05-16,Tuesday,May,5,Q2,2028,20,FY2028
1963,1970-01-01 00:00:00.020280517,2028-05-17,Wednesday,May,5,Q2,2028,20,FY2028
1964,1970-01-01 00:00:00.020280518,2028-05-18,Thursday,May,5,Q2,2028,20,FY2028
1965,1970-01-01 00:00:00.020280519,2028-05-19,Friday,May,5,Q2,2028,20,FY2028
1966,1970-01-01 00:00:00.020280520,2028-05-20,Saturday,May,5,Q2,2028,20,FY2028
1967,1970-01-01 00:00:00.020280521,2028-05-21,Sunday,May,5,Q2,2028,20,FY2028
1968,1970-01-01 00:00:00.020280522,2028-05-22,Monday,May,5,Q2,2028,21,FY2028
1969,1970-01-01 00:00:00.020280523,2028-05-23,Tuesday,May,5,Q2,2028,21,FY2028
1970,1970-01-01 00:00:00.020280524,2028-05-24,Wednesday,May,5,Q2,2028,21,FY2028
1971,1970-01-01 00:00:00.020280525,2028-05-25,Thursday,May,5,Q2,2028,21,FY2028
1972,1970-01-01 00:00:00.020280526,2028-05-26,Friday,May,5,Q2,2028,21,FY2028
1973,1970-01-01 00:00:00.020280527,2028-05-27,Saturday,May,5,Q2,2028,21,FY2028
1974,1970-01-01 00:00:00.020280528,2028-05-28,Sunday,May,5,Q2,2028,21,FY2028
1975,1970-01-01 00:00:00.020280529,2028-05-29,Monday,May,5,Q2,2028,22,FY2028
1976,1970-01-01 00:00:00.020280530,2028-05-30,Tuesday,May,5,Q2,2028,22,FY2028
1977,1970-01-01 00:00:00.020280531,2028-05-31,Wednesday,May,5,Q2,2028,22,FY2028
1978,1970-01-01 00:00:00.020280601,2028-06-01,Thursday,June,6,Q2,2028,22,FY2028
1979,1970-01-01 00:00:00.020280602,2028-06-02,Friday,June,6,Q2,2028,22,FY2028
1980,1970-01-01 00:00:00.020280603,2028-06-03,Saturday,June,6,Q2,2028,22,FY2028
1981,1970-01-01 00:00:00.020280604,2028-06-04,Sunday,June,6,Q2,2028,22,FY2028
1982,1970-01-01 00:00:00.020280605,2028-06-05,Monday,June,6,Q2,2028,23,FY2028
1983,1970-01-01 00:00:00.020280606,2028-06-06,Tuesday,June,6,Q2,2028,23,FY2028
1984,1970-01-01 00:00:00.020280607,2028-06-07,Wednesday,June,6,Q2,2028,23,FY2028
1985,1970-01-01 00:00:00.020280608,2028-06-08,Thursday,June,6,Q2,2028,23,FY2028
1986,1970-01-01 00:00:00.020280609,2028-06-09,Friday,June,6,Q2,2028,23,FY2028
1987,1970-01-01 00:00:00.020280610,2028-06-10,Saturday,June,6,Q2,2028,23,FY2028
1988,1970-01-01 00:00:00.020280611,2028-06-11,Sunday,June,6,Q2,2028,23,FY2028
1989,1970-01-01 00:00:00.020280612,2028-06-12,Monday,June,6,Q2,2028,24,FY2028
1990,1970-01-01 00:00:00.020280613,2028-06-13,Tuesday,June,6,Q2,2028,24,FY2028
1991,1970-01-01 00:00:00.020280614,2028-06-14,Wednesday,June,6,Q2,2028,24,FY2028
1992,1970-01-01 00:00:00.020280615,2028-06-15,Thursday,June,6,Q2,2028,24,FY2028
1993,1970-01-01 00:00:00.020280616,2028-06-16,Friday,June,6,Q2,2028,24,FY2028
1994,1970-01-01 00:00:00.020280617,2028-06-17,Saturday,June,6,Q2,2028,24,FY2028
1995,1970-01-01 00:00:00.020280618,2028-06-18,Sunday,June,6,Q2,2028,24,FY2028
1996,1970-01-01 00:00:00.020280619,2028-06-19,Monday,June,6,Q2,2028,25,FY2028
1997,1970-01-01 00:00:00.020280620,2028-06-20,Tuesday,June,6,Q2,2028,25,FY2028
1998,1970-01-01 00:00:00.020280621,2028-06-21,Wednesday,June,6,Q2,2028,25,FY2028
1999,1970-01-01 00:00:00.020280622,2028-06-22,Thursday,June,6,Q2,2028,25,FY2028
2000,1970-01-01 00:00:00.020280623,2028-06-23,Friday,June,6,Q2,2028,25,FY2028
2001,1970-01-01 00:00:00.020280624,2028-06-24,Saturday,June,6,Q2,2028,25,FY2028
2002,1970-01-01 00:00:00.020280625,2028-06-25,Sunday,June,6,Q2,2028,25,FY2028
2003,1970-01-01 00:00:00.020280626,2028-06-26,Monday,June,6,Q2,2028,26,FY2028
2004,1970-01-01 00:00:00.020280627,2028-06-27,Tuesday,June,6,Q2,2028,26,FY2028
2005,1970-01-01 00:00:00.020280628,2028-06-28,Wednesday,June,6,Q2,2028,26,FY2028
2006,1970-01-01 00:00:00.020280629,2028-06-29,Thursday,June,6,Q2,2028,26,FY2028
2007,1970-01-01 00:00:00.020280630,2028-06-30,Friday,June,6,Q2,2028,26,FY2028
2008,1970-01-01 00:00:00.020280701,2028-07-01,Saturday,July,7,Q3,2028,26,FY2028
2009,1970-01-01 00:00:00.020280702,2028-07-02,Sunday,July,7,Q3,2028,26,FY2028
2010,1970-01-01 00:00:00.020280703,2028-07-03,Monday,July,7,Q3,2028,27,FY2028
2011,1970-01-01 00:00:00.020280704,2028-07-04,Tuesday,July,7,Q3,2028,27,FY2028
2012,1970-01-01 00:00:00.020280705,2028-07-05,Wednesday,July,7,Q3,2028,27,FY2028
2013,1970-01-01 00:00:00.020280706,2028-07-06,Thursday,July,7,Q3,2028,27,FY2028
2014,1970-01-01 00:00:00.020280707,2028-07-07,Friday,July,7,Q3,2028,27,FY2028
2015,1970-01-01 00:00:00.020280708,2028-07-08,Saturday,July,7,Q3,2028,27,FY2028
2016,1970-01-01 00:00:00.020280709,2028-07-09,Sunday,July,7,Q3,2028,27,FY2028
2017,1970-01-01 00:00:00.020280710,2028-07-10,Monday,July,7,Q3,2028,28,FY2028
2018,1970-01-01 00:00:00.020280711,2028-07-11,Tuesday,July,7,Q3,2028,28,FY2028
2019,1970-01-01 00:00:00.020280712,2028-07-12,Wednesday,July,7,Q3,2028,28,FY2028
2020,1970-01-01 00:00:00.020280713,2028-07-13,Thursday,July,7,Q3,2028,28,FY2028
2021,1970-01-01 00:00:00.020280714,2028-07-14,Friday,July,7,Q3,2028,28,FY2028
2022,1970-01-01 00:00:00.020280715,2028-07-15,Saturday,July,7,Q3,2028,28,FY2028
2023,1970-01-01 00:00:00.020280716,2028-07-16,Sunday,July,7,Q3,2028,28,FY2028
2024,1970-01-01 00:00:00.020280717,2028-07-17,Monday,July,7,Q3,2028,29,FY2028
2025,1970-01-01 00:00:00.020280718,2028-07-18,Tuesday,July,7,Q3,2028,29,FY2028
2026,1970-01-01 00:00:00.020280719,2028-07-19,Wednesday,July,7,Q3,2028,29,FY2028
2027,1970-01-01 00:00:00.020280720,2028-07-20,Thursday,July,7,Q3,2028,29,FY2028
2028,1970-01-01 00:00:00.020280721,2028-07-21,Friday,July,7,Q3,2028,29,FY2028
2029,1970-01-01 00:00:00.020280722,2028-07-22,Saturday,July,7,Q3,2028,29,FY2028
2030,1970-01-01 00:00:00.020280723,2028-07-23,Sunday,July,7,Q3,2028,29,FY2028
2031,1970-01-01 00:00:00.020280724,2028-07-24,Monday,July,7,Q3,2028,30,FY2028
2032,1970-01-01 00:00:00.020280725,2028-07-25,Tuesday,July,7,Q3,2028,30,FY2028
2033,1970-01-01 00:00:00.020280726,2028-07-26,Wednesday,July,7,Q3,2028,30,FY2028
2034,1970-01-01 00:00:00.020280727,2028-07-27,Thursday,July,7,Q3,2028,30,FY2028
2035,1970-01-01 00:00:00.020280728,2028-07-28,Friday,July,7,Q3,2028,30,FY2028
2036,1970-01-01 00:00:00.020280729,2028-07-29,Saturday,July,7,Q3,2028,30,FY2028
2037,1970-01-01 00:00:00.020280730,2028-07-30,Sunday,July,7,Q3,2028,30,FY2028
2038,1970-01-01 00:00:00.020280731,2028-07-31,Monday,July,7,Q3,2028,31,FY2028
2039,1970-01-01 00:00:00.020280801,2028-08-01,Tuesday,August,8,Q3,2028,31,FY2028
2040,1970-01-01 00:00:00.020280802,2028-08-02,Wednesday,August,8,Q3,2028,31,FY2028
2041,1970-01-01 00:00:00.020280803,2028-08-03,Thursday,August,8,Q3,2028,31,FY2028
2042,1970-01-01 00:00:00.020280804,2028-08-04,Friday,August,8,Q3,2028,31,FY2028
2043,1970-01-01 00:00:00.020280805,2028-08-05,Saturday,August,8,Q3,2028,31,FY2028
2044,1970-01-01 00:00:00.020280806,2028-08-06,Sunday,August,8,Q3,2028,31,FY2028
2045,1970-01-01 00:00:00.020280807,2028-08-07,Monday,August,8,Q3,2028,32,FY2028
2046,1970-01-01 00:00:00.020280808,2028-08-08,Tuesday,August,8,Q3,2028,32,FY2028
2047,1970-01-01 00:00:00.020280809,2028-08-09,Wednesday,August,8,Q3,2028,32,FY2028
2048,1970-01-01 00:00:00.020280810,2028-08-10,Thursday,August,8,Q3,2028,32,FY2028
2049,1970-01-01 00:00:00.020280811,2028-08-11,Friday,August,8,Q3,2028,32,FY2028
2050,1970-01-01 00:00:00.020280812,2028-08-12,Saturday,August,8,Q3,2028,32,FY2028
2051,1970-01-01 00:00:00.020280813,2028-08-13,Sunday,August,8,Q3,2028,32,FY2028
2052,1970-01-01 00:00:00.020280814,2028-08-14,Monday,August,8,Q3,2028,33,FY2028
2053,1970-01-01 00:00:00.020280815,2028-08-15,Tuesday,August,8,Q3,2028,33,FY2028
2054,1970-01-01 00:00:00.020280816,2028-08-16,Wednesday,August,8,Q3,2028,33,FY2028
2055,1970-01-01 00:00:00.020280817,2028-08-17,Thursday,August,8,Q3,2028,33,FY2028
2056,1970-01-01 00:00:00.020280818,2028-08-18,Friday,August,8,Q3,2028,33,FY2028
2057,1970-01-01 00:00:00.020280819,2028-08-19,Saturday,August,8,Q3,2028,33,FY2028
2058,1970-01-01 00:00:00.020280820,2028-08-20,Sunday,August,8,Q3,2028,33,FY2028
2059,1970-01-01 00:00:00.020280821,2028-08-21,Monday,August,8,Q3,2028,34,FY2028
2060,1970-01-01 00:00:00.020280822,2028-08-22,Tuesday,August,8,Q3,2028,34,FY2028
2061,1970-01-01 00:00:00.020280823,2028-08-23,Wednesday,August,8,Q3,2028,34,FY2028
2062,1970-01-01 00:00:00.020280824,2028-08-24,Thursday,August,8,Q3,2028,34,FY2028
2063,1970-01-01 00:00:00.020280825,2028-08-25,Friday,August,8,Q3,2028,34,FY2028
2064,1970-01-01 00:00:00.020280826,2028-08-26,Saturday,August,8,Q3,2028,34,FY2028
2065,1970-01-01 00:00:00.020280827,2028-08-27,Sunday,August,8,Q3,2028,34,FY2028
2066,1970-01-01 00:00:00.020280828,2028-08-28,Monday,August,8,Q3,2028,35,FY2028
2067,1970-01-01 00:00:00.020280829,2028-08-29,Tuesday,August,8,Q3,2028,35,FY2028
2068,1970-01-01 00:00:00.020280830,2028-08-30,Wednesday,August,8,Q3,2028,35,FY2028
2069,1970-01-01 00:00:00.020280831,2028-08-31,Thursday,August,8,Q3,2028,35,FY2028
2070,1970-01-01 00:00:00.020280901,2028-09-01,Friday,September,9,Q3,2028,35,FY2028
2071,1970-01-01 00:00:00.020280902,2028-09-02,Saturday,September,9,Q3,2028,35,FY2028
2072,1970-01-01 00:00:00.020280903,2028-09-03,Sunday,September,9,Q3,2028,35,FY2028
2073,1970-01-01 00:00:00.020280904,2028-09-04,Monday,September,9,Q3,2028,36,FY2028
2074,1970-01-01 00:00:00.020280905,2028-09-05,Tuesday,September,9,Q3,2028,36,FY2028
2075,1970-01-01 00:00:00.020280906,2028-09-06,Wednesday,September,9,Q3,2028,36,FY2028
2076,1970-01-01 00:00:00.020280907,2028-09-07,Thursday,September,9,Q3,2028,36,FY2028
2077,1970-01-01 00:00:00.020280908,2028-09-08,Friday,September,9,Q3,2028,36,FY2028
2078,1970-01-01 00:00:00.020280909,2028-09-09,Saturday,September,9,Q3,2028,36,FY2028
2079,1970-01-01 00:00:00.020280910,2028-09-10,Sunday,September,9,Q3,2028,36,FY2028
2080,1970-01-01 00:00:00.020280911,2028-09-11,Monday,September,9,Q3,2028,37,FY2028
2081,1970-01-01 00:00:00.020280912,2028-09-12,Tuesday,September,9,Q3,2028,37,FY2028
2082,1970-01-01 00:00:00.020280913,2028-09-13,Wednesday,September,9,Q3,2028,37,FY2028
2083,1970-01-01 00:00:00.020280914,2028-09-14,Thursday,September,9,Q3,2028,37,FY2028
2084,1970-01-01 00:00:00.020280915,2028-09-15,Friday,September,9,Q3,2028,37,FY2028
2085,1970-01-01 00:00:00.020280916,2028-09-16,Saturday,September,9,Q3,2028,37,FY2028
2086,1970-01-01 00:00:00.020280917,2028-09-17,Sunday,September,9,Q3,2028,37,FY2028
2087,1970-01-01 00:00:00.020280918,2028-09-18,Monday,September,9,Q3,2028,38,FY2028
2088,1970-01-01 00:00:00.020280919,2028-09-19,Tuesday,September,9,Q3,2028,38,FY2028
2089,1970-01-01 00:00:00.020280920,2028-09-20,Wednesday,September,9,Q3,2028,38,FY2028
2090,1970-01-01 00:00:00.020280921,2028-09-21,Thursday,September,9,Q3,2028,38,FY2028
2091,1970-01-01 00:00:00.020280922,2028-09-22,Friday,September,9,Q3,2028,38,FY2028
2092,1970-01-01 00:00:00.020280923,2028-09-23,Saturday,September,9,Q3,2028,38,FY2028
2093,1970-01-01 00:00:00.020280924,2028-09-24,Sunday,September,9,Q3,2028,38,FY2028
2094,1970-01-01 00:00:00.020280925,2028-09-25,Monday,September,9,Q3,2028,39,FY2028
2095,1970-01-01 00:00:00.020280926,2028-09-26,Tuesday,September,9,Q3,2028,39,FY2028
2096,1970-01-01 00:00:00.020280927,2028-09-27,Wednesday,September,9,Q3,2028,39,FY2028
2097,1970-01-01 00:00:00.020280928,2028-09-28,Thursday,September,9,Q3,2028,39,FY2028
2098,1970-01-01 00:00:00.020280929,2028-09-29,Friday,September,9,Q3,2028,39,FY2028
2099,1970-01-01 00:00:00.020280930,2028-09-30,Saturday,September,9,Q3,2028,39,FY2028
2100,1970-01-01 00:00:00.020281001,2028-10-01,Sunday,October,10,Q4,2028,39,FY2028
2101,1970-01-01 00:00:00.020281002,2028-10-02,Monday,October,10,Q4,2028,40,FY2028
2102,1970-01-01 00:00:00.020281003,2028-10-03,Tuesday,October,10,Q4,2028,40,FY2028
2103,1970-01-01 00:00:00.020281004,2028-10-04,Wednesday,October,10,Q4,2028,40,FY2028
2104,1970-01-01 00:00:00.020281005,2028-10-05,Thursday,October,10,Q4,2028,40,FY2028
2105,1970-01-01 00:00:00.020281006,2028-10-06,Friday,October,10,Q4,2028,40,FY2028
2106,1970-01-01 00:00:00.020281007,2028-10-07,Saturday,October,10,Q4,2028,40,FY2028
2107,1970-01-01 00:00:00.020281008,2028-10-08,Sunday,October,10,Q4,2028,40,FY2028
2108,1970-01-01 00:00:00.020281009,2028-10-09,Monday,October,10,Q4,2028,41,FY2028
2109,1970-01-01 00:00:00.020281010,2028-10-10,Tuesday,October,10,Q4,2028,41,FY2028
2110,1970-01-01 00:00:00.020281011,2028-10-11,Wednesday,October,10,Q4,2028,41,FY2028
2111,1970-01-01 00:00:00.020281012,2028-10-12,Thursday,October,10,Q4,2028,41,FY2028
2112,1970-01-01 00:00:00.020281013,2028-10-13,Friday,October,10,Q4,2028,41,FY2028
2113,1970-01-01 00:00:00.020281014,2028-10-14,Saturday,October,10,Q4,2028,41,FY2028
2114,1970-01-01 00:00:00.020281015,2028-10-15,Sunday,October,10,Q4,2028,41,FY2028
2115,1970-01-01 00:00:00.020281016,2028-10-16,Monday,October,10,Q4,2028,42,FY2028
2116,1970-01-01 00:00:00.020281017,2028-10-17,Tuesday,October,10,Q4,2028,42,FY2028
2117,1970-01-01 00:00:00.020281018,2028-10-18,Wednesday,October,10,Q4,2028,42,FY2028
2118,1970-01-01 00:00:00.020281019,2028-10-19,Thursday,October,10,Q4,2028,42,FY2028
2119,1970-01-01 00:00:00.020281020,2028-10-20,Friday,October,10,Q4,2028,42,FY2028
2120,1970-01-01 00:00:00.020281021,2028-10-21,Saturday,October,10,Q4,2028,42,FY2028
2121,1970-01-01 00:00:00.020281022,2028-10-22,Sunday,October,10,Q4,2028,42,FY2028
2122,1970-01-01 00:00:00.020281023,2028-10-23,Monday,October,10,Q4,2028,43,FY2028
2123,1970-01-01 00:00:00.020281024,2028-10-24,Tuesday,October,10,Q4,2028,43,FY2028
2124,1970-01-01 00:00:00.020281025,2028-10-25,Wednesday,October,10,Q4,2028,43,FY2028
2125,1970-01-01 00:00:00.020281026,2028-10-26,Thursday,October,10,Q4,2028,43,FY2028
2126,1970-01-01 00:00:00.020281027,2028-10-27,Friday,October,10,Q4,2028,43,FY2028
2127,1970-01-01 00:00:00.020281028,2028-10-28,Saturday,October,10,Q4,2028,43,FY2028
2128,1970-01-01 00:00:00.020281029,2028-10-29,Sunday,October,10,Q4,2028,43,FY2028
2129,1970-01-01 00:00:00.020281030,2028-10-30,Monday,October,10,Q4,2028,44,FY2028
2130,1970-01-01 00:00:00.020281031,2028-10-31,Tuesday,October,10,Q4,2028,44,FY2028
2131,1970-01-01 00:00:00.020281101,2028-11-01,Wednesday,November,11,Q4,2028,44,FY2028
2132,1970-01-01 00:00:00.020281102,2028-11-02,Thursday,November,11,Q4,2028,44,FY2028
2133,1970-01-01 00:00:00.020281103,2028-11-03,Friday,November,11,Q4,2028,44,FY2028
2134,1970-01-01 00:00:00.020281104,2028-11-04,Saturday,November,11,Q4,2028,44,FY2028
2135,1970-01-01 00:00:00.020281105,2028-11-05,Sunday,November,11,Q4,2028,44,FY2028
2136,1970-01-01 00:00:00.020281106,2028-11-06,Monday,November,11,Q4,2028,45,FY2028
2137,1970-01-01 00:00:00.020281107,2028-11-07,Tuesday,November,11,Q4,2028,45,FY2028
2138,1970-01-01 00:00:00.020281108,2028-11-08,Wednesday,November,11,Q4,2028,45,FY2028
2139,1970-01-01 00:00:00.020281109,2028-11-09,Thursday,November,11,Q4,2028,45,FY2028
2140,1970-01-01 00:00:00.020281110,2028-11-10,Friday,November,11,Q4,2028,45,FY2028
2141,1970-01-01 00:00:00.020281111,2028-11-11,Saturday,November,11,Q4,2028,45,FY2028
2142,1970-01-01 00:00:00.020281112,2028-11-12,Sunday,November,11,Q4,2028,45,FY2028
2143,1970-01-01 00:00:00.020281113,2028-11-13,Monday,November,11,Q4,2028,46,FY2028
2144,1970-01-01 00:00:00.020281114,2028-11-14,Tuesday,November,11,Q4,2028,46,FY2028
2145,1970-01-01 00:00:00.020281115,2028-11-15,Wednesday,November,11,Q4,2028,46,FY2028
2146,1970-01-01 00:00:00.020281116,2028-11-16,Thursday,November,11,Q4,2028,46,FY2028
2147,1970-01-01 00:00:00.020281117,2028-11-17,Friday,November,11,Q4,2028,46,FY2028
2148,1970-01-01 00:00:00.020281118,2028-11-18,Saturday,November,11,Q4,2028,46,FY2028
2149,1970-01-01 00:00:00.020281119,2028-11-19,Sunday,November,11,Q4,2028,46,FY2028
2150,1970-01-01 00:00:00.020281120,2028-11-20,Monday,November,11,Q4,2028,47,FY2028
2151,1970-01-01 00:00:00.020281121,2028-11-21,Tuesday,November,11,Q4,2028,47,FY2028
2152,1970-01-01 00:00:00.020281122,2028-11-22,Wednesday,November,11,Q4,2028,47,FY2028
2153,1970-01-01 00:00:00.020281123,2028-11-23,Thursday,November,11,Q4,2028,47,FY2028
2154,1970-01-01 00:00:00.020281124,2028-11-24,Friday,November,11,Q4,2028,47,FY2028
2155,1970-01-01 00:00:00.020281125,2028-11-25,Saturday,November,11,Q4,2028,47,FY2028
2156,1970-01-01 00:00:00.020281126,2028-11-26,Sunday,November,11,Q4,2028,47,FY2028
2157,1970-01-01 00:00:00.020281127,2028-11-27,Monday,November,11,Q4,2028,48,FY2028
2158,1970-01-01 00:00:00.020281128,2028-11-28,Tuesday,November,11,Q4,2028,48,FY2028
2159,1970-01-01 00:00:00.020281129,2028-11-29,Wednesday,November,11,Q4,2028,48,FY2028
2160,1970-01-01 00:00:00.020281130,2028-11-30,Thursday,November,11,Q4,2028,48,FY2028
2161,1970-01-01 00:00:00.020281201,2028-12-01,Friday,December,12,Q4,2028,48,FY2028
2162,1970-01-01 00:00:00.020281202,2028-12-02,Saturday,December,12,Q4,2028,48,FY2028
2163,1970-01-01 00:00:00.020281203,2028-12-03,Sunday,December,12,Q4,2028,48,FY2028
2164,1970-01-01 00:00:00.020281204,2028-12-04,Monday,December,12,Q4,2028,49,FY2028
2165,1970-01-01 00:00:00.020281205,2028-12-05,Tuesday,December,12,Q4,2028,49,FY2028
2166,1970-01-01 00:00:00.020281206,2028-12-06,Wednesday,December,12,Q4,2028,49,FY2028
2167,1970-01-01 00:00:00.020281207,2028-12-07,Thursday,December,12,Q4,2028,49,FY2028
2168,1970-01-01 00:00:00.020281208,2028-12-08,Friday,December,12,Q4,2028,49,FY2028
2169,1970-01-01 00:00:00.020281209,2028-12-09,Saturday,December,12,Q4,2028,49,FY2028
2170,1970-01-01 00:00:00.020281210,2028-12-10,Sunday,December,12,Q4,2028,49,FY2028
2171,1970-01-01 00:00:00.020281211,2028-12-11,Monday,December,12,Q4,2028,50,FY2028
2172,1970-01-01 00:00:00.020281212,2028-12-12,Tuesday,December,12,Q4,2028,50,FY2028
2173,1970-01-01 00:00:00.020281213,2028-12-13,Wednesday,December,12,Q4,2028,50,FY2028
2174,1970-01-01 00:00:00.020281214,2028-12-14,Thursday,December,12,Q4,2028,50,FY2028
2175,1970-01-01 00:00:00.020281215,2028-12-15,Friday,December,12,Q4,2028,50,FY2028
2176,1970-01-01 00:00:00.020281216,2028-12-16,Saturday,December,12,Q4,2028,50,FY2028
2177,1970-01-01 00:00:00.020281217,2028-12-17,Sunday,December,12,Q4,2028,50,FY2028
2178,1970-01-01 00:00:00.020281218,2028-12-18,Monday,December,12,Q4,2028,51,FY2028
2179,1970-01-01 00:00:00.020281219,2028-12-19,Tuesday,December,12,Q4,2028,51,FY2028
2180,1970-01-01 00:00:00.020281220,2028-12-20,Wednesday,December,12,Q4,2028,51,FY2028
2181,1970-01-01 00:00:00.020281221,2028-12-21,Thursday,December,12,Q4,2028,51,FY2028
2182,1970-01-01 00:00:00.020281222,2028-12-22,Friday,December,12,Q4,2028,51,FY2028
2183,1970-01-01 00:00:00.020281223,2028-12-23,Saturday,December,12,Q4,2028,51,FY2028
2184,1970-01-01 00:00:00.020281224,2028-12-24,Sunday,December,12,Q4,2028,51,FY2028
2185,1970-01-01 00:00:00.020281225,2028-12-25,Monday,December,12,Q4,2028,52,FY2028
2186,1970-01-01 00:00:00.020281226,2028-12-26,Tuesday,December,12,Q4,2028,52,FY2028
2187,1970-01-01 00:00:00.020281227,2028-12-27,Wednesday,December,12,Q4,2028,52,FY2028
2188,1970-01-01 00:00:00.020281228,2028-12-28,Thursday,December,12,Q4,2028,52,FY2028
2189,1970-01-01 00:00:00.020281229,2028-12-29,Friday,December,12,Q4,2028,52,FY2028
2190,1970-01-01 00:00:00.020281230,2028-12-30,Saturday,December,12,Q4,2028,52,FY2028
2191,1970-01-01 00:00:00.020281231,2028-12-31,Sunday,December,12,Q4,2028,52,FY2028
